HIERARCHY
ROOT Hips
{
  OFFSET 0.00000 0.00000 0.00000
  CHANNELS 6 Xposition Yposition Zposition Zrotation Xrotation Yrotation
  JOINT Spine
  {
    OFFSET 0.00000 0.07366 0.00000
    CHANNELS 3 Zrotation Xrotation Yrotation
    JOINT Chest
    {
      OFFSET 0.00000 0.17188 0.00000
      CHANNELS 3 Zrotation Xrotation Yrotation
      JOINT Neck
      {
        OFFSET 0.00000 0.24555 0.00000
        CHANNELS 3 Zrotation Xrotation Yrotation
        JOINT Head
        {
          OFFSET 0.00000 0.05336 0.00000
          CHANNELS 3 Zrotation Xrotation Yrotation
          End Site
          {
            OFFSET 0.00000 0.21910 0.00000
          }
        }
      }
      JOINT LeftUpperArm
      {
        OFFSET 0.15928 0.24555 0.00000
        CHANNELS 3 Zrotation Xrotation Yrotation
        JOINT LeftLowerArm
        {
          OFFSET 0.23799 0.00000 0.00000
          CHANNELS 3 Zrotation Xrotation Yrotation
          JOINT LeftHand
          {
            OFFSET 0.21177 0.00000 0.00000
            CHANNELS 3 Zrotation Xrotation Yrotation
            End Site
            {
              OFFSET 0.07971 0.00000 0.00000
            }
          }
        }
      }
      JOINT RightUpperArm
      {
        OFFSET -0.15928 0.24555 0.00000
        CHANNELS 3 Zrotation Xrotation Yrotation
        JOINT RightLowerArm
        {
          OFFSET -0.23799 0.00000 0.00000
          CHANNELS 3 Zrotation Xrotation Yrotation
          JOINT RightHand
          {
            OFFSET -0.21177 0.00000 0.00000
            CHANNELS 3 Zrotation Xrotation Yrotation
            End Site
            {
              OFFSET -0.07971 0.00000 0.00000
            }
          }
        }
      }
    }
  }
  JOINT LeftUpperLeg
  {
    OFFSET 0.10402 0.00000 0.00000
    CHANNELS 3 Zrotation Xrotation Yrotation
    JOINT LeftLowerLeg
    {
      OFFSET 0.00000 -0.34830 0.00000
      CHANNELS 3 Zrotation Xrotation Yrotation
      JOINT LeftFoot
      {
        OFFSET 0.00000 -0.40477 0.00000
        CHANNELS 3 Zrotation Xrotation Yrotation
        JOINT LeftToe
        {
          OFFSET 0.00000 -0.07000 0.09347
          CHANNELS 3 Zrotation Xrotation Yrotation
          End Site
          {
            OFFSET 0.00000 0.00000 0.06000
          }
        }
      }
    }
  }
  JOINT RightUpperLeg
  {
    OFFSET -0.10402 0.00000 0.00000
    CHANNELS 3 Zrotation Xrotation Yrotation
    JOINT RightLowerLeg
    {
      OFFSET 0.00000 -0.34830 0.00000
      CHANNELS 3 Zrotation Xrotation Yrotation
      JOINT RightFoot
      {
        OFFSET 0.00000 -0.40477 0.00000
        CHANNELS 3 Zrotation Xrotation Yrotation
        JOINT RightToe
        {
          OFFSET 0.00000 -0.07000 0.09347
          CHANNELS 3 Zrotation Xrotation Yrotation
          End Site
          {
            OFFSET 0.00000 0.00000 0.06000
          }
        }
      }
    }
  }
}
MOTION
Frames: 1665
Frame Time: 0.033333
0.1850 0.7838 0.0557 -3.5342 1.1224 10.7759 3.7674 -0.0035 -7.6722 3.7674 -0.0035 -7.6722 -1.6748 3.4962 5.2521 -1.6748 3.4962 5.2521 -22.6222 15.7326 -69.2684 7.6841 -1.1407 -16.8634 -29.7390 -0.7485 2.8187 6.3215 6.1604 88.5177 4.9894 0.6297 14.3779 14.9444 -0.8001 -6.0942 12.4426 -6.5482 0.7146 10.9397 33.2960 -3.2803 4.4100 8.0813 6.1550 -0.0000 0.0000 0.0000 -8.4768 0.6335 0.0469 8.6280 33.4522 -2.5973 -12.1879 -28.8594 -14.4247 -0.0000 0.0000 0.0000
0.1839 0.7841 0.0553 -3.5542 1.0470 10.6995 3.8681 -0.0016 -7.6487 3.8681 -0.0016 -7.6487 -1.7236 3.5163 5.3539 -1.7236 3.5163 5.3539 -22.8000 15.9092 -69.4437 7.5759 -1.1174 -16.7566 -29.1844 -0.8354 3.2080 6.4947 6.3198 88.4333 5.0471 0.6390 14.4223 14.9999 -0.7813 -5.9291 12.5389 -6.4655 0.7110 10.8138 33.2454 -3.2371 4.4811 7.6858 6.2395 -0.0000 0.0000 0.0000 -8.4495 0.7183 0.0531 8.5796 33.4899 -2.5857 -11.9304 -29.4203 -14.0943 -0.0000 0.0000 0.0000
0.1830 0.7843 0.0551 -3.5570 1.0276 10.6735 3.8914 -0.0013 -7.6391 3.8914 -0.0013 -7.6391 -1.7354 3.5230 5.3807 -1.7354 3.5230 5.3807 -22.8481 15.9617 -69.5067 7.5321 -1.1071 -16.6995 -28.9974 -0.8582 3.3179 6.5516 6.3731 88.4138 5.0596 0.6410 14.4309 15.0179 -0.7790 -5.9051 12.5479 -6.4379 0.7085 10.8027 33.2314 -3.2324 4.4952 7.6167 6.2564 -0.0000 0.0000 0.0000 -8.4469 0.7415 0.0548 8.5752 33.5007 -2.5853 -11.8922 -29.5526 -14.0431 -0.0000 0.0000 0.0000
0.1823 0.7844 0.0551 -3.5426 1.0640 10.6981 3.8377 -0.0029 -7.6435 3.8377 -0.0029 -7.6435 -1.7108 3.5163 5.3324 -1.7108 3.5163 5.3324 -22.7677 15.8903 -69.4572 7.5526 -1.1096 -16.6920 -29.1815 -0.8190 3.1455 6.4920 6.3202 88.4605 5.0274 0.6357 14.4036 14.9970 -0.7932 -6.0209 12.4696 -6.4656 0.7071 10.9064 33.2542 -3.2659 4.4522 7.8682 6.2060 -0.0000 0.0000 0.0000 -8.4689 0.7034 0.0521 8.6149 33.4845 -2.5960 -12.0762 -29.2584 -14.2737 -0.0000 0.0000 0.0000
0.1817 0.7843 0.0553 -3.5181 1.1159 10.7254 3.7282 -0.0064 -7.6483 3.7282 -0.0064 -7.6483 -1.6720 3.5066 5.2707 -1.6720 3.5066 5.2707 -22.6552 15.7911 -69.3899 7.4822 -1.0886 -16.5327 -29.3655 -0.7467 2.8490 6.4417 6.2806 88.5463 4.9062 0.6198 14.3924 15.1849 -0.8503 -6.3726 12.3087 -6.4950 0.7011 11.1155 33.2898 -3.3327 4.4120 8.4476 6.1713 -0.0000 0.0000 0.0000 -8.5050 0.6294 0.0468 8.6990 33.4690 -2.6201 -12.4979 -28.6504 -14.8009 -0.0000 0.0000 0.0000
0.1813 0.7843 0.0555 -3.4605 1.2851 10.8717 3.5041 -0.0108 -7.6872 3.5041 -0.0108 -7.6872 -1.5656 3.4650 5.0511 -1.5656 3.4650 5.0511 -22.2760 15.4404 -69.0992 7.7037 -1.1242 -16.5809 -30.5032 -0.5312 1.9480 6.1180 5.9849 88.7376 4.8462 0.6059 14.2452 14.7772 -0.8710 -6.7091 12.0458 -6.6611 0.7036 11.4549 33.3537 -3.4420 4.1617 9.3709 5.8544 -0.0000 0.0000 0.0000 -8.5798 0.4469 0.0335 8.8164 33.3951 -2.6494 -13.0326 -27.4099 -15.4970 -0.0000 0.0000 0.0000
0.1811 0.7839 0.0561 -3.3814 1.5752 11.1640 3.1943 -0.0150 -7.7525 3.1943 -0.0150 -7.7525 -1.3615 3.3988 4.6157 -1.3615 3.3988 4.6157 -21.6897 14.8469 -68.4414 8.4379 -1.2998 -17.4842 -32.5210 -0.2380 0.8159 5.4298 5.3328 88.9660 4.7740 0.5838 13.9370 14.0253 -0.8523 -6.9205 11.7278 -6.9678 0.7165 11.8730 33.5416 -3.5898 3.8450 10.5722 5.4499 -0.0000 0.0000 0.0000 -8.7057 0.2056 0.0157 8.9651 33.2057 -2.6781 -13.6252 -25.6845 -16.2956 -0.0000 0.0000 0.0000
0.1810 0.7831 0.0573 -3.3290 1.9878 11.5504 2.8718 -0.0143 -7.8609 2.8718 -0.0143 -7.8609 -1.0720 3.2932 4.0015 -1.0720 3.2932 4.0015 -20.6933 13.9306 -67.5776 9.6530 -1.6384 -19.2221 -35.3756 0.0545 -0.1709 4.3692 4.3088 89.2012 4.8740 0.5793 13.5489 12.8607 -0.7808 -6.9194 11.4450 -7.4088 0.7435 12.3246 33.9151 -3.7712 3.4543 11.9169 4.9388 -0.0000 0.0000 0.0000 -8.8637 -0.0803 -0.0062 9.1493 32.9452 -2.7107 -14.2245 -23.8017 -17.1220 -0.0000 0.0000 0.0000
0.1810 0.7820 0.0588 -3.3037 2.4596 11.9761 2.5694 0.0031 -8.0013 2.5694 0.0031 -8.0013 -0.7217 3.1831 3.3425 -0.7217 3.1831 3.3425 -19.0732 12.6438 -66.8062 10.9196 -2.0725 -21.4318 -38.2258 0.4639 -1.3386 2.8512 2.8187 89.3442 5.3887 0.6276 13.2759 11.0560 -0.6340 -6.5436 11.2512 -7.9097 0.7803 12.7756 34.4107 -3.9709 2.9496 13.0239 4.2485 -0.0000 0.0000 0.0000 -9.0265 -0.3401 -0.0268 9.3389 32.6257 -2.7387 -14.5999 -22.3160 -17.6654 -0.0000 0.0000 0.0000
0.1809 0.7805 0.0604 -3.2722 2.9466 12.3605 2.2497 0.0341 -8.1345 2.2497 0.0341 -8.1345 -0.3601 3.1080 2.7330 -0.3601 3.1080 2.7330 -16.5924 10.8793 -66.2935 11.7827 -2.4719 -23.6190 -40.8195 1.1968 -3.2157 0.9159 0.9043 89.2697 5.8065 0.6824 13.3943 9.9003 -0.5337 -6.1558 10.9784 -8.4093 0.8096 13.3691 34.8988 -4.2196 2.3504 13.8929 3.4057 -0.0000 0.0000 0.0000 -9.1963 -0.5455 -0.0439 9.5624 32.2756 -2.7728 -15.0758 -21.2346 -18.3098 -0.0000 0.0000 0.0000
0.1806 0.7791 0.0618 -3.2262 3.3782 12.7157 1.8667 0.0840 -8.2715 1.8667 0.0840 -8.2715 -0.0030 3.1160 2.2864 -0.0030 3.1160 2.2864 -13.3750 8.7057 -65.9820 11.8435 -2.6583 -25.2180 -42.5802 2.3510 -6.0285 -1.1019 -1.0796 88.8303 5.9460 0.7310 14.0048 9.0423 -0.4690 -5.9262 10.6873 -8.9282 0.8368 13.9695 35.2902 -4.4634 1.9518 14.2254 2.8347 -0.0000 0.0000 0.0000 -9.3380 -0.7210 -0.0589 9.7166 31.9635 -2.7890 -15.4934 -20.5761 -18.8596 -0.0000 0.0000 0.0000
0.1804 0.7778 0.0628 -3.1824 3.8170 13.0405 1.4759 0.1426 -8.4977 1.4759 0.1426 -8.4977 0.3222 3.0988 1.9989 0.3222 3.0988 1.9989 -9.3749 6.0784 -65.8487 11.3847 -2.5947 -25.6004 -42.9876 3.9086 -9.9049 -3.4013 -3.2930 88.1451 5.5393 0.7322 15.0482 8.7351 -0.4429 -5.7945 10.3702 -9.5241 0.8662 14.5523 35.5576 -4.6889 1.5070 13.9657 2.1849 -0.0000 0.0000 0.0000 -9.4239 -0.8804 -0.0726 9.7555 31.6138 -2.7679 -15.7158 -20.2391 -19.1525 -0.0000 0.0000 0.0000
0.1803 0.7770 0.0636 -3.1898 4.2765 13.2884 1.1767 0.1926 -8.8620 1.1767 0.1926 -8.8620 0.5888 2.9472 1.8639 0.5888 2.9472 1.8639 -5.1424 3.3158 -65.6059 11.2179 -2.4899 -24.9554 -42.0328 5.4054 -14.0096 -5.8601 -5.6006 87.4008 3.9047 0.5548 16.1689 10.5198 -0.5019 -5.4475 10.0846 -10.1646 0.8992 15.0046 35.8215 -4.8744 1.2425 13.3896 1.7944 -0.0000 0.0000 0.0000 -9.4290 -1.0153 -0.0837 9.6425 31.1604 -2.6945 -15.8236 -20.1177 -19.2916 -0.0000 0.0000 0.0000
0.1804 0.7767 0.0645 -3.2883 4.7900 13.4189 1.0348 0.2260 -9.3629 1.0348 0.2260 -9.3629 0.7949 2.5739 1.8429 0.7949 2.5739 1.8429 -1.2197 0.7797 -65.1786 12.0304 -2.4843 -23.2556 -40.3114 6.4531 -17.4630 -8.2651 -7.8223 86.8358 1.1635 0.1735 16.9585 14.2979 -0.5779 -4.6054 9.8751 -10.8220 0.9377 15.2986 36.1265 -5.0161 1.0029 12.9310 1.4439 -0.0000 0.0000 0.0000 -9.3413 -1.1677 -0.0954 9.4177 30.6694 -2.5879 -15.8901 -20.0951 -19.3738 -0.0000 0.0000 0.0000
0.1806 0.7768 0.0658 -3.4317 5.3520 13.4259 0.9860 0.2491 -9.9361 0.9860 0.2491 -9.9361 0.9735 2.0045 1.9148 0.9735 2.0045 1.9148 2.3430 -1.4809 -64.5865 14.1097 -2.5920 -20.7194 -38.8542 7.1535 -20.1004 -10.6731 -10.0328 86.4381 -2.1582 -0.3267 17.2141 18.9287 -0.5196 -3.1163 9.6927 -11.3974 0.9695 15.4607 36.3973 -5.1105 0.6948 12.8833 1.0000 -0.0000 0.0000 0.0000 -9.1718 -1.2834 -0.1029 9.1165 30.0745 -2.4539 -15.9391 -19.9716 -19.4421 -0.0000 0.0000 0.0000
0.1807 0.7775 0.0675 -3.5722 5.9047 13.3372 0.9828 0.2603 -10.4608 0.9828 0.2603 -10.4608 1.1228 1.3557 2.0254 1.1228 1.3557 2.0254 5.7512 -3.5735 -63.6825 17.0004 -2.7456 -18.2192 -38.4951 7.8523 -22.2405 -13.0509 -12.1743 85.9872 -5.6074 -0.8337 16.9002 23.9683 -0.1870 -0.8811 9.5129 -11.8502 0.9895 15.5014 36.4955 -5.1389 0.1866 13.0196 0.2689 -0.0000 0.0000 0.0000 -8.9586 -1.3111 -0.1027 8.7822 29.4195 -2.3098 -16.0283 -19.7598 -19.5655 -0.0000 0.0000 0.0000
0.1804 0.7784 0.0695 -3.6428 6.3611 13.1726 0.9298 0.2710 -10.8267 0.9298 0.2710 -10.8267 1.3049 0.8080 2.1112 1.3049 0.8080 2.1112 9.0536 -5.5106 -62.5881 19.3058 -2.7963 -16.3324 -39.1610 8.6438 -23.9904 -15.1066 -13.9601 85.4338 -8.1689 -1.1738 16.3268 27.3164 0.2823 1.1616 9.3174 -12.1183 0.9912 15.4999 36.3940 -5.1231 -0.2945 13.1874 -0.4247 -0.0000 0.0000 0.0000 -8.7706 -1.2013 -0.0921 8.4048 28.7435 -2.1572 -16.1387 -19.4908 -19.7191 -0.0000 0.0000 0.0000
0.1797 0.7795 0.0716 -3.6531 6.7362 12.9725 0.8533 0.2748 -11.0667 0.8533 0.2748 -11.0667 1.5077 0.3650 2.1300 1.5077 0.3650 2.1300 12.3330 -7.3355 -61.3611 20.3625 -2.7248 -15.0875 -38.9511 9.1127 -25.3985 -16.9786 -15.5097 84.7526 -9.7045 -1.3487 15.7879 28.3094 0.6076 2.4090 9.1463 -12.2089 0.9802 15.4907 36.1038 -5.0764 -0.8119 13.4008 -1.1726 -0.0000 0.0000 0.0000 -8.6180 -0.9717 -0.0732 8.0339 28.0430 -2.0094 -16.2328 -19.1974 -19.8551 -0.0000 0.0000 0.0000
0.1786 0.7806 0.0738 -3.6267 7.0358 12.7700 0.7932 0.2642 -11.2110 0.7932 0.2642 -11.2110 1.7036 0.0099 2.0807 1.7036 0.0099 2.0807 15.1389 -8.8153 -60.2314 20.4185 -2.6068 -14.4007 -36.1603 8.4990 -25.6444 -18.4893 -16.7143 84.1355 -10.4798 -1.4140 15.3265 26.9392 0.5662 2.3638 9.0475 -12.0846 0.9597 15.4213 35.6007 -4.9783 -1.1988 13.6169 -1.7340 -0.0000 0.0000 0.0000 -8.5165 -0.6943 -0.0517 7.6888 27.3633 -1.8744 -16.2920 -19.0802 -19.9357 -0.0000 0.0000 0.0000
0.1772 0.7815 0.0758 -3.5854 7.2748 12.6050 0.7785 0.2372 -11.2668 0.7785 0.2372 -11.2668 1.8730 -0.2796 1.9497 1.8730 -0.2796 1.9497 16.9553 -9.7620 -59.6190 19.9772 -2.4531 -13.8628 -29.6196 6.3952 -23.8622 -19.5261 -17.5234 83.7032 -10.7273 -1.4136 14.9710 23.7500 0.1971 0.9375 9.0321 -11.7904 0.9345 15.2886 34.9159 -4.8340 -1.4237 13.8897 -2.0631 -0.0000 0.0000 0.0000 -8.4568 -0.4126 -0.0305 7.3846 26.7563 -1.7586 -16.3214 -19.2236 -19.9607 -0.0000 0.0000 0.0000
0.1758 0.7824 0.0776 -3.5408 7.4814 12.5178 0.8006 0.2019 -11.2841 0.8006 0.2019 -11.2841 1.9997 -0.5326 1.7855 1.9997 -0.5326 1.7855 17.8253 -10.2380 -59.4728 19.7337 -2.3453 -13.4242 -20.2297 3.5737 -19.8386 -20.0177 -17.9042 83.5025 -10.9635 -1.4211 14.7268 19.3454 -0.2236 -1.3118 9.0585 -11.4127 0.9070 15.0921 34.1300 -4.6572 -1.3869 14.1102 -2.0128 -0.0000 0.0000 0.0000 -8.4337 -0.2317 -0.0171 7.1729 26.3139 -1.6788 -16.3924 -19.5525 -20.0225 -0.0000 0.0000 0.0000
0.1747 0.7831 0.0791 -3.5046 7.6360 12.5248 0.8276 0.1704 -11.2578 0.8276 0.1704 -11.2578 2.1151 -0.6993 1.6227 2.1151 -0.6993 1.6227 18.0569 -10.3525 -59.3772 19.9531 -2.4464 -13.8420 -9.3379 1.2136 -14.7778 -19.7990 -17.7048 83.4930 -11.6865 -1.4972 14.5521 14.8934 -0.4247 -3.2483 9.1005 -11.0331 0.8808 14.8534 33.3757 -4.4756 -1.3794 14.2141 -2.0034 -0.0000 0.0000 0.0000 -8.4523 -0.2227 -0.0165 7.1073 26.1840 -1.6549 -16.5339 -19.9622 -20.1635 -0.0000 0.0000 0.0000
0.1737 0.7838 0.0800 -3.4644 7.7055 12.5728 0.8257 0.1518 -11.1731 0.8257 0.1518 -11.1731 2.2165 -0.7261 1.4603 2.2165 -0.7261 1.4603 17.8665 -10.1764 -59.0584 20.8634 -2.8500 -15.3901 -0.6733 0.0658 -11.1700 -18.8989 -16.9196 83.5704 -13.1539 -1.6890 14.5709 11.3406 -0.4103 -4.1306 9.1190 -10.7043 0.8561 14.6078 32.8225 -4.3238 -1.4507 14.0335 -2.1043 -0.0000 0.0000 0.0000 -8.5025 -0.3444 -0.0256 7.1318 26.2939 -1.6678 -16.8088 -20.3233 -20.4691 -0.0000 0.0000 0.0000
0.1731 0.7845 0.0802 -3.4068 7.6884 12.6082 0.7845 0.1464 -11.0188 0.7845 0.1464 -11.0188 2.2651 -0.5963 1.2723 2.2651 -0.5963 1.2723 17.2370 -9.7156 -58.5620 22.5063 -3.5670 -17.7887 4.9614 -0.4411 -10.1561 -17.3030 -15.5214 83.7010 -15.5220 -2.0307 14.8180 9.0248 -0.3105 -3.9323 9.0693 -10.4047 0.8275 14.4341 32.4710 -4.2236 -1.6574 13.5647 -2.3964 -0.0000 0.0000 0.0000 -8.5549 -0.3892 -0.0291 7.1737 26.4056 -1.6850 -17.1019 -20.5016 -20.8099 -0.0000 0.0000 0.0000
0.1726 0.7851 0.0796 -3.3488 7.5521 12.6663 0.6877 0.1636 -10.7730 0.6877 0.1636 -10.7730 2.2273 -0.2944 1.0235 2.2273 -0.2944 1.0235 16.2384 -9.0511 -58.0433 24.5529 -4.5548 -20.7140 8.8208 -0.8313 -10.7466 -15.1809 -13.6105 83.6901 -18.4702 -2.5176 15.3933 7.4833 -0.2217 -3.3895 9.0142 -10.1424 0.8016 14.2913 32.2988 -4.1581 -1.9535 12.9156 -2.8121 -0.0000 0.0000 0.0000 -8.6727 -0.6042 -0.0458 7.3632 26.9141 -1.7642 -17.3728 -20.5976 -21.1297 -0.0000 0.0000 0.0000
0.1724 0.7855 0.0781 -3.2880 7.3005 12.7261 0.5583 0.1960 -10.4457 0.5583 0.1960 -10.4457 2.0402 0.1369 0.7391 2.0402 0.1369 0.7391 14.7611 -8.1804 -57.8025 26.7859 -5.6888 -23.5736 12.2719 -1.2171 -11.2853 -12.8442 -11.4671 83.4673 -21.3714 -3.1051 16.3479 5.9358 -0.1684 -3.2470 8.9683 -9.9632 0.7833 14.1857 32.3572 -4.1349 -2.3266 12.3238 -3.3360 -0.0000 0.0000 0.0000 -8.8902 -1.0228 -0.0795 7.7217 27.8615 -1.9181 -17.5705 -20.6093 -21.3674 -0.0000 0.0000 0.0000
0.1724 0.7858 0.0758 -3.2059 6.9872 12.8633 0.4187 0.2355 -10.1031 0.4187 0.2355 -10.1031 1.7239 0.6133 0.4895 1.7239 0.6133 0.4895 12.8568 -7.1332 -57.9029 28.8876 -6.8874 -26.3001 16.2116 -1.4356 -10.0545 -10.4969 -9.3127 83.1238 -23.7476 -3.7199 17.5596 3.5564 -0.1219 -3.9248 8.9388 -9.8963 0.7755 14.0766 32.6246 -4.1386 -2.4352 11.7171 -3.4778 -0.0000 0.0000 0.0000 -9.2698 -1.7251 -0.1399 8.3299 29.2571 -2.1778 -17.6633 -20.6017 -21.4800 -0.0000 0.0000 0.0000
0.1724 0.7859 0.0720 -3.1247 6.6416 13.0627 0.3129 0.2736 -9.7672 0.3129 0.2736 -9.7672 1.3702 1.0910 0.3296 1.3702 1.0910 0.3296 10.5996 -5.9127 -58.2116 30.6254 -8.1344 -29.1152 20.4938 -1.2941 -7.1495 -8.0727 -7.1336 82.9114 -25.5343 -4.2628 18.6549 0.2173 -0.0096 -5.0420 8.9847 -9.8986 0.7796 13.8232 32.9550 -4.1069 -2.2768 11.1272 -3.2393 -0.0000 0.0000 0.0000 -9.7342 -2.5187 -0.2145 9.1013 30.8389 -2.5151 -17.7171 -20.5309 -21.5505 -0.0000 0.0000 0.0000
0.1726 0.7858 0.0665 -3.0547 6.2942 13.3239 0.2720 0.3015 -9.4639 0.2720 0.3015 -9.4639 1.0469 1.5051 0.3041 1.0469 1.5051 0.3041 8.1291 -4.5766 -58.7012 31.7099 -9.3143 -32.0091 24.7493 -0.7845 -3.5745 -5.4981 -4.8598 82.9386 -26.9433 -4.7245 19.5414 -3.7871 0.2039 -6.1612 9.0821 -10.1305 0.8067 13.4958 33.4340 -4.0704 -1.6890 10.6083 -2.3953 -0.0000 0.0000 0.0000 -10.3663 -3.5695 -0.3239 10.1904 32.7534 -3.0019 -17.7949 -20.4470 -21.6511 -0.0000 0.0000 0.0000
0.1727 0.7853 0.0591 -2.9814 5.9668 13.6681 0.3245 0.3067 -9.2212 0.3245 0.3067 -9.2212 0.7238 1.8568 0.3684 0.7238 1.8568 0.3684 5.2699 -2.9995 -59.2707 32.2955 -10.4022 -34.9047 28.4801 -0.1683 -0.6631 -2.9380 -2.6004 83.0210 -28.0845 -5.1480 20.3790 -7.4525 0.4489 -6.8841 9.1264 -10.7561 0.8610 13.2855 34.1171 -4.0932 -0.7390 10.0959 -1.0447 -0.0000 0.0000 0.0000 -11.1494 -4.7344 -0.4624 11.5390 34.7612 -3.6228 -17.8530 -20.3519 -21.7288 -0.0000 0.0000 0.0000
0.1729 0.7841 0.0502 -2.9269 5.6609 14.1425 0.4379 0.2970 -9.0487 0.4379 0.2970 -9.0487 0.4271 2.1375 0.4680 0.4271 2.1375 0.4680 2.2292 -1.2815 -59.7805 32.4080 -11.3654 -37.8047 32.1133 0.3683 1.2796 -0.6928 -0.6119 82.9076 -28.8475 -5.5362 21.2933 -10.5405 0.6777 -7.3368 9.0700 -12.1266 0.9654 13.4195 35.4071 -4.3013 0.3197 9.8315 0.4512 -0.0000 0.0000 0.0000 -12.0673 -6.0411 -0.6391 13.1931 36.8989 -4.4188 -17.9322 -20.3763 -21.8225 -0.0000 0.0000 0.0000
0.1730 0.7819 0.0408 -2.9213 5.3954 14.7401 0.6044 0.2778 -8.9740 0.6044 0.2778 -8.9740 0.1321 2.3264 0.5826 0.1321 2.3264 0.5826 -1.1804 0.6851 -60.2594 32.1481 -12.1699 -40.6055 35.7340 0.6486 2.0119 1.0848 0.9524 82.5677 -28.8443 -5.8289 22.3956 -13.3613 0.8985 -7.6596 8.8990 -14.2005 1.1107 14.0459 37.3755 -4.7721 1.2036 9.7014 1.6973 -0.0000 0.0000 0.0000 -12.9577 -7.1717 -0.8155 14.9512 38.7875 -5.2896 -17.9606 -20.4569 -21.8503 -0.0000 0.0000 0.0000
0.1729 0.7784 0.0322 -2.9563 5.1661 15.4682 0.7803 0.2586 -8.9969 0.7803 0.2586 -8.9969 -0.1044 2.4845 0.6876 -0.1044 2.4845 0.6876 -4.9442 2.8917 -60.6229 31.4259 -12.7202 -43.2267 38.9093 0.4362 1.2349 2.5276 2.1952 81.9453 -28.0290 -6.0186 23.7879 -15.9361 1.1138 -7.9447 8.6932 -16.4616 1.2599 14.9980 39.5284 -5.4160 2.2017 9.5918 3.1024 -0.0000 0.0000 0.0000 -13.7093 -7.9213 -0.9537 16.5913 40.0804 -6.0888 -17.9282 -20.5557 -21.8033 -0.0000 0.0000 0.0000
0.1728 0.7738 0.0253 -3.0185 4.9595 16.2551 0.9507 0.2433 -9.0843 0.9507 0.2433 -9.0843 -0.2605 2.6671 0.7501 -0.2605 2.6671 0.7501 -8.8312 5.1806 -60.7283 30.3350 -12.9746 -45.5130 41.0713 -0.2910 -0.7769 3.9629 3.3938 81.1482 -26.7867 -6.1290 25.3434 -18.3554 1.2864 -7.9496 8.5840 -18.3487 1.3889 15.9276 41.3755 -6.0481 3.4665 9.0848 4.8686 -0.0000 0.0000 0.0000 -14.2026 -8.1233 -1.0137 17.8646 40.6618 -6.6659 -17.9137 -20.6961 -21.7746 -0.0000 0.0000 0.0000
0.1725 0.7680 0.0202 -3.0786 4.7437 17.0347 1.0907 0.2365 -9.1896 1.0907 0.2365 -9.1896 -0.2779 2.8983 0.8183 -0.2779 2.8983 0.8183 -12.7764 7.4750 -60.5243 29.2566 -13.0824 -47.4329 42.0400 -1.3663 -3.5546 5.8869 4.9665 80.2902 -26.0320 -6.3148 26.8435 -20.2626 1.3298 -7.4317 8.6458 -19.4931 1.4878 16.5787 42.6566 -6.5117 5.0754 8.1021 7.0835 -0.0000 0.0000 0.0000 -14.6367 -8.3266 -1.0712 19.0959 41.2582 -7.2464 -17.9229 -20.8428 -21.7741 -0.0000 0.0000 0.0000
0.1723 0.7616 0.0159 -3.0955 4.5184 17.7621 1.2068 0.2324 -9.2915 1.2068 0.2324 -9.2915 -0.2112 3.1860 0.9402 -0.2112 3.1860 0.9402 -16.6575 9.6529 -59.9502 28.1708 -13.0726 -49.0872 41.6903 -2.5046 -6.5717 8.1283 6.7568 79.4419 -25.5367 -6.4990 28.1304 -21.6486 1.2372 -6.4641 8.7386 -20.1926 1.5589 17.1079 43.6526 -6.8948 6.7925 6.9352 9.4104 -0.0000 0.0000 0.0000 -15.1549 -8.8316 -1.1771 20.3781 42.1062 -7.9152 -17.8567 -20.8256 -21.6956 -0.0000 0.0000 0.0000
0.1721 0.7548 0.0114 -3.1123 4.3817 18.3730 1.3285 0.2309 -9.4291 1.3285 0.2309 -9.4291 -0.1029 3.3355 1.1689 -0.1029 3.3355 1.1689 -19.6813 11.3061 -59.4225 27.2945 -12.8801 -49.8671 40.2992 -3.3688 -9.1641 9.8951 8.1920 79.1977 -25.0857 -6.4462 28.4081 -22.0228 1.0434 -5.3581 8.7547 -21.0372 1.6286 17.8409 44.8878 -7.4192 8.2668 5.9970 11.3853 -0.0000 0.0000 0.0000 -15.7157 -9.5015 -1.3143 21.5547 42.8580 -8.5451 -17.7708 -20.6517 -21.6057 -0.0000 0.0000 0.0000
0.1720 0.7476 0.0059 -3.1744 4.3833 18.8686 1.5167 0.2240 -9.6177 1.5167 0.2240 -9.6177 -0.0566 3.2446 1.4794 -0.0566 3.2446 1.4794 -21.6895 12.4427 -59.2838 26.8701 -12.5427 -49.4086 38.0347 -3.8516 -11.1439 10.8490 9.0913 79.8745 -24.4717 -6.0340 27.3200 -21.8074 0.8101 -4.2036 8.5828 -22.4494 1.7063 19.1158 46.6338 -8.3020 9.2335 5.3635 12.6662 -0.0000 0.0000 0.0000 -16.2934 -10.3646 -1.4877 22.6119 43.4994 -9.1207 -17.6544 -20.3168 -21.4917 -0.0000 0.0000 0.0000
0.1720 0.7402 -0.0004 -3.2949 4.5003 19.2645 1.7323 0.2182 -9.8382 1.7323 0.2182 -9.8382 -0.0752 2.9508 1.8115 -0.0752 2.9508 1.8115 -22.6303 13.0832 -59.6328 26.2919 -11.7974 -47.7263 35.8006 -4.2306 -13.0474 11.0166 9.4612 81.2668 -23.5288 -5.3288 25.1916 -21.2050 0.5872 -3.1362 8.2684 -24.4146 1.7918 20.8713 48.7374 -9.5378 9.7811 4.8233 13.3739 -0.0000 0.0000 0.0000 -16.9168 -11.4671 -1.7109 23.6300 44.1149 -9.6896 -17.6091 -20.0863 -21.4551 -0.0000 0.0000 0.0000
0.1719 0.7327 -0.0066 -3.4218 4.6911 19.5929 1.9019 0.2194 -10.0623 1.9019 0.2194 -10.0623 -0.1526 2.5481 2.0670 -0.1526 2.5481 2.0670 -22.8409 13.3791 -60.2802 25.3084 -10.7144 -45.3373 34.1915 -4.7173 -15.2558 10.6705 9.4361 82.9378 -22.1958 -4.4943 22.6250 -20.6574 0.3800 -2.0846 7.8933 -26.5695 1.8665 22.9272 50.9456 -11.0362 10.2082 4.5649 13.9352 -0.0000 0.0000 0.0000 -17.4979 -12.4374 -1.9214 24.6248 44.7134 -10.2592 -17.6139 -19.8912 -21.4764 -0.0000 0.0000 0.0000
0.1716 0.7256 -0.0118 -3.5492 4.8672 19.8609 2.0204 0.2252 -10.2732 2.0204 0.2252 -10.2732 -0.2716 2.1554 2.2337 -0.2716 2.1554 2.2337 -23.0646 13.6741 -60.8791 24.2988 -9.6741 -42.9174 33.9216 -5.5011 -17.9043 10.3689 9.4150 84.4522 -20.9861 -3.7959 20.2877 -20.3047 0.1651 -0.9221 7.6395 -28.3901 1.9351 25.0812 53.0342 -12.6663 10.3323 4.9211 14.1317 -0.0000 0.0000 0.0000 -18.2271 -13.8146 -2.2266 26.1904 46.1537 -11.3201 -17.5802 -19.7177 -21.4493 -0.0000 0.0000 0.0000
0.1710 0.7192 -0.0154 -3.6690 4.9792 20.0769 2.0778 0.2357 -10.4555 2.0778 0.2357 -10.4555 -0.3891 1.8722 2.3418 -0.3891 1.8722 2.3418 -23.5038 14.0664 -61.3390 23.3402 -8.7739 -40.7525 34.6296 -6.4632 -20.5315 10.3613 9.5873 85.5338 -19.9205 -3.2861 18.5534 -20.2149 -0.0532 0.2985 7.5226 -29.7994 2.0042 27.3057 54.9592 -14.4008 10.1129 5.9743 13.9152 -0.0000 0.0000 0.0000 -19.0550 -15.4867 -2.6147 28.2876 48.2636 -12.8818 -17.4231 -19.4973 -21.2764 -0.0000 0.0000 0.0000
0.1703 0.7141 -0.0173 -3.8123 5.0664 20.2478 2.1467 0.2396 -10.6389 2.1467 0.2396 -10.6389 -0.5398 1.6415 2.4061 -0.5398 1.6415 2.4061 -24.0822 14.5085 -61.6537 22.6998 -8.1152 -38.9271 35.4787 -7.3174 -22.6073 10.6354 9.9713 86.2886 -19.0086 -2.9292 17.3661 -20.4545 -0.2805 1.5548 7.6608 -30.6269 2.1006 29.0987 56.4265 -15.8537 9.6009 7.3540 13.3194 -0.0000 0.0000 0.0000 -19.7946 -17.1013 -3.0055 30.4067 50.3146 -14.5469 -17.2545 -19.3770 -21.0816 -0.0000 0.0000 0.0000
0.1696 0.7106 -0.0179 -3.9710 5.1479 20.3756 2.2924 0.2214 -10.8272 2.2924 0.2214 -10.8272 -0.7843 1.4428 2.4236 -0.7843 1.4428 2.4236 -24.8822 15.0231 -61.7315 22.8682 -7.8888 -37.6501 35.6113 -7.7074 -23.6905 11.2601 10.6482 86.7804 -18.4746 -2.7289 16.6641 -21.1394 -0.5342 2.8622 7.9610 -31.0112 2.2119 30.3554 57.4392 -16.9091 8.8638 8.5675 12.3896 -0.0000 0.0000 0.0000 -20.3927 -18.5448 -3.3640 32.1744 51.9478 -15.9950 -17.1450 -19.4998 -20.9392 -0.0000 0.0000 0.0000
0.1690 0.7085 -0.0180 -4.1254 5.2429 20.4618 2.4983 0.1832 -11.0170 2.4983 0.1832 -11.0170 -1.0716 1.2636 2.4019 -1.0716 1.2636 2.4019 -25.7000 15.5078 -61.6671 23.2443 -7.8151 -36.7436 35.9301 -7.8683 -23.9498 12.1315 11.5295 87.0640 -18.1631 -2.6302 16.3461 -22.1825 -0.8142 4.1517 8.3465 -31.1067 2.3269 30.9783 58.0439 -17.4815 8.0752 8.8242 11.3084 -0.0000 0.0000 0.0000 -20.7856 -19.5988 -3.6288 33.1849 52.8498 -16.8457 -17.1949 -20.0249 -20.9589 -0.0000 0.0000 0.0000
0.1685 0.7071 -0.0180 -4.2642 5.3419 20.5144 2.7328 0.1327 -11.1925 2.7328 0.1327 -11.1925 -1.3564 1.1125 2.3427 -1.3564 1.1125 2.3427 -26.5732 15.9466 -61.3476 23.2966 -7.7376 -36.3238 36.4451 -7.9193 -23.7473 12.9991 12.3825 87.1941 -17.6864 -2.5415 16.2291 -23.3965 -1.1050 5.3327 8.7383 -31.0769 2.4340 31.1180 58.3664 -17.6779 7.5149 8.4909 10.5049 -0.0000 0.0000 0.0000 -20.8722 -20.0635 -3.7323 33.3201 53.0463 -16.9891 -17.3364 -20.5264 -21.0912 -0.0000 0.0000 0.0000
0.1682 0.7058 -0.0179 -4.3919 5.4361 20.5436 2.9796 0.0741 -11.3525 2.9796 0.0741 -11.3525 -1.6094 0.9840 2.2713 -1.6094 0.9840 2.2713 -27.4602 16.3226 -60.8228 22.8227 -7.5702 -36.2957 37.0168 -7.9496 -23.4523 13.6165 12.9929 87.2908 -16.9467 -2.4224 16.1552 -24.0915 -1.3431 6.2883 9.0670 -31.1144 2.5291 31.2272 58.6578 -17.8465 7.0375 7.8990 9.8045 -0.0000 0.0000 0.0000 -20.9095 -20.5244 -3.8268 33.3493 53.2900 -17.0939 -17.4821 -20.9214 -21.2365 -0.0000 0.0000 0.0000
0.1679 0.7046 -0.0175 -4.4936 5.5052 20.5621 3.1862 0.0209 -11.4934 3.1862 0.0209 -11.4934 -1.7917 0.8887 2.2148 -1.7917 0.8887 2.2148 -28.1810 16.5626 -60.2163 21.8544 -7.2897 -36.5207 36.9884 -7.8338 -23.1377 13.8163 13.2202 87.4505 -15.9971 -2.2675 16.0336 -23.7889 -1.4378 6.8184 9.2021 -31.5190 2.6021 31.8766 59.2095 -18.4334 6.6873 7.6249 9.3024 -0.0000 0.0000 0.0000 -20.9330 -20.9648 -3.9152 33.5451 53.7805 -17.3799 -17.5277 -21.0411 -21.2821 -0.0000 0.0000 0.0000
0.1676 0.7039 -0.0165 -4.5611 5.5477 20.5803 3.3468 -0.0240 -11.6129 3.3468 -0.0240 -11.6129 -1.9135 0.8211 2.1855 -1.9135 0.8211 2.1855 -28.9286 16.7541 -59.4414 20.6130 -6.9834 -37.0974 36.0327 -7.5405 -22.9083 13.8830 13.3071 87.5505 -14.7282 -2.0724 15.9335 -22.8148 -1.4503 7.1787 9.4155 -31.6743 2.6765 32.1466 59.6026 -18.7413 6.5903 7.6765 9.1707 -0.0000 0.0000 0.0000 -20.9726 -21.3816 -4.0025 33.9380 54.4874 -17.8580 -17.4521 -20.8456 -21.2062 -0.0000 0.0000 0.0000
0.1675 0.7043 -0.0147 -4.5814 5.5509 20.5947 3.4558 -0.0593 -11.7250 3.4558 -0.0593 -11.7250 -1.9961 0.7929 2.1907 -1.9961 0.7929 2.1907 -29.8380 16.9679 -58.4849 19.4999 -6.7673 -37.9752 34.2194 -7.0757 -22.7131 14.1025 13.5115 87.5240 -13.4644 -1.8972 15.9697 -21.1068 -1.3968 7.4870 9.8285 -31.3623 2.7654 31.3989 59.6321 -18.3011 6.7123 7.6310 9.3375 -0.0000 0.0000 0.0000 -21.0768 -21.7857 -4.1006 34.5024 55.3397 -18.4960 -17.2926 -20.5694 -21.0351 -0.0000 0.0000 0.0000
0.1677 0.7063 -0.0118 -4.5594 5.5375 20.6041 3.5242 -0.0858 -11.8339 3.5242 -0.0858 -11.8339 -2.0397 0.8057 2.2183 -2.0397 0.8057 2.2183 -30.7946 17.1897 -57.5181 18.6992 -6.6574 -38.9122 32.1641 -6.5231 -22.3627 14.5929 13.9350 87.3302 -12.2271 -1.7391 16.1306 -19.3469 -1.3631 7.9844 10.4155 -30.5710 2.8538 29.5417 59.2076 -17.0399 6.7794 7.3597 9.4155 -0.0000 0.0000 0.0000 -21.0900 -21.8327 -4.1123 34.5910 55.7809 -18.7165 -17.1310 -20.3789 -20.8545 -0.0000 0.0000 0.0000
0.1684 0.7099 -0.0079 -4.5275 5.5203 20.6085 3.5794 -0.1038 -11.9286 3.5794 -0.1038 -11.9286 -2.0762 0.8576 2.2623 -2.0762 0.8576 2.2623 -31.7436 17.3998 -56.5768 17.8702 -6.4955 -39.6908 30.2672 -6.0355 -22.0607 15.3164 14.5291 86.9434 -10.9932 -1.5903 16.4137 -17.7947 -1.3510 8.6139 11.0787 -29.5292 2.9283 27.0388 58.4380 -15.3184 6.5727 6.7573 9.0971 -0.0000 0.0000 0.0000 -20.9330 -21.4268 -4.0034 33.9659 55.6301 -18.3061 -17.0957 -20.5114 -20.8017 -0.0000 0.0000 0.0000
0.1695 0.7139 -0.0037 -4.4666 5.5265 20.6165 3.6057 -0.1128 -11.9984 3.6057 -0.1128 -11.9984 -2.1197 0.9292 2.3100 -2.1197 0.9292 2.3100 -32.5133 17.5590 -55.8148 16.9907 -6.2454 -40.1285 28.4951 -5.5784 -21.7224 16.0767 15.1237 86.4574 -9.8637 -1.4560 16.7536 -16.5083 -1.3414 9.2271 11.5777 -28.6565 2.9666 24.7547 57.6640 -13.7763 5.9879 5.6834 8.2381 -0.0000 0.0000 0.0000 -20.6398 -20.5969 -3.7900 32.7432 54.9558 -17.3737 -17.1739 -21.0302 -20.8565 -0.0000 0.0000 0.0000
0.1710 0.7172 0.0002 -4.3845 5.5850 20.6135 3.6119 -0.1156 -12.0499 3.6119 -0.1156 -12.0499 -2.1873 0.9834 2.3443 -2.1873 0.9834 2.3443 -32.9071 17.6057 -55.3411 16.1448 -5.9314 -40.1325 26.4466 -5.0054 -21.0745 16.5715 15.4893 86.0825 -8.8026 -1.3199 17.0232 -15.2761 -1.2817 9.5359 11.7459 -28.3464 2.9761 23.3636 57.2825 -12.8853 5.1377 4.7285 7.0319 -0.0000 0.0000 0.0000 -20.1999 -19.3350 -3.4761 31.0808 53.8069 -16.0629 -17.3332 -21.7235 -20.9958 -0.0000 0.0000 0.0000
0.1726 0.7185 0.0030 -4.2651 5.6193 20.5869 3.5823 -0.1116 -12.0580 3.5823 -0.1116 -12.0580 -2.2724 1.0372 2.3858 -2.2724 1.0372 2.3858 -33.2340 17.6468 -54.9608 15.4296 -5.6484 -40.0189 24.4361 -4.4876 -20.5129 16.8784 15.6887 85.7590 -7.7583 -1.1764 17.2189 -14.1899 -1.1931 9.5639 11.6025 -28.5395 2.9604 23.1825 57.5573 -12.8558 4.3440 4.3312 5.9334 -0.0000 0.0000 0.0000 -19.8165 -18.1001 -3.1874 29.8504 52.9763 -15.1324 -17.3739 -22.0399 -21.0208 -0.0000 0.0000 0.0000
0.1742 0.7176 0.0043 -4.0736 5.5608 20.5355 3.4952 -0.1036 -12.0275 3.4952 -0.1036 -12.0275 -2.3625 1.1251 2.4611 -2.3625 1.1251 2.4611 -33.6958 17.7319 -54.5058 14.7306 -5.3814 -39.9600 22.8891 -4.1517 -20.3019 17.1966 15.8815 85.3826 -6.9190 -1.0641 17.4663 -13.5672 -1.1241 9.4288 11.1503 -29.2436 2.9175 24.1024 58.4604 -13.6249 3.8928 4.4227 5.3203 -0.0000 0.0000 0.0000 -19.7297 -17.3464 -3.0390 29.5640 53.0296 -14.9995 -17.3574 -22.1050 -20.9960 -0.0000 0.0000 0.0000
0.1755 0.7147 0.0043 -3.8356 5.4101 20.4552 3.3658 -0.0928 -11.9706 3.3658 -0.0928 -11.9706 -2.4271 1.2393 2.5888 -2.4271 1.2393 2.5888 -34.2982 17.8595 -53.9704 14.0679 -5.1383 -39.9682 21.9552 -3.9883 -20.3524 17.5518 16.0946 84.9686 -6.2061 -0.9684 17.7215 -13.5742 -1.1113 9.3170 10.4677 -30.3054 2.8421 25.9636 59.7845 -15.0979 3.6080 4.9967 4.9472 -0.0000 0.0000 0.0000 -19.8749 -17.0265 -3.0045 29.9710 53.7572 -15.4529 -17.3547 -21.9729 -21.0027 -0.0000 0.0000 0.0000
0.1767 0.7109 0.0031 -3.5507 5.2056 20.3519 3.1990 -0.0798 -11.8919 3.1990 -0.0798 -11.8919 -2.4542 1.3701 2.7732 -2.4542 1.3701 2.7732 -35.0391 18.0231 -53.3489 13.3937 -4.8925 -39.9868 21.5537 -3.9911 -20.7471 18.0260 16.3962 84.4961 -5.7333 -0.9103 18.0300 -13.8688 -1.1219 9.2052 9.6704 -31.4053 2.7247 28.3429 61.2035 -16.9880 3.3230 5.8844 4.5796 -0.0000 0.0000 0.0000 -20.2100 -17.0544 -3.0613 30.8809 54.9436 -16.3448 -17.3656 -21.6974 -21.0366 -0.0000 0.0000 0.0000
0.1779 0.7073 0.0012 -3.2413 5.0012 20.2414 3.0058 -0.0645 -11.8056 3.0058 -0.0645 -11.8056 -2.4311 1.4962 2.9885 -2.4311 1.4962 2.9885 -35.7878 18.1851 -52.7331 12.7798 -4.6633 -39.9612 21.4686 -4.0561 -21.1609 18.5849 16.7471 83.9499 -5.4896 -0.8953 18.5131 -14.3327 -1.1395 9.0447 8.8952 -32.3061 2.5811 30.6836 62.4277 -18.8776 2.9685 6.7549 4.1119 -0.0000 0.0000 0.0000 -20.6264 -17.2116 -3.1549 31.9144 56.1797 -17.3540 -17.4071 -21.3782 -21.1109 -0.0000 0.0000 0.0000
0.1790 0.7044 -0.0002 -2.9408 4.8667 20.1286 2.8159 -0.0457 -11.7269 2.8159 -0.0457 -11.7269 -2.3679 1.5919 3.1869 -2.3679 1.5919 3.1869 -36.4043 18.3098 -52.2189 12.4317 -4.5296 -39.9134 21.0139 -3.9681 -21.1601 19.1499 17.1065 83.4401 -5.4584 -0.9191 19.1014 -14.5279 -1.1002 8.6153 8.2823 -32.8253 2.4435 32.2462 63.2082 -20.1711 2.5836 7.3580 3.5916 -0.0000 0.0000 0.0000 -20.9322 -17.1460 -3.1904 32.3914 56.8792 -17.8791 -17.5748 -21.2546 -21.3224 -0.0000 0.0000 0.0000
0.1801 0.7023 -0.0003 -2.6691 4.7650 20.0313 2.6477 -0.0247 -11.6468 2.6477 -0.0247 -11.6468 -2.2940 1.6641 3.3578 -2.2940 1.6641 3.3578 -36.9571 18.4362 -51.8056 12.3929 -4.5230 -39.9759 20.2790 -3.7824 -20.9216 19.7046 17.4706 83.0004 -5.6260 -0.9772 19.6921 -14.4431 -1.0094 7.9534 7.7891 -33.1756 2.3235 33.3256 63.7452 -21.0847 2.1844 7.4873 3.0391 -0.0000 0.0000 0.0000 -21.1659 -17.0738 -3.2130 32.6364 57.3890 -18.2082 -17.7235 -21.1888 -21.5066 -0.0000 0.0000 0.0000
0.1810 0.7008 0.0016 -2.4332 4.7084 19.9414 2.5141 -0.0042 -11.5887 2.5141 -0.0042 -11.5887 -2.2310 1.6925 3.5235 -2.2310 1.6925 3.5235 -37.3977 18.5720 -51.5693 12.6826 -4.6234 -39.9277 19.1059 -3.4815 -20.4726 20.1794 17.8154 82.7480 -5.9073 -1.0517 20.1728 -14.4063 -0.9117 7.2045 7.6583 -32.9557 2.2684 33.4943 63.9609 -21.2822 1.9836 7.8910 2.7663 -0.0000 0.0000 0.0000 -21.3554 -17.0650 -3.2407 32.6808 57.7233 -18.3583 -17.9494 -21.4162 -21.7606 -0.0000 0.0000 0.0000
0.1816 0.6993 0.0059 -2.2454 4.6975 19.8506 2.4262 0.0135 -11.5624 2.4262 0.0135 -11.5624 -2.1896 1.6674 3.6903 -2.1896 1.6674 3.6903 -37.5864 18.6923 -51.6214 13.1482 -4.7438 -39.5382 18.5218 -3.2866 -19.9573 20.4854 18.0792 82.7239 -6.1365 -1.1115 20.5151 -14.4428 -0.8128 6.4079 7.9017 -32.1852 2.2829 32.9632 63.9417 -20.9256 1.9184 9.1938 2.6966 -0.0000 0.0000 0.0000 -21.4521 -17.0798 -3.2586 32.6734 58.0102 -18.4610 -18.1358 -21.5625 -21.9733 -0.0000 0.0000 0.0000
0.1817 0.6978 0.0124 -2.0973 4.7307 19.7602 2.3817 0.0266 -11.5646 2.3817 0.0266 -11.5646 -2.1844 1.5972 3.8531 -2.1844 1.5972 3.8531 -37.4480 18.7630 -51.9730 13.7277 -4.8604 -38.8423 19.6672 -3.4998 -19.9921 20.6030 18.2320 82.8777 -6.2274 -1.1424 20.7710 -14.5391 -0.7152 5.6025 8.5207 -30.7639 2.3481 31.5987 63.5819 -19.8948 1.9411 11.2430 2.7639 -0.0000 0.0000 0.0000 -21.4855 -17.1397 -3.2754 32.8106 58.3791 -18.6800 -18.2025 -21.4580 -22.0617 -0.0000 0.0000 0.0000
0.1814 0.6964 0.0208 -1.9761 4.7937 19.6781 2.3657 0.0317 -11.5830 2.3657 0.0317 -11.5830 -2.2035 1.5130 4.0031 -2.2035 1.5130 4.0031 -36.9469 18.7403 -52.5727 14.7586 -5.1483 -38.2874 22.6174 -4.2149 -20.8529 20.7513 18.3701 82.8974 -6.1713 -1.1615 21.2981 -14.0879 -0.5591 4.5223 9.3457 -29.0441 2.4258 29.6756 62.9420 -18.4215 2.0889 13.2696 3.0141 -0.0000 0.0000 0.0000 -21.4448 -17.2040 -3.2815 33.0836 58.8290 -19.0125 -18.0876 -21.0618 -21.9550 -0.0000 0.0000 0.0000
0.1806 0.6956 0.0304 -1.8894 4.9712 19.6152 2.3934 0.0190 -11.5816 2.3934 0.0190 -11.5816 -2.2468 1.3328 4.1082 -2.2468 1.3328 4.1082 -35.7191 18.5718 -53.8103 16.1810 -5.5070 -37.3850 25.9660 -5.0815 -21.7882 20.7294 18.3289 82.8289 -6.1608 -1.1980 21.9880 -12.7663 -0.3582 3.2009 10.2203 -27.4072 2.4983 27.5742 62.1437 -16.8218 2.3141 14.6733 3.3712 -0.0000 0.0000 0.0000 -21.2341 -17.1112 -3.2307 33.1671 59.0976 -19.1649 -17.8805 -20.5322 -21.7477 -0.0000 0.0000 0.0000
0.1796 0.6952 0.0402 -1.6907 4.9705 19.5899 2.4053 -0.0146 -11.5959 2.4053 -0.0146 -11.5959 -2.3508 1.4397 4.1248 -2.3508 1.4397 4.1248 -34.7120 18.2342 -54.3587 18.5295 -6.4131 -37.9089 29.2736 -6.0534 -22.8903 22.3095 19.2758 81.4707 -6.1063 -1.2821 23.6941 -10.8672 -0.1954 2.0536 11.0150 -25.6735 2.5173 25.1229 60.9607 -14.9432 2.7003 14.6707 3.9336 -0.0000 0.0000 0.0000 -20.9035 -16.6317 -3.0890 33.0026 59.1766 -19.0963 -17.6490 -20.1706 -21.4967 -0.0000 0.0000 0.0000
0.1782 0.6951 0.0491 -1.3137 4.6868 19.5911 2.3689 -0.0626 -11.7024 2.3689 -0.0626 -11.7024 -2.5423 1.9571 4.1254 -2.5423 1.9571 4.1254 -34.0791 17.6432 -53.7123 22.3822 -8.3059 -40.3068 31.1341 -6.5149 -23.0932 26.6136 21.6809 77.9899 -5.8092 -1.3926 26.9412 -8.7875 -0.0835 1.0863 11.7613 -23.4795 2.4524 22.5105 59.3928 -12.9502 3.2119 13.9957 4.6566 -0.0000 0.0000 0.0000 -20.4865 -15.6256 -2.8407 32.4089 58.9103 -18.6406 -17.6306 -20.4089 -21.4557 -0.0000 0.0000 0.0000
0.1764 0.6953 0.0566 -0.7615 4.1169 19.5762 2.2646 -0.1187 -11.8835 2.2646 -0.1187 -11.8835 -2.8295 2.8649 4.1471 -2.8295 2.8649 4.1471 -33.5834 16.7728 -52.0756 27.7577 -11.3415 -43.7883 30.7883 -5.9724 -21.4567 34.0423 24.8718 71.5335 -4.2957 -1.2156 31.5882 -6.6739 -0.0010 0.0167 12.3042 -21.1775 2.3087 20.3963 57.9088 -11.3679 3.4820 14.0196 5.0488 -0.0000 0.0000 0.0000 -20.0956 -14.3719 -2.5595 31.7602 58.6456 -18.1574 -17.6585 -20.6479 -21.4705 -0.0000 0.0000 0.0000
0.1743 0.6950 0.0623 -0.1738 3.3764 19.4986 2.1332 -0.1808 -12.1563 2.1332 -0.1808 -12.1563 -3.1524 3.9823 4.1675 -3.1524 3.9823 4.1675 -32.4752 15.4383 -49.9156 34.1783 -15.1671 -46.8308 29.2093 -4.7277 -18.0044 44.1042 27.2759 61.8393 -0.6586 -0.2159 36.3083 -5.0263 0.0567 -1.2924 12.7890 -19.0036 2.1492 18.8459 56.6255 -10.2183 3.9596 14.5067 5.7600 -0.0000 0.0000 0.0000 -19.8433 -13.2899 -2.3348 31.5112 58.5445 -17.9735 -17.7856 -20.9134 -21.6030 -0.0000 0.0000 0.0000
0.1717 0.6939 0.0670 0.2684 2.7135 19.3627 2.0437 -0.2467 -12.5806 2.0437 -0.2467 -12.5806 -3.4126 5.0432 4.1006 -3.4126 5.0432 4.1006 -30.2929 13.6512 -47.7087 41.4268 -18.9385 -47.6034 26.7847 -3.1769 -13.2868 53.5599 27.4978 51.7283 4.6043 1.6116 38.5646 -4.2491 0.0836 -2.2537 13.4146 -16.9569 2.0086 17.3802 55.1536 -9.1281 4.7411 14.4267 6.8917 -0.0000 0.0000 0.0000 -19.7643 -13.0443 -2.2820 31.8911 58.8496 -18.3097 -18.0114 -21.4340 -21.8338 -0.0000 0.0000 0.0000
0.1686 0.6922 0.0706 0.4222 2.3807 19.1891 2.0663 -0.3178 -13.1131 2.0663 -0.3178 -13.1131 -3.5231 5.7390 3.8307 -3.5231 5.7390 3.8307 -26.6728 11.5522 -46.2163 47.7291 -20.8030 -45.0694 24.4422 -1.8171 -8.3751 59.8767 26.1743 43.9633 9.8048 3.3149 37.2846 -3.9547 0.0625 -1.8093 14.2393 -15.2816 1.9200 16.0679 53.5339 -8.1446 5.7247 13.8355 8.2854 -0.0000 0.0000 0.0000 -19.4523 -12.9557 -2.2299 31.9744 58.6979 -18.3035 -18.1992 -21.6874 -22.0395 -0.0000 0.0000 0.0000
0.1650 0.6903 0.0736 0.4098 2.2528 19.0228 2.1512 -0.3929 -13.7101 2.1512 -0.3929 -13.7101 -3.5000 6.2269 3.3641 -3.5000 6.2269 3.3641 -22.4328 9.2438 -44.3589 52.6795 -21.2150 -41.4406 22.2773 -0.6588 -3.3449 63.8537 24.3176 38.1489 13.6888 4.2141 34.0827 -3.5981 0.0213 -0.6777 15.3359 -13.5566 1.8336 14.6530 51.7040 -7.1297 6.9205 14.2529 10.0404 -0.0000 0.0000 0.0000 -19.2108 -13.6932 -2.3281 32.7480 59.1931 -18.9497 -17.9671 -21.0997 -21.8069 -0.0000 0.0000 0.0000
0.1606 0.6882 0.0752 0.3198 2.2832 18.9396 2.2637 -0.4688 -14.3911 2.2637 -0.4688 -14.3911 -3.2872 6.5522 2.5391 -3.2872 6.5522 2.5391 -18.3822 7.0086 -41.4602 56.3392 -20.5055 -37.3266 20.1518 0.1760 0.9906 66.3169 22.1914 33.4163 15.8204 4.2315 29.7800 -3.3657 -0.0305 1.0391 16.5174 -11.7336 1.7090 13.7567 49.9105 -6.4260 7.6946 12.2832 11.0140 -0.0000 0.0000 0.0000 -19.0083 -15.2091 -2.5609 34.1925 60.3563 -20.2805 -17.6766 -20.4055 -21.5115 -0.0000 0.0000 0.0000
0.1552 0.6856 0.0751 0.1857 2.5650 18.9423 2.3856 -0.5497 -14.9701 2.3856 -0.5497 -14.9701 -2.7740 6.7014 1.1761 -2.7740 6.7014 1.1761 -15.1562 5.2548 -38.0612 58.4659 -18.7048 -32.7973 18.3132 0.5784 3.5871 67.3845 19.9829 29.6029 14.8989 3.4303 25.7979 -2.8732 -0.0713 2.8417 17.4852 -10.8899 1.6796 13.7175 48.8520 -6.2538 7.7256 9.2817 10.8505 -0.0000 0.0000 0.0000 -18.8379 -17.4563 -2.9178 36.3843 62.0250 -22.3508 -17.5602 -19.4746 -21.4444 -0.0000 0.0000 0.0000
0.1488 0.6825 0.0720 -0.0145 3.1300 19.0061 2.5313 -0.6420 -15.3220 2.5313 -0.6420 -15.3220 -1.9114 6.6369 -0.7135 -1.9114 6.6369 -0.7135 -12.8547 4.0501 -34.8516 59.3946 -15.9925 -27.6736 17.1143 0.6963 4.6249 67.4394 17.8015 26.4113 11.1745 2.3047 23.2383 -2.4404 -0.0829 3.8895 18.1455 -11.4730 1.8381 14.5174 48.5652 -6.5776 7.3448 5.1691 10.0714 -0.0000 0.0000 0.0000 -18.5854 -19.8962 -3.2877 38.9902 63.4837 -24.7062 -17.8423 -19.0231 -21.8227 -0.0000 0.0000 0.0000
0.1413 0.6795 0.0653 -0.2986 3.9138 19.1348 2.7218 -0.7302 -15.4449 2.7218 -0.7302 -15.4449 -0.8137 6.3416 -2.8653 -0.8137 6.3416 -2.8653 -11.8716 3.4317 -32.1459 58.6480 -12.6587 -22.3402 16.5872 0.8280 5.6755 65.9755 16.2934 24.8738 5.5087 1.0528 21.6232 -2.6366 -0.1042 4.5263 18.6073 -13.0890 2.1534 15.7149 48.4641 -7.1087 6.4962 0.0255 8.6680 -0.0000 0.0000 0.0000 -18.5570 -22.9377 -3.7968 43.1376 64.9651 -28.2518 -18.5782 -19.6649 -22.6613 -0.0000 0.0000 0.0000
0.1330 0.6760 0.0546 -0.6108 4.7163 19.2766 2.9226 -0.8026 -15.3986 2.9226 -0.8026 -15.3986 0.3628 5.8374 -5.0656 0.3628 5.8374 -5.0656 -12.4280 3.3065 -29.6935 56.7013 -9.4805 -17.4735 15.7425 1.0919 7.8861 63.6748 14.6162 23.3396 -0.0793 -0.0144 20.6377 -3.5096 -0.1545 5.0391 18.7765 -15.6805 2.6085 17.4529 48.6862 -7.9450 5.1708 -4.7666 6.7416 -0.0000 0.0000 0.0000 -18.2910 -25.1581 -4.1148 47.0554 65.4970 -31.2882 -19.6018 -20.9285 -23.7882 -0.0000 0.0000 0.0000
0.1245 0.6722 0.0408 -0.9063 5.4014 19.4005 3.0954 -0.8598 -15.2278 3.0954 -0.8598 -15.2278 1.4485 5.2333 -7.0547 1.4485 5.2333 -7.0547 -14.3537 3.5137 -27.3803 54.0098 -7.0365 -13.7578 14.4372 1.3596 10.7038 60.7614 13.2910 22.4807 -4.9249 -0.8904 20.4844 -4.5007 -0.1839 4.6764 18.9049 -18.6466 3.1314 19.3507 49.2172 -8.9300 3.7372 -6.9518 4.8247 -0.0000 0.0000 0.0000 -18.5271 -28.1798 -4.6885 53.7503 66.4513 -36.7276 -20.3608 -22.0143 -24.6042 -0.0000 0.0000 0.0000
0.1160 0.6684 0.0249 -1.1544 5.7940 19.5532 3.2261 -0.9082 -15.1326 3.2261 -0.9082 -15.1326 2.4585 4.5826 -9.0821 2.4585 4.5826 -9.0821 -17.4192 3.8475 -24.7334 50.6266 -5.6133 -11.8351 12.9732 1.5456 13.5310 57.7717 12.0213 21.6097 -8.7546 -1.5337 19.8363 -4.4037 -0.1837 4.7754 19.2404 -20.9790 3.5950 21.2388 49.7643 -9.9401 2.3022 -8.8828 2.9470 -0.0000 0.0000 0.0000 -19.4839 -32.1565 -5.6659 63.4186 67.4518 -44.8274 -20.7132 -22.4962 -24.9829 -0.0000 0.0000 0.0000
0.1076 0.6652 0.0080 -1.3727 5.9809 19.7362 3.3074 -0.9437 -15.1634 3.3074 -0.9437 -15.1634 3.5423 3.7979 -11.4747 3.5423 3.7979 -11.4747 -21.1872 4.1808 -22.0859 45.0132 -4.4847 -10.7969 12.6021 1.6892 15.2090 54.6170 10.8714 20.8844 -11.4975 -1.9621 19.3066 -4.3252 -0.1992 5.2713 19.9222 -22.5680 4.0140 22.7136 50.1479 -10.7371 1.1935 -9.0262 1.5269 -0.0000 0.0000 0.0000 -21.0575 -36.6378 -7.0425 72.8429 67.5611 -52.5400 -21.5386 -21.7629 -26.0356 -0.0000 0.0000 0.0000
0.0991 0.6627 -0.0094 -1.6030 6.0263 19.9348 3.3469 -0.9594 -15.3324 3.3469 -0.9594 -15.3324 4.6651 2.8811 -14.1476 4.6651 2.8811 -14.1476 -25.3183 4.4912 -19.8061 36.8305 -2.9679 -8.8980 11.3480 1.5625 15.6297 51.5671 9.9497 20.4296 -13.6854 -2.3124 19.0942 -4.8157 -0.2519 5.9854 20.9592 -23.2131 4.3514 23.2068 49.8107 -10.8917 0.0832 -9.3794 0.1063 -0.0000 0.0000 0.0000 -22.6607 -40.5253 -8.4610 78.1299 66.5814 -56.1129 -23.1109 -20.2992 -28.0597 -0.0000 0.0000 0.0000
0.0910 0.6607 -0.0247 -1.8901 5.9747 20.1587 3.3701 -0.9388 -15.6395 3.3701 -0.9388 -15.6395 5.6995 1.8486 -16.8717 5.6995 1.8486 -16.8717 -29.6082 4.7604 -17.8760 26.0350 -1.2668 -5.4755 8.1646 1.0827 15.0833 48.3868 9.3121 20.5495 -16.1981 -2.6881 18.7245 -5.5632 -0.3405 6.9996 22.2608 -23.1885 4.6230 22.6930 48.4470 -10.3175 -1.3069 -10.9676 -1.6579 -0.0000 0.0000 0.0000 -24.0863 -43.6196 -9.7595 80.3433 65.1225 -56.6579 -25.0173 -18.2565 -30.5666 -0.0000 0.0000 0.0000
0.0840 0.6603 -0.0375 -2.2048 5.8162 20.5056 3.3352 -0.8602 -16.0659 3.3352 -0.8602 -16.0659 6.5618 0.8066 -19.4228 6.5618 0.8066 -19.4228 -34.5463 4.9020 -15.6755 14.8714 -0.0556 -0.4257 4.7679 0.5122 12.2567 44.7365 8.7738 21.1198 -19.1797 -3.1169 18.2955 -6.7707 -0.4644 7.8381 23.4254 -22.9898 4.8284 21.9092 46.1659 -9.4315 -2.7285 -13.7699 -3.4208 -0.0000 0.0000 0.0000 -24.8630 -45.3730 -10.5300 80.6063 63.4184 -55.3109 -27.1555 -16.3460 -33.3670 -0.0000 0.0000 0.0000
0.0794 0.6620 -0.0473 -2.5510 5.7463 20.6565 3.2517 -0.7245 -16.5385 3.2517 -0.7245 -16.5385 7.2402 -0.1438 -21.4475 7.2402 -0.1438 -21.4475 -40.4344 4.6530 -12.5909 6.3299 0.1855 3.3531 4.2463 0.3066 8.2557 40.5292 8.2882 22.2056 -22.4953 -3.5415 17.6724 -8.0592 -0.5778 8.1878 24.1734 -23.1881 5.0311 20.9575 43.5612 -8.4534 -3.4266 -16.4952 -4.2489 -0.0000 0.0000 0.0000 -24.5106 -45.8407 -10.4955 79.8730 61.9559 -53.3691 -29.4174 -14.7103 -36.3076 -0.0000 0.0000 0.0000
0.0790 0.6671 -0.0546 -2.8844 5.7699 20.5973 3.1261 -0.5354 -17.0789 3.1261 -0.5354 -17.0789 7.7836 -0.9375 -22.8466 7.7836 -0.9375 -22.8466 -46.9222 3.7940 -8.7281 2.1060 0.0800 4.3486 5.4104 0.2483 5.2508 35.8875 7.7146 23.5228 -25.6381 -3.8748 16.9114 -8.2109 -0.5846 8.1313 24.3390 -23.1537 5.0589 20.5009 41.4885 -7.8364 -1.7470 -16.9605 -2.1626 -0.0000 0.0000 0.0000 -23.5280 -45.6621 -10.0212 79.7774 61.0709 -52.4882 -31.2935 -12.9017 -38.8298 -0.0000 0.0000 0.0000
0.0845 0.6725 -0.0573 -3.0693 5.8970 19.8682 2.9148 -0.3013 -17.5347 2.9148 -0.3013 -17.5347 8.2358 -1.4978 -23.5130 8.2358 -1.4978 -23.5130 -53.4199 2.5052 -4.9766 0.7220 0.0223 3.5429 6.2569 0.1729 3.1617 31.2375 7.0954 25.0086 -28.2355 -4.1399 16.3550 -7.5174 -0.4875 7.4103 23.6379 -23.9473 5.0820 21.0151 41.1132 -7.9576 -1.6052 -14.8638 -2.0037 -0.0000 0.0000 0.0000 -21.6114 -45.0336 -9.0480 77.9662 60.9880 -50.9648 -32.6834 -10.7031 -40.8510 -0.0000 0.0000 0.0000
0.1001 0.6758 -0.0529 -2.9161 5.7953 18.1490 2.5094 -0.0573 -17.9455 2.5094 -0.0573 -17.9455 8.4824 -1.6184 -23.2915 8.4824 -1.6184 -23.2915 -59.6658 0.9760 -1.7019 0.5945 0.0128 2.4691 6.2726 0.0755 1.3786 26.7438 6.5783 27.1819 -30.7926 -4.5562 16.4403 -6.3231 -0.3352 6.0625 21.4894 -24.8717 4.7924 24.6979 44.1275 -10.1420 -2.8426 -10.7632 -3.6090 -0.0000 0.0000 0.0000 -18.6432 -43.9937 -7.5872 74.5605 62.0238 -49.1796 -33.4124 -7.7817 -42.2239 -0.0000 0.0000 0.0000
0.1206 0.6752 -0.0361 -2.4703 5.3191 15.5522 1.9087 0.1914 -18.1733 1.9087 0.1914 -18.1733 8.5337 -1.3176 -22.4107 8.5337 -1.3176 -22.4107 -65.2196 -0.3346 0.5230 -0.0459 -0.0006 1.4897 6.9257 0.0079 0.1309 22.5208 6.1663 30.2760 -33.0258 -5.0896 17.0524 -4.7215 -0.1912 4.6347 18.3587 -25.1582 4.1303 30.6173 49.9442 -14.5299 -6.8513 -4.0741 -8.9586 -0.0000 0.0000 0.0000 -14.9897 -42.5893 -5.8710 70.2089 64.1847 -47.5772 -32.6991 -3.6924 -42.0752 -0.0000 0.0000 0.0000
0.1410 0.6681 -0.0051 -1.8292 4.3269 12.6849 1.1011 0.4705 -18.1299 1.1011 0.4705 -18.1299 8.4531 -0.7446 -21.3795 8.4531 -0.7446 -21.3795 -70.1253 -1.2013 1.7116 -2.2496 -0.0192 0.9803 7.9976 -0.0751 -1.0748 18.4404 5.6845 34.0124 -34.7451 -5.6538 17.9385 -3.3908 -0.0909 3.0694 14.9344 -24.1926 3.2180 40.1447 57.7679 -22.7938 -11.5725 10.1504 -16.3102 -0.0000 0.0000 0.0000 -10.5441 -39.4708 -3.7920 67.3607 67.8628 -48.2979 -29.8177 3.6996 -39.8559 -0.0000 0.0000 0.0000
0.1576 0.6521 0.0391 -1.1694 3.1871 9.7825 0.2494 0.7456 -17.7715 0.2494 0.7456 -17.7715 8.3203 -0.1307 -20.3371 8.3203 -0.1307 -20.3371 -74.4486 -1.4484 1.9064 -5.8624 0.0351 -0.6851 8.5818 -0.1503 -2.0027 14.4043 4.9588 37.8286 -35.7606 -6.0514 18.6097 -2.5133 -0.0373 1.7019 11.4393 -22.2207 2.2536 52.6246 67.2662 -36.4178 -14.7832 22.1079 -22.6274 -0.0000 0.0000 0.0000 -5.7876 -34.0509 -1.7736 64.8462 71.3332 -49.0132 -24.8166 12.2300 -35.0021 -0.0000 0.0000 0.0000
0.1677 0.6300 0.0897 -0.6330 2.2539 7.2977 -0.4745 0.9731 -17.1747 -0.4745 0.9731 -17.1747 8.2446 0.4519 -19.3238 8.2446 0.4519 -19.3238 -78.3623 -0.8523 1.0457 -9.9302 0.2439 -2.8073 8.1694 -0.2249 -3.1484 10.7497 3.9951 40.6799 -36.2031 -6.3008 19.1156 -2.2365 -0.0182 0.9306 7.8658 -19.4852 1.3526 70.9204 76.7655 -58.8607 -14.8722 25.7247 -23.4832 -0.0000 0.0000 0.0000 -2.0514 -27.9034 -0.5097 64.2412 74.1092 -50.7238 -19.2483 19.6194 -28.7479 -0.0000 0.0000 0.0000
0.1724 0.6023 0.1400 -0.2746 1.8181 5.1027 -0.9623 1.1090 -16.3695 -0.9623 1.1090 -16.3695 8.2455 0.9456 -18.2607 8.2455 0.9456 -18.2607 -81.3304 0.6507 -0.7575 -14.1915 0.6259 -5.0247 7.3303 -0.2739 -4.2744 7.9970 3.0980 42.2988 -36.5598 -6.4711 19.4225 -2.5518 -0.0242 1.0882 4.3198 -18.2291 0.6934 108.9255 83.9487 -103.1011 -14.3196 23.7510 -22.2328 -0.0000 0.0000 0.0000 0.6377 -22.4883 0.1268 64.6224 76.4335 -52.9454 -15.6635 22.1931 -23.9697 -0.0000 0.0000 0.0000
0.1755 0.5697 0.1836 0.0032 1.6882 3.0738 -1.2475 1.1624 -15.6065 -1.2475 1.1624 -15.6065 8.1751 1.4397 -16.9355 8.1751 1.4397 -16.9355 -83.5997 2.6042 -2.9125 -18.6057 1.1542 -7.0374 6.8184 -0.3261 -5.4694 6.0272 2.4061 43.4940 -37.4359 -6.8793 20.1181 -3.8717 -0.0671 1.9840 0.9370 -18.0562 0.1489 -175.9293 83.6835 175.4543 -12.0491 20.8453 -18.3001 -0.0000 0.0000 0.0000 2.3706 -18.6382 0.3891 68.2789 78.5944 -58.0541 -14.4588 22.0944 -22.1356 -0.0000 0.0000 0.0000
0.1789 0.5277 0.2161 0.3508 1.7495 1.2497 -1.4168 1.1512 -15.0113 -1.4168 1.1512 -15.0113 7.9875 1.9501 -15.3450 7.9875 1.9501 -15.3450 -85.4716 4.8019 -5.1967 -22.1746 1.7477 -8.9012 6.9099 -0.3772 -6.2422 4.6606 1.9242 44.8503 -38.7231 -7.7520 21.8260 -6.2805 -0.1938 3.5319 -1.9565 -18.3523 -0.3161 -152.3135 80.1294 147.3384 -9.6133 18.3988 -14.3501 -0.0000 0.0000 0.0000 3.2185 -16.2887 0.4607 74.0197 80.5589 -65.1429 -13.5889 24.3221 -21.2189 -0.0000 0.0000 0.0000
0.1881 0.4829 0.2378 0.9257 1.7524 -0.1962 -1.6281 1.1089 -14.6320 -1.6281 1.1089 -14.6320 7.6352 2.5096 -13.6267 7.6352 2.5096 -13.6267 -87.1896 7.0162 -7.3682 -23.8100 2.1976 -10.3963 6.9641 -0.3937 -6.4631 3.8314 1.6597 46.8307 -40.2919 -9.2893 24.9738 -9.0768 -0.3725 4.6909 -3.9295 -19.1884 -0.6645 -155.1656 77.1020 149.1093 -7.6382 17.2176 -11.3138 -0.0000 0.0000 0.0000 3.3602 -14.5727 0.4298 94.7468 82.7803 -87.5141 -12.0057 28.7987 -19.5828 -0.0000 0.0000 0.0000
0.1969 0.4453 0.2501 1.6833 1.6958 -1.2999 -1.8929 1.0631 -14.4631 -1.8929 1.0631 -14.4631 7.1227 3.0493 -11.8620 7.1227 3.0493 -11.8620 -88.7612 9.2852 -9.4872 -24.1458 2.5609 -11.9317 6.6571 -0.3586 -6.1604 3.7239 1.7197 49.5632 -42.3819 -11.5907 29.3406 -10.6726 -0.5120 5.4775 -5.1778 -19.2784 -0.8800 -163.8509 74.3611 158.8121 -6.8277 15.2368 -9.9740 -0.0000 0.0000 0.0000 3.1582 -13.4895 0.3736 129.6243 82.3373 -123.4556 -10.0664 32.2518 -17.0701 -0.0000 0.0000 0.0000
0.2004 0.4255 0.2522 2.4719 1.4994 -2.0886 -2.1881 1.0324 -14.2640 -2.1881 1.0324 -14.2640 6.5459 3.6215 -10.2467 6.5459 3.6215 -10.2467 -90.2911 11.6178 -11.5594 -23.9897 2.7522 -12.9015 5.9167 -0.3163 -6.1154 4.5937 2.2664 52.5026 -44.0842 -14.3599 34.5658 -11.7886 -0.6754 6.5355 -5.5505 -20.1519 -0.9870 -173.6552 72.0203 171.2784 -6.4887 14.2061 -9.4125 -0.0000 0.0000 0.0000 2.8101 -12.2790 0.3023 149.1450 80.3792 -143.8179 -8.4242 34.1574 -14.6312 -0.0000 0.0000 0.0000
0.1915 0.4291 0.2393 3.1499 1.1371 -2.5133 -2.4680 1.0216 -13.9472 -2.4680 1.0216 -13.9472 6.0547 4.2282 -8.8825 6.0547 4.2282 -8.8825 -91.7353 13.6344 -13.2313 -24.5476 2.9100 -13.3182 4.5203 -0.2672 -6.7630 6.8103 3.5761 55.3678 -45.4811 -17.2393 39.7661 -11.6048 -0.8642 8.4887 -4.5517 -22.3226 -0.8985 177.0644 71.5400 -175.9260 -5.8479 15.1680 -8.5416 -0.0000 0.0000 0.0000 2.4983 -10.9078 0.2386 158.5763 78.8507 -154.0849 -7.4933 33.6478 -12.9441 -0.0000 0.0000 0.0000
0.1636 0.4559 0.2091 3.7665 0.5411 -2.3609 -2.8188 1.0511 -13.5721 -2.8188 1.0511 -13.5721 5.8491 4.9976 -7.8757 5.8491 4.9976 -7.8757 -93.2069 14.8827 -14.0805 -26.4916 3.1316 -13.2478 2.7121 -0.1916 -8.0802 10.8275 5.9959 57.8524 -46.1144 -20.1559 45.3256 -9.9982 -0.8981 10.2398 -1.9400 -25.7549 -0.4436 166.7342 73.3370 -162.2455 -2.6514 17.1007 -3.9300 -0.0000 0.0000 0.0000 2.0542 -9.1959 0.1652 162.1845 77.8969 -158.0522 -7.1748 31.8907 -12.1456 -0.0000 0.0000 0.0000
0.1162 0.4964 0.1653 4.5452 -0.1901 -1.5334 -3.3016 1.0979 -13.2526 -3.3016 1.0979 -13.2526 5.7283 5.8448 -7.2803 5.7283 5.8448 -7.2803 -94.7789 15.4251 -14.2025 -29.3620 3.3817 -12.8573 0.2741 -0.0235 -9.8037 16.3833 9.4082 59.5065 -43.9712 -22.8202 53.1192 -7.6491 -0.7735 11.5312 2.4100 -29.4981 0.6345 142.6389 77.3903 -134.2313 2.8946 16.9864 4.2868 -0.0000 0.0000 0.0000 1.2656 -7.3425 0.0812 162.1041 77.3246 -157.7330 -6.9636 30.0837 -11.5584 -0.0000 0.0000 0.0000
0.0538 0.5372 0.1173 5.5975 -0.8319 -0.0467 -3.9017 1.1219 -12.9091 -3.9017 1.1219 -12.9091 5.6653 6.7620 -6.9799 5.6653 6.7620 -6.9799 -96.5143 15.3409 -13.7055 -32.7305 3.5846 -12.1648 -2.4288 0.2526 -11.8721 22.4548 13.0036 59.7235 -37.4502 -23.6967 63.5076 -5.5758 -0.5581 11.4228 8.2318 -32.7767 2.4247 91.4460 78.0733 -79.4918 6.8649 16.5438 10.1219 -0.0000 0.0000 0.0000 0.1294 -5.8865 0.0067 160.6148 76.4695 -155.5376 -6.7843 27.9348 -11.0160 -0.0000 0.0000 0.0000
-0.0152 0.5651 0.0762 6.7693 -0.9635 1.9272 -4.4123 1.0969 -12.5384 -4.4123 1.0969 -12.5384 5.4372 7.5691 -6.7257 5.4372 7.5691 -6.7257 -98.1823 15.2882 -13.2667 -35.8821 3.8445 -11.8359 -5.2737 0.6240 -13.4864 27.1871 15.5618 58.9412 -28.4712 -21.4153 73.3964 -4.2034 -0.3977 10.8038 14.0551 -32.4381 4.1073 50.4205 69.8592 -36.4001 7.0755 19.5581 10.6706 -0.0000 0.0000 0.0000 -1.2019 -5.5636 -0.0584 159.1292 75.2172 -153.1083 -6.6043 25.4369 -10.4715 -0.0000 0.0000 0.0000
-0.0799 0.5586 0.0539 7.8261 -0.3447 4.0101 -4.6304 1.0289 -12.1951 -4.6304 1.0289 -12.1951 4.8676 8.0500 -6.1169 4.8676 8.0500 -6.1169 -99.3422 16.2247 -13.7993 -39.1041 4.3996 -12.3465 -7.4691 0.9489 -14.4601 29.4871 16.7339 58.4012 -19.4249 -16.3273 79.9358 -3.6571 -0.3505 10.9458 19.2908 -30.0193 5.2183 32.6027 58.7554 -18.6980 6.1215 26.2339 9.7807 -0.0000 0.0000 0.0000 -2.6117 -5.5770 -0.1272 156.1118 75.0116 -149.1812 -6.4986 22.6876 -10.0566 -0.0000 0.0000 0.0000
-0.1287 0.5617 0.0816 8.6891 0.7985 5.8404 -4.4601 0.9345 -11.9821 -4.4601 0.9345 -11.9821 3.9413 8.1168 -4.8513 3.9413 8.1168 -4.8513 -100.0719 18.3300 -15.4001 -42.5257 5.5866 -14.2931 -9.2526 1.1984 -14.7283 30.1302 17.0363 58.1866 -11.6871 -10.4953 83.8110 -3.5315 -0.3406 11.0151 23.6279 -25.7798 5.4809 22.0736 48.1120 -9.9523 5.5362 33.6987 9.5816 -0.0000 0.0000 0.0000 -4.0590 -5.7680 -0.2046 152.3626 75.8013 -144.9316 -6.5560 19.0217 -9.8484 -0.0000 0.0000 0.0000
-0.1562 0.5982 0.0767 9.3654 2.3257 7.3130 -4.0182 0.8444 -11.8194 -4.0182 0.8444 -11.8194 2.8120 7.8819 -3.0085 2.8120 7.8819 -3.0085 -99.6166 21.4478 -18.1800 -45.8456 7.5865 -17.8210 -10.9286 1.3686 -14.2336 30.1724 17.0678 58.2063 -5.9624 -5.5478 85.8678 -4.8552 -0.4457 10.4834 26.7209 -21.7987 5.2370 15.2852 40.1047 -5.6080 5.7786 37.1116 10.4484 -0.0000 0.0000 0.0000 -5.3711 -5.4543 -0.2560 143.2389 79.3500 -136.3392 -6.3141 15.6106 -9.2498 -0.0000 0.0000 0.0000
-0.1676 0.6545 0.0281 9.9793 4.0231 8.3586 -3.5281 0.7837 -11.6407 -3.5281 0.7837 -11.6407 1.5378 7.3991 -0.9786 1.5378 7.3991 -0.9786 -97.3903 25.2600 -22.2770 -47.5704 10.4004 -23.3345 -13.6814 1.7167 -14.2373 30.2123 17.0547 58.1011 -1.5028 -1.4285 87.0940 -7.6230 -0.6893 10.3190 28.7043 -18.9864 4.8999 11.1695 34.3060 -3.4574 6.3852 36.6422 11.4671 -0.0000 0.0000 0.0000 -6.4912 -4.5195 -0.2564 46.6627 85.1620 -43.2421 -4.1435 16.8945 -6.1306 -0.0000 0.0000 0.0000
-0.1689 0.7175 -0.0565 10.5225 5.6278 9.2108 -3.0332 0.7362 -11.3199 -3.0332 0.7362 -11.3199 0.4429 6.8135 0.5840 0.4429 6.8135 0.5840 -93.8933 28.6780 -26.8633 -47.0531 13.5054 -30.4293 -16.4089 2.2427 -15.4621 30.7675 17.3228 57.9423 2.1413 2.0410 87.2521 -11.1515 -1.0393 10.6157 29.9971 -17.9284 4.8401 9.0720 30.5886 -2.4857 7.0392 34.9170 12.3550 -0.0000 0.0000 0.0000 -7.3918 -3.0793 -0.1990 -12.4601 40.4595 4.6075 1.6375 49.9822 3.7680 -0.0000 0.0000 0.0000
-0.1645 0.7760 -0.1627 10.9483 7.1725 10.1308 -2.5445 0.6781 -10.7811 -2.5445 0.6781 -10.7811 -0.6564 6.2309 1.6921 -0.6564 6.2309 1.6921 -89.8740 31.3738 -31.4394 -43.6859 16.1157 -38.9048 -18.4991 2.7593 -16.8246 31.8387 17.9430 57.9304 5.3739 5.0503 86.4386 -15.2562 -1.5107 11.2444 31.1758 -17.7446 4.9871 7.8457 28.4245 -1.9900 7.7203 32.5971 13.1699 -0.0000 0.0000 0.0000 -8.0772 -1.3528 -0.0955 -19.1506 -17.2866 -2.9378 -147.2953 86.1253 159.4237 -0.0000 0.0000 0.0000
-0.1567 0.8244 -0.2735 11.1904 8.5012 11.3306 -2.0326 0.6059 -10.2861 -2.0326 0.6059 -10.2861 -1.9146 5.6245 2.7524 -1.9146 5.6245 2.7524 -85.3664 33.3403 -35.9770 -38.0745 17.4302 -47.9066 -18.7948 2.9576 -17.7317 33.5851 19.1883 58.5085 7.7419 6.9362 83.6997 -18.4974 -1.9782 12.1042 32.4326 -18.0043 5.2761 7.0595 26.9761 -1.6953 8.2183 30.7836 13.7323 -0.0000 0.0000 0.0000 -8.6885 -0.0533 -0.0040 -21.9875 -32.9632 -6.5791 -155.3387 85.3902 165.9907 -0.0000 0.0000 0.0000
-0.1451 0.8523 -0.3679 11.3044 9.2661 12.8800 -1.5355 0.5205 -9.8845 -1.5355 0.5205 -9.8845 -3.3181 5.2632 4.0542 -3.3181 5.2632 4.0542 -81.7900 34.0685 -38.9638 -32.1834 17.6335 -56.5315 -19.2266 2.8800 -16.8839 36.4777 21.0113 58.7360 9.4485 7.9277 79.9583 -20.8118 -2.3919 12.9708 33.8198 -18.1633 5.5642 6.5447 25.8440 -1.5031 8.4041 30.1684 13.9483 -0.0000 0.0000 0.0000 -9.3676 0.5807 0.0476 -24.3236 -37.4723 -8.3615 -11.0322 85.0959 20.2600 -0.0000 0.0000 0.0000
-0.1307 0.8376 -0.4231 11.2722 9.3368 14.7763 -1.1559 0.4376 -9.4732 -1.1559 0.4376 -9.4732 -4.7414 5.2579 5.7579 -4.7414 5.2579 5.7579 -78.3939 33.1798 -40.1372 -27.4469 17.4691 -64.3506 -20.0883 2.7562 -15.4692 40.7361 23.1895 57.8538 10.4675 8.2453 76.3963 -22.0433 -2.5339 12.9562 35.1580 -18.5610 5.9271 6.3923 25.5901 -1.4531 8.4635 29.8382 13.9973 -0.0000 0.0000 0.0000 -11.0322 -2.3950 -0.2313 -22.5567 -32.3909 -6.6299 0.3510 71.7840 6.3629 -0.0000 0.0000 0.0000
-0.1120 0.8167 -0.4156 11.1198 8.6464 17.0547 -1.0093 0.3659 -9.0460 -1.0093 0.3659 -9.0460 -6.0764 5.5806 8.0261 -6.0764 5.5806 8.0261 -74.5738 30.5526 -39.4655 -23.5841 17.0205 -71.2624 -21.1732 2.9403 -15.6375 46.1264 25.2776 55.5475 11.0874 8.2661 73.3358 -22.3501 -2.5552 12.8821 36.3263 -19.3956 6.4179 6.5764 26.0574 -1.5233 8.3930 29.8222 13.8790 -0.0000 0.0000 0.0000 -15.4040 -12.7102 -1.7259 -15.0382 -12.8385 -1.7016 0.6359 53.5091 1.6169 -0.0000 0.0000 0.0000
-0.0911 0.7931 -0.4217 10.8586 7.4118 19.6467 -0.9706 0.3061 -8.7623 -0.9706 0.3061 -8.7623 -7.1734 5.8636 10.5740 -7.1734 5.8636 10.5740 -69.9211 27.0133 -37.9200 -19.6530 15.7196 -77.1101 -21.5087 3.3639 -17.5769 51.2975 27.1393 53.3745 11.1597 7.8878 70.4207 -22.4867 -2.4149 12.1046 37.4597 -20.1259 6.8867 6.7332 26.4381 -1.5833 8.3161 29.3100 13.6794 -0.0000 0.0000 0.0000 -23.6967 -28.2364 -6.0410 -5.5852 18.7308 0.9219 -1.3002 31.6855 -2.2011 -0.0000 0.0000 0.0000
-0.0724 0.7552 -0.4230 10.5893 5.9775 22.3538 -0.9880 0.2459 -8.7713 -0.9880 0.2459 -8.7713 -8.0513 5.9969 13.1158 -8.0513 5.9969 13.1158 -65.2105 23.5348 -36.0779 -15.7532 13.4330 -80.8115 -21.9607 3.9867 -20.3393 55.6105 28.8747 52.0424 11.3990 7.6090 67.3506 -23.1678 -2.3239 11.3023 38.6219 -20.8808 7.3886 6.4422 26.4491 -1.5154 8.2984 28.0652 13.4791 -0.0000 0.0000 0.0000 -34.4029 -40.5288 -13.0410 3.9775 46.2747 -1.7002 -3.5222 12.4131 -5.0522 -0.0000 0.0000 0.0000
-0.0556 0.7069 -0.4131 10.0255 5.2951 25.0375 -0.8352 0.1757 -8.9893 -0.8352 0.1757 -8.9893 -8.8010 5.6183 15.5281 -8.8010 5.6183 15.5281 -60.1542 20.7975 -35.1633 -11.6333 10.2348 -82.6373 -20.8539 4.4884 -24.0440 58.2488 30.3946 51.9840 11.0681 7.0534 64.9202 -23.9033 -2.2636 10.6643 39.8001 -23.1545 8.4823 6.0508 27.3973 -1.4762 8.3233 25.8472 13.2341 -0.0000 0.0000 0.0000 -45.4133 -47.4934 -20.8618 19.7907 65.9148 -12.9056 -5.5767 -1.6454 -7.3806 -0.0000 0.0000 0.0000
-0.0402 0.6566 -0.3909 9.0940 5.5558 27.3872 -0.5063 0.1120 -9.3770 -0.5063 0.1120 -9.3770 -9.3510 4.8793 17.4182 -9.3510 4.8793 17.4182 -55.9047 19.0111 -35.0258 -7.0911 6.2715 -82.9646 -18.6223 4.8071 -28.7196 59.0648 31.6802 53.2057 10.5342 6.5440 63.6092 -24.0916 -2.1688 10.1380 41.0210 -27.1783 10.3341 6.0028 29.8744 -1.6028 8.2384 23.3716 12.8122 -0.0000 0.0000 0.0000 -53.3508 -49.5729 -26.1233 44.7406 74.1485 -34.5485 -7.1212 -7.8776 -9.1495 -0.0000 0.0000 0.0000
-0.0239 0.6180 -0.3642 7.8057 6.5969 29.3007 -0.0578 0.0549 -9.7503 -0.0578 0.0549 -9.7503 -9.6369 3.9490 18.7186 -9.6369 3.9490 18.7186 -52.1558 17.9875 -35.8414 -0.9768 0.8312 -80.7903 -12.6240 3.8988 -34.2075 59.1007 32.7640 54.8165 9.9178 6.1812 63.7873 -23.3870 -1.9161 9.2388 42.2657 -33.0438 13.0814 7.0826 34.4257 -2.1967 8.0603 20.7260 12.2628 -0.0000 0.0000 0.0000 -59.3528 -49.8456 -29.6618 75.1593 75.9148 -61.9535 -8.2798 -10.5772 -10.5105 -0.0000 0.0000 0.0000
-0.0048 0.5957 -0.3405 6.2322 8.1738 30.8779 0.4418 0.0017 -9.8696 0.4418 0.0017 -9.8696 -9.7417 2.7423 19.7747 -9.7417 2.7423 19.7747 -48.8872 17.6571 -37.7313 7.0834 -5.3956 -74.5655 0.3676 -0.1214 -36.5672 59.3376 33.6547 55.9281 9.5791 6.0986 64.8941 -21.8704 -1.6624 8.5889 43.7733 -40.3464 16.7917 9.7021 40.5005 -3.5867 7.8501 18.4262 11.7318 -0.0000 0.0000 0.0000 -64.4547 -49.4641 -32.3844 100.4936 73.8674 -84.2125 -9.2317 -11.6663 -11.6619 -0.0000 0.0000 0.0000
0.0168 0.5830 -0.3247 4.6185 9.8456 32.1219 0.9059 -0.0424 -9.7281 0.9059 -0.0424 -9.7281 -9.7504 1.2954 20.9487 -9.7504 1.2954 20.9487 -46.2058 17.8505 -40.4214 16.2611 -10.3380 -64.6834 18.8180 -4.7840 -28.2968 60.1977 34.7001 56.6479 9.2979 6.0559 66.0878 -20.9742 -1.5321 8.2632 45.8682 -47.3387 21.0141 13.2303 46.5628 -5.7135 7.6222 16.3777 11.2214 -0.0000 0.0000 0.0000 -68.2842 -48.6325 -34.0718 111.9725 71.0898 -93.2668 -9.8509 -11.9573 -12.4269 -0.0000 0.0000 0.0000
0.0397 0.5735 -0.3164 3.2027 11.2102 33.1362 1.2758 -0.1043 -9.4163 1.2758 -0.1043 -9.4163 -9.7337 -0.1284 22.2394 -9.7337 -0.1284 22.2394 -44.2629 18.2756 -43.1580 25.1246 -12.7667 -53.3174 31.1111 -4.5615 -16.2847 61.8980 35.9483 56.8282 9.2414 6.1102 66.8787 -21.2224 -1.5612 8.3192 48.3497 -53.2724 25.3763 16.7895 51.7495 -8.1882 7.5316 14.4104 10.9362 -0.0000 0.0000 0.0000 -70.6838 -47.6625 -34.7842 112.2605 70.0016 -92.4246 -10.5321 -12.7358 -13.2405 -0.0000 0.0000 0.0000
0.0628 0.5662 -0.3158 1.7266 12.6291 34.1181 1.6146 -0.1482 -8.8955 1.6146 -0.1482 -8.8955 -9.7392 -1.6338 23.4791 -9.7392 -1.6338 23.4791 -42.0339 18.5407 -46.0354 32.0522 -13.2384 -43.9972 35.5596 -1.8941 -5.9019 63.2130 37.2923 57.4765 8.8637 5.9575 67.7533 -22.7360 -1.6738 8.3111 51.5948 -58.0601 30.0336 19.7291 56.0225 -10.5700 7.6194 12.4257 10.9169 -0.0000 0.0000 0.0000 -72.6881 -46.9386 -35.4319 109.2976 69.6232 -88.8528 -11.7395 -13.7348 -14.6926 -0.0000 0.0000 0.0000
0.0853 0.5608 -0.3216 0.2875 13.8895 35.1429 1.9567 -0.2051 -8.3961 1.9567 -0.2051 -8.3961 -9.8144 -2.8864 24.4396 -9.8144 -2.8864 24.4396 -39.5175 18.3596 -48.4444 37.1992 -12.5551 -36.2030 35.4189 -0.1697 -0.5315 63.5016 38.5345 58.9202 8.3486 5.6722 68.3347 -25.3812 -1.9705 8.7343 55.2882 -61.3591 34.5240 21.2255 59.5308 -12.2330 7.9896 10.3985 11.2979 -0.0000 0.0000 0.0000 -74.1886 -46.3158 -35.8448 106.0676 69.5395 -85.3777 -13.1659 -13.6864 -16.4725 -0.0000 0.0000 0.0000
0.1065 0.5566 -0.3301 -1.2299 15.0142 36.2467 2.3984 -0.3029 -7.9871 2.3984 -0.3029 -7.9871 -10.0467 -3.8913 25.0387 -10.0467 -3.8913 25.0387 -36.5030 17.6419 -50.4002 40.0113 -11.2983 -30.3996 33.8493 0.7068 2.3226 62.4594 39.2733 60.9507 7.5519 5.1891 68.9468 -28.5005 -2.4142 9.4853 59.5310 -63.4513 38.9442 21.2310 62.6066 -13.0040 8.6077 8.2142 12.0074 -0.0000 0.0000 0.0000 -75.2344 -45.9783 -36.2073 102.6575 69.8187 -82.1741 -14.5789 -13.1492 -18.2698 -0.0000 0.0000 0.0000
0.1263 0.5533 -0.3376 -2.8639 15.9827 37.4225 3.0048 -0.4464 -7.6817 3.0048 -0.4464 -7.6817 -10.3572 -4.5897 25.0764 -10.3572 -4.5897 25.0764 -33.4089 16.6338 -51.9437 41.0679 -9.9579 -26.1871 31.8858 1.3299 4.6529 60.7317 39.2919 62.7081 7.0673 4.9250 69.7086 -31.3001 -2.9764 10.5966 64.3949 -64.6466 43.4467 19.4588 65.3390 -12.5486 9.4588 6.0759 13.0264 -0.0000 0.0000 0.0000 -75.6642 -45.8553 -36.3688 99.5380 70.2374 -79.4754 -15.6743 -11.9620 -19.7287 -0.0000 0.0000 0.0000
0.1457 0.5518 -0.3420 -4.5756 16.6480 38.7269 3.7904 -0.6404 -7.5702 3.7904 -0.6404 -7.5702 -10.7588 -4.9862 24.8458 -10.7588 -4.9862 24.8458 -30.6529 15.5118 -52.8508 40.9401 -8.7074 -23.0548 30.3319 1.8880 6.9573 59.4032 38.9377 63.5750 7.4970 5.3033 70.5120 -33.7720 -3.8350 12.5873 69.7268 -65.3349 48.1396 16.5107 67.8611 -11.1497 10.3324 4.0528 14.0643 -0.0000 0.0000 0.0000 -75.1264 -45.6849 -35.9008 95.1981 70.7920 -75.7755 -15.9882 -9.9069 -20.2946 -0.0000 0.0000 0.0000
0.1655 0.5523 -0.3410 -6.2615 17.0936 40.0587 4.6447 -0.8597 -7.5538 4.6447 -0.8597 -7.5538 -11.2220 -5.2501 24.4820 -11.2220 -5.2501 24.4820 -28.5963 14.5437 -53.1921 40.4775 -7.5691 -20.3429 29.5715 2.2218 8.4036 58.5229 38.2607 63.5231 8.5640 6.1762 71.5480 -35.4928 -4.8105 14.9546 75.3298 -66.3467 53.5521 14.3552 70.5125 -10.1742 11.1385 1.9011 14.9825 -0.0000 0.0000 0.0000 -73.2021 -45.1110 -34.2876 89.3317 71.2602 -70.6285 -15.8359 -8.4481 -20.2293 -0.0000 0.0000 0.0000
0.1866 0.5549 -0.3323 -7.7156 17.2700 41.3039 5.3468 -1.0680 -7.5639 5.3468 -1.0680 -7.5639 -11.5831 -5.3844 24.0151 -11.5831 -5.3844 24.0151 -27.7377 13.8893 -52.5176 40.5052 -6.9027 -18.5665 29.1282 2.4755 9.5077 58.3505 37.4419 62.5143 10.2281 7.5564 72.8469 -36.3582 -5.6665 17.1410 80.7634 -68.0153 59.6984 15.2296 73.1454 -11.3292 11.6180 -0.3208 15.4469 -0.0000 0.0000 0.0000 -69.9532 -43.7844 -31.4042 83.0101 71.2189 -64.7277 -15.7804 -8.3891 -20.1640 -0.0000 0.0000 0.0000
0.2091 0.5597 -0.3157 -8.7020 17.1420 42.3733 5.7609 -1.2340 -7.4972 5.7609 -1.2340 -7.4972 -11.7790 -5.3743 23.5445 -11.7790 -5.3743 23.5445 -28.1223 13.4488 -50.4172 41.1138 -6.5493 -17.3493 28.8217 2.4935 9.6824 60.0319 36.6805 59.6945 13.9314 10.5119 73.9551 -36.5320 -6.7689 20.3163 85.1106 -70.5836 66.0364 22.2140 75.4878 -17.2826 11.7688 -2.4604 15.4822 -0.0000 0.0000 0.0000 -65.3447 -41.2919 -27.1689 76.6297 70.6042 -58.4555 -16.0549 -9.6450 -20.4014 -0.0000 0.0000 0.0000
0.2328 0.5670 -0.2920 -9.2829 16.8676 43.2260 5.8907 -1.3575 -7.3057 5.8907 -1.3575 -7.3057 -11.9025 -5.2948 23.1640 -11.9025 -5.2948 23.1640 -29.4012 12.9760 -46.8704 42.3465 -6.0308 -15.4893 28.7467 2.3947 9.3254 63.8773 35.9129 54.9375 20.2632 15.2789 73.7840 -35.5048 -8.2316 25.3350 87.7563 -73.4032 71.2649 32.3952 76.7390 -25.9035 11.7022 -4.4581 15.2494 -0.0000 0.0000 0.0000 -60.2780 -37.8577 -22.5214 69.5348 69.4436 -51.3808 -16.7156 -11.5365 -21.0658 -0.0000 0.0000 0.0000
0.2572 0.5773 -0.2636 -9.5814 16.5631 43.8532 5.8202 -1.4494 -6.9855 5.8202 -1.4494 -6.9855 -11.9769 -5.1315 22.8058 -11.9769 -5.1315 22.8058 -31.0269 12.2137 -42.1575 43.5923 -5.0107 -12.4885 29.3410 2.0427 7.7916 69.1968 34.7727 48.8285 29.4507 21.0824 70.5992 -32.6924 -9.7933 32.5660 87.7703 -75.7894 73.6381 39.7873 76.8997 -32.0616 11.6379 -5.9425 15.0623 -0.0000 0.0000 0.0000 -54.9001 -33.7347 -17.9012 60.6977 67.5509 -42.7699 -17.8232 -13.2512 -22.2924 -0.0000 0.0000 0.0000
0.2821 0.5899 -0.2335 -9.7529 16.2251 44.4180 5.6556 -1.5360 -6.6655 5.6556 -1.5360 -6.6655 -12.0569 -4.8843 22.5592 -12.0569 -4.8843 22.5592 -31.9880 11.2140 -37.8136 43.7522 -3.8566 -9.5865 30.7651 1.6880 6.1302 75.2279 32.9400 41.9845 41.3298 26.0504 63.0446 -27.2875 -10.4952 41.4511 84.5355 -77.1943 71.9212 41.2863 76.5073 -33.0863 11.5804 -6.8514 14.9265 -0.0000 0.0000 0.0000 -49.4032 -29.1371 -13.6343 50.0480 64.5734 -32.8678 -18.7538 -13.7708 -23.3962 -0.0000 0.0000 0.0000
0.3064 0.6032 -0.2057 -9.8398 15.8923 44.9244 5.4632 -1.6260 -6.3999 5.4632 -1.6260 -6.3999 -12.1783 -4.6011 22.4895 -12.1783 -4.6011 22.4895 -32.0583 10.2993 -34.8321 42.9918 -3.2319 -8.1946 32.2466 1.3202 4.5647 80.4004 30.3441 35.5812 52.8055 28.1546 53.5962 -20.6403 -9.5146 49.1235 79.0825 -77.8766 67.4100 39.7594 75.9279 -31.5120 11.5467 -7.4023 14.8466 -0.0000 0.0000 0.0000 -43.7519 -24.0419 -9.7735 38.5061 60.2817 -22.9283 -19.4152 -13.8072 -24.2091 -0.0000 0.0000 0.0000
0.3293 0.6149 -0.1834 -9.9205 15.6215 45.4703 5.2573 -1.6963 -6.1313 5.2573 -1.6963 -6.1313 -12.3665 -4.3708 22.5430 -12.3665 -4.3708 22.5430 -31.1533 9.6205 -33.5956 41.9902 -2.8485 -7.4137 33.0698 0.9324 3.1400 83.5434 27.4366 30.5709 60.2665 27.9529 46.4180 -15.6503 -7.9494 53.6410 72.8799 -77.5871 61.3786 34.2237 75.4150 -26.7758 11.7255 -7.7398 15.0529 -0.0000 0.0000 0.0000 -38.7015 -18.9495 -6.7085 28.7449 55.3506 -15.3082 -19.5553 -13.5266 -24.4092 -0.0000 0.0000 0.0000
0.3503 0.6233 -0.1685 -9.9743 15.4657 46.0817 4.9905 -1.7147 -5.8419 4.9905 -1.7147 -5.8419 -12.4822 -4.2771 22.5685 -12.4822 -4.2771 22.5685 -29.5672 9.1899 -33.8751 41.3187 -2.5792 -6.8334 33.0429 0.6073 2.0471 85.0058 24.7056 26.8802 63.8233 26.9982 42.1635 -13.7304 -7.2673 55.6195 67.5274 -76.1341 55.2704 24.3186 74.9580 -18.7617 12.2576 -7.6591 15.7383 -0.0000 0.0000 0.0000 -35.0466 -14.5982 -4.6319 21.7065 50.9621 -10.4412 -19.2487 -13.3141 -24.0510 -0.0000 0.0000 0.0000
0.3685 0.6273 -0.1605 -10.1695 15.4641 46.7700 4.7383 -1.6789 -5.5478 4.7383 -1.6789 -5.5478 -12.5668 -4.3867 22.5528 -12.5668 -4.3867 22.5528 -27.8432 8.7324 -34.2407 41.2202 -1.7523 -4.6573 32.6048 0.3399 1.1622 85.0369 22.4460 24.4211 63.2935 26.2080 41.3820 -15.0806 -7.9615 55.4641 64.5047 -73.7779 50.6831 11.5581 74.1082 -8.7395 12.8846 -7.4634 16.5534 -0.0000 0.0000 0.0000 -33.3762 -11.9414 -3.5917 17.6903 48.1889 -7.9618 -18.4769 -13.2490 -23.1024 -0.0000 0.0000 0.0000
0.3836 0.6274 -0.1584 -10.5589 15.6137 47.4248 4.5167 -1.5849 -5.2249 4.5167 -1.5849 -5.2249 -12.6141 -4.6535 22.4218 -12.6141 -4.6535 22.4218 -26.1518 8.0543 -33.7258 41.2828 -0.6243 -1.6571 31.9886 0.0134 0.0468 84.0862 20.6031 22.7916 59.5542 25.5692 43.2644 -18.2336 -9.2596 53.5545 63.5313 -71.1487 47.7754 -0.7099 72.7099 0.5225 13.5428 -7.0604 17.4253 -0.0000 0.0000 0.0000 -32.6986 -10.5198 -3.0940 15.1528 46.4552 -6.5342 -17.6616 -13.3506 -22.0833 -0.0000 0.0000 0.0000
0.3958 0.6254 -0.1605 -10.9647 15.7254 47.9372 4.2808 -1.4642 -4.9219 4.2808 -1.4642 -4.9219 -12.5681 -4.9066 22.2478 -12.5681 -4.9066 22.2478 -24.4982 7.1872 -32.2676 41.1516 0.2616 0.6969 31.1737 -0.3184 -1.1414 82.8499 18.9496 21.4201 54.1714 24.4600 45.9383 -20.9291 -10.0351 50.8485 63.2490 -69.2492 46.0701 -8.4919 71.5517 6.1245 13.9111 -6.6531 17.9289 -0.0000 0.0000 0.0000 -32.4038 -9.6594 -2.8128 13.4836 45.2999 -5.6480 -17.0141 -13.6474 -21.2551 -0.0000 0.0000 0.0000
0.4060 0.6229 -0.1652 -11.2314 15.6223 48.3210 4.0552 -1.3638 -4.7078 4.0552 -1.3638 -4.7078 -12.4189 -5.0146 22.0943 -12.4189 -5.0146 22.0943 -22.9380 6.2521 -30.1319 40.8625 0.5912 1.5869 29.7034 -0.6797 -2.5630 81.6791 17.3313 19.9992 49.5564 22.9867 47.5459 -21.7439 -10.0303 49.1123 63.1598 -68.2666 45.2448 -12.3023 71.1674 8.8188 13.9163 -6.3356 17.9612 -0.0000 0.0000 0.0000 -32.1181 -8.7434 -2.5214 12.4588 44.3185 -5.0907 -16.6338 -14.1256 -20.7441 -0.0000 0.0000 0.0000
0.4152 0.6208 -0.1733 -11.3691 15.3863 48.7010 3.8693 -1.2878 -4.5491 3.8693 -1.2878 -4.5491 -12.2776 -5.0332 21.9616 -12.2776 -5.0332 21.9616 -21.2051 5.3891 -28.2253 40.0626 0.6366 1.7460 27.7520 -0.9171 -3.7114 80.6163 15.6948 18.4567 46.7303 21.5275 47.5029 -20.7987 -9.6507 49.4034 63.0473 -67.5335 44.5970 -14.9229 70.9588 10.6659 13.7946 -6.0623 17.8271 -0.0000 0.0000 0.0000 -31.9577 -7.7936 -2.2348 11.6116 43.3099 -4.6236 -16.2022 -14.5073 -20.1792 -0.0000 0.0000 0.0000
0.4237 0.6190 -0.1837 -11.3841 15.0914 49.0911 3.7099 -1.2320 -4.4335 3.7099 -1.2320 -4.4335 -12.1004 -5.0461 21.8436 -12.1004 -5.0461 21.8436 -19.3471 4.7437 -27.3157 39.0753 0.4710 1.3273 25.4874 -0.9666 -4.2721 79.5548 14.1838 16.9994 45.2775 20.4008 46.6750 -19.8595 -9.4334 50.4699 62.8580 -66.4266 43.6121 -18.0732 70.3824 12.7984 13.7171 -5.7721 17.7511 -0.0000 0.0000 0.0000 -32.1660 -7.0140 -2.0245 10.7759 42.3049 -4.1799 -15.6461 -14.6665 -19.4791 -0.0000 0.0000 0.0000
0.4317 0.6174 -0.1957 -11.4315 14.7812 49.4868 3.6575 -1.1965 -4.3857 3.6575 -1.1965 -4.3857 -11.9432 -5.1050 21.7442 -11.9432 -5.1050 21.7442 -17.8701 4.2945 -26.8266 38.3193 0.2765 0.7958 23.2441 -0.9045 -4.3959 78.2072 12.9599 15.9104 43.7714 19.5904 46.5135 -20.0170 -9.5202 50.5203 62.8571 -65.1165 42.6294 -21.2141 69.6220 14.8376 13.7084 -5.6426 17.7503 -0.0000 0.0000 0.0000 -32.6191 -6.4697 -1.8949 9.6820 41.1606 -3.6429 -14.9351 -14.6348 -18.6019 -0.0000 0.0000 0.0000
0.4390 0.6156 -0.2082 -11.5591 14.5278 49.8246 3.7135 -1.1739 -4.4123 3.7135 -1.1739 -4.4123 -11.8363 -5.2181 21.6869 -11.8363 -5.2181 21.6869 -16.7978 3.9878 -26.5351 38.0045 0.0686 0.1992 21.2341 -0.8052 -4.2934 76.6729 12.0870 15.2511 41.8466 19.0260 47.3360 -21.4025 -9.8692 49.1094 63.0706 -63.7708 41.7882 -24.1247 68.7627 16.6374 13.7679 -5.7641 17.8169 -0.0000 0.0000 0.0000 -33.1996 -6.1500 -1.8350 8.2670 39.8206 -2.9988 -14.1122 -14.5511 -17.5887 -0.0000 0.0000 0.0000
0.4452 0.6134 -0.2191 -11.7309 14.2880 50.0754 3.8182 -1.1489 -4.4785 3.8182 -1.1489 -4.4785 -11.7345 -5.3537 21.6921 -11.7345 -5.3537 21.6921 -16.0726 3.7575 -26.1593 38.0883 -0.1204 -0.3487 19.6500 -0.7302 -4.2144 74.9827 11.6036 15.0909 38.9223 18.3931 49.2331 -23.9495 -10.2741 45.9403 63.3075 -62.8268 41.2637 -25.9916 68.2573 17.7809 13.7726 -6.0887 17.7967 -0.0000 0.0000 0.0000 -33.7927 -5.9441 -1.8070 6.8072 38.4167 -2.3741 -13.2544 -14.5819 -16.5230 -0.0000 0.0000 0.0000
0.4501 0.6109 -0.2267 -11.9306 14.0569 50.3097 3.9367 -1.1186 -4.5582 3.9367 -1.1186 -4.5582 -11.6442 -5.4914 21.7284 -11.6442 -5.4914 21.7284 -15.5044 3.5772 -25.8385 38.3730 -0.2332 -0.6700 18.3482 -0.7150 -4.4252 73.2725 11.3896 15.2753 35.6198 17.5663 51.3701 -27.0989 -10.5243 41.8311 63.7578 -61.9114 40.9152 -27.9238 67.6055 18.9011 13.7988 -6.5161 17.7960 -0.0000 0.0000 0.0000 -34.2657 -5.7279 -1.7671 5.7489 37.2140 -1.9369 -12.5284 -14.6554 -15.6175 -0.0000 0.0000 0.0000
0.4535 0.6079 -0.2303 -12.1489 13.8406 50.5787 4.0738 -1.0920 -4.6363 4.0738 -1.0920 -4.6363 -11.5807 -5.6464 21.7775 -11.5807 -5.6464 21.7775 -14.9270 3.4168 -25.6521 38.4727 -0.2246 -0.6435 17.2097 -0.7110 -4.6959 71.9337 11.1747 15.3558 33.3786 16.8455 52.5686 -29.9500 -10.6112 38.2927 64.3805 -60.8825 40.6022 -30.0700 66.5442 19.9917 13.9002 -6.8443 17.8995 -0.0000 0.0000 0.0000 -34.6590 -5.5931 -1.7465 4.9711 36.3381 -1.6324 -11.9073 -14.8487 -14.8350 -0.0000 0.0000 0.0000
0.4557 0.6047 -0.2311 -12.3335 13.6197 50.8965 4.1924 -1.0555 -4.6378 4.1924 -1.0555 -4.6378 -11.4976 -5.8208 21.7911 -11.4976 -5.8208 21.7911 -14.2960 3.2836 -25.7480 38.1837 0.0026 0.0075 16.3150 -0.7401 -5.1597 70.4424 11.0404 15.5902 30.8754 15.9893 53.9136 -33.1991 -10.3613 33.8336 65.0505 -59.3878 39.9667 -32.5783 64.8189 21.0193 14.0764 -7.0805 18.1057 -0.0000 0.0000 0.0000 -34.9650 -5.4297 -1.7113 4.2452 35.6139 -1.3641 -11.4153 -15.0490 -14.2130 -0.0000 0.0000 0.0000
0.4574 0.6014 -0.2315 -12.4753 13.3992 51.2187 4.2810 -1.0030 -4.5409 4.2810 -1.0030 -4.5409 -11.3852 -5.9972 21.7236 -11.3852 -5.9972 21.7236 -13.7451 3.1815 -25.9501 37.6231 0.3029 0.8892 15.7294 -0.7847 -5.6762 68.6130 11.0220 16.0970 27.5953 14.7345 55.5331 -36.1641 -9.4492 28.4095 65.6417 -57.3265 38.8426 -35.1697 62.4378 21.7460 14.3411 -7.3082 18.4253 -0.0000 0.0000 0.0000 -35.1820 -5.1873 -1.6456 3.4109 34.8807 -1.0718 -11.0327 -15.4572 -13.7160 -0.0000 0.0000 0.0000
0.4590 0.5981 -0.2303 -12.5307 13.1898 51.4996 4.3319 -0.9400 -4.3605 4.3319 -0.9400 -4.3605 -11.2536 -6.1511 21.5890 -11.2536 -6.1511 21.5890 -13.1918 3.0867 -26.2325 36.7938 0.5694 1.7119 15.5059 -0.8343 -6.1226 66.6320 11.0412 16.7306 24.3574 13.2908 56.7236 -38.2400 -8.1298 23.1693 65.9953 -54.8121 37.2144 -37.5764 59.5470 22.0269 14.6848 -7.5981 18.8395 -0.0000 0.0000 0.0000 -35.3674 -4.8465 -1.5460 2.5677 34.1314 -0.7884 -10.7697 -16.0791 -13.3573 -0.0000 0.0000 0.0000
0.4606 0.5952 -0.2276 -12.5253 12.9896 51.7237 4.3599 -0.8724 -4.1391 4.3599 -0.8724 -4.1391 -11.1184 -6.2776 21.4104 -11.1184 -6.2776 21.4104 -12.6181 2.9919 -26.5798 35.8783 0.7308 2.2570 15.5432 -0.8817 -6.4536 64.6788 11.0699 17.4037 21.4435 11.8163 57.3165 -39.2123 -6.7272 18.7385 66.0871 -52.5069 35.5760 -39.3536 56.8441 21.9060 15.0312 -8.0389 19.2434 -0.0000 0.0000 0.0000 -35.4727 -4.3982 -1.4073 1.7217 33.3357 -0.5155 -10.4726 -16.8365 -12.9514 -0.0000 0.0000 0.0000
0.4624 0.5928 -0.2236 -12.4792 12.8076 51.9290 4.3677 -0.7990 -3.8946 4.3677 -0.7990 -3.8946 -11.0041 -6.3620 21.1903 -11.0041 -6.3620 21.1903 -12.0918 2.9189 -27.0511 35.1176 0.8203 2.5918 15.5971 -0.9071 -6.6158 62.8393 11.1167 18.1033 19.1629 10.5246 57.2356 -39.6833 -5.5079 15.1862 65.9868 -50.3939 33.9726 -40.5133 54.4818 21.5159 15.3509 -8.5888 19.6025 -0.0000 0.0000 0.0000 -35.5188 -3.8437 -1.2315 1.0675 32.5789 -0.3120 -10.1482 -17.4542 -12.5212 -0.0000 0.0000 0.0000
0.4644 0.5912 -0.2185 -12.4236 12.6748 52.1682 4.3689 -0.7247 -3.6429 4.3689 -0.7247 -3.6429 -10.9334 -6.4163 20.9313 -10.9334 -6.4163 20.9313 -11.6826 2.8700 -27.5181 34.4353 0.9010 2.9069 15.7158 -0.9155 -6.6263 61.5789 11.0930 18.5120 18.2527 9.9205 56.7607 -40.0515 -4.8095 13.1454 65.7661 -48.4714 32.4539 -41.0701 52.5685 20.9626 15.5835 -9.0514 19.8575 -0.0000 0.0000 0.0000 -35.5177 -3.2301 -1.0348 0.6836 31.9374 -0.1956 -9.8534 -17.9821 -12.1337 -0.0000 0.0000 0.0000
0.4665 0.5901 -0.2124 -12.3847 12.5945 52.4757 4.3875 -0.6536 -3.3986 4.3875 -0.6536 -3.3986 -10.9013 -6.4627 20.6155 -10.9013 -6.4627 20.6155 -11.4234 2.8624 -28.0501 33.9684 0.9844 3.2224 15.8455 -0.9159 -6.5740 59.9633 11.1712 19.2421 15.7380 8.4832 56.4374 -39.8400 -3.6989 10.1837 65.5208 -46.7320 31.0724 -41.1677 51.1340 20.3713 15.6205 -9.4735 19.8681 -0.0000 0.0000 0.0000 -35.5087 -2.6236 -0.8402 0.3129 31.2352 -0.0875 -9.6174 -18.2124 -11.8334 -0.0000 0.0000 0.0000
0.4686 0.5896 -0.2053 -12.2965 12.5483 52.7948 4.3883 -0.5939 -3.1900 4.3883 -0.5939 -3.1900 -10.8593 -6.4581 20.2339 -10.8593 -6.4581 20.2339 -11.2673 2.8820 -28.6128 33.7463 1.0358 3.4139 16.0113 -0.9000 -6.3926 58.1161 11.3096 20.2087 12.1924 6.4414 55.5668 -38.9443 -2.4135 6.8191 65.2270 -45.2179 29.8413 -41.0765 50.1100 19.8679 15.4203 -10.1854 19.5561 -0.0000 0.0000 0.0000 -35.5647 -2.0501 -0.6576 0.2433 30.7490 -0.0669 -9.5207 -18.4853 -11.7024 -0.0000 0.0000 0.0000
0.4706 0.5895 -0.1975 -12.1929 12.5727 53.0673 4.3983 -0.5695 -3.1782 4.3983 -0.5695 -3.1782 -10.8395 -6.4240 19.9233 -10.8395 -6.4240 19.9233 -11.0484 2.8792 -29.1323 33.7360 1.0776 3.5530 16.2016 -0.8722 -6.1218 56.5300 11.5469 21.3006 9.0155 4.5820 53.8115 -37.5131 -1.4493 4.2663 64.9434 -44.1087 28.9138 -41.0910 49.3926 19.5583 15.1894 -11.0733 19.1934 -0.0000 0.0000 0.0000 -35.5789 -1.4750 -0.4733 0.4634 30.4399 -0.1261 -9.7494 -18.9655 -11.9609 -0.0000 0.0000 0.0000
0.4720 0.5898 -0.1897 -12.1930 12.7443 53.2959 4.4193 -0.5736 -3.4286 4.4193 -0.5736 -3.4286 -10.8693 -6.4242 19.7453 -10.8693 -6.4242 19.7453 -10.5421 2.8040 -29.7149 34.0383 1.1052 3.6096 16.1616 -0.8472 -5.9621 55.5863 11.9406 22.4449 7.1925 3.4861 51.6726 -36.2021 -0.9505 2.9073 64.8010 -43.3105 28.2856 -41.5473 48.5884 19.4332 15.0157 -12.1591 18.8901 -0.0000 0.0000 0.0000 -35.3273 -0.8450 -0.2691 0.7800 30.1476 -0.2101 -10.4520 -19.6271 -12.7887 -0.0000 0.0000 0.0000
0.4733 0.5905 -0.1886 -12.2459 13.0216 53.4071 4.4819 -0.6073 -4.0481 4.4819 -0.6073 -4.0481 -10.9616 -6.5326 19.9076 -10.9616 -6.5326 19.9076 -9.8976 2.6578 -29.9953 34.7767 1.2513 3.9943 16.0961 -0.8222 -5.8100 55.4469 12.6605 23.8393 7.3361 3.3594 49.1622 -35.2834 -0.8783 2.7612 64.5067 -43.4012 28.1940 -41.7446 48.5106 19.4976 14.8674 -13.3178 18.6163 -0.0000 0.0000 0.0000 -34.9293 -0.0499 -0.0157 1.3610 29.6897 -0.3608 -11.5493 -20.2636 -14.0934 -0.0000 0.0000 0.0000
0.4743 0.5922 -0.1898 -12.3797 13.4425 53.2429 4.6278 -0.6510 -5.0378 4.6278 -0.6510 -5.0378 -11.1131 -6.7641 20.3097 -11.1131 -6.7641 20.3097 -9.2298 2.4405 -29.5654 36.1112 1.5326 4.6991 15.9808 -0.7969 -5.6723 56.0726 13.7458 25.5074 9.2409 3.9874 46.6057 -34.4141 -1.2275 3.9622 63.8251 -45.7922 29.4712 -40.3506 51.0992 19.9248 14.4895 -14.6031 18.0526 -0.0000 0.0000 0.0000 -34.3226 0.8757 0.2704 2.4549 29.1106 -0.6375 -13.0426 -21.0673 -15.8612 -0.0000 0.0000 0.0000
0.4741 0.5949 -0.1868 -12.5268 13.9549 52.6977 4.8600 -0.6789 -6.1945 4.8600 -0.6789 -6.1945 -11.2596 -6.9198 20.4918 -11.2596 -6.9198 20.4918 -8.8000 2.1917 -27.9215 37.9151 2.0164 5.8657 15.9530 -0.7963 -5.6780 56.6762 15.0884 27.5944 10.4106 4.1700 43.5654 -32.6325 -1.4432 4.9275 62.5246 -50.9266 32.2490 -36.1493 57.0741 20.1273 13.8688 -15.9424 17.1922 -0.0000 0.0000 0.0000 -33.8723 1.7051 0.5193 3.6755 28.0892 -0.9198 -14.3157 -21.5384 -17.3722 -0.0000 0.0000 0.0000
0.4723 0.5988 -0.1764 -12.5546 14.5521 51.5660 5.1641 -0.6916 -7.4184 5.1641 -0.6916 -7.4184 -11.4090 -6.4005 19.7313 -11.4090 -6.4005 19.7313 -8.8909 1.9999 -25.3068 40.9763 2.6530 7.0926 15.8349 -0.7881 -5.6626 57.0877 16.4692 29.7971 11.1366 4.0985 40.3083 -30.1707 -1.4874 5.5141 60.0136 -59.8392 36.7680 -24.6842 67.2599 16.5612 12.6285 -17.4861 15.5679 -0.0000 0.0000 0.0000 -33.8514 2.1042 0.6404 5.5922 27.2658 -1.3573 -14.9755 -21.9476 -18.1416 -0.0000 0.0000 0.0000
0.4682 0.6039 -0.1581 -12.4038 15.2702 49.7085 5.5134 -0.7087 -8.6617 5.5134 -0.7087 -8.6617 -11.4073 -4.7905 17.5128 -11.4073 -4.7905 17.5128 -8.9717 1.8712 -23.5173 46.1981 3.4668 8.1170 14.6269 -0.6638 -5.1688 57.4143 17.7123 31.7633 11.2779 3.8122 37.2534 -26.3989 -1.4097 6.0054 55.1842 -71.1768 41.0109 11.9842 77.5504 -9.6394 10.9448 -18.6824 13.4377 -0.0000 0.0000 0.0000 -34.2871 1.9619 0.6052 8.5016 27.0155 -2.0458 -15.0007 -22.6887 -18.1235 -0.0000 0.0000 0.0000
0.4617 0.6099 -0.1365 -12.0731 16.1068 47.2798 5.7832 -0.7157 -9.6952 5.7832 -0.7157 -9.6952 -10.7862 -2.4444 14.1662 -10.7862 -2.4444 14.1662 -8.6897 1.8292 -23.7326 54.2562 4.0448 7.8855 11.4753 -0.3858 -3.8381 57.6245 18.6964 33.3240 10.6176 3.2886 34.3347 -21.9304 -1.2364 6.3748 47.0618 -80.1565 40.2460 69.8953 77.6416 -58.6986 9.3947 -18.7629 11.5357 -0.0000 0.0000 0.0000 -34.7499 1.5616 0.4887 11.8464 27.2346 -2.8794 -14.5671 -23.7045 -17.5385 -0.0000 0.0000 0.0000
0.4526 0.6162 -0.1190 -11.5789 16.8658 44.5889 5.9249 -0.7102 -10.4290 5.9249 -0.7102 -10.4290 -9.6799 -0.5049 11.1379 -9.6799 -0.5049 11.1379 -7.7657 1.8379 -26.5927 64.1064 3.0755 4.9099 6.8730 -0.0413 -0.6884 57.7300 19.4628 34.5634 9.1623 2.5607 31.1710 -17.6324 -1.0950 7.0513 37.8545 -84.7524 34.7453 92.1956 74.2758 -76.4002 8.3298 -17.1186 10.2957 -0.0000 0.0000 0.0000 -36.1043 0.2491 0.0812 15.1287 27.7764 -3.7612 -13.3257 -23.8713 -16.0408 -0.0000 0.0000 0.0000
0.4406 0.6216 -0.1133 -11.0530 17.4265 42.0252 6.0643 -0.7307 -11.1727 6.0643 -0.7307 -11.1727 -8.6610 0.5817 9.1796 -8.6610 0.5817 9.1796 -6.0204 1.7450 -32.3017 73.2377 -0.4686 -0.6306 3.6363 0.1380 4.3451 57.8097 19.9760 35.3812 7.3190 1.7786 27.2846 -14.0448 -1.0140 8.2175 39.3639 -85.6450 36.6798 97.8986 73.2199 -80.9365 6.9057 -14.9921 8.6101 -0.0000 0.0000 0.0000 -38.5673 -2.2611 -0.7912 19.0720 29.1133 -4.9956 -11.9213 -23.5440 -14.3728 -0.0000 0.0000 0.0000
0.4262 0.6252 -0.1239 -10.4762 17.5923 39.7844 6.2481 -0.8316 -12.1815 6.2481 -0.8316 -12.1815 -8.1390 1.1200 8.4414 -8.1390 1.1200 8.4414 -4.7260 1.6354 -38.1588 80.6400 -5.1614 -6.0802 2.2005 0.1738 9.0323 58.0200 20.0720 35.3999 5.4065 1.1042 23.0698 -11.3785 -0.9692 9.7057 47.0496 -83.1445 42.2256 93.7288 74.5523 -78.1780 5.4584 -13.0594 6.8611 -0.0000 0.0000 0.0000 -42.1166 -6.1327 -2.3632 23.3282 31.2968 -6.6190 -10.5035 -22.6850 -12.7073 -0.0000 0.0000 0.0000
0.4093 0.6270 -0.1416 -9.9715 17.4850 37.9562 6.5260 -0.9697 -13.5052 6.5260 -0.9697 -13.5052 -7.6197 1.6215 7.9415 -7.6197 1.6215 7.9415 -4.7383 1.8601 -42.8484 87.0581 -11.7366 -12.3505 2.3186 0.2672 13.1451 58.0074 19.7067 34.7911 3.6765 0.6085 18.7880 -9.7538 -0.9804 11.4527 49.3240 -79.0474 41.4943 82.7141 76.2082 -69.2374 3.8225 -12.1149 4.8249 -0.0000 0.0000 0.0000 -45.8737 -10.6049 -4.4983 27.7330 34.1108 -8.6617 -9.4138 -21.8417 -11.4270 -0.0000 0.0000 0.0000
0.3902 0.6268 -0.1572 -9.3780 17.2521 36.0617 6.7913 -1.1599 -15.0685 6.7913 -1.1599 -15.0685 -6.5852 2.2118 6.9240 -6.5852 2.2118 6.9240 -5.7839 2.5362 -47.3244 90.5462 -19.8532 -19.6685 5.2626 0.6379 13.8128 57.8075 18.8659 33.4947 1.5916 0.2108 15.0873 -8.4148 -0.9448 12.7904 48.9778 -74.6594 38.3109 68.9971 76.4514 -56.8540 2.1254 -11.7301 2.6874 -0.0000 0.0000 0.0000 -49.2963 -14.9964 -6.9123 32.9533 37.7649 -11.5532 -8.7890 -21.6065 -10.6793 -0.0000 0.0000 0.0000
0.3690 0.6246 -0.1657 -8.6782 17.0837 33.8785 6.9661 -1.3516 -16.5390 6.9661 -1.3516 -16.5390 -4.7083 2.6274 4.7222 -4.7083 2.6274 4.7222 -7.4599 3.6494 -52.0870 89.1347 -28.5949 -29.0118 8.6491 0.8329 10.9811 56.8796 17.8035 32.2592 -1.1613 -0.1260 12.3840 -7.0589 -0.8318 13.4240 48.6310 -69.9754 35.0980 55.1670 75.3358 -43.9290 0.7001 -11.3326 0.8868 -0.0000 0.0000 0.0000 -51.6131 -18.5507 -9.0308 38.5717 41.5903 -15.1391 -8.7637 -22.0943 -10.6296 -0.0000 0.0000 0.0000
0.3452 0.6205 -0.1638 -7.8455 16.9101 31.2812 7.0575 -1.5456 -17.7706 7.0575 -1.5456 -17.7706 -1.5154 2.5025 0.3197 -1.5154 2.5025 0.3197 -9.0528 5.0405 -58.1472 81.8555 -34.0901 -38.9464 10.2346 0.4816 5.3739 55.6666 16.6821 31.0390 -4.0120 -0.3914 11.1401 -5.9944 -0.7246 13.7721 48.7189 -64.3674 31.8090 39.7219 72.9113 -29.8835 0.1093 -9.9051 0.1393 -0.0000 0.0000 0.0000 -53.2656 -21.7239 -10.9927 43.6705 44.9514 -18.8247 -9.1512 -22.1426 -11.0966 -0.0000 0.0000 0.0000
0.3183 0.6147 -0.1542 -7.0002 16.7506 28.5307 7.1174 -1.6876 -18.6620 7.1174 -1.6876 -18.6620 1.9412 1.2058 -5.4685 1.9412 1.2058 -5.4685 -9.6983 6.2733 -65.7204 71.6525 -34.8897 -47.0455 9.6622 -0.0170 -0.2010 54.4314 15.6752 29.9690 -6.9089 -0.6657 10.9948 -4.6957 -0.5751 13.9565 48.9350 -57.7078 28.1500 25.6224 68.7694 -17.6903 0.3058 -7.9952 0.3931 -0.0000 0.0000 0.0000 -54.8833 -25.1178 -13.1974 49.7629 48.7375 -23.7283 -9.8292 -22.2968 -11.9103 -0.0000 0.0000 0.0000
0.2887 0.6075 -0.1428 -6.0483 16.2196 25.7680 7.1383 -1.8309 -19.6561 7.1383 -1.8309 -19.6561 4.3388 -0.8890 -11.0853 4.3388 -0.8890 -11.0853 -10.5872 7.8078 -72.7446 63.1324 -32.8837 -51.3126 8.5360 -0.2180 -2.9203 52.8039 14.7923 29.3068 -8.3504 -0.8849 12.0768 -4.0444 -0.4829 13.6112 48.5354 -50.0779 23.7857 15.6834 62.6138 -9.5759 1.0821 -5.1073 1.4092 -0.0000 0.0000 0.0000 -56.3260 -28.7850 -15.6450 57.2009 52.9715 -30.3976 -10.5664 -22.5879 -12.7878 -0.0000 0.0000 0.0000
0.2571 0.5995 -0.1339 -5.1333 15.2657 23.3802 7.0969 -1.9097 -20.7056 7.0969 -1.9097 -20.7056 5.0678 -2.3537 -14.3797 5.0678 -2.3537 -14.3797 -12.4742 10.0176 -77.4545 56.7655 -30.2241 -53.1118 9.4092 -0.3165 -3.8448 50.6882 14.1141 29.2955 -8.6458 -1.0198 13.4290 -4.4174 -0.5105 13.1774 47.7404 -42.8247 19.6891 11.4846 55.6292 -6.0736 1.3335 -2.0055 1.7627 -0.0000 0.0000 0.0000 -57.2102 -32.1571 -17.8654 65.9933 56.7074 -38.6220 -11.4990 -23.1011 -13.8873 -0.0000 0.0000 0.0000
0.2254 0.5918 -0.1278 -4.1730 13.7820 21.3534 6.8733 -1.9087 -21.7241 6.8733 -1.9087 -21.7241 5.0683 -2.9807 -16.0112 5.0683 -2.9807 -16.0112 -15.5330 13.0400 -79.9244 51.8033 -28.1945 -54.6912 10.4427 -0.4575 -5.0033 48.5041 13.6115 29.6749 -8.5447 -1.1008 14.6548 -6.0513 -0.6769 12.7538 46.5836 -36.6846 16.2455 11.4433 49.0293 -5.2323 0.9722 1.2976 1.3069 -0.0000 0.0000 0.0000 -57.3554 -35.0670 -19.6092 75.9139 59.5173 -48.0744 -12.8192 -23.6561 -15.4452 -0.0000 0.0000 0.0000
0.1977 0.5860 -0.1240 -3.3058 12.1746 19.8266 6.5582 -1.7728 -22.5756 6.5582 -1.7728 -22.5756 4.9215 -3.3182 -16.8701 4.9215 -3.3182 -16.8701 -18.9305 16.0955 -80.6011 47.6866 -26.6874 -56.4446 11.7178 -0.6444 -6.2737 45.6024 13.2770 30.9499 -8.5050 -1.1475 15.3412 -8.4364 -0.9001 12.1584 45.4148 -32.0736 13.7175 12.9873 43.8643 -5.2481 0.3820 3.7719 0.5204 -0.0000 0.0000 0.0000 -56.7927 -37.4963 -20.7956 85.3210 61.1578 -57.1378 -14.1129 -24.1900 -16.9650 -0.0000 0.0000 0.0000
0.1751 0.5830 -0.1208 -2.5313 10.8824 18.5026 6.1971 -1.5614 -23.2461 6.1971 -1.5614 -23.2461 4.9790 -3.5621 -17.4215 4.9790 -3.5621 -17.4215 -21.4747 18.3217 -80.7572 45.1390 -25.4348 -57.0015 11.8580 -0.7611 -7.3185 42.2969 12.9485 32.6983 -8.9952 -1.2412 15.6813 -10.3966 -1.0576 11.5860 44.2424 -28.7777 11.9071 14.4893 40.3490 -5.3484 0.1191 5.2159 0.1636 -0.0000 0.0000 0.0000 -55.3970 -39.4059 -21.2947 91.5855 61.9972 -63.4063 -15.2504 -24.4878 -18.3062 -0.0000 0.0000 0.0000
0.1573 0.5823 -0.1174 -1.8876 10.3608 17.2859 5.8815 -1.3014 -23.4379 5.8815 -1.3014 -23.4379 5.2980 -4.0095 -18.0079 5.2980 -4.0095 -18.0079 -22.7920 19.6292 -81.2761 43.3957 -24.4010 -57.0383 11.2892 -0.7886 -7.9663 38.7265 12.5341 34.7066 -10.4172 -1.4336 15.6297 -10.8833 -1.0986 11.4938 43.1778 -26.5035 10.6479 15.0196 38.4719 -5.2675 0.3936 5.5933 0.5416 -0.0000 0.0000 0.0000 -53.5913 -41.1511 -21.4702 95.5169 62.8958 -67.9177 -16.1660 -24.9364 -19.3687 -0.0000 0.0000 0.0000
0.1435 0.5844 -0.1110 -1.3197 10.6156 16.0195 5.6644 -1.0806 -23.4373 5.6644 -1.0806 -23.4373 5.7477 -4.7359 -18.4680 5.7477 -4.7359 -18.4680 -22.9458 20.2911 -82.8048 42.7476 -23.3855 -55.7404 9.7685 -0.6545 -7.6477 34.8694 11.9943 36.9918 -12.1748 -1.6652 15.5201 -10.5822 -1.0579 11.3854 42.1924 -24.5185 9.5837 14.4712 37.7725 -4.9741 1.1934 5.1534 1.6382 -0.0000 0.0000 0.0000 -51.3351 -42.4969 -21.1694 96.9388 63.9968 -70.4047 -17.1423 -25.8372 -20.4670 -0.0000 0.0000 0.0000
0.1322 0.5903 -0.1001 -0.7688 11.4197 14.7873 5.5117 -0.9317 -23.3246 5.5117 -0.9317 -23.3246 6.1837 -5.5603 -18.7080 6.1837 -5.5603 -18.7080 -22.7186 20.5866 -84.2273 41.7268 -22.2955 -54.6811 8.4231 -0.5082 -6.8929 30.7014 11.1798 39.2445 -13.8575 -1.8954 15.5033 -10.1307 -1.0066 11.3197 40.8953 -23.1974 8.7521 13.9440 37.9158 -4.8108 2.1415 3.8001 2.9173 -0.0000 0.0000 0.0000 -48.9132 -43.5553 -20.5972 96.5162 65.1058 -71.1626 -18.7065 -27.1842 -22.2190 -0.0000 0.0000 0.0000
0.1218 0.6007 -0.0846 -0.1344 12.2367 13.6826 5.3300 -0.8473 -23.1862 5.3300 -0.8473 -23.1862 6.4630 -6.2926 -18.8190 6.4630 -6.2926 -18.8190 -22.9369 20.9704 -84.7440 39.6471 -21.2939 -55.0840 7.2994 -0.3755 -5.8823 26.8824 10.1834 40.8929 -15.3491 -2.1334 15.7345 -10.2183 -0.9979 11.1261 39.0242 -22.5692 8.0891 14.1057 38.6016 -4.9620 3.1863 2.1335 4.3013 -0.0000 0.0000 0.0000 -46.1692 -43.7608 -19.4263 93.6835 65.9623 -69.3712 -20.9132 -28.5711 -24.7028 -0.0000 0.0000 0.0000
0.1117 0.6172 -0.0625 0.5984 12.9231 12.6076 5.1003 -0.7962 -22.9744 5.1003 -0.7962 -22.9744 6.6109 -6.8197 -18.8083 6.6109 -6.8197 -18.8083 -23.6452 21.4547 -84.2931 36.5155 -20.0833 -56.4500 7.0120 -0.3000 -4.8941 23.3213 9.0319 41.8848 -16.5303 -2.3463 16.0484 -10.3291 -0.9692 10.6929 36.7332 -21.5648 7.2358 14.0696 38.6606 -4.9573 4.5623 0.7314 6.1124 -0.0000 0.0000 0.0000 -42.4277 -42.0121 -16.9545 84.5339 66.0455 -61.1444 -23.0071 -29.1547 -27.0990 -0.0000 0.0000 0.0000
0.1016 0.6390 -0.0334 1.4450 13.3171 11.4667 4.7071 -0.7465 -22.6524 4.7071 -0.7465 -22.6524 6.6981 -7.0837 -18.7983 6.6981 -7.0837 -18.7983 -24.9881 22.1961 -83.0331 32.1177 -18.4084 -58.7517 7.3122 -0.2462 -3.8519 20.2301 7.8934 42.2861 -17.5986 -2.5255 16.2089 -10.1878 -0.9055 10.1321 33.6199 -20.8260 6.3554 14.3947 39.3554 -5.1715 6.2615 -0.5169 8.3324 -0.0000 0.0000 0.0000 -37.8816 -38.7369 -13.7576 71.2713 64.9607 -49.0593 -24.8759 -28.7305 -29.3147 -0.0000 0.0000 0.0000
0.0925 0.6635 -0.0003 2.4120 13.3149 10.1601 4.1280 -0.6592 -22.1822 4.1280 -0.6592 -22.1822 6.7255 -7.1219 -18.8246 6.7255 -7.1219 -18.8246 -26.9137 23.2512 -81.3782 26.8520 -16.0257 -61.0558 8.5331 -0.2263 -3.0324 17.6606 6.9053 42.4492 -18.6943 -2.6281 15.8669 -9.8492 -0.8535 9.8812 29.5928 -22.1356 5.9155 16.0060 42.8445 -6.3146 7.8794 -1.5864 10.4250 -0.0000 0.0000 0.0000 -32.8972 -33.9084 -10.2861 56.0629 62.0309 -35.4999 -26.2381 -27.2623 -31.0474 -0.0000 0.0000 0.0000
0.0832 0.6871 0.0314 3.3989 12.9644 8.7048 3.4138 -0.5255 -21.4807 3.4138 -0.5255 -21.4807 6.6887 -6.9255 -18.8410 6.6887 -6.9255 -18.8410 -29.4490 24.8277 -79.8977 21.5794 -13.1109 -62.1801 10.8056 -0.3225 -3.4084 15.8674 6.2033 42.4947 -20.0429 -2.6958 15.1691 -9.2741 -0.7925 9.7480 24.7036 -26.8560 5.9857 19.6323 50.7747 -9.3879 9.5363 -2.0924 12.5788 -0.0000 0.0000 0.0000 -27.8595 -27.3148 -6.8978 41.8423 56.9557 -23.4311 -27.1810 -25.1852 -32.3691 -0.0000 0.0000 0.0000
0.0733 0.7051 0.0560 4.3424 12.0601 7.3105 2.5750 -0.3099 -20.6829 2.5750 -0.3099 -20.6829 6.5364 -6.4485 -18.8076 6.5364 -6.4485 -18.8076 -33.1219 27.2381 -78.3416 15.0432 -9.2035 -62.7328 13.8869 -0.6933 -5.6882 14.6279 5.7229 42.5550 -22.1645 -2.8225 14.3377 -8.8528 -0.7421 9.5646 18.5205 -35.6484 6.0018 30.3388 63.6496 -19.1027 10.6150 -2.1176 13.9943 -0.0000 0.0000 0.0000 -23.9846 -22.2016 -4.7731 32.4727 53.2236 -16.6023 -27.0787 -21.1710 -32.6974 -0.0000 0.0000 0.0000
0.0635 0.7152 0.0707 5.0911 10.6750 6.1495 1.7302 -0.0298 -19.9323 1.7302 -0.0298 -19.9323 6.2534 -5.7287 -18.6372 6.2534 -5.7287 -18.6372 -38.4923 30.5515 -76.0683 7.5123 -4.5745 -62.6319 16.2249 -1.4189 -9.9296 13.8376 5.4329 42.7108 -25.1150 -3.0288 13.5371 -8.8123 -0.6999 9.0640 11.3738 -46.0303 4.8445 64.9756 76.0259 -52.9220 10.9326 -0.1606 14.5517 -0.0000 0.0000 0.0000 -21.3798 -20.3682 -3.8844 27.1560 53.4368 -13.8627 -25.9678 -16.9593 -31.8608 -0.0000 0.0000 0.0000
0.0541 0.7172 0.0757 5.7092 9.0789 5.0683 0.9446 0.2448 -19.2870 0.9446 0.2448 -19.2870 5.8535 -4.8852 -18.2718 5.8535 -4.8852 -18.2718 -45.9013 34.1796 -71.9618 -0.3367 0.2006 -61.5799 16.1801 -2.1712 -15.1872 13.3209 5.2569 42.9224 -28.5080 -3.3520 13.1404 -9.3338 -0.6832 8.3543 4.6481 -53.1565 2.3263 122.8446 76.7501 -110.9540 9.8805 4.6204 13.4940 -0.0000 0.0000 0.0000 -19.4770 -20.7885 -3.6063 23.6353 56.5392 -12.8395 -23.7849 -12.0912 -29.7812 -0.0000 0.0000 0.0000
0.0458 0.7142 0.0775 6.3332 7.5071 4.0653 0.1846 0.4749 -18.6991 0.1846 0.4749 -18.6991 5.4481 -4.0609 -17.9065 5.4481 -4.0609 -17.9065 -54.6143 37.1470 -66.1148 -7.7474 4.3967 -59.0999 13.8375 -2.4418 -19.9223 12.9097 5.1394 43.2750 -32.1596 -3.8419 13.2735 -9.8903 -0.6067 7.0034 -0.7064 -56.8529 -0.3824 148.8757 71.3386 -137.5872 7.6441 9.3752 10.7424 -0.0000 0.0000 0.0000 -17.9767 -22.4385 -3.5941 21.2792 62.0160 -12.8844 -21.0881 -5.8406 -27.1627 -0.0000 0.0000 0.0000
0.0390 0.7105 0.0842 7.0249 6.3343 3.1047 -0.4620 0.6105 -18.2846 -0.4620 0.6105 -18.2846 5.1147 -3.4225 -17.4243 5.1147 -3.4225 -17.4243 -62.4760 38.5224 -59.8946 -13.5720 7.1674 -55.5171 10.8716 -2.0837 -21.6390 12.4116 5.0617 44.2422 -35.7631 -4.4845 13.8391 -10.3475 -0.5325 5.8757 -3.2655 -56.9518 -1.7716 154.8054 68.5140 -143.6671 6.0845 13.3406 8.7758 -0.0000 0.0000 0.0000 -16.8532 -22.9009 -3.4374 18.6360 65.4629 -12.0408 -19.4293 -2.1893 -25.4804 -0.0000 0.0000 0.0000
0.0336 0.7085 0.0964 7.7851 5.7424 2.2519 -0.9295 0.6298 -17.9596 -0.9295 0.6298 -17.9596 4.8782 -3.0251 -16.8832 4.8782 -3.0251 -16.8832 -68.6542 38.7031 -54.4358 -16.5613 8.0601 -51.6621 8.3100 -1.3899 -18.9588 11.6234 4.9017 45.6157 -38.7796 -5.2865 14.9457 -11.3532 -0.5840 5.8702 -3.0082 -54.3100 -1.5433 153.0062 69.2579 -141.6697 5.4849 15.6863 8.0417 -0.0000 0.0000 0.0000 -16.3068 -21.6206 -3.1341 16.2006 65.9876 -10.5590 -20.0759 -2.3247 -26.2992 -0.0000 0.0000 0.0000
0.0303 0.7091 0.1098 8.4792 6.1653 1.3866 -1.0217 0.5026 -17.7305 -1.0217 0.5026 -17.7305 4.7518 -2.9750 -16.1365 4.7518 -2.9750 -16.1365 -71.9793 38.2904 -51.0968 -17.3846 7.7319 -47.6918 7.6196 -0.8650 -12.9344 10.0915 4.4915 47.8973 -41.0687 -6.1128 16.2259 -13.3707 -0.8969 7.6406 -0.6708 -49.6459 -0.3103 143.4957 73.2474 -132.1480 5.4684 18.2190 8.1677 -0.0000 0.0000 0.0000 -16.2229 -18.0707 -2.5967 14.0982 62.0985 -8.5150 -22.2317 -3.5964 -28.9035 -0.0000 0.0000 0.0000
0.0293 0.7113 0.1163 8.9773 7.4038 0.5659 -0.7252 0.2672 -17.6598 -0.7252 0.2672 -17.6598 4.7672 -3.1346 -15.2932 4.7672 -3.1346 -15.2932 -74.7071 37.8338 -48.3597 -18.1486 7.2533 -43.2906 8.1705 -0.5413 -7.5678 7.8999 3.7075 50.2275 -42.7320 -6.8217 17.3247 -16.6402 -1.6818 11.4625 3.3430 -43.5808 1.3368 117.7033 78.3408 -106.8611 6.2815 19.2758 9.4556 -0.0000 0.0000 0.0000 -16.7928 -16.4534 -2.4450 13.9019 57.8823 -7.7136 -25.5035 -8.3346 -32.3886 -0.0000 0.0000 0.0000
0.0307 0.7102 0.1078 9.2220 9.0787 -0.2868 -0.1526 0.0110 -17.5628 -0.1526 0.0110 -17.5628 4.8834 -3.2764 -14.3609 4.8834 -3.2764 -14.3609 -77.9827 37.2119 -45.1610 -19.5034 6.9224 -38.7767 9.5167 -0.2278 -2.7359 5.2669 2.5649 51.9077 -44.4442 -7.4840 18.1906 -20.6784 -3.0911 16.8254 8.8228 -35.4987 2.8291 59.8874 77.9453 -49.9723 6.9729 18.7005 10.4469 -0.0000 0.0000 0.0000 -17.9203 -18.8710 -3.0019 15.2879 56.5292 -8.2543 -28.4277 -15.6496 -34.9889 -0.0000 0.0000 0.0000
0.0346 0.7032 0.0850 9.4115 10.8212 -1.0668 0.4339 -0.1915 -17.2861 0.4339 -0.1915 -17.2861 4.9733 -3.3474 -13.5666 4.9733 -3.3474 -13.5666 -81.1425 36.2430 -41.8353 -20.9974 6.5655 -34.3960 11.2569 0.0092 0.0929 2.2970 1.1568 53.4553 -46.3378 -8.1548 18.9138 -24.1068 -4.8096 22.2535 14.3384 -27.6247 3.5425 29.3806 68.7013 -20.3165 7.0777 17.2743 10.4906 -0.0000 0.0000 0.0000 -19.6805 -24.0457 -4.2312 17.9596 58.5686 -10.1288 -29.9344 -21.9232 -35.9831 -0.0000 0.0000 0.0000
0.0407 0.6890 0.0529 9.6459 12.1774 -1.4167 0.8163 -0.2421 -17.0013 0.8163 -0.2421 -17.0013 4.9545 -3.1998 -12.8452 4.9545 -3.1998 -12.8452 -83.8780 34.5988 -38.2373 -22.7828 6.2782 -30.4539 12.4845 0.1755 1.6042 -0.5861 -0.3031 54.6872 -48.8674 -9.0289 19.7173 -26.4139 -6.3962 26.7850 19.1912 -19.0430 3.2485 17.5078 56.3692 -9.4339 7.4585 15.8930 10.9431 -0.0000 0.0000 0.0000 -22.5499 -31.7028 -6.4799 23.5690 64.1082 -14.8859 -30.5372 -27.6897 -35.9950 -0.0000 0.0000 0.0000
0.0487 0.6695 0.0211 9.8091 13.0592 -0.9668 0.9272 -0.1319 -16.7003 0.9272 -0.1319 -16.7003 4.7727 -2.7451 -11.9930 4.7727 -2.7451 -11.9930 -85.9003 32.3400 -34.6022 -24.1674 5.7379 -26.3500 12.3878 0.1911 1.7605 -3.4812 -1.8427 55.7752 -51.6924 -10.3814 21.2430 -26.8618 -7.3340 30.0455 23.7299 -11.9480 2.5189 11.6008 45.9361 -4.9304 7.6898 14.2802 11.1551 -0.0000 0.0000 0.0000 -26.8038 -39.7870 -9.8559 35.9885 71.4389 -26.2933 -30.9207 -30.5680 -36.1071 -0.0000 0.0000 0.0000
0.0589 0.6481 -0.0044 9.8368 13.8241 0.2329 0.9079 0.0256 -16.3664 0.9079 0.0256 -16.3664 4.3385 -2.1861 -10.9359 4.3385 -2.1861 -10.9359 -86.2751 29.5210 -31.4103 -25.1853 5.2033 -22.9946 11.4947 0.1427 1.4181 -6.3956 -3.4608 56.8029 -54.1310 -12.4097 24.0238 -24.6015 -7.1424 31.9445 27.8563 -7.5422 1.8730 7.6172 38.8795 -2.6918 7.7684 13.8340 11.2347 -0.0000 0.0000 0.0000 -31.9715 -43.8426 -13.1528 55.0546 74.9391 -43.5504 -31.2453 -30.0907 -36.5338 -0.0000 0.0000 0.0000
0.0717 0.6278 -0.0226 9.6191 14.2238 2.1766 0.8076 0.1633 -16.1418 0.8076 0.1633 -16.1418 3.8474 -1.5259 -9.7909 3.8474 -1.5259 -9.7909 -85.8690 25.8785 -27.7427 -26.7919 4.8976 -20.3599 10.6706 0.1278 1.3684 -8.4746 -4.5717 56.6283 -56.8919 -15.3421 27.9245 -20.2512 -5.9858 32.6357 31.8736 -7.4532 2.1310 4.8253 37.2323 -1.6263 7.3602 13.2764 10.6062 -0.0000 0.0000 0.0000 -37.4663 -46.1258 -16.4323 78.4627 75.7227 -64.8096 -30.9089 -27.5182 -36.4449 -0.0000 0.0000 0.0000
0.0881 0.6116 -0.0347 8.9571 14.5998 4.5202 0.7949 0.2435 -15.6298 0.7949 0.2435 -15.6298 3.3720 -0.6475 -8.2115 3.3720 -0.6475 -8.2115 -83.8678 21.5695 -23.9439 -29.4645 4.8651 -18.3546 9.7010 0.0844 0.9951 -9.7280 -5.1137 55.3764 -59.9608 -19.1572 32.6106 -14.9372 -4.4190 32.7989 36.0540 -10.6659 3.4801 2.5854 39.1205 -0.9187 6.3960 12.3080 9.1611 -0.0000 0.0000 0.0000 -42.6995 -47.1479 -19.3586 95.3134 74.2698 -79.4496 -29.5111 -25.9722 -35.0030 -0.0000 0.0000 0.0000
0.1094 0.6003 -0.0443 7.8735 15.0985 7.2061 0.9118 0.2558 -14.8774 0.9118 0.2558 -14.8774 2.8524 0.3754 -6.0650 2.8524 0.3754 -6.0650 -79.9253 17.4480 -20.7537 -32.1433 4.8001 -16.5547 8.0994 -0.0068 -0.0956 -10.2887 -5.2375 53.8645 -61.8344 -23.4424 38.2153 -8.8918 -2.5777 32.2773 40.0814 -16.6746 6.1199 1.4981 43.0363 -0.5907 5.0055 11.6274 7.1409 -0.0000 0.0000 0.0000 -47.4755 -47.0441 -21.6721 102.4871 72.2117 -84.5144 -27.1574 -26.1981 -32.2321 -0.0000 0.0000 0.0000
0.1352 0.5919 -0.0555 6.5069 15.8066 10.0327 1.0909 0.2589 -13.8856 1.0909 0.2589 -13.8856 2.1718 1.3232 -3.3894 2.1718 1.3232 -3.3894 -74.4805 14.4291 -18.9094 -34.2566 4.7333 -15.2765 4.1178 -0.0802 -2.2299 -10.3488 -5.0660 52.0720 -62.2857 -27.8863 44.6729 -2.6581 -0.7077 29.8109 43.9332 -24.6738 10.0827 1.4238 49.0905 -0.6503 3.9542 10.8016 5.6126 -0.0000 0.0000 0.0000 -52.0157 -46.5490 -23.7049 105.0811 70.4685 -85.3422 -24.4055 -27.9479 -28.8410 -0.0000 0.0000 0.0000
0.1629 0.5866 -0.0671 4.9470 16.8415 12.7817 1.2756 0.3042 -12.7972 1.2756 0.3042 -12.7972 1.3681 1.7367 -0.4560 1.3681 1.7367 -0.4560 -68.3182 12.9029 -18.9221 -35.0949 4.6216 -14.5448 -2.0839 0.0895 -4.9162 -10.4716 -4.9829 50.7989 -60.6351 -31.1820 51.0188 2.9151 0.6947 26.8037 47.8850 -34.4009 15.6529 3.5165 57.3558 -1.9239 3.1447 9.8777 4.4385 -0.0000 0.0000 0.0000 -56.0650 -45.5546 -25.2045 103.3094 69.0987 -82.0753 -21.5365 -29.6346 -25.3434 -0.0000 0.0000 0.0000
0.1980 0.5782 -0.0764 3.4592 17.5922 15.4737 1.3044 0.3710 -11.8149 1.3044 0.3710 -11.8149 0.2505 1.8978 2.6263 0.2505 1.8978 2.6263 -62.5079 11.9550 -19.5772 -34.2298 4.5123 -14.5822 -8.0069 0.4177 -5.9634 -10.0029 -4.7125 50.3639 -56.3192 -32.7522 57.5318 7.7877 1.5685 22.7423 51.8777 -42.9487 21.6654 7.4575 65.2132 -4.7745 2.9487 8.7810 4.1340 -0.0000 0.0000 0.0000 -59.0282 -43.6108 -25.5227 99.8522 68.0816 -77.5273 -18.8540 -30.7339 -22.1307 -0.0000 0.0000 0.0000
0.2362 0.5671 -0.0816 2.2422 17.7004 18.2562 1.1333 0.3932 -11.1677 1.1333 0.3932 -11.1677 -0.9812 2.0334 5.6577 -0.9812 2.0334 5.6577 -57.8412 11.0170 -19.8024 -33.0148 4.6048 -15.4523 -10.6478 0.3806 -4.0823 -8.4824 -4.0385 50.8558 -50.8870 -32.6455 63.2277 11.7055 1.7891 17.3218 55.9794 -50.0384 27.8620 14.4661 72.0849 -10.5530 3.1233 7.8415 4.3540 -0.0000 0.0000 0.0000 -60.8917 -41.3423 -25.0074 97.8009 67.5593 -74.9633 -16.6158 -31.0882 -19.4959 -0.0000 0.0000 0.0000
0.2713 0.5615 -0.0862 1.2865 17.4690 21.0674 0.9459 0.3327 -10.7051 0.9459 0.3327 -10.7051 -2.5107 1.9854 8.9640 -2.5107 1.9854 8.9640 -54.2432 10.2674 -19.8970 -32.2450 4.8913 -16.8099 -10.5438 0.0640 -0.6932 -6.7916 -3.2949 51.7197 -45.2129 -30.9450 67.2301 12.4586 1.2131 11.0795 60.1099 -55.3963 33.7937 23.6042 77.4748 -19.0314 3.8045 6.4627 5.2602 -0.0000 0.0000 0.0000 -61.7555 -38.7611 -23.7576 95.8122 67.3839 -72.8564 -15.0132 -30.5697 -17.6541 -0.0000 0.0000 0.0000
0.2850 0.5709 -0.0930 0.6836 16.9831 23.3832 0.8103 0.1739 -10.2411 0.8103 0.1739 -10.2411 -4.1210 1.6622 12.3606 -4.1210 1.6622 12.3606 -52.2317 9.4490 -19.1383 -30.9674 4.7626 -17.0749 -8.3535 -0.2056 2.8148 -4.0523 -2.2178 57.3692 -40.4452 -25.9844 64.1202 11.0443 0.5164 5.3373 66.8265 -57.7317 39.9693 26.4812 79.9111 -22.3030 4.2266 5.4343 5.8091 -0.0000 0.0000 0.0000 -63.1844 -34.3008 -21.4933 92.3547 67.4530 -69.6451 -15.7986 -28.3374 -18.7117 -0.0000 0.0000 0.0000
0.2642 0.5859 -0.0975 0.1718 16.3314 27.4978 0.6979 -0.1642 -9.9359 0.6979 -0.1642 -9.9359 -5.7564 0.4801 16.2067 -5.7564 0.4801 16.2067 -51.3890 9.1016 -18.7862 -28.1384 3.9459 -15.6533 -7.9541 -0.4097 5.8877 0.8323 0.5654 68.3780 -40.2475 -20.7188 53.0282 9.5019 -0.0226 -0.2716 64.6202 -61.4916 41.2314 31.7976 85.1381 -29.3238 6.4790 2.8910 8.7759 -0.0000 0.0000 0.0000 -60.8903 -31.4406 -18.7873 91.0778 64.6356 -65.6134 -13.1215 -26.2158 -15.6666 -0.0000 0.0000 0.0000
0.2207 0.6069 -0.0947 -0.6183 15.8248 33.4668 0.8387 -0.5562 -9.7709 0.8387 -0.5562 -9.7709 -6.6767 -1.6256 19.5054 -6.6767 -1.6256 19.5054 -51.0638 9.6276 -19.9977 -24.5694 2.9137 -13.3231 -9.8182 -0.6716 7.8072 7.4539 6.4998 82.1577 -48.0457 -18.3940 39.9290 10.3776 -0.4975 -5.4744 52.6847 -65.4361 35.2919 17.6092 89.0234 -17.3161 10.1776 1.9495 13.6993 -0.0000 0.0000 0.0000 -51.6042 -33.8530 -16.7400 84.8636 66.4220 -61.7968 -8.5728 -23.2046 -10.3566 -0.0000 0.0000 0.0000
0.1638 0.6209 -0.0879 -2.0772 15.6352 41.3034 1.2107 -0.8564 -9.3443 1.2107 -0.8564 -9.3443 -6.9141 -4.0542 21.2472 -6.9141 -4.0542 21.2472 -50.2844 11.3197 -23.8472 -19.9172 1.9973 -11.3392 -13.3909 -1.1258 9.5685 13.6725 14.0197 91.4508 -64.1769 -20.7968 32.6256 16.0387 -1.6897 -11.9505 35.7501 -64.4272 22.9725 -38.0742 84.4697 34.7870 13.7161 4.0356 18.6356 -0.0000 0.0000 0.0000 -29.3529 -43.9980 -12.0802 75.2208 78.0459 -63.9583 -5.8161 -22.5429 -7.0464 -0.0000 0.0000 0.0000
0.1114 0.6299 -0.0803 -3.9924 15.3370 49.0734 1.6165 -0.9031 -8.1871 1.6165 -0.9031 -8.1871 -6.8138 -5.8216 20.6979 -6.8138 -5.8216 20.6979 -48.9289 13.8862 -29.9684 -15.8148 1.4589 -10.4750 -15.6679 -1.5957 11.5591 19.1642 19.9186 92.2550 -72.6966 -35.3232 46.7950 19.3897 -5.3658 -30.6768 28.1982 -58.1138 15.8886 -31.8905 75.1019 24.7753 15.5699 5.5796 21.3093 -0.0000 0.0000 0.0000 -0.5197 -51.8279 -0.2525 -133.9383 86.3557 131.2544 -7.2231 -26.1438 -8.6375 -0.0000 0.0000 0.0000
0.0877 0.6288 -0.0729 -5.5745 14.9772 53.5607 2.0143 -0.7651 -6.6318 2.0143 -0.7651 -6.6318 -7.0938 -6.3823 19.1292 -7.0938 -6.3823 19.1292 -47.6479 16.3216 -35.9848 -13.1973 1.2496 -10.7710 -16.0687 -1.8326 12.9294 24.3361 23.7010 88.4399 -44.2526 -41.5400 86.0169 1.5277 -0.7175 -50.3130 32.9159 -53.1158 16.7994 -32.5084 66.5843 21.6770 16.2577 4.1246 22.0634 -0.0000 0.0000 0.0000 13.5748 -51.5375 6.5768 -125.7351 75.5915 113.0917 -11.1388 -28.3776 -13.2079 -0.0000 0.0000 0.0000
0.0981 0.6200 -0.0670 -5.9968 14.8230 52.8508 2.1481 -0.5728 -4.8258 2.1481 -0.5728 -4.8258 -7.7552 -5.7776 18.2497 -7.7552 -5.7776 18.2497 -47.4253 17.5547 -38.7361 -11.7817 1.2363 -11.9396 -15.0322 -1.7814 13.4410 29.7027 27.5642 85.5399 -25.6112 -31.5149 102.2946 -13.3736 6.2666 -50.0569 45.0943 -53.9361 23.8570 -32.4886 63.3130 20.3686 15.6420 1.1874 20.9113 -0.0000 0.0000 0.0000 5.6297 -43.3131 2.2369 -103.3905 71.9414 85.1546 -12.9883 -22.0856 -15.7368 -0.0000 0.0000 0.0000
0.1386 0.6119 -0.0670 -6.4312 14.5841 52.7850 2.1805 -0.4247 -3.2026 2.1805 -0.4247 -3.2026 -8.0404 -5.3781 17.1731 -8.0404 -5.3781 17.1731 -48.1144 18.7672 -40.6265 -10.5981 1.1995 -12.8782 -13.4674 -1.7011 14.3337 32.2205 29.6408 84.9848 -19.3342 -24.9839 104.8884 -22.5270 9.7528 -46.3789 48.8192 -53.8519 25.9595 -34.5227 63.2210 21.6528 15.8373 -1.5222 20.8856 -0.0000 0.0000 0.0000 -5.4960 -32.1017 -1.5823 -65.7870 70.5615 49.1787 -12.0537 -20.7172 -14.6820 -0.0000 0.0000 0.0000
0.1876 0.6101 -0.0722 -6.6277 14.1424 52.5296 2.0662 -0.2572 -1.7116 2.0662 -0.2572 -1.7116 -8.0438 -5.0183 16.1311 -8.0438 -5.0183 16.1311 -49.5566 19.8231 -41.4673 -9.6891 1.0896 -12.8023 -11.2193 -1.4962 15.1448 32.4014 30.3944 86.1494 -19.0628 -23.0587 101.0827 -26.7017 10.6578 -42.9124 50.9949 -53.6005 27.0903 -36.4518 64.0466 23.2743 16.4364 -4.0747 21.4064 -0.0000 0.0000 0.0000 -14.6535 -20.3989 -2.6504 -36.3303 63.7516 23.0644 -11.3798 -18.9029 -13.9584 -0.0000 0.0000 0.0000
0.2291 0.6057 -0.0755 -6.8883 13.7491 52.6994 1.6754 -0.0436 -0.2724 1.6754 -0.0436 -0.2724 -7.7310 -4.8691 15.0011 -7.7310 -4.8691 15.0011 -50.5544 20.7335 -42.3528 -8.9662 0.9481 -12.0477 -8.8952 -1.2418 15.8640 29.5812 28.3766 87.5140 -29.8020 -29.3930 89.1719 -20.5422 8.3235 -43.7555 53.5601 -52.7998 28.1301 -39.5348 64.1816 25.3998 17.0596 -6.4637 21.9693 -0.0000 0.0000 0.0000 -20.8626 -11.2314 -2.0741 -20.3527 56.4107 10.9978 -11.2504 -17.1076 -13.8955 -0.0000 0.0000 0.0000
0.2649 0.6025 -0.0738 -7.0568 13.2943 52.9278 1.0580 0.1772 1.0951 1.0580 0.1772 1.0951 -7.1825 -4.8394 14.1078 -7.1825 -4.8394 14.1078 -51.4050 21.6367 -43.3077 -8.2129 0.8184 -11.3614 -6.0612 -0.8782 16.4742 27.5836 26.6688 87.9939 -36.8748 -31.4554 80.3761 -19.8043 7.8689 -43.0077 55.5969 -51.9960 28.8383 -42.3250 64.2878 27.3438 17.6127 -8.5620 22.4664 -0.0000 0.0000 0.0000 -25.3148 -3.6222 -0.8137 -9.9100 49.3122 4.5579 -11.4266 -15.4347 -14.2051 -0.0000 0.0000 0.0000
0.2892 0.5927 -0.0715 -7.3160 12.8938 53.3237 0.4349 0.3674 2.3371 0.4349 0.3674 2.3371 -6.6035 -4.8260 13.3035 -6.6035 -4.8260 13.3035 -52.0754 22.7282 -44.7234 -7.4686 0.7366 -11.2495 -3.1403 -0.4767 17.2592 25.9943 25.1442 88.0307 -41.7400 -31.9293 73.7649 -21.2821 8.2943 -42.2046 57.3949 -51.3025 29.4579 -44.6508 64.1277 28.8518 17.9105 -10.1410 22.6893 -0.0000 0.0000 0.0000 -27.8282 1.6425 0.4069 -4.1500 43.8226 1.6699 -11.8186 -14.4964 -14.7458 -0.0000 0.0000 0.0000
0.3062 0.5853 -0.0703 -7.6071 12.5610 54.0152 -0.1414 0.5134 3.4437 -0.1414 0.5134 3.4437 -6.0056 -4.8408 12.5119 -6.0056 -4.8408 12.5119 -52.9043 23.8750 -46.0437 -6.8859 0.7199 -11.9226 -0.0711 -0.0113 18.0855 24.9995 23.8045 87.1083 -45.4610 -31.9064 68.6155 -22.7049 8.7094 -41.5423 58.4547 -51.0464 29.9145 -46.1180 63.8622 29.7155 18.0383 -11.0980 22.7583 -0.0000 0.0000 0.0000 -29.2217 5.0804 1.3252 -1.2219 39.8185 0.4425 -12.1938 -13.9164 -15.2475 -0.0000 0.0000 0.0000
0.3193 0.5812 -0.0718 -8.0414 12.3622 55.2437 -0.6030 0.6222 4.4769 -0.6030 0.6222 4.4769 -5.4722 -4.9206 11.5347 -5.4722 -4.9206 11.5347 -53.8659 24.7252 -46.6719 -6.5393 0.7098 -12.3767 3.2526 0.5094 17.7975 24.0487 22.3982 85.8162 -47.4922 -31.6141 65.5244 -24.8538 9.5376 -41.4721 59.5882 -50.1252 29.9793 -48.2895 62.1117 30.2123 18.3106 -11.3624 23.0732 -0.0000 0.0000 0.0000 -30.0552 7.3052 1.9637 -0.0736 36.5924 0.0243 -12.4712 -13.2614 -15.6343 -0.0000 0.0000 0.0000
0.3300 0.5794 -0.0749 -8.5344 12.2278 56.8404 -1.0135 0.6982 5.4910 -1.0135 0.6982 5.4910 -4.9498 -4.9103 10.2185 -4.9498 -4.9103 10.2185 -54.9676 25.5439 -47.0902 -5.9873 0.6508 -12.3955 6.6322 0.9733 16.6797 23.1625 21.0433 84.3726 -48.1095 -31.0156 63.7311 -27.8466 10.6612 -41.2501 60.7879 -49.0530 29.9665 -50.8001 59.7445 30.5113 18.6963 -11.2599 23.5641 -0.0000 0.0000 0.0000 -30.6372 8.7904 2.4122 0.4429 34.1013 -0.1358 -12.5483 -12.4305 -15.7843 -0.0000 0.0000 0.0000
0.3395 0.5790 -0.0783 -9.0172 12.1423 58.5392 -1.4003 0.7439 6.4764 -1.4003 0.7439 6.4764 -4.4590 -4.7949 8.7736 -4.4590 -4.7949 8.7736 -56.5762 26.4799 -47.2286 -4.6376 0.5123 -12.5997 9.3422 1.2635 15.3710 22.3718 19.9287 83.2376 -46.4708 -29.9745 63.8912 -33.0665 12.3848 -40.1561 61.9933 -48.2634 30.1274 -52.9827 57.7939 30.7625 19.0606 -10.9092 24.0532 -0.0000 0.0000 0.0000 -31.0952 9.8199 2.7383 1.2957 32.4588 -0.3772 -12.5522 -11.5469 -15.8472 -0.0000 0.0000 0.0000
0.3480 0.5793 -0.0807 -9.4545 12.0474 60.2234 -1.7461 0.7597 7.3337 -1.7461 0.7597 7.3337 -4.0314 -4.5829 7.4596 -4.0314 -4.5829 7.4596 -58.5525 27.5677 -47.2674 -2.7511 0.3164 -13.1204 11.2481 1.4003 14.1487 21.7384 19.1531 82.6099 -44.2791 -28.4048 63.7662 -39.2773 13.7804 -37.4157 63.1809 -48.2390 30.7890 -54.8716 56.9578 31.4571 19.2841 -10.6083 24.3626 -0.0000 0.0000 0.0000 -31.3845 10.7035 3.0152 2.5155 31.3158 -0.7052 -12.6497 -10.4476 -16.0438 -0.0000 0.0000 0.0000
0.3554 0.5799 -0.0820 -9.9283 11.9435 61.7978 -2.0084 0.7477 8.0339 -2.0084 0.7477 8.0339 -3.6552 -4.3166 6.2648 -3.6552 -4.3166 6.2648 -60.5169 28.6728 -47.3156 -1.0494 0.1258 -13.6694 12.8439 1.4689 12.9953 21.0593 18.4001 82.1358 -43.1225 -26.7312 62.0367 -44.3750 14.3892 -34.3966 64.5482 -48.5068 31.7656 -56.4775 56.6636 32.2983 19.3809 -10.3098 24.5140 -0.0000 0.0000 0.0000 -31.3855 11.4727 3.2332 3.8336 30.4840 -1.0449 -12.9172 -9.4313 -16.4528 -0.0000 0.0000 0.0000
0.3621 0.5805 -0.0825 -10.4366 11.8779 63.2534 -2.2390 0.7138 8.5828 -2.2390 0.7138 8.5828 -3.3013 -4.1140 5.2139 -3.3013 -4.1140 5.2139 -61.9921 29.8506 -47.8525 0.3520 -0.0403 -13.0604 14.2839 1.4112 11.2269 20.3660 17.6486 81.6717 -42.9541 -25.2651 59.3350 -47.3043 14.4778 -32.3459 66.0186 -49.3103 33.2076 -58.0095 57.0124 33.5143 19.3394 -10.1683 24.4767 -0.0000 0.0000 0.0000 -31.0964 12.2294 3.4146 4.9955 29.6809 -1.3244 -13.4109 -8.4579 -17.1504 -0.0000 0.0000 0.0000
0.3683 0.5810 -0.0828 -10.9354 11.8506 64.5131 -2.4326 0.6684 9.0287 -2.4326 0.6684 9.0287 -2.9657 -4.0481 4.2667 -2.9657 -4.0481 4.2667 -62.5409 31.1500 -49.3075 0.8318 -0.0779 -10.7052 16.4645 1.1669 8.0526 19.7322 16.9701 81.2447 -42.5567 -23.9857 57.2209 -49.2380 14.5236 -31.0800 67.3884 -50.6110 34.9959 -59.4020 57.9618 35.0664 19.1452 -10.2000 24.2303 -0.0000 0.0000 0.0000 -30.6088 13.0246 3.5785 5.7449 28.7112 -1.4714 -14.0198 -7.6674 -17.9866 -0.0000 0.0000 0.0000
0.3745 0.5817 -0.0833 -11.3990 11.8649 65.6192 -2.6162 0.6189 9.4284 -2.6162 0.6189 9.4284 -2.6470 -4.0972 3.3788 -2.6470 -4.0972 3.3788 -62.0685 32.6014 -51.8426 0.3697 -0.0227 -7.0251 18.0981 0.7916 4.9671 19.0263 16.3214 81.1094 -41.8450 -22.8680 55.7600 -51.0619 14.6893 -30.2041 68.4293 -52.2873 36.9137 -60.4691 59.3109 36.7153 18.8074 -10.3651 23.7910 -0.0000 0.0000 0.0000 -29.9790 13.8950 3.7374 6.2723 27.5865 -1.5413 -14.6920 -6.9617 -18.9021 -0.0000 0.0000 0.0000
0.3805 0.5824 -0.0846 -11.7845 11.9124 66.5732 -2.7793 0.5861 9.8425 -2.7793 0.5861 9.8425 -2.3873 -4.2169 2.5495 -2.3873 -4.2169 2.5495 -60.9901 34.2334 -55.2115 -0.4437 0.0112 -2.8976 18.5197 0.4930 3.0234 18.2603 15.6822 81.1857 -40.4213 -21.7175 55.0445 -53.6251 14.9490 -29.1045 68.8695 -54.1710 38.6437 -60.8829 60.9254 38.1353 18.4044 -10.5179 23.2718 -0.0000 0.0000 0.0000 -29.2637 14.8052 3.8854 6.7655 26.4684 -1.5928 -15.3764 -6.5322 -19.8138 -0.0000 0.0000 0.0000
0.3865 0.5831 -0.0870 -12.0414 11.9619 67.4240 -2.9162 0.5829 10.2423 -2.9162 0.5829 10.2423 -2.1913 -4.3046 1.7881 -2.1913 -4.3046 1.7881 -59.4297 36.0671 -59.4040 -0.9536 -0.0113 1.3585 17.4670 0.3589 2.3357 17.5407 15.1069 81.3579 -38.7185 -20.3946 54.2212 -56.4314 15.0441 -27.6513 68.5840 -56.2449 40.0505 -60.6792 62.7610 39.2914 17.9252 -10.7859 22.6464 -0.0000 0.0000 0.0000 -28.5804 15.7186 4.0274 7.1611 25.4224 -1.6173 -16.0132 -6.3405 -20.6451 -0.0000 0.0000 0.0000
0.3925 0.5838 -0.0904 -12.1875 11.9830 68.0715 -3.0332 0.6073 10.6460 -3.0332 0.6073 10.6460 -2.0339 -4.3569 1.1138 -2.0339 -4.3569 1.1138 -57.4368 37.9454 -64.2145 -0.8440 -0.0392 5.3142 15.2352 0.3548 2.6521 16.9307 14.5923 81.4079 -37.1209 -19.0450 53.0925 -58.7234 15.0243 -26.3833 67.7805 -58.2412 41.0311 -60.0693 64.5509 40.1192 17.5042 -11.0866 22.0919 -0.0000 0.0000 0.0000 -28.0198 16.4868 4.1405 7.4723 24.5992 -1.6314 -16.5136 -6.4617 -21.2729 -0.0000 0.0000 0.0000
0.3983 0.5843 -0.0945 -12.2546 11.9574 68.5779 -3.1689 0.6435 10.9917 -3.1689 0.6435 10.9917 -1.8660 -4.3837 0.5830 -1.8660 -4.3837 0.5830 -54.9275 39.7679 -69.6643 0.1789 0.0146 9.3558 12.4259 0.3170 2.9109 16.4217 14.0917 81.1637 -36.0465 -17.7565 51.2906 -59.4480 15.1343 -26.1965 66.6050 -60.3318 41.7962 -58.9938 66.5142 40.7087 17.0418 -11.5142 21.4753 -0.0000 0.0000 0.0000 -27.6115 17.1319 4.2395 7.5499 23.8702 -1.5980 -16.9588 -6.6434 -21.8233 -0.0000 0.0000 0.0000
0.4042 0.5845 -0.0987 -12.3323 11.8969 69.0260 -3.3350 0.6601 11.2603 -3.3350 0.6601 11.2603 -1.6542 -4.4351 0.1625 -1.6542 -4.4351 0.1625 -51.6946 41.2312 -75.6617 1.4485 0.1700 13.3888 10.4680 0.1923 2.0985 15.8983 13.5211 80.6596 -35.2234 -16.5175 49.1440 -59.0709 15.4963 -27.0066 65.1188 -62.4104 42.2915 -56.9396 68.6514 40.6362 16.4843 -11.8777 20.7475 -0.0000 0.0000 0.0000 -27.3014 17.6454 4.3175 7.4878 23.1906 -1.5385 -17.3490 -6.8032 -22.3045 -0.0000 0.0000 0.0000
0.4101 0.5844 -0.1021 -12.4819 11.8248 69.5500 -3.5282 0.6122 11.4228 -3.5282 0.6122 11.4228 -1.3896 -4.4931 -0.1930 -1.3896 -4.4931 -0.1930 -47.6951 41.9514 -81.8690 2.5571 0.3836 17.0625 8.7232 0.0619 0.8114 15.3533 12.8791 79.8823 -34.9137 -15.4515 46.6707 -57.4765 16.0887 -28.9053 63.3053 -64.3031 42.3612 -53.1159 70.9370 39.2039 15.6678 -12.1870 19.7023 -0.0000 0.0000 0.0000 -27.0579 18.1148 4.3932 7.4822 22.4437 -1.4865 -17.7981 -6.8016 -22.8760 -0.0000 0.0000 0.0000
0.4160 0.5841 -0.1040 -12.6880 11.7433 70.1524 -3.7281 0.5117 11.5089 -3.7281 0.5117 11.5089 -1.0997 -4.5665 -0.5004 -1.0997 -4.5665 -0.5004 -43.2652 41.9230 -88.0171 3.6162 0.6482 20.3194 7.1677 -0.0564 -0.9009 14.8169 12.2308 78.9761 -34.6754 -14.4677 44.2516 -55.3822 16.6624 -31.1819 61.0203 -66.0470 41.9166 -46.7672 73.3161 35.6772 14.5766 -12.4155 18.3219 -0.0000 0.0000 0.0000 -26.8119 18.6075 4.4721 7.6284 21.6678 -1.4619 -18.3094 -6.7938 -23.5268 -0.0000 0.0000 0.0000
0.4221 0.5837 -0.1042 -12.9008 11.6705 70.7416 -3.9149 0.3836 11.5456 -3.9149 0.3836 11.5456 -0.8214 -4.6102 -0.7387 -0.8214 -4.6102 -0.7387 -38.7216 41.2070 -93.8677 4.8078 0.9865 23.1769 5.7303 -0.1497 -2.9914 14.3178 11.6032 77.9419 -34.3899 -13.5505 42.0051 -52.9239 17.0761 -33.5682 58.2520 -67.5591 40.8825 -37.4264 75.4796 29.3826 13.2824 -12.5051 16.6979 -0.0000 0.0000 0.0000 -26.6218 19.0722 4.5520 7.8299 20.9129 -1.4472 -18.8184 -6.7081 -24.1824 -0.0000 0.0000 0.0000
0.4282 0.5832 -0.1032 -13.1228 11.6003 71.2796 -4.0977 0.2412 11.6023 -4.0977 0.2412 11.6023 -0.5461 -4.6442 -0.9589 -0.5461 -4.6442 -0.9589 -34.3684 39.9762 -99.2574 6.3507 1.4483 25.6702 4.3244 -0.2044 -5.4104 13.8732 11.0236 76.8397 -33.9221 -12.7083 40.1166 -50.7171 17.3375 -35.6648 55.0853 -68.8180 39.3143 -25.1981 77.0595 20.1833 11.9279 -12.5048 15.0026 -0.0000 0.0000 0.0000 -26.4575 19.4928 4.6245 8.0702 20.2154 -1.4410 -19.2899 -6.6378 -24.7887 -0.0000 0.0000 0.0000
0.4343 0.5825 -0.1021 -13.3673 11.5188 71.7418 -4.2506 0.0940 11.6656 -4.2506 0.0940 11.6656 -0.2927 -4.6713 -1.1435 -0.2927 -4.6713 -1.1435 -30.3307 38.3467 -104.1271 8.3420 2.0743 27.8836 2.8842 -0.2037 -8.0771 13.3429 10.3641 75.5764 -33.5446 -11.9051 38.1665 -48.1588 17.4496 -37.9054 51.6696 -69.8262 37.3428 -10.6370 77.8543 8.5999 10.4882 -12.5437 13.1960 -0.0000 0.0000 0.0000 -26.3244 19.7804 4.6696 8.2610 19.6197 -1.4308 -19.6769 -6.4746 -25.2979 -0.0000 0.0000 0.0000
0.4404 0.5818 -0.1012 -13.6333 11.4189 72.1039 -4.3853 -0.0584 11.7158 -4.3853 -0.0584 11.7158 -0.0482 -4.6906 -1.2945 -0.0482 -4.6906 -1.2945 -26.6405 36.3816 -108.4538 10.7906 2.8907 29.9156 1.3407 -0.1278 -10.8902 12.7197 9.6614 74.3414 -33.0751 -11.0555 36.1048 -45.5572 17.3821 -40.0055 48.1319 -70.5883 35.0885 3.9717 77.7580 -3.2028 9.0780 -12.5661 11.4253 -0.0000 0.0000 0.0000 -26.2366 19.8595 4.6724 8.3782 19.2197 -1.4210 -19.9866 -6.2873 -25.7123 -0.0000 0.0000 0.0000
0.4462 0.5810 -0.1003 -13.8954 11.2820 72.4060 -4.4968 -0.2131 11.7202 -4.4968 -0.2131 11.7202 0.1896 -4.6894 -1.4098 0.1896 -4.6894 -1.4098 -23.3058 34.1304 -112.2119 13.5996 3.8917 31.8076 -0.3456 0.0416 -13.7425 12.0717 8.9905 73.2637 -32.5029 -10.2339 34.1529 -42.9879 17.1337 -41.8686 44.4686 -71.1446 32.5943 16.4728 76.9498 -13.1245 7.7441 -12.7074 9.7441 -0.0000 0.0000 0.0000 -26.1763 19.8390 4.6564 8.4823 18.9396 -1.4174 -20.2964 -6.1458 -26.1218 -0.0000 0.0000 0.0000
0.4520 0.5802 -0.0988 -14.1609 11.1348 72.6874 -4.6143 -0.3588 11.7199 -4.6143 -0.3588 11.7199 0.4274 -4.7193 -1.5265 0.4274 -4.7193 -1.5265 -20.3111 31.7409 -115.5727 16.7531 5.0898 33.5920 -2.2050 0.3203 -16.5291 11.4029 8.3618 72.4218 -32.0387 -9.5026 32.2905 -40.7529 16.8287 -43.4303 40.6778 -71.5449 29.9064 26.2044 75.6532 -20.4868 6.4354 -13.0427 8.0883 -0.0000 0.0000 0.0000 -26.0855 19.7223 4.6119 8.5786 18.8215 -1.4244 -20.6498 -5.9709 -26.5909 -0.0000 0.0000 0.0000
0.4580 0.5792 -0.0961 -14.4430 11.0422 72.8059 -4.7106 -0.4777 11.6784 -4.7106 -0.4777 11.6784 0.5972 -4.8260 -1.5474 0.5972 -4.8260 -1.5474 -17.6496 29.1933 -118.3964 20.1415 6.4577 35.2441 -4.1442 0.7001 -19.1689 10.7922 7.8012 71.6463 -32.0718 -8.8528 30.1466 -38.3944 16.2524 -44.5966 37.0865 -71.7079 27.2518 35.3853 73.8866 -26.9794 4.9075 -13.5243 6.1574 -0.0000 0.0000 0.0000 -26.0730 19.3586 4.5231 8.6652 18.9547 -1.4492 -20.9244 -5.5988 -26.9840 -0.0000 0.0000 0.0000
0.4643 0.5781 -0.0919 -14.6724 10.9891 72.6393 -4.7915 -0.5738 11.6238 -4.7915 -0.5738 11.6238 0.7168 -5.0013 -1.4564 0.7168 -5.0013 -1.4564 -15.2627 26.4835 -120.6870 23.5288 7.9419 36.8683 -6.0680 1.1593 -21.6140 10.1683 7.2737 71.0850 -32.3775 -8.2751 27.9838 -36.2735 15.5788 -45.3325 33.8841 -71.5427 24.7570 43.8397 71.8655 -32.5175 3.3429 -14.6870 4.1753 -0.0000 0.0000 0.0000 -26.1498 18.8753 4.4216 8.7745 19.2525 -1.4911 -21.0850 -5.0261 -27.2581 -0.0000 0.0000 0.0000
0.4713 0.5771 -0.0865 -14.9492 10.8888 72.6466 -4.7178 -0.6239 11.3119 -4.7178 -0.6239 11.3119 0.7025 -5.2626 -1.2377 0.7025 -5.2626 -1.2377 -13.1572 23.6582 -122.3226 26.7663 9.4773 38.4172 -7.8073 1.6526 -23.8692 9.5627 6.7943 70.7253 -33.1015 -7.8100 25.8727 -34.1723 14.7203 -45.5878 30.6297 -71.4309 22.2772 51.9225 69.6073 -37.3965 1.5714 -15.7753 1.9543 -0.0000 0.0000 0.0000 -26.0306 18.5054 4.3131 9.0598 19.4942 -1.5594 -21.2111 -3.5118 -27.6089 -0.0000 0.0000 0.0000
0.4789 0.5763 -0.0810 -15.2684 10.7349 72.7911 -4.4487 -0.6150 10.7303 -4.4487 -0.6150 10.7303 0.5241 -5.6061 -0.8736 0.5241 -5.6061 -0.8736 -11.3257 20.7803 -123.1913 29.7370 11.0171 39.9273 -9.2185 2.1298 -25.9671 9.1943 6.5206 70.6309 -34.3508 -7.5409 24.0728 -32.2484 13.7273 -45.2109 27.5500 -71.3214 19.9537 58.8687 67.2984 -41.1717 -0.2697 -16.1898 -0.3349 -0.0000 0.0000 0.0000 -25.9011 18.2077 4.2207 9.7099 19.5932 -1.6805 -21.1889 -0.5281 -27.9739 -0.0000 0.0000 0.0000
0.4868 0.5762 -0.0763 -15.5976 10.6122 72.8540 -3.9759 -0.5795 10.0604 -3.9759 -0.5795 10.0604 0.1499 -5.9716 -0.4374 0.1499 -5.9716 -0.4374 -9.7413 17.8598 -123.0570 32.1534 12.3763 41.2348 -10.1246 2.5284 -27.9774 9.0954 6.4717 70.8107 -36.0263 -7.5578 22.9638 -30.8228 12.7967 -44.2731 25.0704 -71.0576 18.0422 63.8593 65.4857 -43.6742 -1.7284 -15.8352 -2.1491 -0.0000 0.0000 0.0000 -26.0116 17.8697 4.1594 10.6479 19.5029 -1.8350 -20.8729 3.7454 -28.1672 -0.0000 0.0000 0.0000
0.4948 0.5769 -0.0727 -16.0308 10.6432 72.5140 -3.3083 -0.5370 9.4113 -3.3083 -0.5370 9.4113 -0.4948 -6.4575 0.1562 -0.4948 -6.4575 0.1562 -8.2731 14.7862 -121.7318 33.7870 13.4676 42.4898 -10.2865 2.7633 -30.0012 8.9919 6.4788 71.4925 -37.7530 -7.6453 22.1145 -29.4988 11.9443 -43.3424 24.0347 -70.5686 17.1327 66.5917 64.6915 -45.1677 -2.4885 -14.8151 -3.1067 -0.0000 0.0000 0.0000 -26.5207 17.0385 4.0435 11.6452 19.4457 -2.0020 -20.2925 8.3523 -28.1045 -0.0000 0.0000 0.0000
0.5025 0.5788 -0.0699 -16.6134 10.9293 71.4128 -2.4474 -0.4647 8.7485 -2.4474 -0.4647 8.7485 -1.4378 -7.1563 1.0980 -1.4378 -7.1563 1.0980 -6.7767 11.4953 -119.0695 34.4633 14.3516 44.1869 -9.5139 2.7416 -32.0856 8.7442 6.4761 73.0002 -38.8079 -7.6072 21.3773 -28.3197 11.2381 -42.6085 25.0661 -69.7349 17.6093 67.6310 64.8878 -46.1295 -2.3818 -13.5626 -2.9887 -0.0000 0.0000 0.0000 -27.5342 15.2896 3.7672 12.5446 19.7337 -2.1904 -19.5500 12.2003 -27.7333 -0.0000 0.0000 0.0000
0.5098 0.5819 -0.0675 -17.2585 11.4812 69.4257 -1.4907 -0.3574 8.0532 -1.4907 -0.3574 8.0532 -2.5369 -8.0492 2.4651 -2.5369 -8.0492 2.4651 -5.2816 8.3208 -115.2447 34.3750 15.1334 46.4829 -8.0503 2.4703 -34.0706 8.2764 6.4509 75.8302 -38.5673 -7.3568 20.8235 -26.9514 10.6263 -42.4216 27.7891 -68.4049 19.0878 66.5107 66.3399 -46.4026 -1.0478 -13.7854 -1.3137 -0.0000 0.0000 0.0000 -28.5830 12.7597 3.2630 13.2878 20.5258 -2.4164 -19.1143 14.1145 -27.4645 -0.0000 0.0000 0.0000
0.5168 0.5860 -0.0649 -17.9187 12.1514 67.0466 -0.4633 -0.2086 7.1281 -0.4633 -0.2086 7.1281 -3.6655 -9.0793 4.2814 -3.6655 -9.0793 4.2814 -3.9442 5.6994 -110.6527 33.9479 15.9278 49.2469 -6.3062 2.0376 -35.7819 7.8389 6.5168 79.4497 -36.8696 -7.0870 21.0484 -25.3571 9.9420 -42.2761 30.9673 -66.7597 20.6875 62.4089 68.7855 -45.0415 1.4321 -14.9935 1.7866 -0.0000 0.0000 0.0000 -29.2144 9.8900 2.5835 13.7764 21.6907 -2.6516 -19.0166 14.4312 -27.3844 -0.0000 0.0000 0.0000
0.5238 0.5909 -0.0626 -18.4255 12.8581 64.4071 0.5548 -0.0449 6.0156 0.5548 -0.0449 6.0156 -4.7014 -10.1133 6.3945 -4.7014 -10.1133 6.3945 -2.8720 3.7911 -105.7170 33.3715 16.7382 52.2841 -4.6436 1.5613 -37.1504 8.0571 7.1734 83.3391 -34.2138 -6.8538 22.0207 -23.4325 8.9555 -41.3741 33.8912 -64.7901 21.8837 54.6843 71.6980 -40.9710 4.7857 -16.5270 5.9325 -0.0000 0.0000 0.0000 -29.5480 7.0066 1.8500 14.0339 23.0199 -2.8715 -18.9323 13.9986 -27.1873 -0.0000 0.0000 0.0000
0.5310 0.5963 -0.0613 -18.7651 13.5611 61.6538 1.5412 0.0784 4.8114 1.5412 0.0784 4.8114 -5.5684 -11.0252 8.6169 -5.5684 -11.0252 8.6169 -2.2078 2.6429 -100.2539 32.8446 17.4059 54.8907 -3.1436 1.0894 -38.2197 9.3238 8.8298 86.8693 -30.7339 -6.6586 23.9030 -21.6835 7.8490 -39.4158 36.4095 -62.4608 22.5551 41.6980 74.3769 -32.2338 8.6670 -17.7797 10.6841 -0.0000 0.0000 0.0000 -29.6946 4.1945 1.1124 13.9691 24.3183 -3.0241 -18.8126 13.3904 -26.9114 -0.0000 0.0000 0.0000
0.5386 0.6025 -0.0619 -18.8450 14.0931 58.8449 2.4942 0.1469 3.5397 2.4942 0.1469 3.5397 -6.2410 -11.7619 10.9861 -6.2410 -11.7619 10.9861 -1.8982 2.0599 -94.6817 32.3476 17.9547 57.1539 -1.9737 0.6997 -39.0359 11.8682 11.7672 89.5066 -26.3061 -6.2404 26.2614 -21.1133 6.9581 -36.1350 38.1477 -59.6142 22.4084 23.9085 75.7962 -18.7176 12.4791 -18.2175 15.3415 -0.0000 0.0000 0.0000 -29.7898 1.6290 0.4333 13.5608 25.4124 -3.0712 -18.6975 12.4454 -26.5877 -0.0000 0.0000 0.0000
0.5465 0.6100 -0.0631 -18.7667 14.3681 56.2317 3.4897 0.1325 2.0348 3.4897 0.1325 2.0348 -6.7782 -12.0471 13.2823 -6.7782 -12.0471 13.2823 -1.9190 1.8756 -88.6877 31.8435 18.2965 58.8906 -1.5045 0.5465 -39.9273 16.3207 16.4590 90.4903 -20.5070 -5.2306 28.3430 -22.0947 6.2989 -31.4789 38.1712 -56.9693 21.2661 9.7783 75.7319 -7.6102 15.4601 -18.2959 18.9801 -0.0000 0.0000 0.0000 -30.0169 -0.8375 -0.2245 13.0444 26.1810 -3.0457 -18.5183 11.5425 -26.1879 -0.0000 0.0000 0.0000
0.5543 0.6196 -0.0639 -18.6840 14.4920 54.1244 4.5184 0.0211 0.2551 4.5184 0.0211 0.2551 -7.2769 -11.6075 14.9569 -7.2769 -11.6075 14.9569 -2.2941 1.9962 -82.0526 30.7164 18.2636 60.6759 0.2770 -0.1029 -40.7594 23.0954 22.5538 88.6041 -13.7814 -3.5906 29.0807 -24.1356 5.5876 -25.7155 36.3089 -54.7456 19.2706 3.1218 74.7813 -2.3862 17.5634 -18.2624 21.5457 -0.0000 0.0000 0.0000 -29.7785 -2.8221 -0.7505 12.4414 26.2680 -2.9138 -18.5427 10.5520 -26.0619 -0.0000 0.0000 0.0000
0.5616 0.6319 -0.0639 -18.7574 14.5671 52.5789 5.5442 -0.1486 -1.5962 5.5442 -0.1486 -1.5962 -7.7344 -10.2412 15.3147 -7.7344 -10.2412 15.3147 -2.9143 2.2403 -75.0964 30.3368 18.1159 60.9152 2.8030 -1.0234 -40.1099 31.9412 28.2507 82.6517 -7.1092 -1.7949 28.3068 -26.7481 4.4262 -18.4646 33.2379 -52.9733 16.9188 1.6267 73.3661 -1.2118 19.1533 -18.4833 23.4591 -0.0000 0.0000 0.0000 -28.7906 -4.3466 -1.1161 11.7711 25.8357 -2.7088 -18.6786 9.3519 -26.0604 -0.0000 0.0000 0.0000
0.5677 0.6464 -0.0645 -19.1529 14.8040 51.5322 6.6213 -0.3276 -3.4249 6.6213 -0.3276 -3.4249 -8.0776 -7.7972 13.7378 -8.0776 -7.7972 13.7378 -3.9330 2.6026 -66.9767 33.1918 18.0149 56.0149 4.1399 -1.3539 -36.2071 41.3975 31.7079 73.8574 -1.7647 -0.4107 26.2032 -28.7322 2.5020 -9.7468 30.6670 -50.8544 14.8542 0.5629 70.9837 -0.4014 20.3103 -19.3316 24.7836 -0.0000 0.0000 0.0000 -26.9782 -5.5875 -1.3413 10.4348 24.6451 -2.2855 -18.6570 8.3371 -25.8758 -0.0000 0.0000 0.0000
0.5723 0.6621 -0.0675 -19.8538 15.1629 50.6451 7.8073 -0.4730 -4.9875 7.8073 -0.4730 -4.9875 -7.7416 -4.6990 10.5151 -7.7416 -4.6990 10.5151 -4.7751 2.7249 -59.4026 40.3356 17.8346 46.2640 3.6768 -0.9296 -28.3701 49.0642 31.9816 64.2487 1.9494 0.4120 23.8674 -29.4457 0.5398 -2.0542 28.1527 -49.4898 13.1846 0.0550 68.5161 -0.0374 21.5305 -20.9081 26.1058 -0.0000 0.0000 0.0000 -24.7261 -7.4521 -1.6356 8.9480 23.7534 -1.8855 -18.3811 6.7733 -25.2714 -0.0000 0.0000 0.0000
0.5754 0.6770 -0.0748 -20.3332 15.3183 49.5359 9.0512 -0.6383 -6.4133 9.0512 -0.6383 -6.4133 -6.6343 -2.1519 7.1208 -6.6343 -2.1519 7.1208 -5.5247 2.7611 -53.0829 51.4401 16.2400 32.9982 2.1999 -0.3424 -17.6930 53.9691 30.0780 55.6379 4.2724 0.7993 21.1832 -29.1774 -1.1895 4.5681 25.1978 -48.7931 11.5767 1.0193 66.7837 -0.6719 22.6802 -22.5179 27.3263 -0.0000 0.0000 0.0000 -22.8580 -10.0982 -2.0466 7.8750 24.2836 -1.6968 -17.6792 3.5129 -23.8896 -0.0000 0.0000 0.0000
0.5771 0.6894 -0.0851 -20.2985 15.1017 48.0801 10.2681 -0.9027 -8.0257 10.2681 -0.9027 -8.0257 -5.6286 -0.5433 4.6560 -5.6286 -0.5433 4.6560 -6.2909 2.7884 -47.7758 64.2095 11.6019 18.3955 1.9487 -0.1128 -6.6240 56.7339 27.3390 48.4963 4.7358 0.7528 18.0532 -26.6671 -2.3279 9.7996 21.5678 -48.6772 9.8483 3.1329 66.2096 -2.0430 24.0524 -23.1947 28.8898 -0.0000 0.0000 0.0000 -21.9794 -13.6827 -2.6693 7.5218 26.7679 -1.7921 -16.3256 -0.8886 -21.5899 -0.0000 0.0000 0.0000
0.5777 0.6984 -0.0962 -19.4802 14.4396 46.4231 11.2038 -1.3212 -10.1005 11.2038 -1.3212 -10.1005 -4.9125 0.7790 3.3859 -4.9125 0.7790 3.3859 -7.6602 3.0538 -43.4213 77.8835 4.6883 5.7999 5.0661 0.0030 0.0668 58.5401 24.0110 41.5549 2.3541 0.2869 13.8959 -21.4846 -2.6744 14.0290 17.4974 -47.6959 7.7835 6.5965 65.9448 -4.2820 25.1341 -22.6689 30.2260 -0.0000 0.0000 0.0000 -21.7981 -17.3431 -3.3642 7.5516 30.3491 -2.0509 -14.4629 -6.2505 -18.6688 -0.0000 0.0000 0.0000
0.5774 0.7038 -0.1048 -17.8740 13.2581 44.5773 11.7381 -1.9862 -12.8637 11.7381 -1.9862 -12.8637 -4.0652 2.4987 2.6311 -4.0652 2.4987 2.6311 -10.3806 3.7049 -39.1964 92.9693 -7.2133 -6.8497 9.1393 0.2368 2.9626 59.5903 20.1609 34.4964 -2.3502 -0.2077 10.0994 -13.5895 -2.0787 17.3152 13.9056 -44.8681 5.7646 10.3710 65.2646 -6.6515 25.6712 -21.1486 31.0274 -0.0000 0.0000 0.0000 -22.0295 -20.3921 -4.0101 7.8964 34.4030 -2.4481 -11.9317 -12.7426 -14.9927 -0.0000 0.0000 0.0000
0.5767 0.7062 -0.1094 -15.9799 11.8654 42.7289 11.6618 -2.7257 -15.9558 11.6618 -2.7257 -15.9558 -2.6597 4.4753 1.6833 -2.6597 4.4753 1.6833 -14.0369 4.3435 -34.2409 102.5768 -27.4732 -22.1703 10.2609 0.4505 5.0141 59.2859 16.4494 28.5032 -6.7268 -0.5016 8.5185 -6.5571 -1.0561 18.2796 12.3502 -39.5414 4.4542 11.8866 63.0415 -7.3064 25.5976 -19.4245 31.1312 -0.0000 0.0000 0.0000 -22.0760 -22.4473 -4.4334 7.6514 37.4895 -2.5999 -8.8365 -18.7584 -10.8519 -0.0000 0.0000 0.0000
0.5761 0.7069 -0.1095 -14.2455 10.4530 40.8603 11.1693 -3.2359 -18.5824 11.1693 -3.2359 -18.5824 -0.9369 6.2674 0.3558 -0.9369 6.2674 0.3558 -17.0787 4.8184 -31.3061 91.6098 -48.6701 -47.4724 12.7945 0.6146 5.4775 57.0357 13.4635 24.5121 -8.4773 -0.6470 8.7135 -4.0397 -0.5686 16.0164 11.2163 -34.1218 3.4522 13.2926 60.6222 -7.7940 24.9030 -18.4029 30.4126 -0.0000 0.0000 0.0000 -21.7195 -23.9016 -4.6504 7.2481 39.5533 -2.6092 -5.5055 -23.5542 -6.6461 -0.0000 0.0000 0.0000
0.5759 0.7067 -0.1069 -12.6546 8.9437 38.9228 10.5093 -3.5449 -21.0083 10.5093 -3.5449 -21.0083 1.0753 7.2932 -2.0188 1.0753 7.2932 -2.0188 -20.2683 5.4982 -30.0743 52.9437 -53.5105 -90.7076 16.3719 0.3143 2.1844 53.7813 11.7493 22.9388 -8.6786 -0.7071 9.2983 -5.1118 -0.5801 12.9404 10.0009 -29.5349 2.6425 15.2941 58.9780 -8.6841 23.7922 -18.0356 29.1154 -0.0000 0.0000 0.0000 -21.0019 -24.8536 -4.6778 6.7456 41.2736 -2.5430 -2.2325 -26.8993 -2.6641 -0.0000 0.0000 0.0000
0.5756 0.7063 -0.1033 -11.3597 7.5005 37.0148 9.8897 -3.5081 -22.7962 9.8897 -3.5081 -22.7962 2.4975 7.2218 -4.5784 2.4975 7.2218 -4.5784 -22.7969 6.8495 -33.0655 28.7027 -41.0851 -111.3528 17.7814 -0.4773 -3.0502 50.4708 11.2168 23.5382 -8.5943 -0.7236 9.6076 -7.2712 -0.6862 10.7683 8.7534 -26.2904 2.0480 17.0693 58.2705 -9.5632 22.5766 -17.9031 27.6613 -0.0000 0.0000 0.0000 -20.0573 -25.2762 -4.5415 6.2737 42.8149 -2.4616 0.4376 -28.8615 0.5187 -0.0000 0.0000 0.0000
0.5748 0.7056 -0.1003 -10.1932 6.1135 35.2633 9.2919 -3.2654 -24.2883 9.2919 -3.2654 -24.2883 3.5492 6.1913 -7.4075 3.5492 6.1913 -7.4075 -25.2416 9.2902 -39.8891 19.1942 -27.9227 -111.5595 16.1235 -0.9492 -6.6943 46.1302 11.1064 25.7236 -9.8822 -0.8992 10.3725 -10.3397 -0.8767 9.6675 7.6690 -23.7725 1.6165 18.8754 58.0871 -10.5475 21.0267 -18.3034 25.7462 -0.0000 0.0000 0.0000 -18.7301 -25.1720 -4.2176 5.4630 44.2146 -2.2205 2.5255 -30.2168 2.9797 -0.0000 0.0000 0.0000
0.5724 0.7045 -0.0970 -9.0916 4.7570 33.6346 8.5882 -2.9943 -25.8367 8.5882 -2.9943 -25.8367 4.2393 4.3853 -10.6179 4.2393 4.3853 -10.6179 -27.7531 12.4662 -47.7014 14.6717 -18.4387 -103.1596 11.2147 -0.9165 -9.3142 40.9408 11.0347 29.0155 -13.1539 -1.4328 12.3791 -13.1114 -1.0830 9.4028 6.9948 -21.7092 1.3429 20.4679 58.2184 -11.4808 19.3596 -18.9906 23.6646 -0.0000 0.0000 0.0000 -16.8879 -24.9321 -3.7594 3.7371 45.7958 -1.5789 4.7529 -31.6349 5.5803 -0.0000 0.0000 0.0000
0.5675 0.7040 -0.0920 -8.2241 3.6429 32.3387 7.8045 -2.6790 -27.1083 7.8045 -2.6790 -27.1083 4.3577 2.6548 -13.1289 4.3577 2.6548 -13.1289 -29.9962 15.2705 -53.1637 11.3264 -12.1308 -93.9556 4.0219 -0.3285 -9.3342 35.3192 10.6249 32.5637 -19.1443 -2.5735 15.1738 -14.8692 -1.2158 9.2968 7.3056 -19.7457 1.2731 20.9538 58.0624 -11.7201 17.9135 -19.4957 21.8708 -0.0000 0.0000 0.0000 -14.6797 -25.1163 -3.2872 1.1233 47.5887 -0.4953 6.8833 -32.9158 8.0459 -0.0000 0.0000 0.0000
0.5599 0.7049 -0.0833 -7.6500 2.9694 31.4442 7.0971 -2.3820 -27.9395 7.0971 -2.3820 -27.9395 4.2416 1.5848 -14.5782 4.2416 1.5848 -14.5782 -32.5077 16.9077 -54.0241 7.1410 -6.9568 -88.4990 -4.2562 0.2472 -6.6461 29.6958 9.7429 35.6438 -26.9554 -4.3858 18.1549 -15.3782 -1.1912 8.8058 8.3303 -18.2468 1.3401 20.6924 57.6588 -11.4765 16.2111 -19.5455 19.8030 -0.0000 0.0000 0.0000 -12.4501 -25.9399 -2.8782 -1.6756 49.3733 0.7703 8.5811 -33.9952 9.9930 -0.0000 0.0000 0.0000
0.5497 0.7075 -0.0687 -7.2224 2.6705 30.9408 6.4063 -2.1092 -28.5019 6.4063 -2.1092 -28.5019 4.1389 0.9968 -15.3613 4.1389 0.9968 -15.3613 -35.9316 17.3292 -50.3433 1.3466 -1.2684 -86.5767 -10.6630 0.2170 -2.3248 24.1380 8.4402 38.0794 -34.7253 -6.5196 20.6479 -14.7445 -1.0262 7.9187 9.8396 -17.0669 1.4800 19.4693 56.7072 -10.5788 14.6575 -18.9732 17.9544 -0.0000 0.0000 0.0000 -9.8334 -26.1660 -2.2906 -3.6770 50.7999 1.7464 9.2359 -35.2658 10.7108 -0.0000 0.0000 0.0000
0.5374 0.7112 -0.0472 -7.0231 2.9285 30.8815 5.8721 -1.8258 -28.6074 5.8721 -1.8258 -28.6074 4.3254 0.7632 -15.4871 4.3254 0.7632 -15.4871 -38.8087 16.5954 -44.9835 -5.0684 4.7326 -86.0709 -13.2108 -0.0716 0.6185 19.1635 6.9296 39.4619 -41.2301 -8.1581 21.4690 -13.4540 -0.8958 7.5839 11.6012 -16.2563 1.6625 17.5094 54.9818 -9.1633 13.5732 -17.8074 16.7065 -0.0000 0.0000 0.0000 -7.0501 -25.1195 -1.5726 -3.9320 51.0637 1.8787 8.5885 -36.7346 9.9150 -0.0000 0.0000 0.0000
0.5235 0.7145 -0.0211 -7.0145 3.4867 31.2437 5.4675 -1.5326 -28.5596 5.4675 -1.5326 -28.5596 4.7585 0.6017 -15.4376 4.7585 0.6017 -15.4376 -41.2021 15.1997 -39.0851 -11.9499 11.0316 -85.3926 -13.6184 -0.2218 1.8572 14.7530 5.4355 40.2730 -46.8205 -9.2580 21.1854 -11.3310 -0.6716 6.7617 13.4980 -15.5595 1.8526 15.4887 52.5611 -7.6838 13.0756 -16.2940 16.1913 -0.0000 0.0000 0.0000 -4.0894 -22.6770 -0.8203 -2.3707 50.3342 1.1140 7.1339 -38.6054 8.1894 -0.0000 0.0000 0.0000
0.5088 0.7164 0.0051 -7.0512 4.2080 31.8901 5.0339 -1.2452 -28.3479 5.0339 -1.2452 -28.3479 5.3003 0.6946 -15.0852 5.3003 0.6946 -15.0852 -43.4059 13.6099 -33.3794 -19.4468 17.1191 -82.5909 -12.9524 -0.1081 0.9526 10.0625 3.7948 41.2417 -50.4253 -9.4755 19.9663 -10.4515 -0.7974 8.7015 14.9849 -15.8463 2.0972 14.4683 50.5969 -6.8670 13.1390 -14.7307 16.3702 -0.0000 0.0000 0.0000 -0.6461 -19.0705 -0.1085 -0.3906 48.6907 0.1767 5.6958 -40.5340 6.5009 -0.0000 0.0000 0.0000
0.4940 0.7163 0.0260 -6.9493 5.0005 32.7295 4.4373 -0.9307 -27.6960 4.4373 -0.9307 -27.6960 5.7167 1.1873 -14.2456 5.7167 1.1873 -14.2456 -45.1029 11.9501 -28.2925 -26.8590 21.7876 -77.7385 -13.6319 0.0948 -0.7930 4.1289 1.6123 42.6469 -51.3834 -9.1840 18.9561 -12.8581 -1.6206 14.3080 15.9981 -17.3107 2.4509 14.0364 49.5334 -6.5014 13.4436 -13.0059 16.8648 -0.0000 0.0000 0.0000 2.2467 -16.2848 0.3215 1.6299 47.5330 -0.7178 4.5530 -42.0807 5.1728 -0.0000 0.0000 0.0000
0.4791 0.7147 0.0382 -6.5110 5.7729 33.6561 3.5658 -0.6088 -26.7009 3.5658 -0.6088 -26.7009 5.9427 2.0338 -12.9452 5.9427 2.0338 -12.9452 -46.2044 10.2889 -23.8347 -33.5885 24.7433 -72.0171 -15.5032 0.2979 -2.1882 -2.9617 -1.1857 43.6301 -51.2713 -9.1938 19.0229 -17.3334 -3.6882 23.8542 16.3309 -19.8197 2.8720 14.0336 49.4622 -6.4895 13.8538 -11.2588 17.5025 -0.0000 0.0000 0.0000 3.6705 -15.4153 0.4969 3.7418 47.5679 -1.6496 3.7905 -42.9961 4.2949 -0.0000 0.0000 0.0000
0.4645 0.7125 0.0421 -5.7791 6.5487 34.4855 2.4340 -0.3230 -25.5604 2.4340 -0.3230 -25.5604 5.8727 3.0820 -11.2140 5.8727 3.0820 -11.2140 -45.8355 8.7575 -20.5319 -38.0597 25.5627 -66.6669 -17.6572 0.5037 -3.2420 -10.5975 -4.1021 42.2276 -53.8811 -11.3976 22.2182 -20.6391 -6.0361 32.2976 16.3540 -22.9582 3.3428 13.3928 50.0027 -6.2679 14.6318 -9.9508 18.5815 -0.0000 0.0000 0.0000 4.1642 -15.4646 0.5657 5.6190 47.9630 -2.5012 3.2734 -43.2583 3.7062 -0.0000 0.0000 0.0000
0.4499 0.7108 0.0405 -4.9005 7.1552 35.3829 1.0363 0.0387 -24.0462 1.0363 0.0387 -24.0462 5.7194 4.2020 -9.5140 5.7194 4.2020 -9.5140 -45.2274 7.4067 -17.6651 -41.8079 25.0529 -60.3738 -19.6100 0.4939 -2.8572 -16.5656 -6.0200 39.7194 -61.2052 -18.0208 30.0161 -15.4091 -4.1861 30.2346 16.7039 -25.6908 3.8347 11.8572 50.1056 -5.5579 15.3821 -8.9432 19.6119 -0.0000 0.0000 0.0000 4.2069 -15.8300 0.5851 7.0450 48.1672 -3.1522 2.5497 -42.8758 2.8902 -0.0000 0.0000 0.0000
0.4347 0.7102 0.0372 -4.2269 7.4765 36.8329 -0.4690 0.5097 -22.1955 -0.4690 0.5097 -22.1955 5.6036 5.3626 -7.7387 5.6036 5.3626 -7.7387 -44.7033 6.2080 -15.0261 -45.0712 23.0919 -52.4247 -20.3202 -0.1438 0.8025 -19.3071 -6.6933 37.9437 -65.5699 -27.1581 41.1132 -3.0954 -0.5622 20.5829 17.8175 -27.1838 4.3408 10.0947 48.5405 -4.5610 15.1686 -7.9848 19.4225 -0.0000 0.0000 0.0000 4.1748 -16.1031 0.5908 8.7374 48.0007 -3.8962 1.1778 -42.5839 1.3362 -0.0000 0.0000 0.0000
0.4189 0.7107 0.0341 -3.8269 7.3977 38.8129 -2.0691 1.0380 -19.8279 -2.0691 1.0380 -19.8279 5.3046 6.7821 -5.1893 5.3046 6.7821 -5.1893 -43.9567 5.3984 -13.3256 -44.9073 18.4924 -43.0005 -19.4416 -0.8248 4.8118 -19.2951 -6.6597 37.7888 -57.4428 -31.7092 54.7934 5.3187 0.4649 9.9828 19.2566 -27.7022 4.7905 8.9079 45.1203 -3.7069 13.7514 -6.6947 17.7210 -0.0000 0.0000 0.0000 4.7510 -15.5515 0.6491 10.2638 47.0464 -4.4775 -0.8388 -42.4510 -0.9521 -0.0000 0.0000 0.0000
0.4029 0.7125 0.0308 -3.6122 7.1699 41.4181 -3.6978 1.3479 -16.9263 -3.6978 1.3479 -16.9263 4.2795 8.2109 -1.3491 4.2795 8.2109 -1.3491 -43.3051 5.1171 -12.8443 -38.7797 12.4223 -34.3651 -18.5779 -1.3316 8.1280 -17.4651 -6.3213 39.5467 -44.9935 -29.0522 64.0628 11.4926 0.3393 3.3710 20.4689 -28.0989 5.1739 8.4433 40.4439 -3.1151 11.3826 -4.5714 14.8269 -0.0000 0.0000 0.0000 5.4013 -15.1313 0.7179 11.8860 45.9259 -5.0511 -3.5565 -42.0956 -4.0407 -0.0000 0.0000 0.0000
0.3875 0.7156 0.0266 -3.5192 7.1295 44.9558 -5.1890 1.3306 -13.6541 -5.1890 1.3306 -13.6541 2.8741 8.6946 3.0337 2.8741 8.6946 3.0337 -42.7151 5.3772 -13.6955 -31.8418 7.9260 -27.3016 -16.8690 -1.5517 10.4363 -15.4541 -6.2634 43.9217 -34.3408 -22.0931 64.5711 19.9602 0.0110 0.0627 20.6973 -29.5140 5.5077 8.9795 35.7721 -2.9032 8.5172 -1.8298 11.2531 -0.0000 0.0000 0.0000 5.5448 -15.2675 0.7437 13.6824 44.6003 -5.6339 -6.8390 -41.2066 -7.7890 -0.0000 0.0000 0.0000
0.3742 0.7200 0.0208 -3.6025 7.6382 49.1484 -6.2737 1.0579 -10.4758 -6.2737 1.0579 -10.4758 1.9542 7.8652 6.3539 1.9542 7.8652 6.3539 -42.2445 6.4341 -16.5565 -28.5968 5.5977 -21.7170 -11.4007 -1.1532 11.5146 -15.4108 -7.3475 50.7735 -26.3356 -14.7087 57.7689 32.4689 -0.4528 -1.5549 19.9507 -32.1684 5.8064 9.4367 31.9662 -2.7085 6.0758 1.1768 8.1562 -0.0000 0.0000 0.0000 5.1861 -15.8421 0.7221 14.9983 42.8437 -5.9130 -9.7086 -39.5076 -11.1104 -0.0000 0.0000 0.0000
0.3640 0.7250 0.0134 -3.9352 8.5955 53.2697 -6.8322 0.6465 -6.8558 -6.8322 0.6465 -6.8558 1.5830 6.1654 7.8903 1.5830 6.1654 7.8903 -42.3959 8.4520 -21.5739 -28.1161 4.7476 -18.8002 -2.8405 -0.2722 10.9470 -15.2891 -8.6440 58.7658 -17.8042 -8.1121 48.7137 43.1653 -2.5603 -6.4664 18.5612 -35.5029 5.9891 9.6167 29.4119 -2.5295 4.4273 4.0077 6.0364 -0.0000 0.0000 0.0000 4.7919 -16.8228 0.7090 15.2667 41.1886 -5.7659 -11.6410 -37.5758 -13.3968 -0.0000 0.0000 0.0000
0.3568 0.7289 0.0059 -4.6068 9.7508 56.9879 -6.8119 0.2605 -3.1890 -6.8119 0.2605 -3.1890 1.4163 4.3159 7.9427 1.4163 4.3159 7.9427 -43.6441 10.1469 -25.0026 -26.5740 3.3420 -14.0847 5.3001 0.3178 6.8572 -11.6955 -7.3750 64.3609 -9.9270 -3.6528 40.3237 45.2416 -6.2137 -14.8432 17.4881 -38.9933 6.2341 9.2124 28.0020 -2.3017 3.5607 6.4715 4.9236 -0.0000 0.0000 0.0000 4.4080 -18.5659 0.7208 15.0960 40.4491 -5.5896 -12.8853 -36.2252 -14.8874 -0.0000 0.0000 0.0000
0.3518 0.7304 -0.0012 -5.3931 10.6646 59.9815 -6.3563 0.0166 -0.2443 -6.3563 0.0166 -0.2443 1.0472 3.0628 7.4318 1.0472 3.0628 7.4318 -46.3940 11.0907 -25.5304 -21.7177 2.1013 -10.9224 9.1413 0.1363 1.7054 -4.8755 -3.1160 65.1473 -5.8329 -1.7073 32.6050 37.2953 -7.8806 -23.0725 17.0957 -42.1246 6.6257 7.8940 27.2827 -1.9186 3.4616 8.4187 4.8421 -0.0000 0.0000 0.0000 4.1148 -20.7433 0.7534 14.9957 40.8532 -5.6124 -13.8432 -35.7289 -16.0156 -0.0000 0.0000 0.0000
0.3482 0.7287 -0.0084 -6.3047 11.2671 62.2059 -5.6371 -0.0983 1.8499 -5.6371 -0.0983 1.8499 0.3722 2.2560 6.9589 0.3722 2.2560 6.9589 -50.8160 10.5852 -22.0710 -12.5748 1.2087 -10.9372 9.0257 -0.1495 -1.8941 3.6837 2.2297 62.3603 -8.9533 -2.3317 29.1416 29.2697 -7.9050 -29.6411 17.6722 -44.9039 7.3510 6.0927 27.2258 -1.4767 3.8724 9.7143 5.4593 -0.0000 0.0000 0.0000 4.0392 -23.5708 0.8431 15.0333 42.6460 -5.8969 -14.4399 -35.9387 -16.6925 -0.0000 0.0000 0.0000
0.3451 0.7238 -0.0165 -7.3056 11.6425 64.0813 -4.8903 -0.1362 3.3865 -4.8903 -0.1362 3.3865 -0.4360 1.6696 6.5785 -0.4360 1.6696 6.5785 -55.3259 8.9581 -16.9987 -3.1692 0.3861 -13.8886 7.1984 -0.2119 -3.3672 12.0527 6.5992 57.2793 -14.5831 -3.8155 29.1829 22.5308 -6.9862 -34.0749 18.7018 -47.7351 8.3344 4.5237 27.9235 -1.1252 4.3731 10.4284 6.1921 -0.0000 0.0000 0.0000 4.2961 -26.9176 1.0286 15.1932 45.4964 -6.4014 -15.2057 -36.6754 -17.5341 -0.0000 0.0000 0.0000
0.3417 0.7166 -0.0258 -8.3033 11.9062 65.7970 -4.2522 -0.1356 4.6117 -4.2522 -0.1356 4.6117 -1.1805 1.2552 6.1825 -1.1805 1.2552 6.1825 -58.7939 7.5293 -13.3229 3.1715 -0.4798 -17.2008 5.8934 -0.1692 -3.2858 18.3233 9.2187 53.1204 -19.1095 -4.9957 29.0581 17.7500 -5.8971 -36.5114 19.8718 -50.6308 9.4736 3.3669 29.1807 -0.8766 4.7938 10.8587 6.8057 -0.0000 0.0000 0.0000 4.4664 -30.6842 1.2260 15.5701 49.0430 -7.1376 -16.1705 -37.5937 -18.5891 -0.0000 0.0000 0.0000
0.3377 0.7076 -0.0353 -9.3762 12.1544 67.2196 -3.6270 -0.1266 5.5926 -3.6270 -0.1266 5.5926 -1.9291 0.8239 5.7958 -1.9291 0.8239 5.7958 -63.1338 7.5447 -12.2506 3.9499 -0.6158 -17.7156 6.4780 -0.1778 -3.1417 21.7346 10.3719 50.6062 -21.8359 -5.5596 28.2575 14.0590 -4.7745 -37.3604 20.9181 -53.6618 10.6688 3.0524 30.9568 -0.8455 5.0229 11.0289 7.1381 -0.0000 0.0000 0.0000 4.7519 -34.6301 1.4822 15.8207 52.8618 -7.9019 -16.9111 -38.6075 -19.3766 -0.0000 0.0000 0.0000
0.3333 0.6974 -0.0424 -10.5199 12.5020 68.3486 -3.0623 -0.1190 6.4227 -3.0623 -0.1190 6.4227 -2.6642 0.2798 5.4109 -2.6642 0.2798 5.4109 -67.3525 8.2807 -12.4006 3.9948 -0.6158 -17.5201 6.0517 -0.0696 -1.3173 23.6251 11.0626 49.6924 -23.6804 -5.7540 26.9611 10.7680 -3.6820 -37.6643 22.1879 -56.8768 12.1232 3.2953 33.2098 -0.9829 5.0780 10.9139 7.2111 -0.0000 0.0000 0.0000 5.1117 -38.7292 1.7976 16.4053 56.7927 -8.9121 -17.5452 -39.6858 -20.0342 -0.0000 0.0000 0.0000
0.3288 0.6865 -0.0448 -11.6218 12.9047 69.3461 -2.6531 -0.1436 7.0741 -2.6531 -0.1436 7.0741 -3.3005 -0.2024 5.0484 -3.3005 -0.2024 5.0484 -71.1651 9.4925 -13.2387 3.1099 -0.5301 -19.3427 4.8985 0.1223 2.8594 24.9759 11.7613 49.8824 -23.7620 -5.6596 26.4432 6.6436 -2.3189 -38.4466 23.3650 -60.0590 13.6315 3.9341 35.5575 -1.2619 5.0614 10.6972 7.1776 -0.0000 0.0000 0.0000 5.5650 -42.4525 2.1629 17.4651 60.2249 -10.1816 -18.1400 -40.6156 -20.6522 -0.0000 0.0000 0.0000
0.3244 0.6753 -0.0422 -12.6470 13.2724 70.1225 -2.3658 -0.2168 7.5126 -2.3658 -0.2168 7.5126 -3.8098 -0.5951 4.7623 -3.8098 -0.5951 4.7623 -74.0255 10.3899 -13.7530 3.4150 -0.7313 -24.1663 3.5714 0.2436 7.8009 25.8122 12.4344 50.8547 -22.0020 -5.2667 26.6217 1.5876 -0.5648 -39.1657 25.0732 -62.9043 15.4905 4.7041 37.8877 -1.6154 5.0055 10.4465 7.0873 -0.0000 0.0000 0.0000 6.5793 -45.5105 2.7621 19.1669 62.9933 -11.8127 -18.5532 -41.3984 -21.0712 -0.0000 0.0000 0.0000
0.3202 0.6643 -0.0343 -13.5180 13.6254 70.7159 -2.2182 -0.3208 7.7562 -2.2182 -0.3208 7.7562 -4.1724 -0.9047 4.5723 -4.1724 -0.9047 4.5723 -75.8727 11.1613 -14.2895 4.1534 -1.1481 -30.8909 2.5249 0.2638 11.9260 26.5103 13.1400 52.1104 -18.7348 -4.7311 28.1177 -4.0752 1.5112 -40.6782 27.4230 -65.3003 17.7710 5.5184 40.1514 -2.0181 4.7286 10.0970 6.6810 -0.0000 0.0000 0.0000 8.7368 -47.6076 3.8601 20.3811 64.9138 -13.0445 -19.4616 -42.0078 -22.0577 -0.0000 0.0000 0.0000
0.3164 0.6539 -0.0210 -14.1763 13.9392 71.1555 -2.2048 -0.4165 7.9076 -2.2048 -0.4165 7.9076 -4.3784 -1.1427 4.4380 -4.3784 -1.1427 4.4380 -76.4424 12.1647 -15.4115 5.1377 -1.7190 -36.9776 2.3387 0.2961 14.4307 26.9609 13.7212 53.3048 -14.9667 -3.9814 29.6427 -8.7363 3.3804 -42.2431 30.4004 -67.0876 20.4226 6.1238 42.1753 -2.3634 4.1802 9.6320 5.8898 -0.0000 0.0000 0.0000 11.3619 -48.9715 5.1880 20.5331 66.2566 -13.4825 -20.9684 -42.4360 -23.7252 -0.0000 0.0000 0.0000
0.3133 0.6440 -0.0032 -14.7016 14.2102 71.4685 -2.2093 -0.5006 8.0480 -2.2093 -0.5006 8.0480 -4.5278 -1.3607 4.2849 -4.5278 -1.3607 4.2849 -76.6863 13.3545 -16.8382 5.6457 -2.0460 -39.8154 2.8335 0.3705 14.8945 27.0864 14.1336 54.4657 -11.4501 -3.1629 30.7930 -11.9990 4.8133 -43.5943 33.9688 -68.3039 23.4118 6.3900 43.9058 -2.5779 3.4425 9.0805 4.8347 -0.0000 0.0000 0.0000 14.0591 -49.8456 6.5586 19.7058 67.2300 -13.1723 -22.5042 -42.7446 -25.4279 -0.0000 0.0000 0.0000
0.3110 0.6348 0.0176 -15.1383 14.4338 71.8013 -2.2696 -0.5887 8.2595 -2.2696 -0.5887 8.2595 -4.5685 -1.5195 4.0065 -4.5685 -1.5195 4.0065 -76.6852 14.8436 -18.7043 6.3404 -2.4086 -41.5686 2.7642 0.3587 14.7836 27.1084 14.4318 55.4154 -8.5625 -2.4013 31.2809 -14.0089 5.7790 -44.6671 37.8362 -68.9467 26.4835 6.2256 45.1851 -2.5926 2.7495 8.6755 3.8523 -0.0000 0.0000 0.0000 17.7090 -49.8169 8.2751 17.5529 67.4504 -11.7685 -23.8706 -42.8463 -26.9519 -0.0000 0.0000 0.0000
0.3094 0.6262 0.0394 -15.5253 14.5963 72.1690 -2.3815 -0.6994 8.5583 -2.3815 -0.6994 8.5583 -4.5032 -1.6014 3.5941 -4.5032 -1.6014 3.5941 -76.3716 16.6191 -21.0397 7.1593 -2.7578 -42.0909 2.8323 0.3426 13.7916 27.2385 14.6679 55.9563 -6.2956 -1.7505 31.0506 -15.2212 6.3204 -44.9019 41.3939 -69.0873 29.1575 5.6922 45.8879 -2.4113 2.2871 8.6283 3.2037 -0.0000 0.0000 0.0000 21.8072 -49.0648 10.0491 13.9829 67.0439 -9.2887 -24.7132 -42.7204 -27.9054 -0.0000 0.0000 0.0000
0.3086 0.6187 0.0603 -15.8877 14.6787 72.6564 -2.5000 -0.8292 8.9328 -2.5000 -0.8292 8.9328 -4.3638 -1.5954 3.0275 -4.3638 -1.5954 3.0275 -75.7347 18.7036 -23.9165 8.0256 -3.0507 -41.5725 3.2000 0.3350 11.9481 27.4090 14.8039 56.0921 -4.7536 -1.2777 30.0744 -15.4852 6.4062 -44.7448 44.3413 -69.0722 31.3314 5.1219 46.2155 -2.1867 2.1702 9.1224 3.0491 -0.0000 0.0000 0.0000 25.4763 -48.0226 11.5008 10.7720 66.2242 -7.0373 -24.8169 -42.3565 -28.0509 -0.0000 0.0000 0.0000
0.3083 0.6126 0.0784 -16.2068 14.7044 73.3113 -2.6158 -0.9529 9.2715 -2.6158 -0.9529 9.2715 -4.1754 -1.5255 2.3998 -4.1754 -1.5255 2.3998 -74.8169 21.0036 -27.2494 9.0014 -3.3062 -40.2700 3.9425 0.3209 9.3030 27.6873 14.9252 55.9849 -3.7200 -0.9654 29.0886 -15.1594 6.2831 -44.8283 46.6278 -69.2211 33.1264 4.6922 46.4189 -2.0129 2.0684 9.7247 2.9170 -0.0000 0.0000 0.0000 28.3491 -47.1112 12.5671 8.1876 65.3554 -5.2571 -25.1380 -41.9577 -28.4433 -0.0000 0.0000 0.0000
0.3084 0.6082 0.0925 -16.4918 14.6762 74.1929 -2.7234 -1.0591 9.5705 -2.7234 -1.0591 9.5705 -3.9478 -1.3985 1.7052 -3.9478 -1.3985 1.7052 -73.6057 23.5040 -31.0782 10.0340 -3.4976 -38.3545 5.0399 0.2648 6.0106 28.0099 14.9788 55.5856 -2.8003 -0.7059 28.2905 -14.9447 6.2401 -45.1343 48.1571 -69.4785 34.4345 4.5959 46.3936 -1.9704 1.9785 10.4954 2.8038 -0.0000 0.0000 0.0000 30.1917 -46.5164 13.2263 6.3065 64.4784 -3.9799 -25.6049 -41.5032 -29.0048 -0.0000 0.0000 0.0000
0.3084 0.6057 0.1028 -16.7191 14.6703 75.2290 -2.8374 -1.1296 9.7902 -2.8374 -1.1296 9.7902 -3.7273 -1.2828 1.0157 -3.7273 -1.2828 1.0157 -72.0930 26.0381 -35.2504 11.1031 -3.6290 -36.1046 6.3340 0.1320 2.3849 28.4579 15.0554 55.0501 -1.8538 -0.4605 27.8968 -15.2740 6.4577 -45.6361 49.0226 -69.7694 35.2714 4.6730 46.1728 -1.9928 1.7944 11.3463 2.5567 -0.0000 0.0000 0.0000 30.8895 -46.4818 13.5330 5.4172 63.9240 -3.3816 -26.3456 -41.1279 -29.8679 -0.0000 0.0000 0.0000
0.3081 0.6056 0.1090 -16.8766 14.6972 76.3784 -2.9953 -1.1938 9.9794 -2.9953 -1.1938 9.9794 -3.4737 -1.0940 0.3026 -3.4737 -1.0940 0.3026 -70.1714 28.5655 -39.8428 12.1068 -3.6586 -33.5219 7.8378 -0.1001 -1.4609 29.0924 15.0899 54.0843 -1.2213 -0.2977 27.3953 -15.5556 6.5801 -45.6489 48.9726 -69.9897 35.3687 4.9614 45.5909 -2.0862 1.6406 12.1856 2.3504 -0.0000 0.0000 0.0000 31.2744 -46.2380 13.6290 5.1627 62.9042 -3.1591 -26.6536 -40.5854 -30.2612 -0.0000 0.0000 0.0000
0.3074 0.6074 0.1123 -16.9537 14.7685 77.4017 -3.1731 -1.2596 10.1938 -3.1731 -1.2596 10.1938 -3.2158 -0.8488 -0.3966 -3.2158 -0.8488 -0.3966 -67.7786 30.9703 -44.8277 13.0363 -3.5906 -30.6813 9.5180 -0.4450 -5.3410 29.8313 15.0338 52.7049 -0.8576 -0.2030 26.6364 -15.8314 6.5682 -44.8514 48.2718 -70.0653 34.8777 5.1906 44.7441 -2.1377 1.5998 12.8318 2.3018 -0.0000 0.0000 0.0000 31.3000 -45.8421 13.5115 5.0856 61.5896 -3.0323 -26.3761 -39.9023 -30.0092 -0.0000 0.0000 0.0000
0.3063 0.6104 0.1140 -16.9566 14.8674 78.2160 -3.3372 -1.3228 10.4493 -3.3372 -1.3228 10.4493 -2.9740 -0.5599 -1.0575 -2.9740 -0.5599 -1.0575 -64.9511 33.1719 -50.1560 13.8963 -3.4388 -27.6751 11.3540 -0.9048 -9.0828 30.5108 14.8540 51.0923 -0.6906 -0.1561 25.4782 -15.9738 6.3904 -43.3926 47.2629 -70.0392 34.0904 5.3068 43.7989 -2.1346 1.7069 13.2804 2.4632 -0.0000 0.0000 0.0000 30.5598 -45.7258 13.1422 5.6371 60.4557 -3.2863 -25.8699 -39.1901 -29.5009 -0.0000 0.0000 0.0000
0.3056 0.6138 0.1152 -16.9264 14.9235 78.8037 -3.4377 -1.3841 10.6881 -3.4377 -1.3841 10.6881 -2.7756 -0.2653 -1.6174 -2.7756 -0.2653 -1.6174 -61.6523 34.9795 -55.6717 14.6644 -3.2252 -24.6827 13.3434 -1.4691 -12.5104 30.9821 14.5843 49.5658 -0.5191 -0.1108 24.1039 -15.9918 6.1253 -41.7036 46.5000 -69.9916 33.4810 5.2788 43.0138 -2.0813 1.7283 13.2673 2.4938 -0.0000 0.0000 0.0000 29.3309 -45.9008 12.6472 6.5213 59.6905 -3.7444 -25.8400 -38.6630 -29.5132 -0.0000 0.0000 0.0000
0.3047 0.6162 0.1175 -16.9302 14.8653 79.3020 -3.4818 -1.4668 10.8770 -3.4818 -1.4668 10.8770 -2.5790 0.0242 -2.0955 -2.5790 0.0242 -2.0955 -57.8644 36.2567 -61.2759 15.2178 -2.9531 -21.8428 15.4565 -2.1176 -15.5104 31.3072 14.2882 48.1975 -0.1802 -0.0363 22.7708 -16.3848 5.9964 -39.9839 46.0279 -69.9716 33.1107 5.1601 42.3542 -2.0002 1.8665 13.2253 2.6925 -0.0000 0.0000 0.0000 28.6877 -45.6731 12.2922 7.0064 58.7027 -3.9434 -25.5277 -38.1823 -29.2018 -0.0000 0.0000 0.0000
0.3088 0.6167 0.1209 -16.9959 14.7437 79.6634 -3.4803 -1.5568 10.9338 -3.4803 -1.5568 10.9338 -2.4250 0.2039 -2.4165 -2.4250 0.2039 -2.4165 -53.6762 36.8079 -66.6586 15.6138 -2.6754 -19.3315 17.7116 -2.8195 -17.9519 31.5700 14.1320 47.3533 0.3001 0.0579 21.8417 -17.2155 6.0776 -38.6516 45.7199 -70.1328 32.9703 4.8680 41.9095 -1.8652 1.9908 13.1573 2.8705 -0.0000 0.0000 0.0000 28.6195 -45.3277 12.1596 7.0730 57.9579 -3.9207 -25.3365 -37.9596 -29.0045 -0.0000 0.0000 0.0000
0.3160 0.6163 0.1235 -17.0722 14.5973 79.7370 -3.4248 -1.6475 10.8613 -3.4248 -1.6475 10.8613 -2.3479 0.2878 -2.5282 -2.3479 0.2878 -2.5282 -49.1680 36.5031 -71.5708 15.8343 -2.4060 -17.1736 20.1553 -3.5355 -19.7031 31.9055 14.1495 46.9382 0.6237 0.1166 21.1803 -18.3784 6.1939 -36.9854 45.2396 -70.4033 32.7607 4.6186 41.6300 -1.7566 2.0990 13.0129 3.0235 -0.0000 0.0000 0.0000 29.3013 -44.6219 12.2461 6.3565 57.3128 -3.4763 -24.9865 -38.0083 -28.6037 -0.0000 0.0000 0.0000
0.3163 0.6168 0.1207 -17.1145 14.4622 79.3800 -3.3338 -1.7272 10.6567 -3.3338 -1.7272 10.6567 -2.3458 0.3255 -2.3720 -2.3458 0.3255 -2.3720 -44.5613 35.3476 -75.7419 15.9778 -2.1607 -15.3057 22.7814 -4.2131 -20.6939 32.4833 14.3933 46.8684 0.6734 0.1238 20.8332 -20.1600 6.3514 -34.6674 44.2928 -70.9741 32.3625 4.8509 41.7696 -1.8519 2.3093 12.8467 3.3226 -0.0000 0.0000 0.0000 30.3536 -43.8165 12.4517 5.2972 57.0850 -2.8827 -24.0403 -38.3348 -27.5038 -0.0000 0.0000 0.0000
0.3106 0.6172 0.1116 -17.0294 14.4884 78.2986 -3.2700 -1.7636 10.4979 -3.2700 -1.7636 10.4979 -2.4157 0.3582 -1.9661 -2.4157 0.3582 -1.9661 -40.0750 33.6797 -79.3791 16.2629 -1.9156 -13.3479 25.5009 -4.7912 -20.9492 33.2632 14.7789 46.9372 0.6213 0.1169 21.3032 -22.4920 6.5672 -32.1897 44.0511 -72.3054 32.9321 5.5955 41.7546 -2.1356 2.3265 13.3083 3.3578 -0.0000 0.0000 0.0000 28.6695 -43.5662 11.6619 6.8695 58.7354 -3.8688 -23.7063 -40.3934 -26.9599 -0.0000 0.0000 0.0000
0.3006 0.6204 0.0967 -16.8190 14.2531 77.5006 -3.0546 -1.6446 9.9922 -3.0546 -1.6446 9.9922 -2.5490 0.3570 -1.3708 -2.5490 0.3570 -1.3708 -35.8203 31.9445 -83.0576 16.9645 -1.6172 -10.8124 28.1512 -5.2196 -20.6071 34.8944 15.2811 46.2293 -0.4725 -0.0962 23.0142 -25.2885 6.7458 -29.4393 40.9498 -72.5219 30.6339 6.2328 44.3348 -2.5415 2.8615 10.8872 4.0646 -0.0000 0.0000 0.0000 26.0700 -46.2534 11.2936 11.7736 59.5154 -6.7472 -21.8815 -39.1775 -24.9905 -0.0000 0.0000 0.0000
0.2881 0.6312 0.0770 -16.4569 13.6930 77.3492 -2.6925 -1.3479 8.9040 -2.6925 -1.3479 8.9040 -2.7353 0.2578 -0.5232 -2.7353 0.2578 -0.5232 -31.8184 30.1191 -86.6986 18.0337 -1.2098 -7.6132 30.6334 -5.4652 -19.7713 38.1880 16.1617 44.6021 -2.4903 -0.5840 26.3943 -29.2127 6.9251 -26.1431 33.4070 -70.7158 24.0404 6.7847 46.0735 -2.8878 3.7607 8.3534 5.2580 -0.0000 0.0000 0.0000 23.3666 -50.5435 11.1514 18.4821 59.3083 -10.5844 -19.7969 -34.6206 -22.9433 -0.0000 0.0000 0.0000
0.2752 0.6468 0.0536 -15.8890 12.9121 77.7428 -2.1645 -0.8881 7.0123 -2.1645 -0.8881 7.0123 -3.0598 0.0293 0.7455 -3.0598 0.0293 0.7455 -28.1184 28.0160 -89.7823 19.3947 -0.6339 -3.7081 32.9797 -5.4821 -18.3743 43.5859 17.4015 41.8887 -4.8389 -1.3920 32.0805 -34.0401 6.7335 -21.7567 24.5794 -66.1119 16.1385 6.4398 44.0673 -2.6085 4.5054 8.1985 6.2924 -0.0000 0.0000 0.0000 20.5545 -55.5114 10.9014 24.7496 59.6250 -14.3309 -18.7265 -29.0996 -22.1004 -0.0000 0.0000 0.0000
0.2656 0.6617 0.0289 -14.9649 12.2028 77.8187 -1.5557 -0.4110 4.5214 -1.5557 -0.4110 4.5214 -3.6093 -0.2443 2.6196 -3.6093 -0.2443 2.6196 -24.8782 25.4800 -91.4143 20.5400 0.1249 0.6894 35.1613 -5.2263 -16.3933 50.9530 18.3968 37.5422 -5.8404 -2.1197 39.8680 -38.6343 5.3564 -15.2020 14.8341 -60.4603 8.6761 9.0306 38.8463 -3.1901 4.0498 10.6840 5.7440 -0.0000 0.0000 0.0000 17.9316 -58.9338 10.1881 29.1725 60.3662 -17.2130 -18.6789 -24.7196 -22.3745 -0.0000 0.0000 0.0000
0.2665 0.6698 0.0033 -13.6395 11.7892 76.6859 -0.9877 -0.0779 1.5038 -0.9877 -0.0779 1.5038 -4.3295 -0.2532 5.0938 -4.3295 -0.2532 5.0938 -22.5600 22.5113 -89.8728 21.1337 0.8954 4.7973 37.0504 -4.6944 -13.9482 59.4678 18.0094 31.0126 -2.9494 -1.3438 48.9812 -41.7991 2.2280 -5.8305 4.3056 -56.0948 2.2947 15.8865 32.4419 -4.6490 2.1888 15.1097 3.1984 -0.0000 0.0000 0.0000 14.8253 -59.6131 8.5247 33.6216 61.6798 -20.4509 -19.0411 -23.0074 -22.9422 -0.0000 0.0000 0.0000
0.2745 0.6704 -0.0228 -11.9343 11.7804 73.7658 -0.6184 0.0355 -1.6604 -0.6184 0.0355 -1.6604 -5.0630 0.2745 7.6567 -5.0630 0.2745 7.6567 -21.5290 19.5246 -84.2889 21.2293 1.4136 7.5326 38.4109 -4.0150 -11.4921 66.2674 15.6136 23.7246 3.9730 2.1487 56.7967 -40.4379 -1.7430 4.7301 -6.9005 -55.3586 -3.6229 25.6588 27.1233 -6.2886 -0.4443 19.9284 -0.6731 -0.0000 0.0000 0.0000 10.1620 -56.2501 5.4419 39.9161 63.1941 -25.1840 -19.6760 -25.4094 -23.5029 -0.0000 0.0000 0.0000
0.2815 0.6627 -0.0485 -10.3090 11.7998 70.1005 -0.4470 0.0120 -4.7724 -0.4470 0.0120 -4.7724 -5.5357 1.2354 9.3890 -5.5357 1.2354 9.3890 -21.3347 16.8913 -76.4959 21.1192 1.7794 9.5241 39.6162 -3.4965 -9.6876 68.9766 11.9236 17.2871 12.0311 7.1730 61.4870 -34.8658 -4.1865 13.2785 -17.6010 -56.7798 -9.5661 36.6090 28.4106 -9.5735 -2.1023 19.8025 -3.1813 -0.0000 0.0000 0.0000 2.6944 -53.4673 1.3573 52.4641 61.5837 -32.7294 -19.8435 -25.3351 -23.7073 -0.0000 0.0000 0.0000
0.2900 0.6453 -0.0700 -9.2284 11.9209 66.2809 -0.4012 -0.0097 -7.7166 -0.4012 -0.0097 -7.7166 -5.5329 2.3652 9.7730 -5.5329 2.3652 9.7730 -21.4416 14.2803 -66.9811 21.9480 1.5517 7.9899 39.5139 -2.7829 -7.7378 67.7334 9.1997 13.6721 18.0308 11.0224 62.6106 -28.1079 -4.7633 18.8669 -25.6376 -59.5930 -14.8470 46.8397 32.2288 -14.2659 -2.9927 18.2398 -4.4736 -0.0000 0.0000 0.0000 -5.4360 -51.5487 -2.6264 65.9925 58.9937 -40.3383 -18.8439 -23.5840 -22.6604 -0.0000 0.0000 0.0000
0.2985 0.6252 -0.0840 -8.8161 12.3134 62.7851 -0.3222 0.0290 -10.5822 -0.3222 0.0290 -10.5822 -5.0076 3.4461 8.7364 -5.0076 3.4461 8.7364 -21.6466 11.6672 -56.2407 24.6412 0.9622 4.4035 37.7220 -1.9277 -5.6390 64.8935 8.2235 12.9023 20.4587 12.1373 61.0086 -22.4448 -4.5215 22.5062 -29.1467 -62.9859 -18.0995 53.5138 36.4464 -18.8499 -3.4417 16.7674 -5.0883 -0.0000 0.0000 0.0000 -12.2272 -51.0318 -5.8534 78.1467 56.9742 -47.5558 -17.6279 -21.9983 -21.3290 -0.0000 0.0000 0.0000
0.3056 0.6090 -0.0901 -8.7054 12.9823 59.4581 -0.2025 0.0470 -13.3712 -0.2025 0.0470 -13.3712 -4.1272 4.3244 6.9780 -4.1272 4.3244 6.9780 -21.8974 9.0602 -44.5442 28.6843 0.2069 0.8094 34.4829 -1.1772 -3.7919 62.6892 8.2716 13.5408 19.3714 10.4649 56.4326 -17.1725 -4.0150 26.1389 -31.0448 -66.5194 -20.6482 59.1719 40.5563 -23.6947 -4.3253 14.4015 -6.2869 -0.0000 0.0000 0.0000 -16.9594 -51.3963 -8.2074 87.4127 55.7263 -53.6150 -16.6833 -21.5388 -20.2274 -0.0000 0.0000 0.0000
0.3102 0.5968 -0.0906 -8.6706 13.8338 56.2728 -0.0326 -0.0252 -16.0982 -0.0326 -0.0252 -16.0982 -2.8851 5.0125 4.7670 -2.8851 5.0125 4.7670 -22.1863 6.5122 -32.3613 32.8186 -0.3203 -1.0878 30.7521 -0.8128 -2.9552 61.1357 8.4730 14.2970 15.4465 7.0730 48.9982 -10.8181 -3.0218 31.1312 -29.7918 -70.0071 -21.1044 62.6865 44.8640 -28.2264 -4.9461 11.7566 -7.0621 -0.0000 0.0000 0.0000 -19.6326 -52.1276 -9.6746 93.8362 55.3382 -58.5552 -15.5674 -22.0616 -18.8468 -0.0000 0.0000 0.0000
0.3123 0.5875 -0.0883 -8.4622 14.6744 53.1545 0.1315 -0.2215 -18.4532 0.1315 -0.2215 -18.4532 -1.2631 5.4946 2.0935 -1.2631 5.4946 2.0935 -22.2060 4.1516 -20.9283 35.5920 -0.3015 -0.9392 27.8163 -0.8310 -3.3551 59.8901 8.2357 14.2471 9.1751 3.4179 40.7931 -4.2664 -1.3338 34.7088 -25.1376 -73.0668 -18.7587 64.4754 49.3713 -32.3313 -5.0236 9.1658 -7.0565 -0.0000 0.0000 0.0000 -18.7164 -51.8448 -9.1595 96.0274 55.9923 -61.1417 -14.4410 -23.2114 -17.4180 -0.0000 0.0000 0.0000
0.3132 0.5792 -0.0853 -7.9760 15.1979 50.1676 0.1329 -0.5219 -20.0490 0.1329 -0.5219 -20.0490 0.4678 5.7835 -0.8640 0.4678 5.7835 -0.8640 -21.2371 2.3468 -12.4701 35.7843 0.3544 1.0978 26.4243 -1.1135 -4.7404 58.1260 7.5424 13.5281 2.9344 0.8959 33.9491 1.1284 0.3527 34.7097 -18.2255 -75.2700 -14.1014 65.7677 53.4278 -36.0464 -4.8520 6.8114 -6.7206 -0.0000 0.0000 0.0000 -18.1303 -51.4747 -8.7964 98.7960 56.5260 -64.1917 -14.2481 -25.0456 -17.0753 -0.0000 0.0000 0.0000
0.3130 0.5732 -0.0827 -7.3165 15.3606 47.3986 0.0300 -0.8241 -20.9361 0.0300 -0.8241 -20.9361 2.7728 5.6481 -4.9638 2.7728 5.6481 -4.9638 -19.4367 1.1594 -6.7619 34.5612 0.6811 2.1892 25.4016 -1.3515 -5.9916 55.3070 7.1589 13.6161 -1.7952 -0.4634 28.9484 4.8711 1.3722 31.4499 -9.5230 -76.5144 -7.5158 66.8653 56.7907 -39.2827 -4.4578 4.9803 -6.1108 -0.0000 0.0000 0.0000 -17.4996 -50.8691 -8.3727 100.6770 57.3529 -66.8261 -13.8728 -27.2884 -16.4990 -0.0000 0.0000 0.0000
0.3122 0.5690 -0.0807 -6.5339 15.2050 44.8689 -0.0890 -1.0981 -21.3828 -0.0890 -1.0981 -21.3828 5.4035 4.6422 -10.2732 5.4035 4.6422 -10.2732 -17.5153 0.4422 -2.8696 32.9783 0.7592 2.5642 24.4988 -1.4470 -6.6576 51.6647 7.1367 14.6799 -5.3173 -1.1751 24.9063 5.6185 1.3044 26.1208 0.3246 -76.7347 0.2570 66.9818 59.6603 -41.5532 -3.8518 3.4310 -5.2357 -0.0000 0.0000 0.0000 -16.9673 -50.2064 -7.9948 102.4814 58.2257 -69.4931 -13.7241 -30.2664 -16.1604 -0.0000 0.0000 0.0000
0.3109 0.5662 -0.0795 -5.5508 14.7098 42.5919 -0.2645 -1.3590 -21.6825 -0.2645 -1.3590 -21.6825 7.4856 2.8745 -15.8470 7.4856 2.8745 -15.8470 -15.8177 -0.0216 0.1553 31.4708 0.7395 2.6242 23.4116 -1.4436 -6.9592 48.0928 7.0769 15.7800 -7.9269 -1.5566 22.1859 4.8170 0.8829 20.7611 8.3496 -76.0798 6.5373 67.1797 62.0029 -43.5120 -3.3989 1.6608 -4.5767 -0.0000 0.0000 0.0000 -16.0284 -49.3325 -7.3989 103.6899 59.4956 -72.0655 -13.2748 -33.3739 -15.4754 -0.0000 0.0000 0.0000
0.3091 0.5656 -0.0778 -4.5986 14.0548 40.7008 -0.4103 -1.5815 -21.8969 -0.4103 -1.5815 -21.8969 8.4800 1.0737 -20.3582 8.4800 1.0737 -20.3582 -14.5508 -0.3379 2.6459 30.0351 0.7577 2.8239 22.2130 -1.4155 -7.2011 44.7977 6.9890 16.8560 -9.3825 -1.7053 20.5591 2.4317 0.3630 16.9764 15.1033 -74.6972 11.5538 65.5712 64.0292 -43.8699 -2.6902 0.4254 -3.5995 -0.0000 0.0000 0.0000 -14.4489 -48.2200 -6.4939 103.8686 61.1390 -74.0509 -12.6234 -36.0644 -14.5931 -0.0000 0.0000 0.0000
0.3071 0.5667 -0.0754 -3.7562 13.3139 39.1162 -0.5168 -1.7546 -22.0255 -0.5168 -1.7546 -22.0255 8.7372 -0.2532 -23.6293 8.7372 -0.2532 -23.6293 -13.6215 -0.5623 4.7058 28.7732 0.8708 3.3940 21.0226 -1.3975 -7.5213 41.7911 6.7275 17.5044 -10.1829 -1.7655 19.6224 -1.2897 -0.1566 13.8473 19.8240 -73.0822 14.7572 63.6780 65.6828 -43.6841 -2.0491 -0.6218 -2.7272 -0.0000 0.0000 0.0000 -12.3702 -46.5513 -5.3381 102.4928 62.8726 -74.5809 -11.8145 -38.3165 -13.5649 -0.0000 0.0000 0.0000
0.3051 0.5699 -0.0725 -3.1517 12.5724 37.8271 -0.5111 -1.8478 -21.9742 -0.5111 -1.8478 -21.9742 8.7062 -1.0406 -25.8066 8.7062 -1.0406 -25.8066 -12.8233 -0.6766 6.0152 27.4230 1.0882 4.4580 20.3242 -1.4124 -7.8679 38.9761 6.3671 17.8646 -10.9707 -1.8180 18.7637 -5.3743 -0.5534 11.7503 23.0033 -71.5371 16.6787 62.0258 66.9407 -43.3513 -1.5774 -1.7001 -2.0882 -0.0000 0.0000 0.0000 -10.5195 -44.9802 -4.3654 100.3237 64.4699 -74.1661 -11.2004 -40.2690 -12.7847 -0.0000 0.0000 0.0000
0.3030 0.5749 -0.0696 -2.7010 11.8207 36.7633 -0.4488 -1.8827 -21.8106 -0.4488 -1.8827 -21.8106 8.6088 -1.4726 -27.3516 8.6088 -1.4726 -27.3516 -12.0932 -0.7223 6.8106 25.9184 1.3231 5.7453 20.1865 -1.4881 -8.3453 36.4802 6.0302 18.1611 -12.0928 -1.9118 17.9039 -8.5596 -0.7799 10.3927 25.0527 -70.0757 17.7098 60.7692 67.8667 -43.0581 -1.2633 -2.7989 -1.6634 -0.0000 0.0000 0.0000 -8.7504 -43.4308 -3.4907 97.1398 66.0097 -72.7036 -10.6134 -42.0507 -12.0511 -0.0000 0.0000 0.0000
0.3009 0.5813 -0.0676 -2.3631 11.1215 35.9613 -0.3667 -1.8847 -21.6482 -0.3667 -1.8847 -21.6482 8.5269 -1.6321 -28.3350 8.5269 -1.6321 -28.3350 -11.3407 -0.7353 7.3956 24.4390 1.4545 6.7089 20.5057 -1.5439 -8.5204 34.1085 5.7440 18.5755 -13.3902 -2.0068 16.9718 -11.0668 -0.9308 9.5856 26.2861 -68.7516 18.1511 59.8118 68.5185 -42.7856 -1.0944 -3.8268 -1.4339 -0.0000 0.0000 0.0000 -7.2853 -42.1463 -2.8105 93.3124 67.3908 -70.4832 -10.2424 -43.6168 -11.5764 -0.0000 0.0000 0.0000
0.2986 0.5881 -0.0670 -1.9999 10.4286 35.3678 -0.3464 -1.8773 -21.5702 -0.3464 -1.8773 -21.5702 8.4560 -1.6276 -29.0213 8.4560 -1.6276 -29.0213 -10.5300 -0.7254 7.8597 23.1552 1.5420 7.5165 20.9725 -1.6000 -8.6288 31.6611 5.4244 18.9695 -14.5054 -2.0783 16.2229 -12.7981 -1.0421 9.2719 26.7536 -67.5306 18.0676 59.2710 68.9488 -42.6731 -1.1242 -4.8338 -1.4660 -0.0000 0.0000 0.0000 -5.8664 -40.8162 -2.1843 87.8924 68.7227 -66.7718 -9.8038 -44.8673 -11.0406 -0.0000 0.0000 0.0000
0.2959 0.5943 -0.0680 -1.6452 9.8153 34.9506 -0.3511 -1.8574 -21.4834 -0.3511 -1.8574 -21.4834 8.4325 -1.5180 -29.4638 8.4325 -1.5180 -29.4638 -9.6693 -0.6797 8.0233 22.0217 1.5749 8.0812 21.3879 -1.6272 -8.6009 29.0011 5.0019 19.1715 -15.1522 -2.0968 15.6683 -13.9441 -1.1167 9.1123 26.6865 -66.5527 17.6956 59.4803 69.2020 -43.0229 -1.3441 -5.8421 -1.7444 -0.0000 0.0000 0.0000 -4.7561 -39.7127 -1.7185 82.2511 69.7633 -62.6574 -9.1728 -45.7170 -10.3052 -0.0000 0.0000 0.0000
0.2927 0.5991 -0.0710 -1.3616 9.3718 34.6581 -0.3390 -1.8199 -21.3419 -0.3390 -1.8199 -21.3419 8.4846 -1.4040 -29.7113 8.4846 -1.4040 -29.7113 -8.8245 -0.6106 7.9011 21.1103 1.5556 8.3343 21.5582 -1.5960 -8.3686 26.3010 4.5100 19.1336 -15.4397 -2.0856 15.2956 -14.1483 -1.1171 8.9837 26.3090 -66.0197 17.2666 60.8038 69.3645 -44.1953 -1.6782 -6.7833 -2.1686 -0.0000 0.0000 0.0000 -4.1988 -39.0760 -1.4906 78.3266 70.3982 -59.7597 -8.2251 -46.1036 -9.2311 -0.0000 0.0000 0.0000
0.2892 0.6020 -0.0757 -1.1777 9.0796 34.4438 -0.2783 -1.7617 -21.1500 -0.2783 -1.7617 -21.1500 8.5882 -1.3477 -29.8157 8.5882 -1.3477 -29.8157 -8.0163 -0.5341 7.6110 20.2531 1.5062 8.4184 21.7963 -1.5238 -7.9023 23.6671 4.0062 18.9537 -15.4935 -2.0414 14.9233 -14.0479 -1.0948 8.8681 25.7540 -65.9200 16.8634 63.0972 69.4494 -46.1018 -2.0492 -7.5861 -2.6383 -0.0000 0.0000 0.0000 -4.2130 -39.1118 -1.4971 77.3018 70.7695 -59.1957 -7.1307 -46.0975 -8.0040 -0.0000 0.0000 0.0000
0.2852 0.6028 -0.0809 -0.9928 8.8402 34.2611 -0.2254 -1.6971 -20.9961 -0.2254 -1.6971 -20.9961 8.6727 -1.3317 -29.8550 8.6727 -1.3317 -29.8550 -7.2500 -0.4700 7.4080 19.3438 1.4335 8.3968 22.0474 -1.4510 -7.4383 21.1098 3.5196 18.7267 -15.4965 -1.9944 14.5804 -13.6774 -1.0346 8.6109 24.9624 -66.0317 16.3699 65.9514 69.5157 -48.4768 -2.3801 -8.3706 -3.0535 -0.0000 0.0000 0.0000 -4.5832 -39.4819 -1.6455 78.1555 71.0336 -60.1912 -6.1386 -46.1019 -6.8909 -0.0000 0.0000 0.0000
0.2808 0.6022 -0.0852 -0.8059 8.6844 34.1151 -0.1943 -1.6185 -20.8830 -0.1943 -1.6185 -20.8830 8.7586 -1.3227 -29.7543 8.7586 -1.3227 -29.7543 -6.4876 -0.4137 7.2897 18.4190 1.3499 8.3118 21.8970 -1.3640 -7.0422 18.5255 3.0409 18.4877 -15.4029 -1.9423 14.2899 -13.1247 -0.9494 8.2386 23.9357 -66.3410 15.7766 69.2070 69.5875 -51.2272 -2.5871 -9.1897 -3.3072 -0.0000 0.0000 0.0000 -5.1067 -40.0195 -1.8608 79.5018 71.2644 -61.6034 -5.2816 -46.1608 -5.9282 -0.0000 0.0000 0.0000
0.2761 0.6009 -0.0877 -0.5219 8.5228 33.9737 -0.2462 -1.5246 -20.8017 -0.2462 -1.5246 -20.8017 8.8279 -1.2905 -29.6036 8.8279 -1.2905 -29.6036 -5.7923 -0.3685 7.2743 17.6628 1.2716 8.1709 21.2696 -1.2881 -6.8522 15.9428 2.5630 18.1527 -15.2823 -1.8803 13.9477 -12.2885 -0.8478 7.8632 22.4742 -66.7316 14.9078 72.2714 69.7037 -53.9030 -2.4764 -9.8926 -3.1559 -0.0000 0.0000 0.0000 -5.3651 -40.0685 -1.9576 80.3720 71.4203 -62.5294 -4.2985 -45.8974 -4.8287 -0.0000 0.0000 0.0000
0.2708 0.5997 -0.0873 -0.1199 8.3245 33.8215 -0.3996 -1.4071 -20.7103 -0.3996 -1.4071 -20.7103 8.8934 -1.1782 -29.3620 8.8934 -1.1782 -29.3620 -5.1400 -0.3268 7.2707 17.0912 1.1960 7.9470 20.2652 -1.2133 -6.7814 13.2249 2.0617 17.6462 -15.2229 -1.8164 13.5306 -11.4037 -0.7500 7.5012 20.4829 -67.1502 13.6774 74.9620 69.8212 -56.3059 -2.0501 -10.4229 -2.6067 -0.0000 0.0000 0.0000 -5.5349 -39.7687 -2.0033 81.5894 71.4842 -63.6889 -3.3074 -45.3317 -3.7217 -0.0000 0.0000 0.0000
0.2648 0.5994 -0.0841 0.3164 8.1049 33.6797 -0.6528 -1.2575 -20.6189 -0.6528 -1.2575 -20.6189 8.9772 -0.9220 -28.9470 8.9772 -0.9220 -28.9470 -4.4656 -0.2844 7.2840 16.7022 1.1208 7.6242 19.0385 -1.1293 -6.7269 10.6773 1.6058 17.0576 -15.3821 -1.7685 13.0401 -10.3632 -0.6763 7.4474 18.3434 -67.4162 12.2955 76.8018 69.8096 -57.8883 -1.5094 -10.4659 -1.9190 -0.0000 0.0000 0.0000 -5.5228 -39.1919 -1.9675 82.3187 71.4923 -64.3588 -2.5215 -44.5324 -2.8442 -0.0000 0.0000 0.0000
0.2578 0.6004 -0.0785 0.7594 7.7962 33.4804 -1.0028 -1.0884 -20.5090 -1.0028 -1.0884 -20.5090 9.0303 -0.4934 -28.3696 9.0303 -0.4934 -28.3696 -3.7155 -0.2379 7.3240 16.4056 1.0542 7.3032 17.7814 -1.0535 -6.7271 8.5974 1.2379 16.3573 -15.4384 -1.7189 12.6311 -9.6116 -0.6495 7.7137 16.3067 -67.4445 10.9252 77.8948 69.5704 -58.6240 -1.0423 -9.8458 -1.3287 -0.0000 0.0000 0.0000 -5.1186 -38.3100 -1.7790 82.5193 71.4980 -64.5467 -1.8887 -43.2996 -2.1383 -0.0000 0.0000 0.0000
0.2497 0.6029 -0.0708 1.0478 7.5673 33.2349 -1.3529 -0.9148 -20.4127 -1.3529 -0.9148 -20.4127 9.0823 0.0153 -27.6483 9.0823 0.0153 -27.6483 -2.8957 -0.1867 7.3784 16.1013 0.9814 6.9300 16.8032 -0.9930 -6.7159 6.9719 0.9670 15.7736 -15.8481 -1.7143 12.2699 -9.4431 -0.6753 8.1623 15.0243 -67.1660 10.0077 77.7019 69.0943 -58.0230 -0.9609 -8.8326 -1.2304 -0.0000 0.0000 0.0000 -4.0624 -37.1476 -1.3656 79.6388 71.6428 -62.0779 -1.6341 -42.2439 -1.8559 -0.0000 0.0000 0.0000
0.2402 0.6066 -0.0620 1.0395 7.5506 32.9745 -1.5840 -0.7599 -20.3463 -1.5840 -0.7599 -20.3463 9.1422 0.4725 -26.8073 9.1422 0.4725 -26.8073 -2.0992 -0.1362 7.4261 15.8240 0.9052 6.5064 16.0023 -0.9339 -6.6367 5.5775 0.7527 15.3604 -17.1226 -1.8150 12.0133 -9.6161 -0.6919 8.2113 14.6127 -66.8062 9.6661 76.2051 68.3283 -56.0443 -1.3048 -7.4543 -1.6811 -0.0000 0.0000 0.0000 -2.4282 -36.2011 -0.7938 74.4159 71.9031 -57.6791 -1.6057 -41.4156 -1.8282 -0.0000 0.0000 0.0000
0.2297 0.6101 -0.0537 0.7887 7.6667 32.6904 -1.6888 -0.6420 -20.2934 -1.6888 -0.6420 -20.2934 9.2056 0.8414 -25.8691 9.2056 0.8414 -25.8691 -1.4033 -0.0909 7.4134 15.6488 0.8271 6.0132 15.3877 -0.8912 -6.5899 4.5415 0.5992 15.0238 -19.9182 -2.0503 11.6378 -9.7418 -0.6919 8.1053 14.7681 -66.4820 9.7097 73.7088 67.3454 -53.0742 -1.8984 -5.8482 -2.4637 -0.0000 0.0000 0.0000 -0.4216 -35.3728 -0.1344 68.6906 72.0146 -52.8170 -1.6630 -40.2615 -1.9001 -0.0000 0.0000 0.0000
0.2168 0.6123 -0.0482 0.3379 7.9661 32.3926 -1.6476 -0.5626 -20.2312 -1.6476 -0.5626 -20.2312 9.3136 1.2689 -24.5288 9.3136 1.2689 -24.5288 -0.8638 -0.0565 7.4847 15.5972 0.7263 5.2996 14.9119 -0.8596 -6.5611 3.7116 0.4718 14.4827 -24.1983 -2.3911 11.1208 -10.7023 -0.7732 8.2403 15.2784 -66.3949 10.0309 70.6811 66.3298 -49.7264 -2.5922 -4.3529 -3.3875 -0.0000 0.0000 0.0000 1.5424 -34.9687 0.4859 63.9879 72.0195 -48.8408 -1.9877 -39.3705 -2.2773 -0.0000 0.0000 0.0000
0.2040 0.6121 -0.0462 -0.2250 8.4206 32.0981 -1.5133 -0.5020 -20.1046 -1.5133 -0.5020 -20.1046 9.3953 2.0537 -22.2169 9.3953 2.0537 -22.2169 -0.4735 -0.0313 7.5716 15.7006 0.6149 4.4578 14.5861 -0.8343 -6.5121 3.0589 0.3824 14.2491 -30.3930 -2.9369 10.7827 -13.2118 -1.1534 9.9350 16.1082 -66.4101 10.5828 67.6915 65.8001 -46.9053 -3.1066 -3.4377 -4.0772 -0.0000 0.0000 0.0000 2.9701 -35.5505 0.9524 62.2051 72.1525 -47.4558 -2.7392 -39.1550 -3.1402 -0.0000 0.0000 0.0000
0.1943 0.6094 -0.0467 -0.7996 8.9308 31.9370 -1.3534 -0.4350 -19.8387 -1.3534 -0.4350 -19.8387 9.2442 3.2364 -18.8306 9.2442 3.2364 -18.8306 -0.2326 -0.0152 7.4823 16.0724 0.4998 3.5390 14.1704 -0.8129 -6.5332 2.2188 0.2963 15.2129 -38.2452 -3.8556 11.0895 -18.4108 -2.2897 14.0594 17.0598 -66.3714 11.2048 65.1876 66.7214 -45.6583 -2.0433 -3.6975 -2.6787 -0.0000 0.0000 0.0000 3.6345 -37.1336 1.2212 64.6299 72.4276 -49.7055 -4.0095 -39.2875 -4.5943 -0.0000 0.0000 0.0000
0.1900 0.6058 -0.0474 -1.4620 9.7280 32.1891 -1.1393 -0.3315 -19.4186 -1.1393 -0.3315 -19.4186 8.6168 4.4510 -14.5684 8.6168 4.4510 -14.5684 -0.2543 -0.0150 6.7310 16.9944 0.3863 2.5849 13.5783 -0.7358 -6.1744 0.6257 0.0977 17.7433 -47.8471 -5.3895 12.1124 -26.3552 -5.0002 21.1271 18.4588 -66.1916 12.0913 61.1751 68.6733 -43.9756 1.5859 -5.3547 2.0629 -0.0000 0.0000 0.0000 3.6736 -39.3399 1.3136 68.6114 72.4024 -53.0742 -6.0246 -39.6370 -6.8949 -0.0000 0.0000 0.0000
0.1924 0.6028 -0.0451 -2.1882 10.5195 32.9097 -0.9523 -0.1660 -18.8224 -0.9523 -0.1660 -18.8224 7.0878 5.5753 -9.3406 7.0878 5.5753 -9.3406 -0.4663 -0.0217 5.3293 18.6537 0.3330 2.0271 12.6943 -0.5928 -5.3259 -2.1932 -0.3922 20.2755 -60.7665 -9.2056 15.6372 -28.4719 -6.9087 26.7663 19.3572 -65.6133 12.5477 57.3605 72.7835 -43.9174 6.8712 -7.1138 8.8592 -0.0000 0.0000 0.0000 3.1170 -42.0203 1.1974 73.9544 71.8931 -57.2659 -7.9953 -39.4535 -9.1534 -0.0000 0.0000 0.0000
0.2022 0.6019 -0.0373 -2.9065 10.9899 34.2811 -0.8685 0.0457 -18.1603 -0.8685 0.0457 -18.1603 4.9059 6.0986 -3.9106 4.9059 6.0986 -3.9106 -0.8050 -0.0238 3.3882 21.0134 0.3317 1.7886 11.5378 -0.3935 -3.8936 -6.3442 -1.2837 22.8557 -73.2996 -17.3241 23.1437 -19.3511 -4.5420 26.1884 20.3333 -63.4000 12.6401 49.0645 78.4546 -40.8706 13.0891 -6.8583 16.8602 -0.0000 0.0000 0.0000 2.4532 -43.9078 0.9890 76.1341 70.4200 -57.8564 -9.5197 -38.4244 -10.9308 -0.0000 0.0000 0.0000
0.2180 0.6052 -0.0220 -3.5192 10.9398 36.4242 -0.9891 0.3012 -17.4515 -0.9891 0.3012 -17.4515 2.6214 6.0854 1.1925 2.6214 6.0854 1.1925 -1.3034 -0.0137 1.2067 24.0901 0.1864 0.8735 10.4523 -0.1653 -1.8068 -11.0272 -2.4904 25.3802 -76.7119 -27.0930 33.8675 -6.3856 -1.1110 19.7211 21.0386 -58.8832 11.9663 22.5322 83.2708 -20.0839 17.9287 -3.3235 23.4106 -0.0000 0.0000 0.0000 2.2387 -44.1488 0.9080 73.1597 68.0527 -53.2276 -10.1272 -36.7545 -11.6877 -0.0000 0.0000 0.0000
0.2396 0.6141 -0.0024 -3.8741 10.0743 38.9025 -1.4126 0.5818 -16.2595 -1.4126 0.5818 -16.2595 0.5542 5.5977 6.1023 0.5542 5.5977 6.1023 -2.0411 0.0185 -1.0375 27.8665 -0.3135 -1.2635 9.9211 -0.0024 -0.0274 -15.3536 -3.9327 28.5793 -66.2082 -32.3941 48.0271 2.6764 0.2527 10.7868 20.9345 -52.7448 10.4672 -33.8262 84.6201 30.9423 19.3428 1.4020 25.8203 -0.0000 0.0000 0.0000 2.9369 -42.8180 1.1517 66.8898 65.1789 -45.7826 -9.8493 -35.6873 -11.4058 -0.0000 0.0000 0.0000
0.2690 0.6292 0.0173 -4.1215 8.5932 43.0432 -2.2613 0.8300 -14.9356 -2.2613 0.8300 -14.9356 -0.5723 4.5984 10.3080 -0.5723 4.5984 10.3080 -2.4260 0.1232 -5.8148 31.4880 -0.9426 -3.3428 10.5656 0.1280 1.3846 -18.2878 -5.3523 32.3856 -51.5982 -28.6688 55.7239 7.1628 0.3851 6.1475 20.1648 -44.9216 8.4084 -56.5968 81.2184 49.5582 17.7589 6.4701 24.3868 -0.0000 0.0000 0.0000 3.6560 -39.7601 1.3224 58.2866 60.7082 -36.1670 -10.0763 -35.5450 -11.6734 -0.0000 0.0000 0.0000
0.3009 0.6489 0.0308 -4.3927 7.0099 49.1004 -3.3742 0.9806 -13.1928 -3.3742 0.9806 -13.1928 -0.2760 3.1021 12.8874 -0.2760 3.1021 12.8874 -2.9821 0.3892 -14.8701 34.8720 -1.8434 -5.8646 12.2351 0.2943 2.7454 -18.1275 -6.3803 38.5179 -40.8379 -20.7942 52.4747 12.2186 0.7056 6.5853 17.3936 -36.2418 5.7315 -42.3408 77.9277 34.7821 15.4921 7.3571 21.4185 -0.0000 0.0000 0.0000 4.5486 -35.9862 1.4780 48.5558 55.0035 -26.4297 -11.4844 -35.1343 -13.3185 -0.0000 0.0000 0.0000
0.3296 0.6692 0.0329 -4.6082 5.5014 55.8506 -4.3636 0.8748 -10.6511 -4.3636 0.8748 -10.6511 0.9749 1.5315 13.3978 0.9749 1.5315 13.3978 -5.5379 1.3586 -27.5495 38.8123 -3.4401 -9.7447 14.2295 0.4639 3.7156 -15.0845 -6.8944 48.9274 -35.6227 -13.3978 40.1623 20.8879 1.2566 6.8095 12.2673 -27.9633 3.0654 -26.7116 74.6196 20.5110 12.2577 9.5412 17.2046 -0.0000 0.0000 0.0000 5.8901 -32.9094 1.7411 39.0027 50.0100 -18.7587 -12.9438 -34.1857 -15.0516 -0.0000 0.0000 0.0000
0.3496 0.6862 0.0253 -5.0888 4.4123 62.8268 -4.6004 0.5851 -8.1926 -4.6004 0.5851 -8.1926 2.0888 0.1319 12.1337 2.0888 0.1319 12.1337 -10.6881 3.9531 -40.5019 42.6140 -5.9925 -15.2872 16.6528 0.6635 4.5310 -8.4067 -5.3123 64.5228 -38.6308 -7.9382 22.3953 32.4299 0.5518 1.8973 8.4842 -19.0969 1.4297 -11.8974 69.5793 8.2811 10.1962 11.5685 14.5105 -0.0000 0.0000 0.0000 6.7537 -32.0749 1.9434 31.0128 46.9988 -13.7571 -14.4035 -33.0884 -16.8018 -0.0000 0.0000 0.0000
0.3567 0.6958 0.0146 -6.0497 3.7585 69.9538 -3.9208 0.3285 -6.8898 -3.9208 0.3285 -6.8898 2.3069 -1.1453 10.4704 2.3069 -1.1453 10.4704 -16.8475 7.8783 -49.8750 44.9225 -9.2964 -22.2520 18.9631 0.8994 5.3816 -1.3980 -1.0648 74.5873 -48.1614 -5.6410 12.5814 39.5405 -3.0671 -8.5194 7.6662 -12.0391 0.8096 -1.0642 64.3648 0.6697 9.7773 10.3550 13.8110 -0.0000 0.0000 0.0000 6.8242 -33.7616 2.0731 26.4821 46.4871 -11.5418 -16.2012 -32.5843 -18.9199 -0.0000 0.0000 0.0000
0.3486 0.6953 0.0125 -7.2974 3.2583 76.1473 -2.5055 0.1372 -6.9924 -2.5055 0.1372 -6.9924 1.5767 -1.9877 9.4942 1.5767 -1.9877 9.4942 -22.2648 11.4454 -53.9765 45.7383 -12.4222 -28.9364 20.8756 1.2443 6.7471 2.2318 1.7628 76.6051 -53.8037 -5.3705 10.5628 36.3055 -5.5476 -16.8116 8.5370 -8.7375 0.6534 7.4302 61.0139 -4.3819 9.6693 6.6544 13.3594 -0.0000 0.0000 0.0000 6.2097 -37.4531 2.1069 26.2629 48.2321 -11.9239 -18.0172 -32.9592 -21.0033 -0.0000 0.0000 0.0000
0.3282 0.6843 0.0253 -8.8781 2.5826 83.3042 -1.0093 0.0325 -7.2299 -1.0093 0.0325 -7.2299 0.8811 -2.7173 7.9189 0.8811 -2.7173 7.9189 -24.4511 14.2126 -59.8299 46.0078 -13.8112 -31.8436 22.6457 1.5829 7.8934 3.0553 2.3957 76.1956 -58.6782 -5.0075 8.8968 31.5917 -6.4888 -22.6616 11.6376 -9.1936 0.9389 14.2017 58.5048 -7.9821 8.8819 1.8306 11.9539 -0.0000 0.0000 0.0000 6.6947 -41.7083 2.5528 28.5268 49.5225 -13.3755 -20.8399 -32.6570 -24.2928 -0.0000 0.0000 0.0000
0.3029 0.6644 0.0539 -10.1937 1.5543 91.2179 0.3659 0.0323 -7.2492 0.3659 0.0323 -7.2492 0.3342 -3.1776 5.7335 0.3342 -3.1776 5.7335 -25.0025 16.7246 -67.0875 46.4367 -13.5074 -30.8651 24.2977 1.8051 8.3709 3.1750 2.3845 73.8074 -65.0573 -8.0022 12.5176 27.9544 -8.0453 -31.5534 15.2938 -11.6438 1.5686 20.4453 55.1954 -10.7705 7.0402 -3.3705 9.2362 -0.0000 0.0000 0.0000 9.7301 -46.0807 4.1464 30.3204 49.9254 -14.3776 -23.7218 -30.7958 -27.7838 -0.0000 0.0000 0.0000
0.2818 0.6401 0.0951 -10.8519 0.6244 97.9712 1.5040 0.0586 -6.8063 1.5040 0.0586 -6.8063 -0.1459 -3.3746 3.3975 -0.1459 -3.3746 3.3975 -26.6920 19.7960 -72.6700 46.3871 -12.4769 -28.6248 24.2918 0.9498 4.4112 2.4613 1.7640 71.2540 -69.2110 -14.5351 20.9429 22.8153 -9.5260 -44.8760 18.0491 -14.6260 2.3353 24.7076 52.1278 -12.2290 5.1625 -6.0454 6.6909 -0.0000 0.0000 0.0000 15.4633 -50.0825 7.2587 30.2659 49.9528 -14.3597 -25.2166 -27.8767 -29.7944 -0.0000 0.0000 0.0000
0.2625 0.6168 0.1386 -10.9238 -0.0376 103.5270 2.3858 0.0834 -5.8124 2.3858 0.0834 -5.8124 -0.5275 -3.2751 0.8326 -0.5275 -3.2751 0.8326 -30.7394 23.9720 -75.3613 45.0422 -11.1621 -26.5211 27.1073 1.9915 8.2478 1.7534 1.1930 68.4570 -68.2527 -22.1386 32.2034 14.1335 -8.0812 -59.3503 20.9448 -17.4533 3.2504 27.1658 48.9036 -12.5390 3.4178 -8.0140 4.3914 -0.0000 0.0000 0.0000 20.7819 -53.4081 10.5404 30.0493 49.1323 -13.9900 -26.0322 -23.9973 -31.1468 -0.0000 0.0000 0.0000
0.2448 0.5983 0.1743 -10.5526 -0.4564 108.3563 3.0294 0.0938 -4.5297 3.0294 0.0938 -4.5297 -0.7546 -3.0040 -1.8771 -0.7546 -3.0040 -1.8771 -37.6925 28.8447 -73.9919 41.9703 -9.7395 -25.0466 24.8595 10.5889 45.6080 1.4331 0.9133 65.0154 -62.9918 -27.0646 42.8907 4.9645 -3.3794 -68.4698 23.3428 -20.2111 4.2169 28.8829 45.9599 -12.4649 1.2953 -9.9268 1.6506 -0.0000 0.0000 0.0000 23.8304 -56.0260 12.8101 30.5453 47.3973 -13.6692 -27.5288 -19.5569 -33.4221 -0.0000 0.0000 0.0000
0.2271 0.5863 0.1988 -10.1351 -0.7935 112.3196 3.4443 0.0699 -2.7925 3.4443 0.0699 -2.7925 -0.7790 -2.7449 -4.6244 -0.7790 -2.7449 -4.6244 -46.6971 33.5579 -69.8674 37.5069 -8.2979 -24.1201 7.2578 6.7396 85.7485 1.6524 0.9800 61.3401 -56.4727 -28.5741 50.7414 -2.8930 2.0734 -71.2521 25.0846 -22.7535 5.1261 29.5722 43.4312 -12.0021 -0.4727 -10.7632 -0.6002 -0.0000 0.0000 0.0000 24.4753 -58.4112 13.8264 31.0996 45.5709 -13.3337 -28.9915 -15.4402 -35.6956 -0.0000 0.0000 0.0000
0.2071 0.5805 0.2146 -10.1254 -1.1102 115.3761 3.5202 0.0183 -0.6544 3.5202 0.0183 -0.6544 -0.5626 -2.8145 -7.2134 -0.5626 -2.8145 -7.2134 -55.6214 37.4001 -65.3764 34.1238 -7.3962 -23.7848 5.8163 5.7984 89.8232 2.1830 1.2055 57.8124 -50.7926 -27.8957 55.2312 -10.0471 6.9855 -69.5485 25.5446 -26.2147 6.0428 30.2096 42.8945 -12.1053 -1.7477 -10.7719 -2.2190 -0.0000 0.0000 0.0000 24.0968 -60.8490 14.2892 31.4740 44.0071 -12.9924 -29.4675 -11.2084 -36.8644 -0.0000 0.0000 0.0000
0.1839 0.5791 0.2272 -10.6334 -1.5131 117.6386 3.2938 -0.0512 1.5782 3.2938 -0.0512 1.5782 -0.2146 -3.1780 -9.4446 -0.2146 -3.1780 -9.4446 -67.1354 39.7996 -57.2256 32.1375 -8.0130 -27.3334 13.0089 12.0457 85.5613 2.6579 1.3651 54.3662 -48.0271 -26.5267 55.7656 -15.6057 10.1354 -65.8170 25.9718 -30.5766 7.2139 30.1708 43.5731 -12.2984 -2.0779 -9.9315 -2.6477 -0.0000 0.0000 0.0000 23.5731 -63.6535 14.7590 31.7645 42.8894 -12.7538 -28.9653 -6.6336 -36.9403 -0.0000 0.0000 0.0000
0.1593 0.5802 0.2376 -11.5692 -2.0001 119.3015 2.9691 -0.1334 3.5580 2.9691 -0.1334 3.5580 0.0197 -3.9031 -11.2206 0.0197 -3.9031 -11.2206 -80.6813 38.2849 -44.4607 28.9934 -9.3800 -35.2083 24.5607 19.0340 75.2049 2.4862 1.1952 51.3446 -48.0406 -25.0564 53.0034 -18.8784 11.4707 -62.2743 27.2809 -34.9476 8.7370 28.8120 43.6694 -11.7524 -1.8170 -7.7700 -2.3375 -0.0000 0.0000 0.0000 23.9248 -66.7269 15.8841 31.7236 42.1982 -12.5132 -27.2987 -1.9288 -35.6062 -0.0000 0.0000 0.0000
0.1344 0.5818 0.2474 -12.5022 -2.6683 120.7488 2.7059 -0.2270 5.2487 2.7059 -0.2270 5.2487 0.1313 -4.7839 -12.6953 0.1313 -4.7839 -12.6953 -91.9229 32.0604 -31.0539 22.9893 -9.8830 -46.0671 37.2083 22.6595 61.5233 1.8231 0.8192 48.3897 -49.2110 -23.5272 48.9062 -20.0856 11.5456 -59.4400 29.0297 -39.0777 10.4988 26.9736 43.4017 -10.9043 -1.0711 -4.7927 -1.3970 -0.0000 0.0000 0.0000 24.8648 -69.7338 17.4652 31.5407 41.4815 -12.2085 -24.8820 2.9763 -33.3175 -0.0000 0.0000 0.0000
0.1097 0.5830 0.2572 -13.0449 -3.4826 122.2785 2.6694 -0.2991 6.3798 2.6694 -0.2991 6.3798 0.1319 -5.5827 -13.8584 0.1319 -5.5827 -13.8584 -97.7822 22.9579 -20.0975 15.3166 -8.3540 -57.0157 46.5031 21.9914 48.6667 0.8987 0.3776 45.5775 -50.4781 -22.0224 44.8597 -19.8206 10.8831 -57.2015 30.3317 -42.1913 11.9392 25.1053 42.2372 -9.8307 -0.1309 -1.9208 -0.1731 -0.0000 0.0000 0.0000 24.9410 -72.3302 18.3653 31.5333 40.6411 -11.9380 -22.5610 7.4728 -31.0202 -0.0000 0.0000 0.0000
0.0852 0.5840 0.2670 -13.0480 -4.4214 124.0347 2.8173 -0.3538 7.2424 2.8173 -0.3538 7.2424 0.1544 -6.1464 -14.8410 0.1544 -6.1464 -14.8410 -99.3413 14.2671 -12.1294 8.4461 -5.4231 -65.3521 50.7860 19.1475 39.1224 0.1054 0.0413 42.7533 -50.9039 -20.4719 41.5539 -19.6005 10.2621 -54.9342 31.0890 -44.1341 12.8674 23.2284 39.8032 -8.5107 0.8180 0.5909 1.0955 -0.0000 0.0000 0.0000 23.9569 -74.3950 18.2952 31.0319 39.6303 -11.4250 -20.9465 10.4450 -29.3525 -0.0000 0.0000 0.0000
0.0608 0.5843 0.2758 -12.7640 -5.2183 125.7508 2.9421 -0.3989 7.9131 2.9421 -0.3989 7.9131 0.2722 -6.4495 -15.6154 0.2722 -6.4495 -15.6154 -98.3210 6.8669 -5.9375 3.5688 -2.5602 -71.3020 50.5825 16.0202 33.1685 -0.4593 -0.1672 40.0167 -50.4306 -18.7969 38.7339 -19.8887 9.9562 -52.8373 31.0601 -45.9356 13.4339 22.1964 37.6642 -7.6549 1.5692 1.8613 2.1156 -0.0000 0.0000 0.0000 20.7494 -75.9267 16.2591 30.3511 38.1708 -10.7226 -19.9148 13.1448 -28.4108 -0.0000 0.0000 0.0000
0.0365 0.5830 0.2839 -12.3299 -5.6157 127.0330 3.0241 -0.4024 8.3225 3.0241 -0.4024 8.3225 0.5235 -6.2989 -16.1650 0.5235 -6.2989 -16.1650 -95.8680 0.7226 -0.6522 1.2938 -1.0047 -75.6635 46.6179 13.4386 30.5867 -0.9173 -0.3109 37.4428 -49.3565 -16.9632 35.9607 -20.4190 9.8545 -51.1586 30.9254 -47.4697 13.8697 21.5138 35.7684 -7.0162 2.1536 2.2069 2.9087 -0.0000 0.0000 0.0000 16.4838 -76.7582 13.0887 29.3474 36.4367 -9.8519 -19.5298 15.9299 -28.3942 -0.0000 0.0000 0.0000
0.0124 0.5795 0.2907 -11.9438 -5.6940 127.9195 3.0708 -0.3600 8.6335 3.0708 -0.3600 8.6335 0.8495 -5.8646 -16.6066 0.8495 -5.8646 -16.6066 -92.5558 -4.4011 4.2092 1.0706 -0.8835 -79.0641 39.9941 11.2033 30.1674 -1.4566 -0.4654 35.4389 -47.3827 -15.0408 33.4890 -21.3100 9.9317 -49.5777 30.6225 -48.7381 14.1387 21.0496 34.0337 -6.5087 2.5489 2.0263 3.4391 -0.0000 0.0000 0.0000 12.4927 -77.1065 9.9705 27.9746 34.7518 -8.9139 -19.4580 18.1498 -28.7395 -0.0000 0.0000 0.0000
-0.0109 0.5744 0.2951 -11.6599 -5.6480 128.3871 3.0782 -0.3029 9.0604 3.0782 -0.3029 9.0604 1.2664 -5.3669 -17.1267 1.2664 -5.3669 -17.1267 -88.5371 -8.4648 8.6829 2.5202 -2.1671 -81.3814 31.3917 8.8328 30.7359 -2.0459 -0.6216 33.7991 -44.9108 -13.2725 31.4440 -22.0609 10.0313 -48.4774 29.9165 -50.1349 14.2462 21.3981 33.4344 -6.4955 2.8987 0.8652 3.8872 -0.0000 0.0000 0.0000 8.9646 -77.1667 7.1574 26.5279 33.2411 -8.0500 -19.5499 19.7511 -29.2166 -0.0000 0.0000 0.0000
-0.0328 0.5687 0.2964 -11.4710 -5.5538 128.4801 3.0496 -0.2435 9.6480 3.0496 -0.2435 9.6480 1.7029 -4.9436 -17.6948 1.7029 -4.9436 -17.6948 -83.9003 -11.4115 12.6859 5.4632 -4.7622 -82.1464 21.3070 5.9858 31.0653 -2.7363 -0.7950 32.3961 -42.2961 -11.8618 30.0645 -22.0702 9.9318 -48.0304 28.8988 -51.4135 14.1426 22.1511 33.6283 -6.7705 3.1744 -1.5277 4.2054 -0.0000 0.0000 0.0000 5.4204 -77.0466 4.3164 25.2614 31.9474 -7.3404 -19.4289 20.8629 -29.2890 -0.0000 0.0000 0.0000
-0.0532 0.5635 0.2943 -11.2097 -5.4086 128.4397 2.9937 -0.2011 10.2826 2.9937 -0.2011 10.2826 2.1795 -4.5454 -18.2469 2.1795 -4.5454 -18.2469 -79.0979 -13.2085 15.9625 9.9073 -8.4114 -80.6237 10.5148 2.7986 29.7338 -3.3441 -0.9324 31.1514 -39.8022 -10.7837 29.2255 -21.4936 9.6817 -48.0939 27.9913 -52.2398 13.9354 22.6087 33.7700 -6.9445 3.2710 -4.1821 4.2778 -0.0000 0.0000 0.0000 1.5197 -76.6136 1.2005 24.1733 30.7694 -6.7441 -19.0278 21.5535 -28.8551 -0.0000 0.0000 0.0000
-0.0724 0.5591 0.2896 -10.8276 -5.2004 128.4832 2.8943 -0.1826 10.7966 2.8943 -0.1826 10.7966 2.7134 -4.1031 -18.6920 2.7134 -4.1031 -18.6920 -74.3181 -14.2179 18.6886 15.4565 -12.2732 -76.7767 -0.0640 -0.0147 25.9302 -3.7785 -1.0138 30.0288 -37.2066 -9.7977 28.5718 -20.9770 9.4720 -48.2179 27.1040 -52.8088 13.6489 22.9486 33.9114 -7.0827 2.8876 -7.3947 3.7207 -0.0000 0.0000 0.0000 -2.9280 -75.8816 -2.2830 23.3717 29.6638 -6.2700 -18.5730 21.9816 -28.2780 -0.0000 0.0000 0.0000
-0.0910 0.5555 0.2836 -10.2310 -4.8121 128.5998 2.7691 -0.1856 11.1656 2.7691 -0.1856 11.1656 3.3670 -3.4062 -19.1037 3.3670 -3.4062 -19.1037 -69.7665 -14.5853 20.8027 21.6433 -15.4278 -70.6435 -9.4570 -1.6603 19.8727 -4.0380 -1.0437 28.9728 -34.5004 -8.8320 27.9331 -20.5906 9.3405 -48.4302 26.1147 -53.1477 13.2342 23.3276 33.9956 -7.2216 2.1038 -10.2901 2.6766 -0.0000 0.0000 0.0000 -7.3126 -74.6973 -5.5837 22.9462 28.4308 -5.8866 -18.4722 22.4611 -28.2376 -0.0000 0.0000 0.0000
-0.1094 0.5528 0.2766 -9.3989 -4.3705 128.8086 2.6909 -0.2252 11.4266 2.6909 -0.2252 11.4266 4.1271 -2.4863 -19.5750 4.1271 -2.4863 -19.5750 -65.2788 -14.4333 22.3661 27.5124 -17.0996 -63.1082 -16.9492 -1.8912 12.6423 -4.1751 -1.0377 27.9035 -31.7362 -7.7951 26.9568 -20.1529 9.1434 -48.4527 24.9353 -53.4006 12.6909 23.8553 34.0162 -7.3940 1.0318 -12.5381 1.3003 -0.0000 0.0000 0.0000 -11.6536 -73.0084 -8.6380 22.9987 26.9272 -5.5768 -18.6873 23.1218 -28.7144 -0.0000 0.0000 0.0000
-0.1273 0.5514 0.2686 -8.3607 -3.9683 129.0348 2.7043 -0.3070 11.6578 2.7043 -0.3070 11.6578 4.8646 -1.4832 -20.0617 4.8646 -1.4832 -20.0617 -60.7303 -13.8410 23.4087 32.1828 -17.1768 -55.2683 -22.2881 -1.0658 5.4067 -4.1632 -0.9878 26.6838 -29.0617 -6.7882 25.7769 -19.7096 8.8923 -48.2273 23.6224 -53.5706 12.0521 24.5373 34.0817 -7.6268 -0.2235 -14.1001 -0.2799 -0.0000 0.0000 0.0000 -15.4598 -70.8314 -11.0261 23.3744 25.3117 -5.3189 -19.1561 23.9095 -29.6115 -0.0000 0.0000 0.0000
-0.1448 0.5515 0.2594 -7.2528 -3.7037 129.1314 2.7952 -0.4204 12.0163 2.7952 -0.4204 12.0163 5.4283 -0.5813 -20.4464 5.4283 -0.5813 -20.4464 -56.1553 -12.9371 23.9983 35.1886 -16.1330 -48.1623 -25.7164 0.2425 -1.0625 -4.0611 -0.9117 25.2955 -26.5340 -5.8724 24.5455 -19.3694 8.5605 -47.3605 22.6842 -53.5734 11.5645 24.8371 34.1132 -7.7302 -1.3214 -15.2132 -1.6471 -0.0000 0.0000 0.0000 -18.1007 -68.4718 -12.3730 23.5889 23.7315 -5.0242 -19.4984 24.6994 -30.3308 -0.0000 0.0000 0.0000
-0.1613 0.5529 0.2502 -6.1560 -3.6356 129.2002 2.9546 -0.5449 12.4327 2.9546 -0.5449 12.4327 5.8180 0.0943 -20.6921 5.8180 0.0943 -20.6921 -51.6911 -11.9440 24.3726 36.6915 -14.6194 -42.2960 -27.6989 1.6033 -6.4968 -4.0039 -0.8528 24.0376 -24.1881 -5.0839 23.4108 -19.1677 8.2200 -46.1061 22.1794 -53.4245 11.2661 24.6097 34.0210 -7.6355 -1.9877 -15.9819 -2.4700 -0.0000 0.0000 0.0000 -19.8387 -66.0561 -12.9719 23.4578 22.1337 -4.6508 -19.7521 25.5170 -30.9346 -0.0000 0.0000 0.0000
-0.1761 0.5548 0.2426 -5.1302 -3.7153 129.2142 3.1350 -0.6397 12.8842 3.1350 -0.6397 12.8842 6.0607 0.5186 -20.7610 6.0607 0.5186 -20.7610 -47.6782 -11.1063 24.8185 37.3066 -13.1945 -37.8238 -28.6361 2.7923 -10.9093 -4.0485 -0.8260 23.0528 -21.9065 -4.4433 22.6700 -19.2742 8.0098 -44.8145 22.3931 -53.0892 11.2944 23.6726 33.7422 -7.2734 -2.2921 -16.4690 -2.8427 -0.0000 0.0000 0.0000 -20.5824 -63.8193 -12.9010 23.1081 20.6623 -4.2685 -19.8132 25.9797 -31.1555 -0.0000 0.0000 0.0000
-0.1888 0.5566 0.2380 -4.1051 -3.8180 129.2010 3.3332 -0.7021 13.3897 3.3332 -0.7021 13.3897 6.2821 0.8622 -20.8446 6.2821 0.8622 -20.8446 -44.2101 -10.2798 24.9747 37.5926 -11.9546 -34.1990 -28.9349 3.7145 -14.3266 -4.1462 -0.8112 22.1322 -19.6807 -3.8964 22.1907 -19.5074 7.8957 -43.7481 23.1584 -52.6480 11.5767 22.3876 33.3868 -6.7926 -2.4110 -16.5391 -2.9894 -0.0000 0.0000 0.0000 -20.0074 -62.0204 -12.1050 22.5245 19.3534 -3.8895 -19.9233 26.2341 -31.3953 -0.0000 0.0000 0.0000
-0.1994 0.5576 0.2369 -2.9760 -3.8586 129.3086 3.5913 -0.7438 13.8634 3.5913 -0.7438 13.8634 6.4708 1.2139 -20.9892 6.4708 1.2139 -20.9892 -41.2518 -9.4438 24.7549 37.5854 -10.8221 -31.1104 -28.6574 4.3250 -16.8183 -4.3529 -0.7876 20.5036 -17.4869 -3.3230 21.3611 -19.3814 7.6233 -42.6261 24.0854 -52.1658 11.9240 21.1709 32.9960 -6.3362 -2.7177 -16.2499 -3.3734 -0.0000 0.0000 0.0000 -18.3570 -60.5256 -10.7717 21.7931 18.0710 -3.5068 -20.1861 26.5099 -31.8762 -0.0000 0.0000 0.0000
-0.2084 0.5575 0.2389 -1.7945 -3.8280 129.5403 3.9036 -0.7730 14.2778 3.9036 -0.7730 14.2778 6.5546 1.5597 -21.0718 6.5546 1.5597 -21.0718 -38.7888 -8.6897 24.3572 37.2965 -9.8216 -28.5677 -27.7758 4.6123 -18.5020 -4.6718 -0.7521 18.2814 -15.4139 -2.8253 20.6548 -18.9886 7.2598 -41.5459 24.9557 -51.7893 12.2632 20.1860 32.7476 -5.9877 -3.1846 -15.7390 -3.9608 -0.0000 0.0000 0.0000 -16.1886 -59.2856 -9.2540 20.9391 16.9777 -3.1597 -20.6694 26.8580 -32.7185 -0.0000 0.0000 0.0000
-0.2165 0.5562 0.2427 -0.6634 -3.7217 129.8492 4.2365 -0.7949 14.5836 4.2365 -0.7949 14.5836 6.5139 1.8498 -21.0924 6.5139 1.8498 -21.0924 -36.3788 -7.9892 23.9968 35.6004 -8.5668 -26.2623 -25.4947 4.5223 -19.8010 -5.1355 -0.6827 15.1344 -13.6102 -2.3633 19.6131 -18.1628 6.6870 -40.1542 25.6641 -51.5364 12.5499 19.4621 32.5863 -5.7391 -3.7264 -15.1608 -4.6451 -0.0000 0.0000 0.0000 -13.9558 -58.2530 -7.8028 19.9316 16.1418 -2.8546 -21.2554 27.2594 -33.7387 -0.0000 0.0000 0.0000
-0.2243 0.5537 0.2468 0.3335 -3.5475 130.2086 4.5432 -0.8018 14.7071 4.5432 -0.8018 14.7071 6.3872 2.0658 -21.0438 6.3872 2.0658 -21.0438 -33.6331 -7.3558 24.0137 31.7166 -6.9611 -24.1701 -21.0591 4.0342 -21.4589 -5.7330 -0.5941 11.8232 -12.0182 -2.0016 18.8447 -17.1931 6.0804 -38.7156 26.0615 -51.3462 12.6958 18.9471 32.2758 -5.5286 -4.1316 -14.5633 -5.1625 -0.0000 0.0000 0.0000 -12.1923 -57.2878 -6.6773 18.8984 15.4548 -2.5874 -21.8326 27.7754 -34.7879 -0.0000 0.0000 0.0000
-0.2320 0.5500 0.2504 1.1596 -3.3195 130.4620 4.8083 -0.7844 14.7558 4.8083 -0.7844 14.7558 6.1651 2.1737 -20.9123 6.1651 2.1737 -20.9123 -30.3793 -6.7790 24.6122 26.2073 -5.3236 -22.5894 -15.5688 2.9903 -21.6186 -6.4110 -0.5065 9.0245 -10.6007 -1.7396 18.5874 -16.3391 5.5941 -37.5889 26.4215 -51.0932 12.8039 18.4684 31.7537 -5.2950 -4.5656 -14.0944 -5.7153 -0.0000 0.0000 0.0000 -11.0545 -56.3310 -5.9319 17.9444 14.9153 -2.3680 -22.1214 28.1646 -35.3596 -0.0000 0.0000 0.0000
-0.2398 0.5455 0.2531 1.8119 -3.1049 130.6038 5.0523 -0.7574 14.8031 5.0523 -0.7574 14.8031 5.8985 2.1597 -20.8753 5.8985 2.1597 -20.8753 -26.7912 -6.1112 25.2676 20.2847 -3.8739 -21.4109 -10.7839 1.8854 -19.7789 -7.0757 -0.4421 7.1416 -9.4424 -1.5602 18.7242 -15.6386 5.2599 -36.9888 26.8125 -50.8414 12.9261 18.0847 31.1479 -5.0794 -5.1318 -13.8510 -6.4299 -0.0000 0.0000 0.0000 -10.3393 -55.5096 -5.4516 17.1756 14.4901 -2.1997 -22.2325 28.4714 -35.6338 -0.0000 0.0000 0.0000
-0.2479 0.5410 0.2549 2.2816 -2.9255 130.6533 5.2808 -0.7197 14.8681 5.2808 -0.7197 14.8681 5.5899 2.0597 -20.8908 5.5899 2.0597 -20.8908 -23.0908 -5.3420 25.7282 15.1278 -2.7686 -20.6278 -7.6231 1.1321 -16.8701 -7.7284 -0.4003 5.9209 -8.5577 -1.4172 18.7725 -14.9854 4.9734 -36.5463 27.2302 -50.6427 13.0752 17.7687 30.4712 -4.8757 -5.5858 -13.6931 -7.0028 -0.0000 0.0000 0.0000 -9.9540 -54.8279 -5.1723 16.5606 14.1057 -2.0631 -22.1153 28.6432 -35.5115 -0.0000 0.0000 0.0000
-0.2561 0.5374 0.2562 2.5629 -2.8199 130.6364 5.4887 -0.6700 14.9633 5.4887 -0.6700 14.9633 5.2439 1.8844 -20.8581 5.2439 1.8844 -20.8581 -19.6890 -4.5553 25.8187 11.6399 -2.0886 -20.2790 -6.4691 0.7965 -14.0236 -8.3228 -0.3966 5.4468 -7.9936 -1.3287 18.8462 -14.4012 4.7536 -36.3741 27.6364 -50.5792 13.2573 17.5161 29.8201 -4.6980 -5.6358 -13.4418 -7.0727 -0.0000 0.0000 0.0000 -9.8337 -54.3255 -5.0549 16.0644 13.7434 -1.9486 -21.8441 28.7578 -35.1315 -0.0000 0.0000 0.0000
-0.2646 0.5352 0.2568 2.7473 -2.7529 130.6253 5.7007 -0.6199 15.0737 5.7007 -0.6199 15.0737 4.9144 1.7078 -20.8781 4.9144 1.7078 -20.8781 -16.6615 -3.7982 25.5172 9.5943 -1.6966 -20.0122 -6.6995 0.6873 -11.7013 -8.9331 -0.3756 4.8059 -7.5924 -1.2291 18.3658 -13.7901 4.4937 -35.9519 27.9400 -50.6393 13.4255 17.3195 29.2297 -4.5485 -5.3637 -13.0143 -6.7435 -0.0000 0.0000 0.0000 -9.9523 -53.8794 -5.0672 15.5881 13.3830 -1.8400 -21.4545 28.9042 -34.5772 -0.0000 0.0000 0.0000
-0.2734 0.5345 0.2566 2.9811 -2.6263 130.6738 5.9625 -0.5869 15.2613 5.9625 -0.5869 15.2613 4.6158 1.6465 -20.9931 4.6158 1.6465 -20.9931 -13.7972 -3.0790 25.0483 8.4841 -1.4874 -19.8537 -6.3095 0.5696 -10.3064 -9.5331 -0.3309 3.9663 -7.2062 -1.1164 17.5904 -13.3827 4.2733 -35.2823 28.0008 -50.6906 13.4711 17.2481 28.6459 -4.4352 -4.9310 -12.3670 -6.2166 -0.0000 0.0000 0.0000 -10.2089 -53.2669 -5.1298 15.1273 12.8681 -1.7158 -20.9735 29.1754 -33.9196 -0.0000 0.0000 0.0000
-0.2824 0.5353 0.2557 3.3718 -2.3399 130.7968 6.2999 -0.5834 15.5153 6.2999 -0.5834 15.5153 4.3481 1.7732 -21.2714 4.3481 1.7732 -21.2714 -10.8755 -2.3759 24.5781 7.6637 -1.3320 -19.6920 -4.8826 0.3820 -8.9427 -10.0956 -0.2505 2.8350 -6.8121 -0.9825 16.3952 -13.1519 4.0855 -34.3845 27.7923 -50.6007 13.3408 17.2591 28.1228 -4.3537 -4.5516 -11.6120 -5.7568 -0.0000 0.0000 0.0000 -10.6390 -52.3034 -5.2353 14.7270 12.1883 -1.5810 -20.4571 29.5790 -33.2461 -0.0000 0.0000 0.0000
-0.2913 0.5368 0.2543 3.8813 -1.8840 131.0176 6.6744 -0.6130 15.7506 6.6744 -0.6130 15.7506 4.1051 2.0411 -21.7157 4.1051 2.0411 -21.7157 -7.8932 -1.6772 23.9573 6.9977 -1.1984 -19.4131 -2.8250 0.1891 -7.6583 -10.5868 -0.1562 1.6854 -6.4527 -0.8528 15.0414 -13.0740 3.9485 -33.4844 27.2515 -50.3911 13.0121 17.3598 27.7307 -4.3160 -4.3130 -10.9491 -5.4705 -0.0000 0.0000 0.0000 -11.3099 -51.0364 -5.4125 14.4441 11.4195 -1.4518 -19.9804 30.0854 -32.6634 -0.0000 0.0000 0.0000
-0.2999 0.5383 0.2528 4.4087 -1.3404 131.2547 7.0305 -0.6464 15.8752 7.0305 -0.6464 15.8752 3.8924 2.3770 -22.2216 3.8924 2.3770 -22.2216 -4.7542 -0.9863 23.4286 6.3193 -1.0672 -19.1524 -1.0393 0.0622 -6.8455 -10.9833 -0.0818 0.8506 -6.1776 -0.7520 13.8677 -13.1024 3.8624 -32.7254 26.5556 -50.1036 12.5885 17.5503 27.3670 -4.3047 -4.2317 -10.3919 -5.3803 -0.0000 0.0000 0.0000 -12.1051 -49.6621 -5.6177 14.3263 10.6254 -1.3391 -19.5713 30.5794 -32.1791 -0.0000 0.0000 0.0000
-0.3080 0.5393 0.2518 4.8556 -0.8069 131.4317 7.3157 -0.6672 15.8315 7.3157 -0.6672 15.8315 3.7068 2.7087 -22.6414 3.7068 2.7087 -22.6414 -1.3313 -0.2669 22.6680 6.0146 -1.0035 -18.9286 0.3348 -0.0190 -6.4814 -11.2821 -0.0392 0.3972 -5.9963 -0.6872 13.0644 -13.1311 3.8003 -32.1596 25.9031 -49.8157 12.1911 17.8002 26.9741 -4.3018 -4.3747 -9.9773 -5.5719 -0.0000 0.0000 0.0000 -12.8968 -48.4004 -5.8157 14.3962 9.8660 -1.2491 -19.2813 31.0316 -31.8675 -0.0000 0.0000 0.0000
-0.3154 0.5395 0.2521 5.0909 -0.4363 131.5477 7.4918 -0.6535 15.6322 7.4918 -0.6535 15.6322 3.5244 2.8852 -22.8615 3.5244 2.8852 -22.8615 2.4946 0.4756 21.5853 5.9021 -0.9695 -18.6407 0.8098 -0.0438 -6.1923 -11.5053 -0.0521 0.5169 -5.8667 -0.6646 12.9154 -13.1631 3.7857 -31.9676 25.3991 -49.7318 11.9249 18.0806 26.5918 -4.3065 -4.6982 -9.5759 -5.9941 -0.0000 0.0000 0.0000 -13.5405 -47.5575 -5.9885 14.4886 9.2631 -1.1800 -19.0601 31.3675 -31.6256 -0.0000 0.0000 0.0000
-0.3220 0.5388 0.2537 5.0952 -0.2658 131.6205 7.5804 -0.5753 15.3485 7.5804 -0.5753 15.3485 3.3456 2.8907 -22.8781 3.3456 2.8907 -22.8781 6.1840 1.0835 19.8567 6.4142 -1.0392 -18.3878 0.7615 -0.0382 -5.7384 -11.6931 -0.1336 1.3047 -5.7715 -0.6761 13.3508 -13.2578 3.8420 -32.1972 25.0715 -49.9119 11.8153 18.3711 26.2710 -4.3221 -5.0848 -9.0772 -6.5012 -0.0000 0.0000 0.0000 -13.7858 -47.2758 -6.0574 14.5094 8.7947 -1.1217 -18.8833 31.5972 -31.4186 -0.0000 0.0000 0.0000
-0.3278 0.5373 0.2564 4.9188 -0.2544 131.6219 7.6548 -0.4227 15.0302 7.6548 -0.4227 15.0302 3.1522 2.7724 -22.7939 3.1522 2.7724 -22.7939 9.6690 1.4584 17.1158 7.5994 -1.2464 -18.6020 2.0170 -0.0870 -4.9384 -11.9809 -0.2630 2.5057 -5.7053 -0.7009 13.9958 -13.4279 3.9511 -32.6622 24.9784 -50.2941 11.8724 18.6057 26.0457 -4.3394 -5.3957 -8.4753 -6.9166 -0.0000 0.0000 0.0000 -13.7896 -47.5160 -6.0936 14.6174 8.5797 -1.1024 -18.7723 31.6597 -31.2606 -0.0000 0.0000 0.0000
-0.3329 0.5355 0.2594 4.5683 -0.2862 131.5146 7.7281 -0.2042 14.7451 7.7281 -0.2042 14.7451 2.9430 2.6001 -22.6855 2.9430 2.6001 -22.6855 12.7281 1.4791 13.2040 10.6460 -1.8259 -19.4112 3.1124 -0.0957 -3.5233 -12.4610 -0.4277 3.9160 -5.6400 -0.7285 14.7093 -13.6774 4.0884 -33.1484 24.7974 -50.7022 11.8928 18.8036 26.0033 -4.3790 -5.5279 -7.8284 -7.1063 -0.0000 0.0000 0.0000 -13.7740 -48.2815 -6.1970 14.9600 8.9202 -1.1735 -18.7239 31.4188 -31.1023 -0.0000 0.0000 0.0000
-0.3371 0.5347 0.2610 4.1013 -0.2183 131.2530 7.8024 0.0568 14.5518 7.8024 0.0568 14.5518 2.7283 2.4498 -22.6376 2.7283 2.4498 -22.6376 15.3534 1.1802 8.7393 15.8745 -3.0116 -21.3545 4.3265 -0.0924 -2.4465 -13.1081 -0.6058 5.2693 -5.6677 -0.7673 15.4085 -13.9127 4.2233 -33.6294 24.3291 -50.9298 11.7223 19.0272 26.0912 -4.4475 -5.4544 -7.1847 -7.0322 -0.0000 0.0000 0.0000 -14.1576 -49.4298 -6.5425 15.8954 10.0546 -1.4073 -18.6823 30.6883 -30.7975 -0.0000 0.0000 0.0000
-0.3408 0.5361 0.2593 3.6059 0.0683 130.8798 7.8658 0.3183 14.5012 7.8658 0.3183 14.5012 2.5430 2.3744 -22.6838 2.5430 2.3744 -22.6838 17.5320 0.6450 4.1808 23.2636 -5.1360 -24.5828 5.6324 -0.1069 -2.1729 -13.8204 -0.7732 6.3738 -5.8638 -0.8034 15.5905 -13.9948 4.2804 -33.8682 23.4885 -50.8446 11.2868 19.3141 26.2106 -4.5371 -5.1562 -6.6416 -6.6645 -0.0000 0.0000 0.0000 -15.3282 -50.6539 -7.2882 17.4939 11.9852 -1.8506 -18.6110 29.3126 -30.2564 -0.0000 0.0000 0.0000
-0.3433 0.5406 0.2529 3.0944 0.4606 130.3969 7.9013 0.5563 14.5971 7.9013 0.5563 14.5971 2.3961 2.2729 -22.8079 2.3961 2.2729 -22.8079 20.2354 -0.0968 -0.5424 30.8889 -8.2447 -29.2417 7.5407 -0.2371 -3.5966 -14.4555 -0.9308 7.3298 -6.3825 -0.8624 15.3741 -13.8553 4.2534 -33.9893 22.1637 -50.5204 10.5603 19.7368 26.4885 -4.6892 -4.7519 -6.2841 -6.1524 -0.0000 0.0000 0.0000 -17.9212 -51.6572 -8.7290 20.2773 14.6024 -2.6250 -18.3493 27.5237 -29.3291 -0.0000 0.0000 0.0000
-0.3431 0.5461 0.2415 2.5776 0.7512 129.7673 7.9038 0.7593 14.7463 7.9038 0.7593 14.7463 2.3351 2.1278 -22.9361 2.3351 2.1278 -22.9361 23.5975 -1.2051 -5.7647 36.4803 -11.8194 -34.8738 8.8874 -0.4170 -5.3625 -14.8542 -1.0875 8.3278 -7.3803 -0.9711 14.9713 -13.5241 4.1688 -34.1280 20.6031 -50.1619 9.7247 20.2664 27.1770 -4.9473 -4.3347 -6.5416 -5.6060 -0.0000 0.0000 0.0000 -21.7917 -52.4165 -10.8257 24.7703 17.7198 -3.9209 -18.0467 25.4321 -28.3099 -0.0000 0.0000 0.0000
-0.3385 0.5523 0.2267 2.0862 0.7941 128.9408 7.9162 0.9195 14.9455 7.9162 0.9195 14.9455 2.3718 1.9218 -23.0737 2.3718 1.9218 -23.0737 27.7760 -2.8597 -11.5294 38.6954 -15.1015 -41.3637 7.0429 -0.2522 -4.0958 -15.0180 -1.2193 9.2306 -8.8108 -1.1258 14.5354 -13.1356 4.0473 -34.1222 18.8047 -49.8338 8.7975 21.0577 28.2297 -5.3517 -3.8367 -7.1652 -4.9482 -0.0000 0.0000 0.0000 -26.6503 -52.7853 -13.4073 31.2978 20.7209 -5.8634 -17.8810 23.0478 -27.4866 -0.0000 0.0000 0.0000
-0.3265 0.5596 0.2110 1.5088 0.5423 127.8670 7.9185 1.0248 15.1080 7.9185 1.0248 15.1080 2.3836 1.5550 -23.0946 2.3836 1.5550 -23.0946 33.1236 -5.6861 -18.9610 35.2191 -15.4266 -46.2179 4.1083 -0.0159 -0.4442 -14.9509 -1.3515 10.2727 -10.7097 -1.3875 14.7223 -12.8864 3.9962 -34.3346 16.8436 -49.5654 7.8210 22.1170 29.4066 -5.8717 -3.1198 -7.7876 -4.0127 -0.0000 0.0000 0.0000 -31.6168 -52.9704 -16.0597 40.2790 23.6193 -8.7695 -18.9241 19.5090 -28.2511 -0.0000 0.0000 0.0000
-0.3109 0.5681 0.1956 0.7128 0.1237 126.4759 7.9426 1.1084 15.1731 7.9426 1.1084 15.1731 2.1742 0.9173 -22.9225 2.1742 0.9173 -22.9225 38.0186 -9.8577 -28.1070 27.1970 -12.0457 -47.1304 2.2902 0.0489 2.4469 -14.9139 -1.5412 11.7344 -13.1598 -1.8573 15.9981 -12.8865 4.1249 -35.3733 14.9526 -49.3980 6.9080 23.7012 30.3582 -6.5164 -2.4866 -7.9294 -3.1965 -0.0000 0.0000 0.0000 -35.9176 -53.3862 -18.5121 51.0199 26.3814 -12.7631 -21.4699 14.0086 -30.7486 -0.0000 0.0000 0.0000
-0.2948 0.5791 0.1798 -0.3711 -0.3188 124.8664 7.9878 1.2100 15.1371 7.9878 1.2100 15.1371 1.6686 -0.0737 -22.5168 1.6686 -0.0737 -22.5168 40.4118 -14.3858 -37.8539 17.2555 -6.8414 -43.0035 1.2622 0.0174 1.5806 -14.9121 -1.8166 13.8147 -16.4159 -2.6400 18.1524 -13.0316 4.4106 -37.2645 13.1774 -49.2615 6.0628 25.7368 30.8700 -7.2184 -2.1827 -7.1533 -2.8157 -0.0000 0.0000 0.0000 -39.0274 -54.3299 -20.6139 61.6960 28.7863 -17.4282 -24.5508 7.6340 -33.7151 -0.0000 0.0000 0.0000
-0.2820 0.5930 0.1622 -1.7025 -0.7245 123.2161 8.0816 1.3525 14.9265 8.0816 1.3525 14.9265 0.8748 -1.3894 -21.9206 0.8748 -1.3894 -21.9206 39.6003 -18.1358 -47.8156 7.6862 -2.4304 -35.0492 -0.2160 0.0061 -3.2137 -14.8830 -2.1583 16.4129 -20.6825 -3.8434 20.8377 -13.0583 4.7282 -39.6705 10.8385 -48.8916 4.9387 28.1868 30.9693 -7.9573 -1.9528 -5.5164 -2.5381 -0.0000 0.0000 0.0000 -41.4054 -55.5587 -22.5187 71.3457 30.5338 -22.1718 -26.1713 3.0844 -35.0166 -0.0000 0.0000 0.0000
-0.2751 0.6090 0.1413 -3.1977 -1.0917 121.4136 8.2396 1.5235 14.5241 8.2396 1.5235 14.5241 -0.1003 -2.8433 -21.1243 -0.1003 -2.8433 -21.1243 35.2948 -19.8836 -57.7069 0.3062 -0.0669 -24.6471 -2.3541 0.1984 -9.6319 -14.5896 -2.5317 19.5871 -26.0144 -5.4518 23.2923 -13.4126 5.1731 -42.0326 7.9816 -48.5103 3.6010 30.9300 31.2866 -8.8599 -1.8792 -4.0348 -2.4596 -0.0000 0.0000 0.0000 -43.1540 -56.7258 -24.1030 80.0700 32.5933 -27.5998 -25.1796 1.6297 -33.4779 -0.0000 0.0000 0.0000
-0.2739 0.6250 0.1174 -4.7432 -1.3400 119.5129 8.4026 1.6824 13.9075 8.4026 1.6824 13.9075 -1.0604 -4.1570 -20.1981 -1.0604 -4.1570 -20.1981 28.1727 -18.6879 -66.5089 -2.3088 0.2883 -14.2354 -5.3005 0.6197 -13.3270 -13.8022 -2.8453 23.1913 -32.0108 -7.3591 25.2727 -14.7456 5.9688 -43.8904 4.4294 -48.3321 1.9883 33.9031 32.4010 -10.1215 -1.6913 -2.9440 -2.2254 -0.0000 0.0000 0.0000 -44.1724 -57.2322 -24.9662 87.7380 35.0409 -33.7627 -21.2492 4.4634 -28.7747 -0.0000 0.0000 0.0000
-0.2760 0.6377 0.0914 -6.3113 -1.3323 117.4336 8.4094 1.7976 13.1640 8.4094 1.7976 13.1640 -1.9297 -5.2510 -19.0852 -1.9297 -5.2510 -19.0852 19.5760 -14.8047 -73.9662 -0.5339 0.0189 -4.0539 -5.8156 0.6602 -12.9419 -12.4733 -3.0252 27.1684 -38.0280 -9.5641 27.2908 -17.5687 7.3638 -45.2165 0.4203 -48.4165 0.1890 36.9844 33.7917 -11.6010 -1.3530 -3.3070 -1.7772 -0.0000 0.0000 0.0000 -44.3028 -56.9479 -24.9022 94.7605 38.3838 -41.4403 -17.6252 8.1099 -24.4339 -0.0000 0.0000 0.0000
-0.2792 0.6475 0.0628 -7.8377 -0.8749 114.7520 8.2268 1.8932 12.3987 8.2268 1.8932 12.3987 -2.6825 -5.9629 -17.7462 -2.6825 -5.9629 -17.7462 10.9542 -8.9229 -78.2727 4.0294 0.1499 4.2600 -2.4653 0.2227 -10.3208 -10.4330 -2.9742 31.7460 -43.9366 -12.3094 29.9335 -22.0440 9.3644 -45.6123 -3.4310 -48.6423 -1.5510 40.8673 35.9587 -13.7878 -0.5896 -3.3369 -0.7743 -0.0000 0.0000 0.0000 -42.8892 -55.8930 -23.5419 100.3484 42.3258 -49.8035 -15.0831 10.2342 -21.2194 -0.0000 0.0000 0.0000
-0.2769 0.6557 0.0348 -9.1558 0.0765 110.8697 7.8874 1.9916 11.7624 7.8874 1.9916 11.7624 -3.3631 -6.2218 -15.9976 -3.3631 -6.2218 -15.9976 3.7790 -3.0822 -78.3967 9.0350 0.7547 9.5306 3.3204 -0.2145 -7.3891 -7.5359 -2.5524 37.3782 -48.7433 -15.8897 34.2442 -27.6112 11.4667 -44.4485 -6.3081 -48.6782 -2.8557 45.5104 38.9391 -16.8689 0.5022 -1.1971 0.6666 -0.0000 0.0000 0.0000 -39.2032 -54.2606 -20.6821 103.1067 46.9826 -57.3972 -13.0631 11.2618 -18.5221 -0.0000 0.0000 0.0000
-0.2702 0.6628 0.0089 -10.1503 1.4668 105.5110 7.4991 2.0580 11.1017 7.4991 2.0580 11.1017 -4.1379 -6.1713 -13.5319 -4.1379 -6.1713 -13.5319 -2.0773 1.5863 -74.7294 12.1051 1.3791 12.9514 10.6667 -0.4243 -4.5429 -3.7985 -1.5620 44.6949 -50.7389 -20.1696 41.1195 -33.4818 12.9816 -41.4376 -8.3006 -48.1801 -3.7165 49.5241 43.1499 -20.6735 1.4838 2.0635 2.0026 -0.0000 0.0000 0.0000 -33.2972 -52.3077 -16.7078 102.5071 52.1629 -62.7642 -11.3266 12.7359 -16.2309 -0.0000 0.0000 0.0000
-0.2594 0.6691 -0.0140 -10.7250 3.1552 98.5455 7.1779 2.0949 10.4421 7.1779 2.0949 10.4421 -5.0302 -5.9408 -10.4047 -5.0302 -5.9408 -10.4047 -6.9075 4.6974 -68.4002 15.8395 1.7594 12.5975 15.8258 -0.3590 -2.5825 0.9900 0.4970 53.3135 -48.0871 -24.1451 51.2264 -40.8004 13.6613 -35.7064 -9.4714 -47.4399 -4.1693 52.1806 48.7229 -25.0043 2.2249 4.8933 3.0494 -0.0000 0.0000 0.0000 -26.5521 -49.9989 -12.5571 99.7247 58.0562 -66.7015 -9.8353 14.6107 -14.2847 -0.0000 0.0000 0.0000
-0.2471 0.6741 -0.0336 -10.7158 5.0273 90.3393 7.0115 2.0376 9.4365 7.0115 2.0376 9.4365 -6.0311 -5.4643 -6.5927 -6.0311 -5.4643 -6.5927 -11.5277 6.6393 -59.7668 23.9636 0.9150 4.3096 22.6182 -0.5440 -2.7199 6.9223 4.2206 62.7041 -40.3449 -25.6404 63.5501 -48.3527 12.2515 -26.8907 -10.1064 -46.6848 -4.3706 52.2545 55.1992 -28.7633 3.6647 5.7025 5.0449 -0.0000 0.0000 0.0000 -20.2464 -46.6473 -8.8040 93.1314 63.6993 -66.5411 -8.8893 15.9189 -13.0359 -0.0000 0.0000 0.0000
-0.2353 0.6760 -0.0500 -9.9939 6.6813 81.7188 7.0571 1.9268 8.2014 7.0571 1.9268 8.2014 -7.0647 -4.7588 -2.5476 -7.0647 -4.7588 -2.5476 -16.0745 7.6276 -50.5436 40.9586 -9.0009 -23.8018 21.9491 0.0044 0.0227 13.7661 9.6924 70.1656 -29.7914 -23.1144 75.1040 -53.9074 8.6794 -16.9758 -10.7140 -46.0612 -4.5655 51.0307 60.6044 -31.1717 6.2234 4.7142 8.5149 -0.0000 0.0000 0.0000 -18.0189 -42.4144 -7.0410 84.8564 66.2280 -61.6039 -8.9323 15.0167 -13.0159 -0.0000 0.0000 0.0000
-0.2261 0.6741 -0.0631 -8.6193 7.7304 73.8099 7.3028 1.7009 6.6641 7.3028 1.7009 6.6641 -8.0373 -3.6566 1.2813 -8.0373 -3.6566 1.2813 -20.0516 7.9400 -42.8657 40.3789 -28.0435 -68.3637 15.0882 2.0440 15.3434 22.0407 16.4693 73.2326 -19.4279 -17.5371 84.0415 -55.7987 3.9195 -7.3954 -11.8632 -45.6717 -5.0103 50.8641 65.0157 -33.7170 8.7657 4.8122 11.9897 -0.0000 0.0000 0.0000 -19.2926 -37.8918 -6.6783 78.7721 65.3023 -55.4964 -10.2679 13.0412 -14.7526 -0.0000 0.0000 0.0000
-0.2207 0.6707 -0.0743 -6.8115 7.8855 67.0075 7.7540 1.2673 4.6125 7.7540 1.2673 4.6125 -9.0255 -2.1184 5.0157 -9.0255 -2.1184 5.0157 -23.4651 8.0013 -37.2224 28.5503 -28.1619 -89.1823 17.2247 3.0481 19.9265 31.9177 23.1683 71.2660 -9.4655 -9.4855 90.1215 -53.8580 -0.3085 0.6073 -13.5618 -45.5226 -5.7121 53.8156 68.6198 -38.2042 10.0372 5.8179 13.7992 -0.0000 0.0000 0.0000 -22.6749 -33.6667 -6.9428 77.0369 62.5076 -51.5679 -12.7970 9.3760 -17.9375 -0.0000 0.0000 0.0000
-0.2208 0.6673 -0.0868 -5.0685 7.3110 61.6219 8.1653 0.6093 2.1067 8.1653 0.6093 2.1067 -9.9423 -0.5879 8.6740 -9.9423 -0.5879 8.6740 -26.1699 8.0890 -33.8405 26.1801 -24.8018 -86.7982 20.5436 4.1413 22.5656 43.0804 28.1224 64.7928 0.1791 0.1880 92.7761 -49.5454 -3.3554 7.2632 -15.3881 -45.7741 -6.5283 58.5081 71.6148 -44.0054 10.4128 5.8298 14.3141 -0.0000 0.0000 0.0000 -25.6977 -30.5601 -7.1314 77.1467 60.0754 -49.5138 -15.5266 4.1138 -21.0805 -0.0000 0.0000 0.0000
-0.2240 0.6656 -0.0991 -3.6375 6.3576 57.4763 8.2636 -0.1378 -0.4670 8.2636 -0.1378 -0.4670 -10.5885 0.6894 11.9233 -10.5885 0.6894 11.9233 -27.8131 8.3652 -32.9102 28.1884 -22.1160 -75.7927 23.5425 5.8868 27.7206 54.7174 30.0903 54.9013 10.1707 10.4540 91.5822 -44.0733 -5.7576 14.1639 -16.8255 -46.3676 -7.2483 63.7071 74.2459 -50.3745 9.9830 5.7722 13.7215 -0.0000 0.0000 0.0000 -27.1689 -28.7497 -7.0875 76.4816 58.9807 -48.0447 -17.9438 -1.3974 -23.6463 -0.0000 0.0000 0.0000
-0.2304 0.6656 -0.1103 -2.5266 5.4136 54.0514 7.8648 -0.8197 -2.8563 7.8648 -0.8197 -2.8563 -10.7639 1.7509 14.3468 -10.7639 1.7509 14.3468 -28.3509 8.6613 -33.3791 33.4206 -19.3208 -59.1073 22.8771 5.7971 28.0985 64.9259 28.8967 44.0975 19.8448 19.0694 87.6726 -37.4731 -6.6334 19.3910 -17.2968 -47.1621 -7.5967 65.7856 76.9478 -54.4034 10.4746 4.7699 14.3134 -0.0000 0.0000 0.0000 -27.0096 -27.5855 -6.7483 73.5822 58.9001 -45.7843 -19.5103 -5.7574 -25.1669 -0.0000 0.0000 0.0000
-0.2393 0.6669 -0.1197 -2.0030 4.7802 51.0277 7.2275 -1.3172 -4.9454 7.2275 -1.3172 -4.9454 -10.6070 2.7465 15.3700 -10.6070 2.7465 15.3700 -28.2785 8.5566 -33.0796 39.9686 -15.2224 -40.3518 19.6402 4.0954 23.3420 71.1316 25.5602 35.2014 26.0963 23.3826 83.5232 -31.7895 -5.9409 20.6551 -16.4408 -48.5798 -7.4606 66.4703 79.5149 -57.1911 12.7858 2.3902 17.2285 -0.0000 0.0000 0.0000 -26.4933 -28.0462 -6.7296 72.3668 59.5807 -45.4420 -20.6464 -8.3734 -26.3089 -0.0000 0.0000 0.0000
-0.2500 0.6683 -0.1278 -2.3033 4.8287 48.6455 6.6864 -1.6127 -6.8403 6.6864 -1.6127 -6.8403 -10.3044 3.8538 14.3850 -10.3044 3.8538 14.3850 -27.6066 7.7954 -30.9993 44.9123 -10.3967 -24.8276 16.0415 2.3145 16.3164 72.3150 22.1547 29.9968 26.0291 22.8663 82.3701 -27.5548 -4.1298 16.7297 -14.7657 -50.8003 -7.0415 65.6901 81.5100 -58.1793 16.6412 -1.5170 21.9355 -0.0000 0.0000 0.0000 -25.7622 -29.6010 -6.9155 70.8525 60.3349 -44.9279 -21.5634 -10.7807 -27.1844 -0.0000 0.0000 0.0000
-0.2621 0.6686 -0.1350 -3.3091 5.5529 46.8086 6.4235 -1.7573 -8.7806 6.4235 -1.7573 -8.7806 -9.7145 5.2332 11.5189 -9.7145 5.2332 11.5189 -26.4140 6.3403 -26.5588 46.9976 -6.0606 -13.8838 13.7156 1.0428 8.6549 70.0857 20.0338 28.2725 22.0804 19.2240 81.9156 -22.4657 -2.1350 10.7201 -12.8718 -53.7239 -6.5400 64.5094 82.8295 -58.2050 21.2748 -6.5682 27.3114 -0.0000 0.0000 0.0000 -25.4382 -32.2466 -7.4662 69.8844 60.8839 -44.6477 -22.8245 -13.3656 -28.4522 -0.0000 0.0000 0.0000
-0.2749 0.6672 -0.1419 -4.7440 6.7340 45.5574 6.4708 -1.8142 -10.8378 6.4708 -1.8142 -10.8378 -8.4757 6.3865 7.6172 -8.4757 6.3865 7.6172 -24.7870 4.6086 -20.7539 46.4601 -2.8956 -6.7399 12.8799 0.4126 3.6544 65.7135 18.7113 28.6210 19.5647 16.3369 79.5574 -17.3624 -0.8010 5.2424 -10.8294 -56.9650 -5.8880 63.4911 83.4219 -57.7502 25.6372 -11.2323 32.1685 -0.0000 0.0000 0.0000 -25.4408 -35.5196 -8.2706 69.0265 61.1733 -44.2378 -23.8192 -15.5116 -29.4263 -0.0000 0.0000 0.0000
-0.2875 0.6650 -0.1485 -6.2600 8.0905 44.6455 6.7236 -1.8174 -12.9038 6.7236 -1.8174 -12.9038 -6.6786 6.6737 3.8014 -6.6786 6.6737 3.8014 -22.6661 3.0251 -15.0107 44.0318 -0.7121 -1.7611 12.7914 0.0094 0.0836 60.6920 17.5572 29.5539 21.6275 16.4642 74.2823 -14.1278 -0.2283 1.8419 -9.1417 -60.3061 -5.3181 66.1322 83.5559 -60.3692 28.2267 -14.4983 34.8983 -0.0000 0.0000 0.0000 -25.9285 -38.9906 -9.3187 69.1404 61.1814 -44.3294 -24.6842 -17.4591 -30.2550 -0.0000 0.0000 0.0000
-0.2999 0.6614 -0.1537 -7.4800 9.3554 43.8439 6.9559 -1.7870 -14.6595 6.9559 -1.7870 -14.6595 -4.8342 6.2095 0.8825 -4.8342 6.2095 0.8825 -20.1015 1.8535 -10.4295 40.2392 1.1453 3.1256 13.1689 -0.4037 -3.4960 56.4812 16.3143 29.8848 27.2146 18.3844 67.5278 -13.2214 -0.0634 0.5473 -7.7638 -63.2838 -4.7887 69.1728 83.5525 -63.2639 29.8305 -17.4973 36.4273 -0.0000 0.0000 0.0000 -26.5376 -41.9780 -10.3388 69.8136 61.1213 -44.7856 -25.3757 -19.8029 -30.8235 -0.0000 0.0000 0.0000
-0.3127 0.6568 -0.1561 -8.2526 10.4097 42.9688 7.0362 -1.7398 -15.9185 7.0362 -1.7398 -15.9185 -3.1790 5.4269 -1.2973 -3.1790 5.4269 -1.2973 -17.4084 1.0572 -6.8973 35.9020 2.1638 6.6721 13.7931 -0.7587 -6.2667 53.8839 15.2083 29.4348 30.8490 17.8864 59.3982 -12.1844 -0.0417 0.3907 -6.2397 -65.8066 -4.0394 72.8639 83.6447 -66.8877 31.2871 -20.4695 37.7628 -0.0000 0.0000 0.0000 -26.8828 -44.5405 -11.1800 70.8310 61.2147 -45.6280 -26.4566 -22.5865 -31.8008 -0.0000 0.0000 0.0000
-0.3265 0.6515 -0.1548 -8.5365 11.1277 41.9700 6.9319 -1.6934 -16.7627 6.9319 -1.6934 -16.7627 -1.4656 4.6525 -3.5227 -1.4656 4.6525 -3.5227 -14.8196 0.5467 -4.2022 31.8827 2.5451 8.8938 14.0738 -1.0129 -8.1919 52.5282 14.3125 28.5509 28.1832 13.5037 50.4995 -8.6150 -0.1134 1.5057 -4.1703 -67.4969 -2.7870 74.5598 83.8674 -68.7312 32.6783 -22.6607 39.1069 -0.0000 0.0000 0.0000 -26.6594 -46.4477 -11.6104 72.1150 61.5177 -46.8554 -27.3239 -25.2818 -32.5260 -0.0000 0.0000 0.0000
-0.3398 0.6469 -0.1492 -8.3697 11.4771 40.7841 6.6385 -1.6525 -17.2030 6.6385 -1.6525 -17.2030 0.2869 3.9943 -5.9704 0.2869 3.9943 -5.9704 -12.3946 0.2268 -2.0882 28.3989 2.5320 9.9831 13.8950 -1.1560 -9.4653 52.0159 13.4215 27.1173 17.7427 6.5648 40.3509 -1.5814 -0.0647 4.6848 -1.3096 -68.2631 -0.8878 73.5021 84.3766 -68.1839 34.0719 -23.6795 40.5944 -0.0000 0.0000 0.0000 -25.6821 -47.8236 -11.5424 73.9033 62.0656 -48.7004 -28.0810 -27.3749 -33.1819 -0.0000 0.0000 0.0000
-0.3525 0.6398 -0.1422 -7.9239 11.4832 39.5817 6.2406 -1.6300 -17.4246 6.2406 -1.6300 -17.4246 2.2558 3.2678 -9.0764 2.2558 3.2678 -9.0764 -10.1961 0.0461 -0.5170 25.3695 2.4009 10.6379 13.3356 -1.2217 -10.4224 51.4304 12.3969 25.4172 3.9966 1.0206 28.6415 5.3632 0.4257 9.0695 2.1626 -68.1714 1.4635 66.5671 85.0904 -62.1375 35.4341 -23.6507 42.1783 -0.0000 0.0000 0.0000 -23.9097 -48.6434 -10.9329 75.4849 62.7759 -50.5601 -28.4559 -28.6858 -33.4751 -0.0000 0.0000 0.0000
-0.3639 0.6299 -0.1366 -7.3966 11.3743 38.5334 5.9028 -1.6121 -17.7217 5.9028 -1.6121 -17.7217 4.4957 1.8844 -13.3427 4.4957 1.8844 -13.3427 -8.2396 -0.0496 0.6885 22.2819 2.2790 11.5347 12.9116 -1.2703 -11.1911 49.7393 11.3714 24.2441 -5.7973 -0.9818 19.2082 7.1911 0.6756 10.7197 5.1594 -67.7193 3.4630 57.3408 85.6454 -53.7478 36.1754 -23.2639 43.0909 -0.0000 0.0000 0.0000 -22.1895 -49.1230 -10.2424 77.3146 63.4197 -52.6004 -28.1765 -29.6723 -33.0468 -0.0000 0.0000 0.0000
-0.3745 0.6224 -0.1343 -6.8779 11.3879 37.6557 5.6264 -1.5777 -18.0179 5.6264 -1.5777 -18.0179 6.4768 -0.0815 -18.0369 6.4768 -0.0815 -18.0369 -6.1643 -0.1029 1.9109 18.3610 1.8362 11.3252 12.0562 -1.1391 -10.7553 46.4134 10.2476 23.6251 -10.0375 -1.1878 13.4644 4.8540 0.4236 9.9698 7.4065 -67.7548 4.9765 53.8431 86.3264 -50.9317 36.8581 -23.2054 43.8888 -0.0000 0.0000 0.0000 -21.1251 -49.3588 -9.7948 79.7365 64.0838 -55.1951 -27.9975 -30.4378 -32.7602 -0.0000 0.0000 0.0000
-0.3850 0.6294 -0.1293 -6.4739 11.1681 38.0650 5.5820 -1.6620 -19.2833 5.5820 -1.6620 -19.2833 7.7940 -2.6956 -23.2868 7.7940 -2.6956 -23.2868 -6.0718 -0.1906 3.5927 17.4831 2.0891 13.5250 12.7056 -1.2207 -10.9313 42.2586 9.3921 24.0006 -9.1089 -1.0535 13.1677 2.1459 0.1569 8.3649 4.5445 -67.4444 3.0342 67.3084 85.1489 -62.9043 35.2919 -25.4183 41.7721 -0.0000 0.0000 0.0000 -22.9505 -49.4529 -10.6815 84.7902 62.4573 -57.9324 -28.6274 -33.7257 -33.1450 -0.0000 0.0000 0.0000
-0.3957 0.6566 -0.1087 -5.8293 10.9809 37.4002 5.2742 -1.6163 -19.6876 5.2742 -1.6163 -19.6876 8.1432 -4.2577 -26.5274 8.1432 -4.2577 -26.5274 -6.4787 -0.2214 3.9098 18.3959 2.5927 15.9114 14.6032 -1.5411 -11.9841 38.0145 8.4342 24.1642 -6.9970 -0.7738 12.6057 0.3690 0.0245 7.6089 6.5691 -65.5409 4.2314 52.0250 84.6820 -47.9483 32.5815 -27.1832 38.4174 -0.0000 0.0000 0.0000 -20.5531 -47.8565 -9.1993 78.7011 62.1717 -52.6117 -24.4080 -35.1433 -28.1917 -0.0000 0.0000 0.0000
-0.4045 0.6940 -0.0653 -4.8045 10.9989 34.1388 4.5029 -1.3607 -18.0288 4.5029 -1.3607 -18.0288 8.3560 -4.1132 -27.3181 8.3560 -4.1132 -27.3181 -6.3994 -0.1023 1.8305 20.5818 3.1828 17.3994 16.9932 -2.3999 -15.9627 34.0179 7.1937 23.2241 -4.9368 -0.4158 9.6233 -0.8908 -0.0590 7.5739 17.2297 -60.4489 10.0880 -6.4807 82.0855 5.6435 30.2788 -26.5780 35.8251 -0.0000 0.0000 0.0000 -10.4744 -42.5336 -4.0865 52.2072 62.2495 -32.9627 -12.7660 -31.2525 -14.9870 -0.0000 0.0000 0.0000
-0.4112 0.7306 -0.0032 -3.2927 11.1991 27.1334 3.2438 -0.9148 -13.7321 3.2438 -0.9148 -13.7321 8.2613 -1.7674 -24.0732 8.2613 -1.7674 -24.0732 -4.5723 0.1003 -2.5120 21.9820 3.2524 16.6328 17.1522 -3.6713 -23.9952 30.3373 5.6206 20.5262 -2.6414 -0.0916 3.9709 -3.1938 -0.1605 5.7522 31.2887 -48.5206 14.3865 -36.8311 68.8937 25.7292 30.2289 -21.5478 36.3769 -0.0000 0.0000 0.0000 4.2071 -28.3343 1.0624 11.8260 50.2756 -5.5646 3.6922 -15.0030 4.6055 -0.0000 0.0000 0.0000
-0.4158 0.7575 0.0698 -1.3172 11.1699 17.4672 1.7831 -0.3992 -7.4675 1.7831 -0.3992 -7.4675 -0.2307 3.0032 -3.6104 -0.2307 3.0032 -3.6104 -2.1437 0.1505 -8.0295 21.2682 2.5755 13.6542 12.4469 -3.4246 -30.6600 28.4027 4.2715 16.7662 -4.5337 0.2223 -5.6101 -3.9726 -0.0582 1.6772 39.8200 -30.5688 11.3053 -44.7533 49.3988 21.4443 31.7259 -13.2657 39.2968 -0.0000 0.0000 0.0000 13.0775 -6.3065 0.7236 -8.7534 24.0137 1.8652 12.5867 19.6939 18.9360 -0.0000 0.0000 0.0000
-0.4189 0.7656 0.1414 0.6719 10.6958 7.9423 0.4565 -0.0402 -1.0114 0.4565 -0.0402 -1.0114 -6.3305 -7.2619 24.4851 -6.3305 -7.2619 24.4851 0.4794 -0.0518 -12.3384 17.7620 1.5252 9.7379 6.3868 -1.6573 -29.0665 26.6773 3.0254 12.7105 -7.5863 1.0496 -15.7320 -2.3176 0.0921 -4.5502 43.1403 -13.4201 5.3259 -45.2912 31.2913 13.3286 33.1340 -2.6811 42.8044 -0.0000 0.0000 0.0000 13.8009 12.3621 -1.5018 -14.2124 1.7469 0.2178 7.5718 58.1825 22.6749 -0.0000 0.0000 0.0000
-0.4211 0.7527 0.2000 1.9149 9.9668 2.8223 -0.1915 0.0838 2.7316 -0.1915 0.0838 2.7316 -4.6518 -9.3719 29.2763 -4.6518 -9.3719 29.2763 1.0475 -0.1409 -15.3216 17.3418 1.3228 8.6576 2.9097 -0.7565 -29.1432 25.3105 2.3254 10.3296 -11.3572 2.2546 -22.3871 0.7876 -0.0573 -8.3259 43.4035 -3.3162 1.3201 -40.8162 21.1235 7.9367 30.8091 3.7133 41.1342 -0.0000 0.0000 0.0000 11.8578 20.6294 -2.1655 -13.6014 -6.0444 -0.7215 -0.1466 73.8865 20.4825 -0.0000 0.0000 0.0000
-0.4238 0.7279 0.2373 2.9413 9.1263 -0.6685 -0.6420 0.1383 5.4730 -0.6420 0.1383 5.4730 -3.5923 -9.8545 30.4112 -3.5923 -9.8545 30.4112 1.2472 -0.1939 -17.6728 17.1489 1.1177 7.4029 0.5897 -0.1489 -28.3398 23.4173 1.7793 8.5700 -14.5821 3.5246 -27.0432 4.0855 -0.3302 -9.2385 43.1310 2.3961 -0.9471 -34.7840 15.4507 4.8662 27.1108 8.7166 37.3458 -0.0000 0.0000 0.0000 9.7178 24.5780 -2.1217 -12.4096 -7.7611 -0.8451 -3.5876 80.1928 14.1742 -0.0000 0.0000 0.0000
-0.4284 0.7045 0.2576 3.6990 8.2113 -2.7282 -0.9620 0.1673 7.3725 -0.9620 0.1673 7.3725 -2.5836 -10.1366 30.6527 -2.5836 -10.1366 30.6527 1.9019 -0.3280 -19.5654 16.5853 0.8813 6.0412 -0.9684 0.2383 -27.6418 20.0058 1.2416 7.0310 -15.8815 4.2488 -29.7847 5.9243 -0.4219 -8.1395 42.7670 5.9749 -2.3414 -28.3546 11.7628 2.9813 22.9599 12.2022 32.4504 -0.0000 0.0000 0.0000 8.2804 26.6078 -1.9612 -11.7887 -6.9449 -0.7179 -2.6973 83.1670 6.5313 -0.0000 0.0000 0.0000
-0.4349 0.6884 0.2709 4.3917 7.2596 -3.9529 -1.3227 0.1910 8.6292 -1.3227 0.1910 8.6292 -1.4171 -10.4886 30.6189 -1.4171 -10.4886 30.6189 3.6321 -0.6827 -21.2838 14.8683 0.6452 4.9418 -1.8967 0.4553 -26.9931 14.9598 0.7040 5.3578 -14.8689 4.1293 -30.8880 5.5806 -0.3558 -7.2914 42.1317 9.2470 -3.5684 -22.3307 8.4207 1.6649 18.9534 14.5122 27.3098 -0.0000 0.0000 0.0000 7.3935 28.1426 -1.8556 -11.7777 -5.7796 -0.5966 1.7473 85.9332 -2.8950 -0.0000 0.0000 0.0000
-0.4406 0.6741 0.2811 5.1820 6.4059 -4.5978 -1.7124 0.2137 9.4962 -1.7124 0.2137 9.4962 -0.4493 -10.7373 30.5042 -0.4493 -10.7373 30.5042 4.9064 -0.9900 -22.8028 13.6063 0.4936 4.1359 -2.4495 0.5790 -26.5950 10.3086 0.3451 3.8240 -14.2825 4.0383 -31.4326 3.0092 -0.1927 -7.3276 41.4815 11.3401 -4.3063 -18.4827 6.5164 1.0614 15.7620 14.5901 22.7926 -0.0000 0.0000 0.0000 7.1457 28.2949 -1.8034 -12.5818 -3.1034 -0.3422 15.3763 86.9740 -22.1638 -0.0000 0.0000 0.0000
-0.4457 0.6617 0.2872 6.1556 5.5228 -5.0455 -2.1980 0.2520 10.4487 -2.1980 0.2520 10.4487 0.3745 -10.9151 30.0845 0.3745 -10.9151 30.0845 5.8711 -1.2698 -24.3882 12.8590 0.3315 2.9411 -3.1992 0.7551 -26.5557 5.8981 0.1120 2.1741 -12.8783 3.8024 -32.7794 -0.6038 0.0394 -7.4660 40.5422 13.4250 -4.9780 -15.6770 5.0312 0.6931 13.3331 14.6424 19.3252 -0.0000 0.0000 0.0000 7.3892 27.6265 -1.8191 -14.2684 1.2557 0.1572 45.8309 87.7999 -57.9086 -0.0000 0.0000 0.0000
-0.4499 0.6634 0.2893 6.7451 4.8721 -5.0699 -2.4786 0.2454 10.5952 -2.4786 0.2454 10.5952 0.8793 -10.8678 30.1882 0.8793 -10.8678 30.1882 6.4288 -1.4280 -25.0233 12.4968 0.2842 2.5953 -3.8041 0.8771 -25.9570 2.4617 0.0414 1.9260 -13.1793 3.8867 -32.7369 -2.3431 0.1428 -6.9760 40.4481 14.6672 -5.4291 -14.6391 3.9267 0.5046 11.8362 14.4314 17.1490 -0.0000 0.0000 0.0000 8.1901 26.5050 -1.9320 -15.9611 4.8927 0.6863 54.3281 87.4795 -69.8957 -0.0000 0.0000 0.0000
-0.4530 0.6748 0.2884 6.7371 4.8669 -4.4906 -2.4820 0.1875 9.4305 -2.4820 0.1875 9.4305 0.9469 -10.6746 30.8840 0.9469 -10.6746 30.8840 6.7724 -1.4208 -23.6720 12.1822 0.3730 3.4947 -4.1353 0.8885 -24.2428 -0.2049 -0.0060 3.3358 -14.8117 4.0002 -30.0776 -1.3043 0.0597 -5.2447 41.4794 12.7430 -4.8424 -14.4832 4.4079 0.5604 10.9357 12.3982 15.6400 -0.0000 0.0000 0.0000 8.8892 24.7982 -1.9580 -16.4176 7.8852 1.1393 21.1886 84.3890 -41.7031 -0.0000 0.0000 0.0000
-0.4557 0.6874 0.2849 6.2059 5.5478 -3.3413 -2.2059 0.1121 6.8018 -2.2059 0.1121 6.8018 0.4560 -10.2742 31.8639 0.4560 -10.2742 31.8639 7.0180 -1.2653 -20.4167 12.9937 0.6740 5.9133 -3.9437 0.7886 -22.6074 -2.3032 -0.1287 6.3969 -17.7789 3.9541 -24.8918 2.5303 -0.0497 -2.2513 43.0748 8.4494 -3.3398 -15.1818 6.3826 0.8514 9.7413 8.9737 13.6441 -0.0000 0.0000 0.0000 10.6780 22.1851 -2.0993 -17.5628 11.1387 1.7260 -0.5755 72.0369 -11.9408 -0.0000 0.0000 0.0000
-0.4593 0.6974 0.2752 5.6026 6.7232 -1.4729 -1.8312 0.0482 2.9836 -1.8312 0.0482 2.9836 -2.4473 -5.0447 22.2967 -2.4473 -5.0447 22.2967 7.0982 -0.9688 -15.5249 14.6296 1.1268 8.7609 -3.1915 0.5564 -19.7744 -3.9580 -0.3644 10.5161 -21.5167 3.5091 -18.3163 8.0545 0.1808 2.5675 44.6776 1.8771 -0.7714 -15.8544 10.2117 1.4256 7.7903 5.4023 10.6947 -0.0000 0.0000 0.0000 12.7535 18.5412 -2.0901 -18.7894 15.1307 2.5177 2.5177 31.1468 4.2357 -0.0000 0.0000 0.0000
-0.4638 0.7013 0.2565 5.2490 8.1556 1.1529 -1.5525 -0.0240 -1.1753 -1.5525 -0.0240 -1.1753 12.8257 -2.8222 -32.4489 12.8257 -2.8222 -32.4489 6.9008 -0.6066 -10.0357 17.2192 1.6538 10.8904 -2.6172 0.3704 -16.1076 -4.9178 -0.6171 14.2969 -25.2818 2.7685 -12.2990 11.5748 0.8854 8.7195 45.7562 -6.3855 2.6968 -15.6409 16.1167 2.2280 5.6335 3.5156 7.6582 -0.0000 0.0000 0.0000 14.5581 12.8708 -1.6508 -19.5671 22.2683 3.8874 10.0503 -14.3077 12.5559 -0.0000 0.0000 0.0000
-0.4692 0.6968 0.2283 5.4351 9.6057 4.2421 -1.7409 -0.1035 -4.3434 -1.7409 -0.1035 -4.3434 12.3524 -3.0514 -31.8110 12.3524 -3.0514 -31.8110 6.6043 -0.3345 -5.7918 21.0104 2.0114 10.8157 -2.7931 0.3188 -13.0197 -4.8565 -0.6961 16.3056 -28.0750 2.1265 -8.4907 10.6722 1.3153 14.0121 45.6549 -14.2633 6.0294 -13.7784 22.5598 2.7610 4.1144 4.4510 5.6237 -0.0000 0.0000 0.0000 15.5105 3.6505 -0.4973 -19.6584 34.7766 6.2112 10.5254 -31.9227 12.3356 -0.0000 0.0000 0.0000
-0.4745 0.6840 0.1941 5.4725 11.0193 7.9214 -2.0803 -0.1438 -7.1263 -2.0803 -0.1438 -7.1263 12.2012 -1.4753 -27.1965 12.2012 -1.4753 -27.1965 6.1253 -0.1244 -2.3243 25.2178 2.1240 9.4747 -2.7155 0.2434 -10.2405 -4.1419 -0.6365 17.4651 -30.1991 1.4508 -5.3735 7.2614 1.0739 16.8034 45.4301 -21.5356 9.1036 -11.0895 28.5645 2.8313 3.1588 6.7410 4.3749 -0.0000 0.0000 0.0000 15.1241 -7.7479 1.0301 -17.3116 48.6552 7.8742 4.3309 -37.8146 4.9852 -0.0000 0.0000 0.0000
-0.4792 0.6683 0.1611 5.1669 12.4909 11.6964 -2.4073 -0.0954 -9.3760 -2.4073 -0.0954 -9.3760 11.5354 1.2906 -20.3295 11.5354 1.2906 -20.3295 5.4356 0.0115 0.2429 28.8413 2.0197 7.8432 -1.8692 0.1317 -8.0612 -2.9648 -0.4616 17.6963 -31.7613 0.9024 -3.1713 2.9476 0.4532 17.4766 45.2849 -28.9816 12.3061 -6.9128 33.6930 2.0955 2.1416 9.2749 3.0118 -0.0000 0.0000 0.0000 12.8175 -18.4219 2.0870 -9.6686 60.6450 5.6638 -6.6831 -34.4001 -7.7746 -0.0000 0.0000 0.0000
-0.4823 0.6600 0.1330 4.7975 14.0678 14.9822 -2.7263 0.0232 -11.0485 -2.7263 0.0232 -11.0485 9.3152 4.3743 -11.9070 9.3152 4.3743 -11.9070 4.3273 0.0545 1.4438 33.5371 2.2057 7.3111 0.5298 -0.0310 -6.6870 -1.6163 -0.2457 17.2871 -33.0434 0.5547 -1.8698 -1.1206 -0.1684 17.0963 44.9274 -35.1200 14.9088 -2.9537 37.0932 0.9912 1.1292 11.8939 1.6148 -0.0000 0.0000 0.0000 10.3828 -26.1808 2.4206 1.7533 68.7056 -1.1985 -11.3880 -28.6098 -13.4919 -0.0000 0.0000 0.0000
-0.4834 0.6517 0.1107 4.4695 15.7243 17.6911 -3.0427 0.1928 -12.1777 -3.0427 0.1928 -12.1777 5.5110 6.2020 -3.0914 5.5110 6.2020 -3.0914 2.9655 0.0453 1.7517 37.8925 2.5127 7.3109 4.2126 -0.1665 -4.5256 -0.2310 -0.0334 16.4332 -34.2708 0.4324 -1.4023 -4.0316 -0.5913 16.6811 44.5127 -39.9648 16.9280 0.2917 38.8299 -0.1028 0.4534 14.6725 0.6605 -0.0000 0.0000 0.0000 7.9853 -31.0180 2.2192 16.0805 72.7181 -11.8735 -13.9855 -22.1881 -16.9333 -0.0000 0.0000 0.0000
-0.4830 0.6384 0.0923 4.1028 17.3838 19.9843 -3.3329 0.3811 -12.8400 -3.3329 0.3811 -12.8400 1.9197 6.0615 3.8969 1.9197 6.0615 3.8969 1.6274 0.0149 1.0518 41.3115 3.0077 7.9671 8.0822 -0.1522 -2.1547 1.1247 0.1528 15.4731 -35.2804 0.5139 -1.6159 -6.0928 -0.8726 16.2868 44.1669 -43.9820 18.6103 2.9668 39.6433 -1.0696 0.1312 17.2617 0.1948 -0.0000 0.0000 0.0000 5.7415 -34.5362 1.7861 32.9010 74.6900 -25.3940 -16.0217 -16.8518 -19.7737 -0.0000 0.0000 0.0000
-0.4816 0.6211 0.0723 3.5045 18.8161 22.2040 -3.5170 0.5889 -13.3043 -3.5170 0.5889 -13.3043 -0.6620 4.8012 8.7663 -0.6620 4.8012 8.7663 0.4996 -0.0004 -0.1009 43.5992 3.5807 8.9373 11.5604 0.0161 0.1595 2.3767 0.3113 14.9210 -35.8753 0.7855 -2.4262 -7.4679 -1.0559 16.0728 43.9338 -46.8656 19.8326 4.9941 39.5517 -1.7966 0.1331 19.2348 0.2005 -0.0000 0.0000 0.0000 2.4796 -40.1143 0.9054 61.4495 76.2309 -49.9975 -18.4317 -14.7401 -22.9101 -0.0000 0.0000 0.0000
-0.4795 0.6029 0.0511 2.5458 19.8497 24.3638 -3.5256 0.8047 -13.6425 -3.5256 0.8047 -13.6425 -2.3577 3.1215 12.2233 -2.3577 3.1215 12.2233 -0.1304 0.0016 -1.4196 44.6248 4.0927 9.9521 14.2796 0.2780 2.2193 3.4327 0.4473 14.8453 -35.8183 1.1454 -3.5433 -8.7420 -1.2023 15.6325 44.0536 -48.1608 20.4975 6.1842 38.5772 -2.1662 0.0726 20.3763 0.1103 -0.0000 0.0000 0.0000 -1.8137 -46.7363 -0.7837 91.8929 74.4968 -76.3289 -21.3247 -15.3731 -26.3988 -0.0000 0.0000 0.0000
-0.4774 0.5859 0.0321 1.5155 20.4164 26.3287 -3.4617 1.0049 -13.9534 -3.4617 1.0049 -13.9534 -3.7005 1.3729 15.1155 -3.7005 1.3729 15.1155 -0.4068 0.0086 -2.4314 44.8011 4.4141 10.6833 16.1645 0.5561 3.9149 4.3771 0.5735 14.9221 -35.2643 1.5118 -4.7542 -10.0851 -1.3298 14.9852 44.2715 -47.9798 20.5218 6.6222 36.8420 -2.2078 -0.1402 21.1421 -0.2145 -0.0000 0.0000 0.0000 -6.5616 -52.0100 -3.2037 109.8687 70.5494 -90.4439 -23.7268 -16.1064 -29.2474 -0.0000 0.0000 0.0000
-0.4757 0.5703 0.0208 0.5961 20.7371 27.9767 -3.3922 1.1679 -14.2138 -3.3922 1.1679 -14.2138 -5.0249 -0.4233 17.9121 -5.0249 -0.4233 17.9121 -0.4427 0.0120 -3.1106 44.3533 4.5345 11.0954 17.0527 0.7779 5.1855 5.2924 0.6937 14.9246 -34.4350 1.8209 -5.8714 -11.5688 -1.4433 14.1758 44.4857 -46.7812 20.0632 6.4477 34.5579 -2.0075 -0.4511 21.4694 -0.6920 -0.0000 0.0000 0.0000 -10.2025 -54.9147 -5.3117 116.8219 67.2420 -94.4732 -25.2703 -16.2864 -31.0979 -0.0000 0.0000 0.0000
-0.4749 0.5568 0.0215 -0.0574 20.9556 29.2463 -3.3702 1.2817 -14.4423 -3.3702 1.2817 -14.4423 -6.2215 -2.1132 20.4714 -6.2215 -2.1132 20.4714 -0.3472 0.0105 -3.4553 43.4902 4.4367 11.0942 17.0199 0.8986 6.0001 6.2520 0.8116 14.7779 -33.6715 1.9909 -6.5729 -12.9927 -1.5366 13.4332 44.5416 -45.2642 19.3787 6.0107 32.1661 -1.7344 -0.6551 21.5307 -1.0055 -0.0000 0.0000 0.0000 -11.7370 -55.0569 -6.1329 118.4276 65.0411 -93.8804 -25.8469 -15.1438 -31.9330 -0.0000 0.0000 0.0000
-0.4751 0.5461 0.0325 -0.4664 21.1818 30.1479 -3.4071 1.3449 -14.5858 -3.4071 1.3449 -14.5858 -7.2030 -3.6191 22.6516 -7.2030 -3.6191 22.6516 -0.1456 0.0048 -3.7898 42.2764 4.1754 10.7722 16.5107 0.9234 6.3580 7.2459 0.9174 14.4131 -33.0862 2.0030 -6.7363 -13.9753 -1.5951 12.9595 44.4607 -44.1517 18.8235 5.6224 30.0303 -1.5092 -0.6585 21.5792 -1.0111 -0.0000 0.0000 0.0000 -10.8495 -52.9366 -5.4140 116.8860 63.8133 -90.7815 -25.6350 -12.3730 -32.0194 -0.0000 0.0000 0.0000
-0.4761 0.5381 0.0483 -0.7010 21.3569 30.7483 -3.4501 1.3676 -14.7065 -3.4501 1.3676 -14.7065 -7.9105 -4.8020 24.3352 -7.9105 -4.8020 24.3352 -0.0055 0.0002 -3.8646 40.7674 3.8071 10.2225 15.7544 0.8914 6.4359 8.1112 1.0028 14.0730 -32.4075 1.9595 -6.7358 -14.6143 -1.6726 12.9884 44.2772 -43.3287 18.3603 5.3301 28.1397 -1.3368 -0.6026 21.8077 -0.9270 -0.0000 0.0000 0.0000 -9.4217 -49.6666 -4.3678 116.1449 62.2779 -88.2310 -25.3004 -9.5378 -31.9748 -0.0000 0.0000 0.0000
-0.4769 0.5320 0.0632 -0.8956 21.5101 31.1416 -3.4651 1.3650 -14.7656 -3.4651 1.3650 -14.7656 -8.4096 -5.7569 25.6452 -8.4096 -5.7569 25.6452 0.1952 -0.0067 -3.9457 38.9975 3.4568 9.7419 14.6490 0.8162 6.3438 8.7693 1.0604 13.7631 -31.3665 1.9240 -6.8451 -15.2342 -1.7981 13.3854 44.1884 -42.5003 17.9417 4.9654 26.2686 -1.1593 -0.5550 22.3029 -0.8573 -0.0000 0.0000 0.0000 -8.1844 -46.9911 -3.5628 116.3556 60.8408 -86.8330 -26.1633 -8.5278 -33.1820 -0.0000 0.0000 0.0000
-0.4774 0.5282 0.0733 -1.0163 21.6431 31.3928 -3.4784 1.3455 -14.7960 -3.4784 1.3455 -14.7960 -8.7198 -6.5025 26.6323 -8.7198 -6.5025 26.6323 0.4101 -0.0143 -4.0055 37.1675 3.1552 9.3656 13.3611 0.7192 6.1343 9.1985 1.0883 13.4662 -29.9609 1.8971 -7.0816 -15.9848 -1.9645 13.9242 44.1043 -41.6851 17.5344 4.5726 24.5456 -0.9952 -0.5047 22.9915 -0.7843 -0.0000 0.0000 0.0000 -7.2863 -44.9072 -3.0145 116.9554 59.5745 -86.0464 -27.6717 -8.1565 -35.1052 -0.0000 0.0000 0.0000
-0.4777 0.5270 0.0797 -1.1195 21.7916 31.5478 -3.4863 1.3157 -14.7643 -3.4863 1.3157 -14.7643 -8.9313 -7.1832 27.4607 -8.9313 -7.1832 27.4607 0.6584 -0.0243 -4.2346 35.3984 2.9271 9.1549 12.0484 0.6229 5.8978 9.4028 1.0900 13.1951 -28.2913 1.8656 -7.3925 -16.8025 -2.1222 14.2961 44.0591 -41.0382 17.2226 4.1846 23.0564 -0.8539 -0.4366 23.6252 -0.6822 -0.0000 0.0000 0.0000 -6.4877 -43.3711 -2.5822 116.6953 59.0433 -85.1398 -29.1019 -8.2489 -36.8587 -0.0000 0.0000 0.0000
-0.4779 0.5279 0.0834 -1.3108 21.9622 31.7179 -3.4464 1.2927 -14.6834 -3.4464 1.2927 -14.6834 -9.0679 -7.8470 28.1382 -9.0679 -7.8470 28.1382 0.9528 -0.0389 -4.6798 33.7654 2.7775 9.1341 10.8551 0.5431 5.7111 9.4349 1.0768 12.9933 -26.4755 1.8038 -7.6571 -17.5149 -2.2098 14.2724 44.1159 -40.7285 17.1070 3.9354 22.0029 -0.7654 -0.3725 23.9338 -0.5836 -0.0000 0.0000 0.0000 -6.1162 -42.9209 -2.4063 115.9836 59.0802 -84.3920 -30.0829 -8.7916 -37.9821 -0.0000 0.0000 0.0000
-0.4779 0.5292 0.0855 -1.6466 22.1453 31.9438 -3.3404 1.2833 -14.5569 -3.3404 1.2833 -14.5569 -9.1308 -8.5277 28.7120 -9.1308 -8.5277 28.7120 1.3445 -0.0624 -5.3178 32.1943 2.6732 9.2447 10.0103 0.4924 5.6175 9.4181 1.0542 12.7457 -24.6519 1.6911 -7.7280 -18.0811 -2.2191 13.8806 44.3516 -40.6445 17.1686 3.6931 21.1519 -0.6898 -0.3303 23.9752 -0.5177 -0.0000 0.0000 0.0000 -5.0617 -42.2694 -1.9578 112.4083 60.2189 -81.8100 -30.5683 -9.5198 -38.4636 -0.0000 0.0000 0.0000
-0.4777 0.5313 0.0873 -2.1824 22.2433 32.2312 -3.1320 1.2917 -14.3847 -3.1320 1.2917 -14.3847 -9.1406 -9.1687 29.1751 -9.1406 -9.1687 29.1751 1.7644 -0.0916 -5.9414 30.6760 2.5782 9.3803 9.6140 0.4700 5.5847 9.3556 1.0294 12.5311 -22.7667 1.5643 -7.7581 -18.6038 -2.1765 13.2311 44.8360 -40.7383 17.4165 3.5999 20.7599 -0.6596 -0.3723 23.7362 -0.5822 -0.0000 0.0000 0.0000 -4.2190 -42.3036 -1.6330 108.7483 61.3462 -79.2273 -30.6986 -10.4058 -38.4859 -0.0000 0.0000 0.0000
-0.4772 0.5350 0.0894 -2.8668 22.2717 32.5625 -2.8168 1.3089 -14.2214 -2.8168 1.3089 -14.2214 -9.1375 -9.7501 29.5557 -9.1375 -9.7501 29.5557 2.1429 -0.1217 -6.5012 29.2689 2.4911 9.5196 9.0170 0.4253 5.3897 9.2550 1.0021 12.3334 -20.9838 1.4352 -7.7386 -18.9866 -2.1170 12.6103 45.5533 -40.5316 17.6253 3.3857 20.3893 -0.6090 -0.3950 23.2426 -0.6151 -0.0000 0.0000 0.0000 -2.9377 -42.2835 -1.1362 103.0508 62.8299 -75.0868 -31.0475 -11.8503 -38.6900 -0.0000 0.0000 0.0000
-0.4765 0.5402 0.0918 -3.6523 22.2180 32.9045 -2.3867 1.3212 -14.0748 -2.3867 1.3212 -14.0748 -9.1711 -10.2020 29.7984 -9.1711 -10.2020 29.7984 2.3198 -0.1418 -6.9945 27.9219 2.3852 9.5734 8.3036 0.3656 5.0335 9.0407 0.9592 12.0882 -19.3546 1.2979 -7.6003 -19.4165 -2.0740 12.0795 46.4102 -40.3196 17.8890 3.2193 20.2431 -0.5748 -0.4225 22.4835 -0.6537 -0.0000 0.0000 0.0000 -1.7926 -42.4925 -0.6970 97.8206 63.8701 -71.1110 -32.2396 -14.0757 -39.7929 -0.0000 0.0000 0.0000
-0.4755 0.5470 0.0914 -4.3790 22.1132 33.1581 -1.8987 1.3126 -13.9559 -1.8987 1.3126 -13.9559 -9.2782 -10.4925 29.9355 -9.2782 -10.4925 29.9355 2.1579 -0.1384 -7.3406 26.7367 2.2417 9.4130 7.0629 0.2699 4.3710 8.6579 0.8958 11.7916 -17.9478 1.1495 -7.2697 -19.5778 -2.0537 11.8620 47.2280 -39.9372 18.0520 2.9860 19.9869 -0.5263 -0.4033 21.7317 -0.6201 -0.0000 0.0000 0.0000 -0.5686 -42.1605 -0.2192 93.3804 64.4504 -67.5397 -32.9955 -15.6327 -40.4646 -0.0000 0.0000 0.0000
-0.4749 0.5555 0.0899 -5.0475 21.9602 33.3031 -1.3788 1.3002 -13.9000 -1.3788 1.3002 -13.9000 -9.4089 -10.3074 29.4512 -9.4089 -10.3074 29.4512 1.5903 -0.1039 -7.4766 25.1796 2.0119 8.9905 5.8532 0.1852 3.6210 8.0055 0.8111 11.5522 -16.8377 1.0240 -6.9103 -19.4038 -2.0138 11.7386 47.9981 -40.0679 18.4421 3.0904 20.3083 -0.5536 -0.4758 21.0316 -0.7273 -0.0000 0.0000 0.0000 0.3381 -42.5231 0.1316 90.5126 64.8522 -65.3171 -33.2276 -16.5038 -40.6119 -0.0000 0.0000 0.0000
-0.4752 0.5662 0.0884 -5.5389 21.9177 33.2943 -0.9018 1.2843 -14.0163 -0.9018 1.2843 -14.0163 -9.4683 -9.3753 27.8762 -9.4683 -9.3753 27.8762 0.5705 -0.0362 -7.2697 22.7868 1.6905 8.3744 4.5214 0.1014 2.5691 6.8944 0.6980 11.5488 -16.0680 0.9422 -6.6676 -18.7438 -1.9218 11.6053 48.5581 -41.2064 19.2491 3.6878 21.6578 -0.7056 -0.5884 20.4046 -0.8948 -0.0000 0.0000 0.0000 1.5824 -42.5550 0.6163 86.4763 65.4162 -62.2522 -32.1869 -15.5532 -39.5115 -0.0000 0.0000 0.0000
-0.4768 0.5784 0.0898 -5.7892 22.1328 32.9381 -0.5229 1.2555 -14.2875 -0.5229 1.2555 -14.2875 -9.1908 -7.5830 25.0617 -9.1908 -7.5830 25.0617 -0.9395 0.0552 -6.7207 19.2323 1.2925 7.6177 3.3366 0.0360 1.2371 5.0952 0.5310 11.8915 -15.8508 0.9403 -6.7465 -17.1249 -1.7852 11.8155 48.9000 -43.7961 20.7141 5.0452 24.4760 -1.0950 -0.5790 20.1067 -0.8784 -0.0000 0.0000 0.0000 3.0538 -42.9310 1.2010 81.1192 66.4417 -58.5428 -31.1644 -14.6947 -38.4116 -0.0000 0.0000 0.0000
-0.4791 0.5924 0.0962 -5.7185 22.7299 32.1497 -0.3188 1.2047 -14.6431 -0.3188 1.2047 -14.6431 -8.1908 -5.1564 21.3241 -8.1908 -5.1564 21.3241 -2.8988 0.1555 -6.1390 15.1226 0.9196 6.9192 1.7942 -0.0091 -0.5841 2.6141 0.2821 12.3166 -16.0801 0.9698 -6.8575 -14.7928 -1.6166 12.4050 49.1133 -47.5212 22.7467 7.1262 28.5639 -1.8162 -0.3473 19.9327 -0.5261 -0.0000 0.0000 0.0000 5.6498 -41.6839 2.1524 69.2697 67.7033 -49.7185 -29.9863 -14.3879 -37.0381 -0.0000 0.0000 0.0000
-0.4820 0.6075 0.1064 -5.3347 23.6203 30.9958 -0.2767 1.1218 -15.0463 -0.2767 1.1218 -15.0463 -6.3101 -2.7145 17.3118 -6.3101 -2.7145 17.3118 -5.7582 0.2970 -5.9005 10.8292 0.5873 6.1898 0.5448 -0.0109 -2.2970 -0.5949 -0.0657 12.5959 -17.0554 1.0556 -7.0315 -12.3635 -1.4155 13.0134 49.3421 -51.9634 25.2355 9.6659 33.7297 -2.9366 0.3430 19.4375 0.5177 -0.0000 0.0000 0.0000 8.2162 -39.9312 2.9893 53.6934 68.2053 -37.8363 -29.3624 -15.4312 -36.1431 -0.0000 0.0000 0.0000
-0.4850 0.6215 0.1170 -4.6185 24.4766 29.5968 -0.4427 1.0204 -15.3789 -0.4427 1.0204 -15.3789 -4.0369 -0.8684 13.8906 -4.0369 -0.8684 13.8906 -9.7530 0.5545 -6.4921 7.2260 0.3433 5.4326 -0.1946 0.0060 -3.5324 -4.5249 -0.5033 12.6870 -19.0548 1.1901 -7.0823 -10.1335 -1.1674 13.1092 49.4854 -55.8791 27.4695 11.5277 38.9289 -4.0862 1.6402 18.4219 2.4558 -0.0000 0.0000 0.0000 10.4114 -37.1864 3.5110 37.5807 67.0587 -25.4099 -28.8905 -16.8721 -35.3850 -0.0000 0.0000 0.0000
-0.4867 0.6320 0.1248 -3.7338 25.0052 28.1926 -0.7855 0.9446 -15.5849 -0.7855 0.9446 -15.5849 -1.9434 0.3770 11.3242 -1.9434 0.3770 11.3242 -14.5884 1.0055 -7.8436 4.8492 0.2091 4.9357 0.4208 -0.0139 -3.7706 -8.7625 -0.9708 12.6202 -22.0122 1.2797 -6.5728 -7.7422 -0.8404 12.3716 49.5281 -59.1071 29.3161 12.6001 44.0965 -5.1204 3.2212 16.3483 4.7480 -0.0000 0.0000 0.0000 11.5141 -34.9515 3.6360 27.0532 65.4365 -17.5713 -28.5757 -18.2877 -34.8269 -0.0000 0.0000 0.0000
-0.4880 0.6378 0.1221 -2.9333 25.1661 27.0944 -1.1773 0.9156 -15.7356 -1.1773 0.9156 -15.7356 -0.1387 1.2868 9.3732 -0.1387 1.2868 9.3732 -19.7962 1.6817 -9.6154 4.2545 0.1883 5.0656 1.1724 -0.0373 -3.6461 -13.0609 -1.4814 12.8867 -25.2045 1.2143 -5.4276 -5.1791 -0.5062 11.1568 49.5300 -61.4482 30.6647 12.2694 48.0752 -5.4892 5.7012 14.5811 8.2938 -0.0000 0.0000 0.0000 11.5330 -34.9854 3.6458 23.0987 65.3781 -14.9417 -27.9940 -18.8643 -34.0608 -0.0000 0.0000 0.0000
-0.4849 0.6369 0.1182 -1.8615 24.4499 26.0664 -1.7893 0.9241 -15.7820 -1.7893 0.9241 -15.7820 1.6566 2.2908 7.5490 1.6566 2.2908 7.5490 -25.1784 2.5505 -11.3847 4.7026 0.2087 5.0788 1.6081 -0.0453 -3.2297 -17.2629 -2.1703 14.2256 -28.3328 1.0424 -4.1280 -3.3565 -0.3014 10.2609 48.4825 -62.9054 30.7975 11.8226 52.3254 -5.8236 7.7020 13.6417 11.1244 -0.0000 0.0000 0.0000 10.3058 -35.3503 3.2920 25.1279 66.9953 -16.7811 -27.8514 -18.9170 -33.8842 -0.0000 0.0000 0.0000
-0.4719 0.6285 0.1214 -0.4251 22.6409 25.0275 -2.6652 0.9649 -15.7154 -2.6652 0.9649 -15.7154 3.5226 3.4275 5.6340 3.5226 3.4275 5.6340 -30.4504 3.5289 -12.9150 5.5205 0.2330 4.8292 1.3327 -0.0298 -2.5661 -20.9684 -3.1485 16.8951 -31.0422 0.6429 -2.3147 -2.9431 -0.2441 9.4806 44.9519 -62.7150 28.3005 11.0697 58.1863 -6.1728 8.3969 14.6020 12.2040 -0.0000 0.0000 0.0000 7.8514 -34.7063 2.4569 32.7581 69.3298 -22.9780 -27.6448 -18.5700 -33.6799 -0.0000 0.0000 0.0000
-0.4471 0.6139 0.1353 1.1895 20.1117 24.0602 -3.6713 1.0404 -15.5970 -3.6713 1.0404 -15.5970 5.1895 4.4934 3.8613 5.1895 4.4934 3.8613 -36.2038 4.5151 -13.7533 5.5291 0.1926 3.9867 1.6161 -0.0193 -1.3657 -24.0313 -4.3204 20.0995 -33.5231 0.0776 -0.2575 -4.1217 -0.3409 9.4525 38.0728 -60.0491 22.5543 13.0170 65.1420 -8.3367 7.5520 19.8132 11.4094 -0.0000 0.0000 0.0000 4.9354 -32.8249 1.4545 43.7353 71.3066 -32.1220 -26.7050 -17.5675 -32.6753 -0.0000 0.0000 0.0000
-0.4120 0.5969 0.1574 2.8902 17.2502 23.1619 -4.7678 1.1683 -15.3818 -4.7678 1.1683 -15.3818 6.5393 5.4303 2.3362 6.5393 5.4303 2.3362 -42.4365 5.2991 -13.5946 4.4812 0.0924 2.3611 2.8095 0.0003 0.0112 -26.5465 -5.6124 23.4769 -36.2225 -0.7749 2.3689 -5.6588 -0.4560 9.2072 27.7565 -53.3438 14.1499 22.2408 72.3300 -16.3523 3.7248 32.1179 6.3331 -0.0000 0.0000 0.0000 2.1374 -28.8444 0.5497 58.0375 72.5273 -44.2881 -24.1095 -14.0845 -29.9439 -0.0000 0.0000 0.0000
-0.3713 0.5830 0.1787 4.3592 14.6220 22.3432 -5.7263 1.3299 -15.2089 -5.7263 1.3299 -15.2089 7.2468 6.1111 1.6174 7.2468 6.1111 1.6174 -48.8759 5.7560 -12.6261 1.6979 0.0154 1.0384 4.3390 0.0254 0.6704 -28.9050 -6.8086 25.9933 -40.0815 -1.7792 4.8749 -5.8771 -0.4568 8.8817 18.9734 -46.2120 8.1562 44.6495 80.2274 -38.1666 -1.5587 42.1530 -3.0498 -0.0000 0.0000 0.0000 0.2782 -25.1954 0.0622 69.4663 73.1093 -54.4092 -20.8608 -8.8860 -26.5203 -0.0000 0.0000 0.0000
-0.3314 0.5741 0.1904 5.2035 12.8580 21.7229 -6.3021 1.5032 -15.2042 -6.3021 1.5032 -15.2042 7.4054 6.3676 1.6764 7.4054 6.3676 1.6764 -55.1701 6.1296 -11.7026 -2.9570 -0.0090 0.3474 5.3667 0.0138 0.2938 -31.6145 -7.8048 27.0945 -45.5516 -2.8354 6.7466 -3.5449 -0.2565 8.2744 12.8390 -42.1765 4.9689 101.5536 84.4950 -96.1076 -3.5175 40.4339 -6.6869 -0.0000 0.0000 0.0000 -0.8942 -24.4075 -0.1934 77.8863 73.6967 -62.4009 -17.4548 -2.3766 -22.9011 -0.0000 0.0000 0.0000
-0.2981 0.5645 0.1882 5.5807 11.6679 21.3260 -6.6252 1.6709 -15.2489 -6.6252 1.6709 -15.2489 7.2616 6.4077 2.0214 7.2616 6.4077 2.0214 -61.1239 6.6593 -11.2537 -9.7210 0.0377 -0.4434 5.9031 -0.0285 -0.5535 -34.5546 -8.7450 27.6231 -51.9999 -4.1826 8.5634 -0.6070 -0.0392 7.3958 8.3016 -42.3030 3.2167 156.0733 82.5335 -152.8493 -2.8222 34.0490 -4.9109 -0.0000 0.0000 0.0000 -1.6094 -25.4120 -0.3629 84.3488 74.3264 -68.9565 -16.7393 -1.7222 -22.0415 -0.0000 0.0000 0.0000
-0.2768 0.5558 0.1709 5.8304 10.7416 20.9344 -6.7467 1.7656 -15.4442 -6.7467 1.7656 -15.4442 6.9024 6.3262 2.1578 6.9024 6.3262 2.1578 -66.7257 7.4982 -11.3665 -17.1533 0.2378 -1.5766 5.7141 -0.0657 -1.3172 -37.6429 -9.8719 28.4364 -58.9297 -5.5493 9.8060 3.0712 0.1686 6.2830 4.6264 -45.7261 1.9516 179.4653 79.7848 -179.3603 -1.5580 29.8666 -2.5854 -0.0000 0.0000 0.0000 -2.2324 -26.5540 -0.5268 91.0627 74.7741 -75.8020 -19.4676 -10.4485 -24.6081 -0.0000 0.0000 0.0000
-0.2648 0.5489 0.1488 5.9487 10.1904 20.5056 -6.7981 1.8380 -15.7091 -6.7981 1.8380 -15.7091 6.5963 6.1539 2.4377 6.5963 6.1539 2.4377 -71.7157 8.6090 -11.8909 -22.0330 0.5386 -2.7659 4.3130 -0.0789 -2.0947 -40.1135 -10.9162 29.3326 -65.4657 -7.4063 11.4993 6.9399 0.2489 4.1033 1.5909 -51.2455 0.7630 -174.3036 77.1396 172.8598 0.6299 27.3942 1.0193 -0.0000 0.0000 0.0000 -2.9794 -27.0660 -0.7173 98.9141 74.6152 -83.3919 -26.1030 -27.3282 -30.8831 -0.0000 0.0000 0.0000
-0.2601 0.5473 0.1279 5.9406 9.8200 19.6039 -6.8495 1.9090 -15.6806 -6.8495 1.9090 -15.6806 6.4624 5.6886 2.8647 6.4624 5.6886 2.8647 -76.2232 10.0439 -12.7837 -23.8208 0.8133 -3.8545 2.6449 -0.0708 -3.0656 -41.8370 -12.6404 32.3194 -68.3258 -9.7202 14.2828 9.7882 0.0034 0.0392 -0.2268 -55.0217 -0.1181 -173.3233 75.0018 171.3059 2.4029 26.2558 3.8449 -0.0000 0.0000 0.0000 -3.1937 -26.8373 -0.7621 107.8152 73.9491 -91.8440 -34.5617 -43.0827 -38.8289 -0.0000 0.0000 0.0000
-0.2635 0.5558 0.1120 6.0159 9.3619 19.8862 -7.2250 2.1194 -16.1204 -7.2250 2.1194 -16.1204 6.2978 5.2165 4.3440 6.2978 5.2165 4.3440 -79.1585 11.2118 -13.5428 -23.2148 0.8500 -4.1365 2.3909 -0.0642 -3.0781 -43.0435 -16.1642 39.6073 -63.9065 -8.6110 13.7650 8.5206 -0.1228 -1.6487 -1.1433 -56.0519 -0.6086 -173.9238 75.9459 172.2199 2.1885 27.3743 3.5400 -0.0000 0.0000 0.0000 -3.0187 -26.3680 -0.7073 107.2375 73.9042 -91.1917 -40.8646 -50.1227 -44.9277 -0.0000 0.0000 0.0000
-0.2777 0.5737 0.1036 6.1854 8.5615 21.5281 -7.9284 2.5026 -17.0852 -7.9284 2.5026 -17.0852 6.0548 4.9058 6.6899 6.0548 4.9058 6.6899 -80.7110 11.7546 -13.8148 -21.9895 0.7571 -3.8955 1.2848 -0.0310 -2.7674 -39.2637 -20.7932 54.4379 -56.8055 -5.9773 11.0293 5.3108 -0.0373 -0.8049 0.3855 -53.9063 0.1960 179.7892 80.9101 -179.7528 2.2407 27.7517 3.6379 -0.0000 0.0000 0.0000 -3.3397 -28.5294 -0.8493 101.1494 74.6779 -85.7165 -38.0738 -45.3047 -42.4457 -0.0000 0.0000 0.0000
-0.3042 0.5965 0.1017 6.2568 8.1244 24.2563 -8.7496 3.0491 -18.4149 -8.7496 3.0491 -18.4149 5.8434 4.7446 9.2010 5.8434 4.7446 9.2010 -81.0046 12.0724 -14.1145 -21.8872 0.7098 -3.6699 -2.2506 0.0605 -3.0783 -24.1478 -19.7648 78.3209 -53.8601 -4.5804 9.0029 2.4562 0.0659 3.0723 4.6898 -49.3850 2.1573 81.4515 87.0461 -78.5415 3.1455 26.4517 5.0416 -0.0000 0.0000 0.0000 -4.3970 -31.7447 -1.2508 90.5316 75.0663 -75.5806 -33.2144 -36.0688 -38.0949 -0.0000 0.0000 0.0000
-0.3439 0.6147 0.1067 6.4938 8.1745 26.9591 -9.4193 3.5902 -19.8923 -9.4193 3.5902 -19.8923 5.3702 4.7644 10.6861 5.3702 4.7644 10.6861 -81.0592 12.4897 -14.5871 -24.2441 0.8800 -4.0954 -8.7447 0.3486 -4.5568 -5.1477 -5.7021 95.8596 -56.7710 -9.2919 17.1051 3.0547 0.1514 5.6723 10.9205 -43.3684 4.3534 23.6454 74.6288 -18.1298 3.5289 25.2425 5.5920 -0.0000 0.0000 0.0000 -5.8469 -32.8780 -1.7265 81.7376 74.2381 -66.4379 -27.8978 -25.2511 -33.2013 -0.0000 0.0000 0.0000
-0.3861 0.6219 0.1139 6.7693 8.6579 28.0572 -9.4775 3.7670 -20.7746 -9.4775 3.7670 -20.7746 4.6212 5.0470 10.4509 4.6212 5.0470 10.4509 -81.7065 13.4251 -15.5001 -29.1902 1.5308 -5.8742 -17.6375 1.2031 -7.7435 10.7457 11.8868 95.8103 -48.8403 -18.8999 40.2641 2.6053 0.0709 3.1163 17.9537 -37.3328 6.1096 17.0215 58.9797 -9.6747 3.8364 25.6562 6.1020 -0.0000 0.0000 0.0000 -7.9949 -33.0398 -2.3747 84.0372 72.9693 -67.3530 -23.3574 -16.5696 -28.7483 -0.0000 0.0000 0.0000
-0.4213 0.6217 0.1162 6.9325 9.1764 26.5378 -8.6203 3.3427 -20.2642 -8.6203 3.3427 -20.2642 3.6981 5.4130 8.4769 3.6981 5.4130 8.4769 -83.8415 15.2015 -16.9063 -36.5032 3.0163 -9.1291 -21.0276 1.9311 -10.3779 22.8340 22.0688 87.9965 -27.9857 -17.7940 64.2734 -2.5647 -0.0016 0.0721 24.1384 -32.3609 7.1003 15.2080 45.6903 -6.4380 3.6784 27.4356 5.9513 -0.0000 0.0000 0.0000 -9.8189 -33.5239 -2.9640 91.8601 72.4971 -74.2798 -19.3908 -11.1174 -24.4441 -0.0000 0.0000 0.0000
-0.4422 0.6206 0.1051 7.0272 9.9198 25.3103 -7.6572 3.0304 -19.6856 -7.6572 3.0304 -19.6856 2.8449 5.6547 7.2338 2.8449 5.6547 7.2338 -84.9194 17.1338 -18.6977 -43.4873 5.3633 -13.3961 -21.1486 2.1473 -11.4653 31.9409 28.0739 82.2808 -14.8711 -10.9047 72.3612 -5.9371 -0.0641 1.2367 28.4666 -28.8281 7.4602 14.0959 35.3062 -4.5063 3.1085 29.6390 5.1442 -0.0000 0.0000 0.0000 -12.5488 -34.4558 -3.9053 100.6614 71.6289 -82.0549 -15.8996 -6.3100 -20.5028 -0.0000 0.0000 0.0000
-0.4454 0.6255 0.0719 7.0072 10.5021 24.2978 -6.5096 2.7598 -19.0175 -6.5096 2.7598 -19.0175 1.7326 5.7813 6.8117 1.7326 5.7813 6.8117 -85.1112 19.4046 -21.0979 -50.0643 8.7446 -18.5968 -19.6102 2.0261 -11.6842 38.2102 31.1095 77.5712 -6.5321 -4.9251 74.0048 -8.0598 -0.1526 2.1653 31.6186 -26.4398 7.6109 13.0297 28.7694 -3.3553 2.7841 29.4332 4.5978 -0.0000 0.0000 0.0000 -16.9963 -38.7691 -6.0189 103.1070 72.5815 -85.5342 -13.7011 -5.9034 -17.7198 -0.0000 0.0000 0.0000
-0.4320 0.6386 0.0191 6.7535 11.1643 23.5743 -5.0576 2.4951 -18.3252 -5.0576 2.4951 -18.3252 0.7211 5.6786 6.5472 0.7211 5.6786 6.5472 -84.3642 22.0448 -24.2627 -54.8701 13.4567 -25.6066 -17.9380 1.7758 -11.2161 42.2139 32.6288 74.3430 -1.3488 -1.0159 73.9725 -9.9069 -0.1553 1.7913 34.0837 -25.3368 7.8831 11.9113 25.3877 -2.6922 2.7275 27.4777 4.4158 -0.0000 0.0000 0.0000 -23.1537 -44.3386 -9.5428 102.1135 73.6584 -85.6412 -13.6820 -11.5002 -17.2693 -0.0000 0.0000 0.0000
-0.4073 0.6496 -0.0356 6.4272 11.8644 23.1238 -3.5440 2.2948 -17.7113 -3.5440 2.2948 -17.7113 -0.4482 5.3596 6.5932 -0.4482 5.3596 6.5932 -82.4450 24.7943 -28.1685 -56.3593 18.8732 -34.4716 -16.4663 1.4706 -10.1380 44.5264 33.6540 72.9108 1.9648 1.4632 73.3467 -12.2516 -0.2334 2.1746 35.9926 -25.2715 8.3304 10.6471 24.3911 -2.3075 3.1517 24.8630 4.9775 -0.0000 0.0000 0.0000 -30.0341 -48.6280 -13.8218 91.1241 74.9203 -76.0085 -13.0114 -13.0582 -16.3218 -0.0000 0.0000 0.0000
-0.3787 0.6521 -0.0809 6.2321 12.4908 22.7710 -2.2242 2.1287 -17.2590 -2.2242 2.1287 -17.2590 -1.6085 4.9375 6.8902 -1.6085 4.9375 6.8902 -79.5348 26.9753 -32.1551 -53.8237 23.9646 -45.3818 -15.8092 1.2854 -9.2381 47.8961 35.1272 70.9513 5.2976 3.9704 73.6842 -14.8197 -0.4678 3.5962 37.6704 -25.0721 8.6750 9.0050 23.8160 -1.9027 3.9326 23.3552 6.1267 -0.0000 0.0000 0.0000 -38.6506 -52.3134 -19.5446 82.4171 75.4302 -68.2105 -12.1702 -11.0481 -15.3993 -0.0000 0.0000 0.0000
-0.3522 0.6416 -0.1075 6.2469 12.9501 22.4830 -1.2581 1.9513 -16.9216 -1.2581 1.9513 -16.9216 -2.5772 4.6111 7.3722 -2.5772 4.6111 7.3722 -76.5810 27.7566 -34.7555 -48.6631 27.4438 -56.7383 -15.4600 1.0757 -7.9124 52.2734 36.6247 67.9974 8.9956 6.8147 74.2438 -16.7845 -0.9557 6.4716 39.1507 -25.3001 9.1264 7.1744 24.0822 -1.5323 4.7947 22.4385 7.4092 -0.0000 0.0000 0.0000 -47.5116 -53.8537 -25.2026 90.5157 75.2688 -75.7682 -12.0290 -10.0678 -15.2850 -0.0000 0.0000 0.0000
-0.3246 0.6226 -0.1168 6.2323 13.6171 22.2023 -0.5263 1.7331 -16.6336 -0.5263 1.7331 -16.6336 -3.3198 4.3185 7.8870 -3.3198 4.3185 7.8870 -73.3794 27.3450 -36.1624 -42.0872 28.8876 -67.6024 -15.8729 0.8574 -6.1447 55.3588 37.7302 66.1607 11.7837 8.8931 73.9995 -17.8532 -1.5124 9.6065 40.4528 -27.6277 10.3531 5.8738 26.7735 -1.3991 5.4913 21.3169 8.4045 -0.0000 0.0000 0.0000 -55.5054 -53.3893 -29.6397 115.3915 72.7002 -98.6639 -13.4507 -10.5157 -17.0493 -0.0000 0.0000 0.0000
-0.2968 0.5994 -0.1138 6.0995 14.2488 21.9915 -0.0462 1.4763 -16.1462 -0.0462 1.4763 -16.1462 -3.9702 4.0690 8.4526 -3.9702 4.0690 8.4526 -70.0643 26.1107 -36.6055 -36.1317 28.8508 -76.5174 -17.3881 0.6405 -4.1869 55.8530 38.1601 66.2525 12.7638 9.4887 73.1527 -19.0892 -2.1893 12.9667 41.6103 -32.8846 12.7963 6.2046 33.0193 -1.8407 5.9592 19.3096 8.9740 -0.0000 0.0000 0.0000 -62.0628 -52.2209 -32.8574 122.0447 70.6236 -103.9622 -14.5077 -10.4295 -18.3874 -0.0000 0.0000 0.0000
-0.2682 0.5781 -0.1059 5.8965 14.5874 22.0099 0.2340 1.1875 -15.3821 0.2340 1.1875 -15.3821 -4.4832 3.8655 9.0267 -4.4832 3.8655 9.0267 -66.6125 24.0264 -35.8917 -30.8554 28.1472 -84.5053 -20.6841 0.6247 -3.4222 54.7834 38.0245 67.2456 11.9939 8.7602 72.1947 -20.1733 -2.6628 14.8876 42.7666 -40.4139 16.4019 8.8414 41.8520 -3.3865 6.1335 16.7808 9.0618 -0.0000 0.0000 0.0000 -67.4818 -50.0997 -34.6744 124.3038 68.8525 -104.7482 -15.5373 -11.6597 -19.5820 -0.0000 0.0000 0.0000
-0.2381 0.5627 -0.1023 5.5643 14.6821 22.2407 0.3589 0.9050 -14.3483 0.3589 0.9050 -14.3483 -5.1434 3.6651 9.9732 -5.1434 3.6651 9.9732 -62.2800 21.6323 -35.0951 -24.4151 25.4616 -92.4814 -25.2185 1.2940 -5.7798 52.3493 37.3272 68.9948 9.3974 6.7336 71.1868 -20.9935 -2.6109 14.0236 44.1454 -48.5528 20.7286 14.2827 51.2428 -6.8771 6.1442 14.0540 8.9047 -0.0000 0.0000 0.0000 -71.3030 -47.0303 -34.6676 121.3746 67.6793 -100.1109 -16.9321 -12.3372 -21.2661 -0.0000 0.0000 0.0000
-0.2068 0.5527 -0.1045 5.1872 14.6243 22.6002 0.3233 0.6744 -13.2413 0.3233 0.6744 -13.2413 -5.8047 3.3612 11.3560 -5.8047 3.3612 11.3560 -57.2761 19.3339 -34.6487 -16.9578 19.7623 -98.8848 -28.9652 3.1809 -12.2709 49.6031 36.2287 70.5908 6.2532 4.3797 69.9871 -21.0729 -2.0544 11.0127 45.8344 -55.4733 25.0666 22.1842 59.3188 -12.7403 6.1286 11.4918 8.7326 -0.0000 0.0000 0.0000 -74.2683 -43.6591 -33.7476 116.4903 66.6364 -93.4464 -17.9266 -12.4360 -22.4947 -0.0000 0.0000 0.0000
-0.1758 0.5435 -0.1055 4.8316 14.3572 23.1136 0.1749 0.4890 -12.0273 0.1749 0.4890 -12.0273 -6.6974 2.7967 13.6355 -6.6974 2.7967 13.6355 -52.1318 17.1230 -34.2136 -9.2617 11.3148 -101.4568 -29.6943 6.1309 -22.8422 48.2020 35.1362 70.5777 3.7950 2.6156 69.1403 -19.9443 -1.2752 7.2434 47.5427 -60.1830 28.6365 30.1204 65.0021 -19.4550 6.3701 9.5058 8.9632 -0.0000 0.0000 0.0000 -76.3202 -39.8336 -31.7849 110.2876 65.4303 -85.3711 -18.0125 -12.6212 -22.5844 -0.0000 0.0000 0.0000
-0.1471 0.5362 -0.1060 4.3812 14.0612 23.7079 0.0755 0.3297 -10.8184 0.0755 0.3297 -10.8184 -7.6607 1.9024 16.5773 -7.6607 1.9024 16.5773 -47.0212 15.0994 -33.8873 -1.7804 2.0918 -99.1970 -25.4091 8.4486 -36.2804 48.2466 34.6969 69.7994 2.2512 1.5369 68.6386 -18.7010 -0.6952 4.2202 49.4124 -63.3759 31.7110 37.1743 69.0865 -26.0685 6.7836 8.1680 9.4667 -0.0000 0.0000 0.0000 -77.4190 -36.1181 -29.2891 103.9838 64.0274 -77.3188 -18.1567 -12.4854 -22.7761 -0.0000 0.0000 0.0000
-0.1225 0.5305 -0.1058 3.9446 13.4703 24.3963 0.0069 0.1915 -9.5651 0.0069 0.1915 -9.5651 -8.4348 0.8871 19.7612 -8.4348 0.8871 19.7612 -42.8772 13.5837 -33.7455 4.0523 -4.2820 -93.1598 -18.3688 8.3097 -48.3874 50.0655 34.9153 67.9135 1.9060 1.3015 68.6506 -18.4521 -0.5334 3.2828 50.6222 -65.5294 33.8577 43.8313 71.9627 -32.5660 7.3029 7.0786 10.1242 -0.0000 0.0000 0.0000 -77.7029 -33.1935 -27.0001 99.6349 62.9944 -71.9233 -17.7522 -13.1630 -22.2123 -0.0000 0.0000 0.0000
-0.1025 0.5270 -0.1049 3.5585 12.7798 25.1838 0.0602 0.0368 -8.3736 0.0602 0.0368 -8.3736 -8.8824 0.0608 22.4788 -8.8824 0.0608 22.4788 -39.9652 12.5551 -33.6632 9.3106 -8.4738 -84.5905 -11.0219 6.2424 -58.9480 52.7296 35.3656 65.5007 2.1343 1.4593 68.7198 -19.0642 -0.6149 3.6606 51.0989 -67.2617 35.2789 50.1529 73.9555 -38.8175 7.7883 6.4228 10.7543 -0.0000 0.0000 0.0000 -77.3591 -30.5920 -24.7000 95.4126 62.0382 -66.9280 -17.3583 -13.7635 -21.6713 -0.0000 0.0000 0.0000
-0.0870 0.5262 -0.1034 3.0694 12.2960 25.9397 0.2893 -0.1521 -7.3345 0.2893 -0.1521 -7.3345 -9.1617 -0.5995 24.5918 -9.1617 -0.5995 24.5918 -38.0027 11.9950 -33.9332 15.7035 -11.6253 -72.8689 -1.9491 1.3062 -67.6525 55.2127 35.8779 63.5228 2.1585 1.4758 68.7163 -19.8974 -0.8040 4.5814 51.8597 -68.7732 36.8101 55.4388 75.5146 -44.2876 8.3386 6.0824 11.4894 -0.0000 0.0000 0.0000 -76.3507 -28.4599 -22.5519 90.9923 61.0520 -61.9240 -17.3202 -13.9307 -21.6098 -0.0000 0.0000 0.0000
-0.0743 0.5278 -0.1015 2.2925 12.4009 26.5849 0.7071 -0.3625 -6.6706 0.7071 -0.3625 -6.6706 -9.3365 -1.1316 25.7232 -9.3365 -1.1316 25.7232 -36.6814 11.8976 -34.8985 22.4971 -13.1363 -60.1355 6.5734 -4.7420 -71.5836 56.1879 36.0590 62.7449 1.4496 0.9914 68.7387 -20.9238 -1.0455 5.6576 54.0368 -70.6070 39.7090 61.9604 76.8219 -50.9136 8.8162 5.6957 12.1185 -0.0000 0.0000 0.0000 -74.9791 -26.9112 -20.7985 86.4498 59.8657 -56.8420 -17.7199 -13.8155 -22.1142 -0.0000 0.0000 0.0000
-0.0618 0.5320 -0.0983 1.3153 12.9150 27.2175 1.1769 -0.5756 -6.2439 1.1769 -0.5756 -6.2439 -9.4828 -1.7299 26.3539 -9.4828 -1.7299 26.3539 -35.4307 11.9756 -36.3559 28.3451 -13.0395 -48.6994 14.7989 -10.3675 -69.8738 57.1328 36.0726 61.7643 1.2591 0.8716 69.3816 -22.5668 -1.4562 7.2892 57.3603 -72.4397 43.6679 67.3762 77.7277 -56.4893 9.2530 5.1691 12.6791 -0.0000 0.0000 0.0000 -73.3191 -25.6170 -19.2083 81.5423 58.4749 -51.5297 -18.3790 -13.4065 -22.9667 -0.0000 0.0000 0.0000
-0.0476 0.5384 -0.0932 0.1714 13.6281 27.9289 1.6569 -0.7732 -6.0401 1.6569 -0.7732 -6.0401 -9.5508 -2.1692 26.2513 -9.5508 -2.1692 26.2513 -33.8983 11.9769 -37.9874 32.7022 -12.2768 -40.2627 25.6638 -14.5348 -58.4853 58.8933 35.9213 59.7288 2.3764 1.6966 71.0457 -24.3690 -2.0245 9.3562 61.6887 -74.2561 48.6549 71.9686 78.4036 -61.2723 9.7372 4.3997 13.2829 -0.0000 0.0000 0.0000 -71.2960 -24.1846 -17.4707 75.9608 56.7332 -45.7161 -19.0504 -12.6491 -23.8697 -0.0000 0.0000 0.0000
-0.0302 0.5464 -0.0858 -0.9531 14.2703 28.7559 2.0870 -0.9485 -6.0024 2.0870 -0.9485 -6.0024 -9.5845 -2.4019 25.6676 -9.5845 -2.4019 25.6676 -31.7294 11.7136 -39.6939 35.1337 -11.0730 -34.0473 35.5678 -12.7967 -38.5402 61.4439 35.2587 56.2704 5.2095 3.8983 73.5995 -25.7484 -2.6702 11.6445 66.1620 -75.9209 53.8813 76.1159 78.8620 -65.5472 10.2907 3.3821 13.9568 -0.0000 0.0000 0.0000 -68.8485 -22.1812 -15.3027 69.6049 54.5190 -39.4086 -19.5490 -11.9895 -24.5532 -0.0000 0.0000 0.0000
-0.0097 0.5554 -0.0762 -1.8701 14.5727 29.6351 2.4426 -1.0646 -5.9567 2.4426 -1.0646 -5.9567 -9.6308 -2.3296 24.7250 -9.6308 -2.3296 24.7250 -29.6167 11.2150 -40.7487 35.6351 -9.9787 -30.3927 38.0759 -6.6809 -19.2012 64.1784 33.8132 51.7227 9.7270 7.6068 76.0011 -26.8710 -3.3682 14.0331 69.4401 -77.4592 58.1258 81.1171 79.0832 -70.4864 10.7898 2.2066 14.5391 -0.0000 0.0000 0.0000 -65.6982 -19.0702 -12.3796 61.7404 51.2605 -32.0055 -19.7657 -11.4028 -24.8820 -0.0000 0.0000 0.0000
0.0121 0.5644 -0.0654 -2.5999 14.5632 30.4508 2.7247 -1.1298 -5.8838 2.7247 -1.1298 -5.8838 -9.8077 -2.2426 24.0511 -9.8077 -2.2426 24.0511 -27.6240 10.5609 -41.2063 35.0374 -8.9731 -27.9192 35.2826 -1.6978 -5.3353 66.6833 31.8488 46.8897 15.1417 11.9968 76.6581 -27.2605 -4.0693 16.6702 71.0879 -78.7995 60.8132 86.4078 79.2611 -75.7522 11.3673 1.2165 15.2343 -0.0000 0.0000 0.0000 -62.0159 -15.2748 -9.2158 53.2508 47.2584 -24.7410 -19.7862 -11.2970 -24.9184 -0.0000 0.0000 0.0000
0.0326 0.5720 -0.0549 -3.3062 14.4543 31.1949 2.9799 -1.1740 -5.8439 2.9799 -1.1740 -5.8439 -10.0777 -2.2843 23.7607 -10.0777 -2.2843 23.7607 -25.8138 9.9334 -41.5362 34.1230 -7.9283 -25.4476 31.8511 0.3280 1.1496 68.3173 29.5536 42.4863 20.0742 15.5348 75.2403 -27.0489 -4.7022 19.3734 72.0452 -79.9089 62.6965 92.0769 79.3454 -81.3933 11.7987 0.3364 15.7380 -0.0000 0.0000 0.0000 -58.1647 -11.5125 -6.4180 45.2335 43.0238 -18.6500 -19.9050 -11.5142 -25.0438 -0.0000 0.0000 0.0000
0.0496 0.5774 -0.0460 -4.0878 14.3704 31.9344 3.2018 -1.2146 -5.8391 3.2018 -1.2146 -5.8391 -10.3766 -2.4905 23.8225 -10.3766 -2.4905 23.8225 -23.9623 9.3374 -42.0960 33.3269 -7.0074 -23.1214 29.4756 0.7208 2.7398 69.4452 27.3237 38.6555 24.2809 17.7577 71.9736 -26.7203 -5.4324 22.5931 73.1418 -80.4816 64.2446 95.1782 79.5752 -84.7101 11.9839 -0.3039 15.9321 -0.0000 0.0000 0.0000 -54.5600 -8.6613 -4.4729 38.7009 39.6813 -14.4435 -20.1825 -11.8703 -25.3518 -0.0000 0.0000 0.0000
0.0619 0.5801 -0.0407 -4.9060 14.2928 32.7036 3.3865 -1.2534 -5.8941 3.3865 -1.2534 -5.8941 -10.6512 -2.7865 24.0663 -10.6512 -2.7865 24.0663 -22.4288 8.7246 -42.0888 33.0237 -6.1863 -20.6623 27.8790 0.6430 2.5900 69.9125 25.2874 35.5823 27.0125 18.5051 68.2923 -26.0773 -5.9811 25.4255 74.2709 -80.6668 65.4794 96.6729 79.8270 -86.4634 11.9132 -0.8009 15.7993 -0.0000 0.0000 0.0000 -51.7215 -6.9804 -3.3868 34.1080 37.7930 -11.9890 -20.4948 -12.2371 -25.7009 -0.0000 0.0000 0.0000
0.0697 0.5806 -0.0394 -5.8109 14.3517 33.5822 3.5474 -1.3017 -6.0212 3.5474 -1.3017 -6.0212 -10.8679 -3.2425 24.4459 -10.8679 -3.2425 24.4459 -21.1754 8.0366 -41.1938 33.1320 -5.1858 -17.3122 27.2823 0.3715 1.5306 69.6569 23.5509 33.3588 28.0903 18.1914 65.2356 -25.4539 -6.2488 27.1739 76.1670 -80.3544 66.9843 96.0816 80.3583 -86.4079 11.7441 -1.3400 15.5347 -0.0000 0.0000 0.0000 -49.5767 -6.2982 -2.9109 31.1676 37.0963 -10.6923 -20.8687 -12.5359 -26.1325 -0.0000 0.0000 0.0000
0.0746 0.5800 -0.0409 -6.7096 14.3941 34.5522 3.6508 -1.3305 -6.1444 3.6508 -1.3305 -6.1444 -10.9566 -3.7151 24.7837 -10.9566 -3.7151 24.7837 -20.3539 7.3389 -39.3190 33.3601 -4.1997 -13.9528 27.5483 -0.0319 -0.1303 69.3569 21.9745 31.3496 28.6158 17.6568 62.6811 -25.1592 -6.3480 27.9106 77.5348 -79.7384 67.7034 93.4528 81.0456 -84.4724 11.5332 -2.0160 15.2065 -0.0000 0.0000 0.0000 -47.7608 -5.8486 -2.5912 28.8820 36.5930 -9.7339 -21.0637 -12.2898 -26.3996 -0.0000 0.0000 0.0000
0.0782 0.5793 -0.0429 -7.6642 14.4589 35.5770 3.7262 -1.3179 -6.2300 3.7262 -1.3179 -6.2300 -10.9670 -4.2837 25.1192 -10.9670 -4.2837 25.1192 -19.7695 6.6197 -36.7204 33.5554 -3.0652 -10.1424 28.8488 -0.4810 -1.8700 68.9847 20.5439 29.5516 28.5008 16.9294 60.7378 -24.5276 -6.2807 28.3308 78.7377 -79.1717 68.3087 89.2119 81.6474 -80.8684 11.4149 -2.6314 15.0065 -0.0000 0.0000 0.0000 -46.3715 -5.8270 -2.4975 27.1321 36.3276 -9.0529 -21.0852 -11.9728 -26.4603 -0.0000 0.0000 0.0000
0.0815 0.5790 -0.0425 -8.5970 14.6123 36.6081 3.7574 -1.2760 -6.2749 3.7574 -1.2760 -6.2749 -10.9434 -4.9072 25.4038 -10.9434 -4.9072 25.4038 -19.0829 5.8625 -33.8848 33.1517 -1.7697 -5.9405 30.8712 -0.8847 -3.2034 68.5418 19.1530 27.8132 27.9719 16.0994 59.1774 -23.7949 -6.1160 28.4568 80.2742 -78.9556 69.5615 86.3260 81.9055 -78.2844 11.3438 -3.4093 14.8579 -0.0000 0.0000 0.0000 -44.9009 -5.4771 -2.2646 25.4954 35.7009 -8.3339 -21.2466 -11.9447 -26.6631 -0.0000 0.0000 0.0000
0.0847 0.5791 -0.0378 -9.4300 14.9214 37.6065 3.7071 -1.2040 -6.2426 3.7071 -1.2040 -6.2426 -10.8805 -5.5520 25.5335 -10.8805 -5.5520 25.5335 -17.9362 5.1334 -31.7143 32.1100 -0.7485 -2.6004 32.8047 -1.1058 -3.7555 67.9822 17.8458 26.2153 27.0653 15.1077 57.7072 -23.2022 -6.0699 28.9620 82.1794 -78.8636 71.2895 84.0946 82.3019 -76.4898 11.5586 -4.1850 15.0824 -0.0000 0.0000 0.0000 -43.2894 -4.6264 -1.8367 23.8855 34.6387 -7.5472 -21.5084 -12.0941 -26.9710 -0.0000 0.0000 0.0000
0.0879 0.5792 -0.0289 -10.0168 15.3269 38.5278 3.5576 -1.1256 -6.1658 3.5576 -1.1256 -6.1658 -10.8009 -6.1167 25.4802 -10.8009 -6.1167 25.4802 -16.7314 4.4790 -29.7840 30.9244 -0.2466 -0.8915 34.4484 -1.1779 -3.7982 67.2623 16.7400 24.9450 25.7186 13.8190 55.9221 -22.7168 -6.1787 30.0777 83.6898 -78.7549 72.6313 81.3521 83.0288 -74.5224 12.0868 -4.7818 15.7242 -0.0000 0.0000 0.0000 -41.7858 -3.3769 -1.2894 22.5324 33.4905 -6.8600 -21.8986 -12.6185 -27.3955 -0.0000 0.0000 0.0000
0.0909 0.5789 -0.0170 -10.3327 15.7795 39.3272 3.3464 -1.0826 -6.1632 3.3464 -1.0826 -6.1632 -10.7465 -6.5551 25.4028 -10.7465 -6.5551 25.4028 -15.8204 3.9166 -27.6503 29.8037 0.1298 0.4879 35.7665 -1.2458 -3.8596 66.5653 15.7652 23.8197 24.4491 12.4146 53.3144 -21.5947 -6.4501 32.9204 84.6547 -78.5091 73.3190 77.5130 84.1425 -71.8564 12.8505 -5.2315 16.6774 -0.0000 0.0000 0.0000 -40.3918 -1.9195 -0.7061 21.3998 32.5456 -6.3140 -22.2434 -13.3339 -27.7415 -0.0000 0.0000 0.0000
0.0939 0.5779 -0.0058 -10.5276 16.2881 40.1006 3.0964 -1.0444 -6.1320 3.0964 -1.0444 -6.1320 -10.6599 -6.9661 25.2238 -10.6599 -6.9661 25.2238 -15.0011 3.4785 -25.9737 29.0969 0.2719 1.0476 36.0053 -1.2501 -3.8457 65.7069 14.8549 22.8261 23.2734 10.9515 49.9229 -20.3531 -6.7991 36.6214 84.9225 -77.8852 72.9664 65.4870 85.6784 -61.6152 13.7578 -5.5242 17.8235 -0.0000 0.0000 0.0000 -39.1890 -0.6294 -0.2240 20.3157 31.9784 -5.8779 -22.4771 -14.0066 -27.9546 -0.0000 0.0000 0.0000
0.0970 0.5761 0.0025 -10.7772 16.7710 40.9820 2.8829 -0.9889 -6.0183 2.8829 -0.9889 -6.0183 -10.5397 -7.4016 24.9274 -10.5397 -7.4016 24.9274 -14.3634 3.1335 -24.4942 28.5332 0.5117 2.0120 35.7245 -1.2568 -3.8985 64.5251 13.9578 21.9487 22.5009 9.7246 46.3074 -20.0011 -7.3866 40.2111 84.3993 -76.8039 71.4109 28.8226 86.7519 -27.2943 14.6077 -5.8124 18.8918 -0.0000 0.0000 0.0000 -38.3000 0.1823 0.0633 19.1534 31.8358 -5.5096 -22.5646 -14.7076 -27.9851 -0.0000 0.0000 0.0000
0.1001 0.5736 0.0065 -11.0600 17.1303 42.0190 2.6868 -0.9077 -5.7523 2.6868 -0.9077 -5.7523 -10.3311 -7.8534 24.4844 -10.3311 -7.8534 24.4844 -13.7995 2.8717 -23.4055 27.8049 0.8934 3.6081 35.3207 -1.3161 -4.1322 63.2534 13.0341 21.0173 21.3209 8.3876 42.5659 -20.7634 -7.9321 41.4571 83.6159 -75.9328 69.8225 -8.4520 85.9437 7.8758 15.2354 -6.2334 19.6599 -0.0000 0.0000 0.0000 -37.4652 0.9612 0.3260 17.6022 31.6228 -5.0211 -22.5398 -15.2217 -27.8991 -0.0000 0.0000 0.0000
0.1029 0.5698 0.0077 -11.3995 17.3536 43.1772 2.4918 -0.7843 -5.2361 2.4918 -0.7843 -5.2361 -10.0261 -8.3284 23.8331 -10.0261 -8.3284 23.8331 -12.8890 2.6832 -23.4270 26.9960 1.2276 5.1109 34.3510 -1.3517 -4.3713 61.9704 12.2284 20.2283 19.2334 6.7938 38.6125 -21.9318 -8.0157 39.7598 82.7562 -75.3491 68.4504 -25.5250 84.2421 23.1500 15.7421 -6.6703 20.2686 -0.0000 0.0000 0.0000 -36.7778 1.6179 0.5379 15.7604 31.3818 -4.4532 -22.1440 -15.2935 -27.4082 -0.0000 0.0000 0.0000
0.1050 0.5662 0.0101 -11.8440 17.3811 44.4643 2.3586 -0.6431 -4.5698 2.3586 -0.6431 -4.5698 -9.6731 -8.7941 23.0479 -9.6731 -8.7941 23.0479 -11.5555 2.5273 -24.5965 26.1490 1.4322 6.1615 32.8560 -1.2895 -4.3716 60.7903 11.6367 19.7099 16.5152 5.2106 34.8156 -23.7704 -7.4333 34.3052 80.6063 -73.2844 64.4928 -38.1236 80.8499 32.8017 16.1473 -6.9778 20.7574 -0.0000 0.0000 0.0000 -36.3001 2.1539 0.7062 13.7004 30.9458 -3.8092 -21.5217 -15.1259 -26.6651 -0.0000 0.0000 0.0000
0.1068 0.5633 0.0169 -12.3351 17.1811 45.7846 2.3616 -0.5304 -3.9761 2.3616 -0.5304 -3.9761 -9.3880 -9.1485 22.3165 -9.3880 -9.1485 22.3165 -10.0581 2.3355 -26.0838 25.1349 1.5786 7.0728 30.9980 -1.2173 -4.3878 59.8473 11.3065 19.5170 14.0778 4.0050 31.6213 -24.4872 -6.1777 27.9293 78.4093 -69.9434 59.4155 -45.2677 76.4887 36.3845 16.2671 -7.2655 20.8834 -0.0000 0.0000 0.0000 -35.9537 2.7835 0.9033 11.6313 30.1894 -3.1472 -20.7472 -14.7046 -25.7593 -0.0000 0.0000 0.0000
0.1088 0.5610 0.0268 -12.9325 16.8999 47.1532 2.4162 -0.4136 -3.3270 2.4162 -0.4136 -3.3270 -9.1132 -9.4828 21.5294 -9.1132 -9.4828 21.5294 -8.2481 2.0541 -27.9248 23.9727 1.6187 7.6138 28.9881 -1.1082 -4.2852 59.0429 11.1263 19.5195 12.6558 3.3163 29.2607 -24.1922 -4.9067 22.6111 76.7831 -64.2411 52.8948 -51.0175 69.9760 36.9349 16.2014 -7.6550 20.7640 -0.0000 0.0000 0.0000 -35.5186 3.6678 1.1751 9.7444 29.0107 -2.5267 -20.0699 -14.0661 -24.9907 -0.0000 0.0000 0.0000
0.1109 0.5594 0.0378 -13.6702 16.6753 48.5413 2.5319 -0.3041 -2.6817 2.5319 -0.3041 -2.6817 -8.9037 -9.8779 20.7640 -8.9037 -9.8779 20.7640 -6.2976 1.6654 -29.5987 22.6631 1.5890 7.9171 26.9916 -0.9751 -4.0612 58.5346 11.7389 20.7890 11.9650 2.8970 27.1318 -25.3823 -4.1071 18.0937 76.2297 -57.4007 46.4888 -54.8224 62.3961 34.8699 15.9705 -8.3362 20.4098 -0.0000 0.0000 0.0000 -34.9810 4.6950 1.4802 8.0483 27.4492 -1.9687 -19.7312 -13.3603 -24.6428 -0.0000 0.0000 0.0000
0.1136 0.5585 0.0456 -14.4306 16.5948 49.8066 2.6723 -0.2187 -2.1148 2.6723 -0.2187 -2.1148 -8.7571 -10.3155 20.0485 -8.7571 -10.3155 20.0485 -4.3953 1.2198 -31.0070 21.5173 1.4867 7.8127 25.3821 -0.8321 -3.6937 58.4000 13.8255 24.4792 10.8344 2.3566 24.4751 -28.3422 -3.2439 12.7970 76.4584 -52.6769 42.6103 -56.6165 57.1673 32.7109 15.6082 -9.1642 19.8791 -0.0000 0.0000 0.0000 -34.7197 5.4801 1.7143 6.6779 25.8758 -1.5357 -19.4638 -12.5918 -24.3876 -0.0000 0.0000 0.0000
0.1169 0.5584 0.0477 -15.1913 16.7646 50.7683 2.8002 -0.1528 -1.6022 2.8002 -0.1528 -1.6022 -8.6686 -10.8162 19.3980 -8.6686 -10.8162 19.3980 -2.4935 0.7186 -32.1471 20.5838 1.3098 7.2037 24.1657 -0.6835 -3.1919 57.6273 17.3165 30.9476 9.5462 1.8328 21.6885 -32.2641 -1.7720 6.1209 77.2654 -52.4312 42.9630 -56.6835 56.9498 32.6143 15.2702 -9.6931 19.4076 -0.0000 0.0000 0.0000 -34.7984 5.6866 1.7833 6.0291 24.9040 -1.3325 -19.2261 -12.0246 -24.1487 -0.0000 0.0000 0.0000
0.1205 0.5586 0.0433 -16.0130 17.2131 51.4458 2.9008 -0.0879 -1.0091 2.9008 -0.0879 -1.0091 -8.6009 -11.4234 18.6982 -8.6009 -11.4234 18.6982 -0.4994 0.1494 -33.3128 19.9191 1.0745 6.1135 23.2363 -0.5722 -2.7823 54.6700 21.9586 41.1438 7.8178 1.3070 18.9547 -35.2002 1.1472 -3.6154 78.2940 -54.3214 45.3362 -55.8231 59.0867 33.4234 15.1791 -9.7118 19.2912 -0.0000 0.0000 0.0000 -35.2539 5.2701 1.6756 5.8003 24.3349 -1.2516 -19.0352 -11.6975 -23.9436 -0.0000 0.0000 0.0000
0.1239 0.5586 0.0347 -16.8644 17.8740 51.9418 2.9880 -0.0297 -0.3760 2.9880 -0.0297 -0.3760 -8.5622 -12.0893 17.9548 -8.5622 -12.0893 17.9548 1.6589 -0.5160 -34.5529 19.6118 0.7341 4.2454 22.3450 -0.4869 -2.4646 48.2194 25.6814 53.9830 6.1861 0.9694 17.7950 -34.7427 4.6327 -14.7352 79.4546 -57.4551 48.9777 -54.0422 62.4342 34.3495 15.2968 -9.3070 19.4734 -0.0000 0.0000 0.0000 -36.0795 4.4249 1.4418 5.7033 23.9019 -1.2081 -18.8454 -11.4748 -23.7290 -0.0000 0.0000 0.0000
0.1269 0.5596 0.0253 -17.6774 18.6224 52.3505 3.0174 0.0198 0.2787 3.0174 0.0198 0.2787 -8.5172 -12.7155 17.1745 -8.5172 -12.7155 17.1745 3.9167 -1.2690 -35.8932 19.7215 0.3429 1.9722 21.2630 -0.3894 -2.0742 38.8842 26.5081 67.4302 4.4526 0.7018 17.9060 -30.6423 6.6927 -24.0955 80.2980 -59.7406 51.6982 -52.0156 64.8066 34.4124 15.4949 -8.8871 19.7594 -0.0000 0.0000 0.0000 -36.9696 3.5927 1.2014 5.6877 23.4074 -1.1792 -18.6205 -11.3036 -23.4654 -0.0000 0.0000 0.0000
0.1298 0.5610 0.0169 -18.4207 19.3481 52.7604 3.0284 0.0579 0.9018 3.0284 0.0579 0.9018 -8.5058 -13.2643 16.4192 -8.5058 -13.2643 16.4192 6.0411 -2.0348 -37.2004 20.0445 -0.0199 -0.1124 19.8460 -0.2719 -1.5539 27.9580 23.5881 79.9779 2.4385 0.3842 17.9041 -24.4097 6.8000 -30.7180 80.6968 -61.0235 53.1886 -50.2953 65.9996 33.9088 15.6729 -8.6776 20.0028 -0.0000 0.0000 0.0000 -37.7959 2.9737 1.0182 5.7395 22.7772 -1.1570 -18.5161 -11.0634 -23.3584 -0.0000 0.0000 0.0000
0.1328 0.5624 0.0089 -19.1031 19.9902 53.2048 3.0520 0.0889 1.4818 3.0520 0.0889 1.4818 -8.5778 -13.6782 15.6621 -8.5778 -13.6782 15.6621 8.0773 -2.8265 -38.5212 20.1075 -0.2599 -1.4659 18.4450 -0.1320 -0.8132 16.6482 16.7864 90.4802 0.4981 0.0737 16.8352 -17.1880 5.5151 -35.3546 81.1576 -62.3718 54.8049 -48.6999 67.1238 33.4249 15.8151 -8.6273 20.1872 -0.0000 0.0000 0.0000 -38.5071 2.5152 0.8786 5.8730 22.1316 -1.1496 -18.4265 -10.6103 -23.2903 -0.0000 0.0000 0.0000
0.1361 0.5635 0.0008 -19.7315 20.5179 53.6340 3.1022 0.1187 2.0866 3.1022 0.1187 2.0866 -8.7470 -13.8944 14.8523 -8.7470 -13.8944 14.8523 9.8889 -3.5671 -39.5919 19.5895 -0.3627 -2.1009 17.4739 0.0149 0.0971 6.3753 7.1727 96.7520 -0.7745 -0.1061 15.5987 -10.3670 3.5526 -37.7466 82.4536 -65.0490 58.3900 -45.9939 69.7123 32.9344 16.0072 -8.3237 20.4573 -0.0000 0.0000 0.0000 -38.9968 2.1347 0.7559 6.2305 21.6956 -1.1950 -18.3648 -9.9215 -23.2804 -0.0000 0.0000 0.0000
0.1394 0.5645 -0.0079 -20.3578 20.9950 54.0646 3.1252 0.1498 2.9280 3.1252 0.1498 2.9280 -8.9831 -13.9285 13.8175 -8.9831 -13.9285 13.8175 11.5786 -4.3093 -40.7186 18.5703 -0.3598 -2.2002 17.0336 0.1415 0.9451 -3.1302 -3.6402 98.6210 -1.2302 -0.1550 14.3586 -3.9969 1.4058 -38.7441 85.0392 -68.5562 64.0104 -41.8410 73.1384 31.6648 16.3381 -7.7817 20.9262 -0.0000 0.0000 0.0000 -39.2682 1.7854 0.6370 6.8119 21.4886 -1.2940 -18.3889 -9.1166 -23.3904 -0.0000 0.0000 0.0000
0.1422 0.5654 -0.0156 -20.9076 21.3493 54.4517 3.0194 0.1630 3.9785 3.0194 0.1630 3.9785 -9.1282 -13.7505 12.6200 -9.1282 -13.7505 12.6200 13.3403 -5.1504 -42.0723 17.2999 -0.3438 -2.2598 16.9441 0.2818 1.8920 -11.9214 -13.3126 96.3622 -2.8453 -0.3488 13.9767 2.8529 -0.9990 -38.5910 88.6995 -71.8985 70.6667 -36.4810 76.1896 28.9729 16.8240 -7.0540 21.6120 -0.0000 0.0000 0.0000 -39.3574 1.4884 0.5323 7.4626 21.5111 -1.4195 -18.4887 -8.4369 -23.5847 -0.0000 0.0000 0.0000
0.1439 0.5665 -0.0196 -21.2076 21.3543 54.6949 2.7745 0.1493 5.0261 2.7745 0.1493 5.0261 -9.0283 -13.2998 11.5013 -9.0283 -13.2998 11.5013 14.7428 -5.8712 -43.2454 16.1458 -0.3350 -2.3612 16.5966 0.3928 2.6925 -19.7032 -20.2412 91.5748 -6.1550 -0.7530 13.9357 9.3962 -3.1210 -36.6798 91.9827 -74.1532 76.0695 -31.3975 78.1693 25.7193 17.1943 -6.5798 22.1296 -0.0000 0.0000 0.0000 -39.1914 1.4468 0.5151 8.2271 21.8086 -1.5876 -18.6742 -8.1976 -23.8434 -0.0000 0.0000 0.0000
0.1439 0.5677 -0.0185 -21.1614 20.8563 54.7954 2.3178 0.1074 5.8892 2.3178 0.1074 5.8892 -8.5135 -12.5987 10.6146 -8.5135 -12.5987 10.6146 15.8311 -6.4227 -43.9517 15.1979 -0.3545 -2.6570 15.5604 0.4188 3.0641 -25.6658 -24.0063 86.0509 -10.4853 -1.2579 13.6446 14.8889 -4.4738 -33.2870 92.2453 -74.5845 76.7604 -30.7687 78.4511 25.3185 17.3491 -6.5231 22.3325 -0.0000 0.0000 0.0000 -38.7148 1.8664 0.6558 9.2604 22.3773 -1.8355 -19.0427 -8.5337 -24.2732 -0.0000 0.0000 0.0000
0.1423 0.5697 -0.0116 -20.8711 19.9071 54.8423 1.6411 0.0392 6.4807 1.6411 0.0392 6.4807 -7.5967 -11.7632 9.9922 -7.5967 -11.7632 9.9922 16.9859 -6.9322 -44.1569 14.5341 -0.4018 -3.1499 13.5137 0.3395 2.8648 -29.8087 -25.6759 81.1413 -14.8442 -1.6765 12.8165 19.4165 -5.1467 -29.4386 89.6161 -73.2152 72.8479 -35.3401 77.0784 28.4770 17.2699 -6.8434 22.1998 -0.0000 0.0000 0.0000 -37.9161 2.7053 0.9295 10.4013 23.0648 -2.1279 -19.5240 -9.1760 -24.8112 -0.0000 0.0000 0.0000
0.1393 0.5726 -0.0003 -20.5353 18.7063 54.9575 0.8701 -0.0475 6.7204 0.8701 -0.0475 6.7204 -6.4717 -10.9217 9.6435 -6.4717 -10.9217 9.6435 18.3650 -7.4352 -43.7951 14.2112 -0.4584 -3.6761 10.6664 0.1867 2.0003 -32.3359 -26.1480 77.3900 -17.9380 -1.8993 11.9912 22.0995 -5.2223 -26.2898 86.3717 -70.5872 67.2006 -40.8822 74.5680 31.6844 16.9344 -7.3233 21.7266 -0.0000 0.0000 0.0000 -36.8764 3.7376 1.2465 11.4228 23.6950 -2.4038 -20.1176 -9.7460 -25.4946 -0.0000 0.0000 0.0000
0.1355 0.5762 0.0118 -20.3351 17.5657 55.2098 0.0913 -0.1475 6.7596 0.0913 -0.1475 6.7596 -5.3691 -10.1629 9.4063 -5.3691 -10.1629 9.4063 20.0432 -7.9965 -43.1602 14.2386 -0.5127 -4.1028 7.6743 0.0478 0.7129 -33.6367 -26.0178 74.7835 -19.8349 -2.0035 11.4220 23.3811 -5.2116 -24.8090 84.3050 -67.7161 62.5433 -45.1037 71.6666 33.3851 16.5342 -7.7698 21.1761 -0.0000 0.0000 0.0000 -35.7506 4.6677 1.5061 12.2953 24.2194 -2.6478 -20.7785 -10.0795 -26.2844 -0.0000 0.0000 0.0000
0.1316 0.5797 0.0202 -20.2399 16.6007 55.5774 -0.6811 -0.2546 6.7751 -0.6811 -0.2546 6.7751 -4.3606 -9.5563 9.1808 -4.3606 -9.5563 9.1808 21.8611 -8.6080 -42.5821 14.7140 -0.6092 -4.7156 4.8986 -0.0287 -0.6721 -33.9548 -25.4739 73.0310 -21.5303 -2.0700 10.8557 24.5576 -5.3351 -24.1657 82.5284 -64.1044 57.5672 -49.2646 67.2932 33.9420 16.5007 -7.7168 21.1386 -0.0000 0.0000 0.0000 -34.6756 5.4408 1.6997 12.8188 24.5363 -2.7986 -21.4530 -10.1305 -27.1201 -0.0000 0.0000 0.0000
0.1290 0.5792 0.0218 -20.2214 15.8983 55.7842 -1.3209 -0.3339 6.6238 -1.3209 -0.3339 6.6238 -3.5704 -9.0745 9.1701 -3.5704 -9.0745 9.1701 23.7616 -9.2409 -42.0278 15.0561 -0.6564 -4.9641 3.0346 -0.0426 -1.6070 -33.9370 -25.0545 72.1239 -22.5865 -2.1577 10.7745 24.6879 -5.3384 -24.0523 82.4379 -62.9873 56.4442 -50.2597 65.7672 33.7414 16.2021 -7.6385 20.7665 -0.0000 0.0000 0.0000 -33.8165 5.8338 1.7748 13.2495 24.8414 -2.9305 -21.8665 -10.0448 -27.6452 -0.0000 0.0000 0.0000
0.1287 0.5738 0.0164 -20.3088 15.5173 55.6367 -1.7818 -0.3783 6.2831 -1.7818 -0.3783 6.2831 -3.0480 -8.7514 9.4626 -3.0480 -8.7514 9.4626 25.5758 -9.7930 -41.3572 15.0569 -0.6496 -4.9122 2.5991 -0.0353 -1.5556 -33.7966 -24.9407 72.1073 -23.3086 -2.2479 10.8671 24.6720 -5.2437 -23.6526 84.5724 -66.0660 61.1979 -46.4593 69.6959 33.2769 15.3283 -7.9433 19.6291 -0.0000 0.0000 0.0000 -33.2512 5.7189 1.7089 13.9359 25.1968 -3.1293 -21.9710 -9.8151 -27.8019 -0.0000 0.0000 0.0000
0.1307 0.5661 0.0067 -20.5130 15.5780 55.0441 -2.0800 -0.3854 5.7047 -2.0800 -0.3854 5.7047 -2.8127 -8.6505 10.1389 -2.8127 -8.6505 10.1389 27.1798 -10.1522 -40.3520 14.6189 -0.5853 -4.5603 3.8933 -0.0156 -0.4589 -33.6657 -25.3446 73.2399 -23.7606 -2.2227 10.5371 23.9144 -4.9730 -23.1760 91.9499 -73.3088 75.1857 -26.9199 79.0429 22.3384 13.6708 -8.7948 17.4551 -0.0000 0.0000 0.0000 -33.0867 4.9724 1.4778 15.2799 25.7957 -3.5187 -21.6379 -9.3454 -27.4406 -0.0000 0.0000 0.0000
0.1336 0.5578 -0.0044 -20.9012 16.1542 54.0497 -2.2178 -0.3567 4.8388 -2.2178 -0.3567 4.8388 -2.8433 -8.8269 11.1786 -2.8433 -8.8269 11.1786 28.3732 -10.1590 -38.7458 14.3157 -0.5493 -4.3715 6.1851 0.0901 1.6670 -34.0780 -26.5077 75.0877 -23.7324 -2.0164 9.5750 22.5023 -4.5585 -22.6281 119.4859 -81.2366 111.5558 67.3660 81.5385 -59.7697 11.4658 -9.7320 14.5934 -0.0000 0.0000 0.0000 -33.5872 3.3670 1.0164 17.5906 26.7716 -4.2174 -21.1177 -8.5743 -26.8779 -0.0000 0.0000 0.0000
0.1353 0.5502 -0.0137 -21.3192 17.0781 52.7501 -2.1076 -0.2874 3.9021 -2.1076 -0.2874 3.9021 -3.1636 -9.1470 12.3649 -3.1636 -9.1470 12.3649 28.4180 -9.7539 -37.2453 14.1952 -0.5322 -4.2722 9.2881 0.3642 4.4815 -33.7850 -27.7179 78.1820 -24.0973 -1.7605 8.2343 20.0663 -4.0703 -22.7132 177.8536 -82.0284 177.5321 100.9072 71.3472 -82.0085 9.4683 -10.1325 12.0382 -0.0000 0.0000 0.0000 -34.9257 1.2933 0.4069 21.3031 27.8866 -5.3470 -20.6657 -7.4751 -26.4355 -0.0000 0.0000 0.0000
0.1332 0.5434 -0.0198 -21.5022 18.0690 51.2803 -1.7439 -0.2010 3.2207 -1.7439 -0.2010 3.2207 -3.7141 -9.4153 13.3715 -3.7141 -9.4153 13.3715 26.9374 -9.1647 -37.0053 14.3487 -0.6143 -4.8771 12.6449 0.8712 7.8511 -30.9567 -27.7387 83.4420 -25.6046 -1.6403 7.2096 16.0480 -3.4720 -24.2677 -162.7876 -78.8121 -159.1248 109.0500 64.7229 -83.2871 8.4581 -9.5103 10.7858 -0.0000 0.0000 0.0000 -37.7568 -1.3108 -0.4482 27.1042 29.6119 -7.2911 -20.2187 -6.3255 -26.0024 -0.0000 0.0000 0.0000
0.1253 0.5376 -0.0237 -21.4297 18.8835 49.6050 -1.0501 -0.1007 2.6420 -1.0501 -0.1007 2.6420 -4.4498 -9.4890 14.2380 -4.4498 -9.4890 14.2380 24.4696 -8.7775 -38.9813 14.6149 -0.6812 -5.3085 15.7305 1.5904 11.4747 -26.1202 -26.3013 90.4101 -26.9102 -1.8248 7.6165 9.8572 -2.3339 -26.5816 -160.3996 -76.3578 -155.2210 113.1140 61.1004 -83.5720 7.8922 -8.6087 10.1054 -0.0000 0.0000 0.0000 -42.1558 -4.6684 -1.8002 35.4251 32.5184 -10.6431 -19.9177 -5.9350 -25.6651 -0.0000 0.0000 0.0000
0.1112 0.5318 -0.0282 -21.0826 19.3490 47.8727 -0.0863 -0.0118 2.0154 -0.0863 -0.0118 2.0154 -5.3227 -9.2920 15.0867 -5.3227 -9.2920 15.0867 20.7371 -8.1311 -42.4591 14.1278 -0.6976 -5.6255 19.0555 2.4533 14.5407 -18.5886 -21.5531 98.6209 -27.7117 -2.6140 10.5697 1.8792 -0.4730 -28.2557 -163.3387 -75.2242 -158.4773 114.8071 59.6363 -83.7394 7.5335 -7.5784 9.6912 -0.0000 0.0000 0.0000 -47.5130 -8.4754 -3.7359 45.5397 36.2341 -15.6392 -19.5886 -6.2698 -25.2089 -0.0000 0.0000 0.0000
0.0920 0.5240 -0.0351 -20.5482 19.5460 46.3168 0.8790 0.0271 1.1763 0.8790 0.0271 1.1763 -6.2139 -8.9542 16.1544 -6.2139 -8.9542 16.1544 15.9119 -6.7766 -45.9186 12.6241 -0.6447 -5.8238 23.0109 3.2934 16.0780 -10.1209 -13.2521 105.3634 -25.9171 -3.7606 16.2389 -8.5123 2.1304 -28.0556 -170.8172 -75.3704 -168.1296 114.1988 60.4845 -84.0480 7.3958 -6.4982 9.5610 -0.0000 0.0000 0.0000 -53.4002 -12.5827 -6.3475 56.1225 40.0457 -21.9874 -18.7737 -6.5199 -24.1459 -0.0000 0.0000 0.0000
0.0697 0.5160 -0.0438 -19.9769 19.6581 45.1499 1.5960 0.0044 0.1083 1.5960 0.0044 0.1083 -6.9844 -8.6964 17.4011 -6.9844 -8.6964 17.4011 10.3374 -4.6302 -48.1626 10.7545 -0.4911 -5.2137 26.8561 3.8545 16.0447 -2.3229 -3.2441 108.7988 -21.1059 -4.2274 22.4120 -18.4065 4.1126 -24.9899 177.5638 -76.1767 176.8920 111.0993 62.8640 -83.3963 7.3187 -5.0137 9.5265 -0.0000 0.0000 0.0000 -59.1266 -16.5442 -9.4288 64.6509 42.9212 -27.9390 -17.6027 -6.3125 -22.6769 -0.0000 0.0000 0.0000
0.0458 0.5108 -0.0525 -19.4619 19.6502 44.3701 2.1144 -0.0523 -1.1819 2.1144 -0.0523 -1.1819 -7.6144 -8.4560 18.5885 -7.6144 -8.4560 18.5885 3.4129 -1.5341 -48.3985 8.7044 -0.2918 -3.8330 30.0102 3.8799 14.4039 5.9126 8.1952 108.4260 -14.4307 -3.6644 28.3608 -27.0793 4.6972 -19.3312 162.4885 -76.7894 158.0024 103.8942 66.2341 -79.6116 7.2414 -2.8392 9.5240 -0.0000 0.0000 0.0000 -64.0329 -19.6475 -12.3586 70.3439 44.3212 -32.0284 -16.5731 -5.6791 -21.4242 -0.0000 0.0000 0.0000
0.0216 0.5091 -0.0590 -19.1647 19.6950 43.8857 2.5891 -0.0892 -2.5383 2.5891 -0.0892 -2.5383 -8.2104 -8.1858 19.3866 -8.2104 -8.1858 19.3866 -4.7536 2.0410 -46.4535 7.0406 -0.1619 -2.6316 31.9026 3.4534 12.0414 14.8629 19.0900 104.3980 -7.1527 -2.0540 32.0088 -32.5492 3.6947 -12.6089 141.9452 -76.1252 132.4615 90.0387 70.6551 -70.6916 7.0505 -0.4514 9.3836 -0.0000 0.0000 0.0000 -68.0703 -21.9907 -14.9522 73.5692 44.3730 -33.9146 -15.7502 -4.3520 -20.4943 -0.0000 0.0000 0.0000
-0.0021 0.5098 -0.0613 -19.1641 19.8347 43.5226 3.0958 -0.0678 -3.8412 3.0958 -0.0678 -3.8412 -8.6946 -7.8401 19.4903 -8.6946 -7.8401 19.4903 -13.2472 5.2724 -43.2577 6.4620 -0.1170 -2.0725 32.4420 2.9807 10.2207 23.9577 27.3985 97.9268 -1.1714 -0.3447 32.7978 -34.0450 2.2057 -7.1959 124.9279 -73.5553 110.2091 66.5555 74.0463 -52.6699 6.7706 1.5526 9.1052 -0.0000 0.0000 0.0000 -71.0602 -23.5428 -16.9280 75.9538 43.4023 -34.5170 -15.5755 -3.3688 -20.3623 -0.0000 0.0000 0.0000
-0.0242 0.5107 -0.0589 -19.2703 20.1626 43.0667 3.6010 0.0260 -4.9980 3.6010 0.0260 -4.9980 -9.1208 -7.3223 18.9033 -9.1208 -7.3223 18.9033 -21.1997 7.6675 -39.4029 5.5175 -0.1123 -2.3297 33.2295 2.7488 9.1940 33.0118 33.0195 90.0141 3.0896 0.8820 31.8576 -33.5230 0.6683 -2.2186 116.2084 -70.9429 97.7312 43.2011 73.6366 -33.0194 6.1446 3.5001 8.3512 -0.0000 0.0000 0.0000 -72.9832 -24.2030 -18.0247 79.0778 41.7824 -34.9766 -16.2621 -3.5807 -21.2304 -0.0000 0.0000 0.0000
-0.0434 0.5097 -0.0524 -19.2717 20.7819 42.3845 3.9706 0.1785 -5.9511 3.9706 0.1785 -5.9511 -9.3437 -6.4843 17.5624 -9.3437 -6.4843 17.5624 -28.8353 9.4856 -35.7720 4.5083 -0.1284 -3.2600 33.8154 2.5134 8.2554 40.5844 35.7785 82.2397 5.6568 1.4762 29.2303 -32.9750 -0.3304 1.1162 110.9401 -68.9674 89.9009 28.5476 71.1415 -20.6236 5.4278 5.2537 7.4503 -0.0000 0.0000 0.0000 -74.3109 -24.4075 -18.6158 83.1193 40.0869 -35.8477 -17.4143 -4.9620 -22.5742 -0.0000 0.0000 0.0000
-0.0590 0.5063 -0.0435 -18.9822 21.3982 41.3823 4.2017 0.3329 -6.7665 4.2017 0.3329 -6.7665 -9.1969 -5.2661 15.7529 -9.1969 -5.2661 15.7529 -36.6740 11.1917 -32.9372 3.8715 -0.1226 -3.6272 34.7005 2.3475 7.5040 47.0735 36.9392 74.9630 6.2252 1.4027 25.3739 -32.6571 -0.9321 3.1810 107.4077 -67.9470 85.0693 24.7476 68.6645 -17.0431 4.3887 6.5182 6.0691 -0.0000 0.0000 0.0000 -75.2236 -24.4303 -18.9380 87.2967 38.6904 -37.0309 -18.5810 -7.1472 -23.8347 -0.0000 0.0000 0.0000
-0.0711 0.5014 -0.0347 -18.1975 21.6447 39.9298 4.3576 0.4607 -7.6139 4.3576 0.4607 -7.6139 -8.5795 -3.5598 13.6665 -8.5795 -3.5598 13.6665 -45.6709 13.0527 -30.3984 3.7959 -0.1103 -3.3290 34.4143 1.9749 6.3712 54.2779 37.0003 66.2704 5.7453 1.0897 21.4627 -32.3019 -1.3474 4.6505 105.5077 -68.2545 83.4279 30.0475 67.2862 -20.2538 2.9174 7.2191 4.0520 -0.0000 0.0000 0.0000 -75.9206 -24.4501 -19.1887 91.6334 38.2111 -39.2330 -19.4646 -10.5151 -24.5976 -0.0000 0.0000 0.0000
-0.0811 0.4961 -0.0279 -16.9639 21.3254 38.1363 4.5885 0.5326 -8.7586 4.5885 0.5326 -8.7586 -7.8445 -1.5471 11.7979 -7.8445 -1.5471 11.7979 -56.0733 14.9663 -27.7119 3.5356 -0.0861 -2.7896 32.8797 1.3773 4.6654 62.6122 35.4495 55.4485 3.8125 0.6084 18.1261 -29.4679 -2.2647 8.5966 101.9228 -68.3167 79.8432 36.1366 66.4537 -24.1256 1.3078 7.2505 1.8170 -0.0000 0.0000 0.0000 -76.4900 -24.7146 -19.5944 95.1073 38.6000 -41.9027 -19.5545 -14.5316 -24.3112 -0.0000 0.0000 0.0000
-0.0908 0.4918 -0.0231 -15.5111 20.5615 36.2977 4.8518 0.5521 -10.3353 4.8518 0.5521 -10.3353 -7.0943 0.4329 10.2515 -7.0943 0.4329 10.2515 -66.8295 16.8793 -25.3493 1.8781 -0.0346 -2.1079 29.1815 0.5966 2.2915 69.3086 31.4673 44.3467 1.0975 0.1611 16.6956 -24.2106 -3.0212 14.0190 96.3002 -67.3752 73.3170 37.8695 65.6263 -24.9454 -0.0715 6.7151 -0.0990 -0.0000 0.0000 0.0000 -77.2305 -25.2545 -20.2898 97.6534 39.3597 -44.4823 -18.6671 -18.3194 -22.8830 -0.0000 0.0000 0.0000
-0.1017 0.4887 -0.0185 -14.0199 19.6956 34.5394 5.1110 0.5217 -12.1549 5.1110 0.5217 -12.1549 -6.5665 2.0690 9.0760 -6.5665 2.0690 9.0760 -76.3744 19.1601 -24.2216 -1.6906 0.0201 -1.3650 22.3226 -0.1917 -0.9715 71.5192 26.4080 36.0906 -2.0622 -0.2935 16.1998 -18.1885 -3.1478 19.4800 90.3090 -65.4858 65.7673 35.3372 64.6364 -22.7865 -1.0004 5.9731 -1.3798 -0.0000 0.0000 0.0000 -78.3701 -25.9589 -21.2817 99.5117 39.9585 -46.4913 -17.8538 -21.0062 -21.6778 -0.0000 0.0000 0.0000
-0.1140 0.4867 -0.0119 -12.8414 19.3287 32.9674 5.4093 0.4624 -13.9861 5.4093 0.4624 -13.9861 -5.7425 3.2017 7.5231 -5.7425 3.2017 7.5231 -83.9227 22.7436 -25.2160 -7.7138 0.0790 -1.1725 14.2570 -0.5841 -4.6677 68.7928 22.2974 32.1180 -5.5654 -0.7359 15.0525 -13.1694 -2.6527 22.6839 84.4370 -61.2058 56.4411 24.0948 62.7702 -14.8360 -0.9051 4.7852 -1.2399 -0.0000 0.0000 0.0000 -79.9732 -27.0817 -22.8387 100.7830 40.2190 -47.7339 -17.7691 -22.3148 -21.4741 -0.0000 0.0000 0.0000
-0.1267 0.4848 -0.0029 -11.9829 19.3799 31.5229 5.8269 0.3767 -15.6434 5.8269 0.3767 -15.6434 -4.4236 3.6934 5.4042 -4.4236 3.6934 5.4042 -89.4823 28.0989 -28.3438 -13.4541 0.2484 -2.1054 10.5323 -0.6029 -6.5346 62.4895 19.3045 31.3200 -8.7123 -1.0021 13.0977 -9.5600 -2.0235 23.8511 79.6879 -54.4029 46.4276 8.0911 58.2268 -4.5111 0.4617 3.8756 0.6294 -0.0000 0.0000 0.0000 -81.8075 -28.5426 -24.8548 102.0765 40.3419 -48.8610 -18.4724 -22.5379 -22.2997 -0.0000 0.0000 0.0000
-0.1379 0.4824 0.0070 -11.2631 19.5389 30.0377 6.3234 0.3174 -16.9042 6.3234 0.3174 -16.9042 -2.1963 3.5449 2.2243 -2.1963 3.5449 2.2243 -92.1356 34.4773 -33.2866 -17.1578 0.6370 -4.2209 10.8936 -0.5212 -5.4617 54.3554 17.0077 32.4725 -9.8144 -0.9184 10.6664 -7.2708 -1.4990 23.2696 76.1795 -46.5700 37.2805 -4.7251 51.0324 2.2564 2.6213 4.1388 3.5775 -0.0000 0.0000 0.0000 -83.3668 -30.1467 -26.9717 103.7178 40.9485 -50.8600 -19.4386 -22.6927 -23.4431 -0.0000 0.0000 0.0000
-0.1459 0.4804 0.0154 -10.5776 19.6553 28.4741 6.8842 0.2859 -17.9161 6.8842 0.2859 -17.9161 0.7844 2.5005 -1.9278 0.7844 2.5005 -1.9278 -89.3327 42.0706 -42.5197 -18.8679 1.2040 -7.2368 12.5653 -0.1847 -1.6771 45.0659 14.6505 34.4307 -9.4228 -0.7731 9.3596 -4.1778 -0.8306 22.4794 73.9989 -40.4946 31.0671 -11.2596 44.8207 4.6557 4.4983 5.6169 6.1885 -0.0000 0.0000 0.0000 -84.3696 -31.7783 -28.9304 105.5655 42.2057 -53.8721 -19.9814 -23.5198 -24.0217 -0.0000 0.0000 0.0000
-0.1490 0.4800 0.0196 -9.7682 19.5001 26.9310 7.4501 0.2200 -19.0586 7.4501 0.2200 -19.0586 4.2805 0.1541 -7.1738 4.2805 0.1541 -7.1738 -77.3367 48.6551 -58.9283 -19.1462 2.0482 -12.1004 12.5684 0.3472 3.1519 34.8008 12.1937 37.6418 -8.5395 -0.6478 8.6607 -2.2251 -0.4133 21.0415 72.5299 -37.5794 28.0295 -13.3790 42.2154 5.1846 5.3883 6.8187 7.4629 -0.0000 0.0000 0.0000 -84.5552 -33.1190 -30.2565 106.8704 43.8301 -56.9505 -19.6002 -24.9636 -23.4491 -0.0000 0.0000 0.0000
-0.1469 0.4827 0.0184 -8.6916 19.0871 25.3754 7.9155 0.0546 -20.2635 7.9155 0.0546 -20.2635 6.6571 -3.1191 -12.1691 6.6571 -3.1191 -12.1691 -55.2480 49.5675 -82.8434 -17.0864 2.9584 -19.5073 10.0904 0.7430 8.4012 24.4578 9.3512 41.3485 -8.5313 -0.6109 8.1767 -1.6244 -0.2715 18.9777 71.6577 -38.6314 28.4021 -12.1513 44.5990 4.9991 5.2313 7.0946 7.2573 -0.0000 0.0000 0.0000 -83.9160 -33.7778 -30.5362 106.9915 45.4332 -58.9924 -18.7899 -26.1968 -22.3922 -0.0000 0.0000 0.0000
-0.1400 0.4889 0.0119 -7.3692 18.7559 23.7186 8.2699 -0.2900 -21.4186 8.2699 -0.2900 -21.4186 7.2823 -6.0582 -15.5742 7.2823 -6.0582 -15.5742 -33.6510 41.7584 -103.1866 -10.8930 2.8808 -29.5481 4.9839 0.5317 12.1713 14.9490 6.2479 45.1735 -9.8494 -0.6743 7.8136 -1.3924 -0.2073 16.9358 70.8960 -41.2759 30.0197 -9.6067 49.1930 4.4057 4.6790 6.3828 6.4652 -0.0000 0.0000 0.0000 -82.6930 -33.6172 -29.7722 105.1390 46.6707 -58.8134 -18.2842 -26.5398 -21.7684 -0.0000 0.0000 0.0000
-0.1303 0.4976 0.0049 -5.6748 18.3181 21.8696 8.3952 -0.7690 -22.5253 8.3952 -0.7690 -22.5253 6.9030 -8.1312 -17.6534 6.9030 -8.1312 -17.6534 -19.7741 29.4540 -112.9033 -0.3080 0.1051 -37.6789 -0.3350 -0.0341 11.6164 6.4663 2.8847 48.0482 -11.5226 -0.7663 7.5839 -1.0469 -0.1402 15.2566 69.8349 -44.4321 31.8259 -6.1053 54.6930 3.1597 4.0284 5.2511 5.5310 -0.0000 0.0000 0.0000 -81.1232 -32.6692 -28.1648 101.7756 47.5989 -56.9565 -18.0824 -26.1388 -21.5595 -0.0000 0.0000 0.0000
-0.1197 0.5067 0.0009 -3.8498 17.6428 19.8915 8.2536 -1.1623 -23.3867 8.2536 -1.1623 -23.3867 6.1501 -9.3470 -18.7680 6.1501 -9.3470 -18.7680 -10.8582 17.1523 -115.5616 11.0784 -4.0775 -40.3130 -3.9885 -0.3219 9.2245 -0.6089 -0.2832 49.8845 -14.0313 -0.8182 6.6410 -0.6034 -0.0774 14.6125 68.4603 -47.1279 33.0551 -2.3682 59.9123 1.3650 3.5668 4.2805 4.8711 -0.0000 0.0000 0.0000 -79.4907 -31.4144 -26.3244 97.8563 48.4388 -54.6016 -17.9611 -25.6693 -21.4504 -0.0000 0.0000 0.0000
-0.1098 0.5149 0.0010 -2.1404 16.9786 17.8852 8.0079 -1.3628 -23.8447 8.0079 -1.3628 -23.8447 5.4081 -10.0425 -19.0859 5.4081 -10.0425 -19.0859 -4.0080 6.2479 -114.6703 20.2110 -7.1573 -38.6727 -6.0700 -0.3666 6.9052 -7.3050 -3.4429 50.4232 -16.1254 -0.7657 5.4017 -0.1186 -0.0152 14.6471 67.1174 -49.2078 33.7938 0.9122 64.4423 -0.5749 3.4670 3.7453 4.7209 -0.0000 0.0000 0.0000 -78.3196 -30.3990 -24.9529 94.5282 49.4103 -52.9404 -17.6325 -25.6959 -21.0587 -0.0000 0.0000 0.0000
-0.1016 0.5210 0.0048 -0.6621 16.1547 16.0574 7.7263 -1.3649 -23.9890 7.7263 -1.3649 -23.9890 4.8748 -10.3040 -18.9308 4.8748 -10.3040 -18.9308 2.0030 -2.9750 -112.1040 27.1298 -8.7635 -35.2380 -6.7779 -0.2726 4.6008 -14.8877 -6.9760 50.0193 -16.2294 -0.6110 4.2830 -1.1914 -0.1559 14.9061 65.7079 -50.5575 33.9203 3.2808 67.8741 -2.2080 3.6270 3.5681 4.9340 -0.0000 0.0000 0.0000 -77.5183 -29.9670 -24.2540 92.2494 50.7906 -52.5556 -16.9937 -26.2661 -20.2609 -0.0000 0.0000 0.0000
-0.0951 0.5253 0.0112 0.5348 15.3463 14.4640 7.5084 -1.3320 -23.8557 7.5084 -1.3320 -23.8557 4.5267 -10.1019 -18.2208 4.5267 -10.1019 -18.2208 8.9778 -12.4349 -108.4449 33.2475 -9.0019 -29.5405 -7.1886 -0.1052 1.6746 -23.1790 -10.5417 48.4406 -15.7243 -0.4465 3.2329 -2.7800 -0.3494 14.3254 64.4166 -50.9719 33.4274 3.2956 69.9863 -2.3074 4.0352 3.6086 5.4901 -0.0000 0.0000 0.0000 -77.0017 -30.0600 -24.1132 90.7664 52.4815 -53.0918 -16.3248 -26.5290 -19.4504 -0.0000 0.0000 0.0000
-0.0897 0.5285 0.0191 1.5007 14.5905 13.0193 7.3205 -1.3778 -23.5087 7.3205 -1.3778 -23.5087 4.3893 -9.2369 -16.9695 4.3893 -9.2369 -16.9695 17.2377 -21.5704 -102.9824 37.7166 -7.7806 -22.5200 -6.9855 0.0926 -1.5169 -31.3113 -13.6483 46.2459 -15.1298 -0.3057 2.3017 -3.9712 -0.4432 12.7296 63.2186 -50.1759 32.1465 -0.1204 70.7231 0.0854 4.6982 4.2666 6.4145 -0.0000 0.0000 0.0000 -76.4238 -30.1057 -23.9087 88.8291 53.9271 -52.9863 -16.0979 -25.6087 -19.2425 -0.0000 0.0000 0.0000
-0.0846 0.5318 0.0269 2.2751 13.7934 11.7235 7.0420 -1.4811 -23.1173 7.0420 -1.4811 -23.1173 4.3157 -7.8995 -15.3423 4.3157 -7.8995 -15.3423 26.1917 -28.6981 -95.4336 39.4237 -5.9957 -16.6320 -4.9371 0.1469 -3.4060 -38.2866 -15.8719 43.7593 -14.5541 -0.1989 1.5577 -3.8642 -0.3905 11.5376 62.0784 -48.5014 30.3362 -5.2468 70.4491 3.7059 5.4895 5.3275 7.5381 -0.0000 0.0000 0.0000 -75.6650 -29.9458 -23.4662 86.7067 55.1681 -52.5083 -15.9114 -24.2518 -19.1111 -0.0000 0.0000 0.0000
-0.0791 0.5355 0.0333 2.8332 13.0984 10.6221 6.6261 -1.5559 -22.6783 6.6261 -1.5559 -22.6783 4.1448 -6.3500 -13.4050 4.1448 -6.3500 -13.4050 34.7894 -33.0548 -86.8926 39.9348 -4.5505 -12.4817 -2.7993 0.1019 -4.1691 -43.1523 -17.3585 42.2153 -15.5152 0.0183 -0.1341 -2.0071 -0.1976 11.2440 61.2282 -46.7729 28.7078 -9.7942 70.0360 6.8711 6.2295 6.3977 8.6050 -0.0000 0.0000 0.0000 -74.8148 -29.7109 -22.9338 84.3913 56.1772 -51.6401 -15.6169 -23.0054 -18.8424 -0.0000 0.0000 0.0000
-0.0735 0.5398 0.0405 3.2226 12.5827 9.6991 6.1305 -1.5656 -22.1245 6.1305 -1.5656 -22.1245 3.9191 -4.9146 -11.4893 3.9191 -4.9146 -11.4893 42.8755 -35.4764 -78.3356 40.4719 -3.5838 -9.7015 -1.7641 0.0682 -4.4303 -47.2029 -18.2974 40.4671 -17.0686 0.3666 -2.4425 0.1215 0.0132 12.3568 60.6909 -45.2896 27.4486 -13.6549 69.6275 9.5185 6.8835 7.7106 9.5796 -0.0000 0.0000 0.0000 -73.8690 -29.3877 -22.3040 81.7641 56.8787 -50.2380 -15.0230 -21.9630 -18.1978 -0.0000 0.0000 0.0000
-0.0682 0.5445 0.0485 3.4842 12.2058 8.9927 5.6604 -1.5147 -21.4058 5.6604 -1.5147 -21.4058 3.7558 -3.5550 -9.8576 3.7558 -3.5550 -9.8576 51.4961 -36.8979 -69.3428 41.2643 -2.7908 -7.4033 -1.1846 0.0373 -3.6043 -51.3193 -18.6160 37.6764 -19.0013 0.7428 -4.4363 0.5495 0.0721 14.9602 60.3964 -44.1525 26.5613 -16.9035 69.3785 11.7442 7.4300 9.0797 10.4236 -0.0000 0.0000 0.0000 -72.8845 -28.9394 -21.5764 79.2473 57.2731 -48.6562 -14.4767 -20.8387 -17.6116 -0.0000 0.0000 0.0000
-0.0630 0.5496 0.0573 3.6793 11.9043 8.4291 5.3130 -1.4680 -20.6847 5.3130 -1.4680 -20.6847 3.5644 -2.2195 -8.4110 3.5644 -2.2195 -8.4110 60.9631 -37.2421 -59.5774 41.9641 -1.6342 -4.2596 -1.3801 0.0287 -2.3865 -55.9242 -18.3208 33.7936 -22.0980 1.2901 -6.5996 0.4812 0.0777 18.3465 60.2743 -43.2945 25.9500 -19.9181 69.3406 13.8493 7.9022 10.0072 11.1475 -0.0000 0.0000 0.0000 -71.8895 -28.3079 -20.7243 76.8767 57.4167 -46.9871 -14.1200 -19.1832 -17.2858 -0.0000 0.0000 0.0000
-0.0581 0.5543 0.0662 3.8469 11.5003 7.9516 5.0527 -1.4217 -19.9678 5.0527 -1.4217 -19.9678 3.3937 -0.9103 -7.2291 3.3937 -0.9103 -7.2291 69.3290 -35.8517 -50.1402 42.5250 -0.2894 -0.7436 -2.4621 0.0280 -1.3047 -60.7643 -17.5961 29.5766 -26.8699 2.0992 -8.7715 -0.0733 -0.0138 21.4029 60.1854 -42.5841 25.4533 -23.0076 69.4697 16.0637 8.3936 10.8003 11.8971 -0.0000 0.0000 0.0000 -70.8078 -27.2719 -19.5660 74.2297 57.1952 -44.8348 -13.8117 -17.0728 -17.0466 -0.0000 0.0000 0.0000
-0.0540 0.5577 0.0744 4.0316 10.6151 7.5834 4.7007 -1.3180 -19.1948 4.7007 -1.3180 -19.1948 3.0739 0.3848 -6.0998 3.0739 0.3848 -6.0998 76.0151 -33.3416 -41.9322 43.5545 1.1728 2.9352 -4.3203 0.0177 -0.4699 -65.1100 -16.6232 25.7783 -33.7722 3.4456 -11.3171 -0.1250 -0.0265 23.9726 59.8395 -41.7649 24.7661 -25.8008 69.8451 18.1708 8.9195 11.4416 12.6912 -0.0000 0.0000 0.0000 -69.6105 -25.9892 -18.2274 71.7388 57.1973 -43.0294 -13.1617 -15.3565 -16.3576 -0.0000 0.0000 0.0000
-0.0507 0.5587 0.0808 4.2172 9.3038 7.3634 4.2057 -1.1480 -18.2975 4.2057 -1.1480 -18.2975 2.4087 1.5307 -4.7613 2.4087 1.5307 -4.7613 79.3120 -30.3483 -36.2345 45.2020 2.5807 6.1944 -5.8391 0.0068 -0.1332 -68.1844 -16.2228 23.7820 -42.5136 5.1876 -13.2845 2.7809 0.6291 25.4908 59.2965 -40.8577 23.9397 -28.0948 70.5372 20.0693 9.3946 11.8473 13.3991 -0.0000 0.0000 0.0000 -68.5531 -24.9755 -17.1673 70.0131 57.9703 -42.4114 -12.1339 -14.7046 -15.1248 -0.0000 0.0000 0.0000
-0.0485 0.5570 0.0849 4.3977 7.5690 7.2992 3.5315 -0.9345 -17.2939 3.5315 -0.9345 -17.2939 1.5055 2.5799 -3.2153 1.5055 2.5799 -3.2153 79.6735 -27.0286 -32.1426 48.1818 3.6968 8.2564 -6.3971 0.0174 -0.3106 -69.9983 -16.5963 23.5333 -51.8900 6.8520 -14.0293 8.5151 2.0031 26.4312 58.5998 -39.8287 22.9833 -29.6925 71.5404 21.6231 9.6405 11.9659 13.7587 -0.0000 0.0000 0.0000 -67.6148 -24.4304 -16.4968 69.2987 59.7900 -43.3392 -10.6157 -15.2747 -13.2088 -0.0000 0.0000 0.0000
-0.0473 0.5532 0.0864 4.5771 5.5631 7.4631 2.7335 -0.7207 -16.1393 2.7335 -0.7207 -16.1393 0.4944 3.6190 -1.5372 0.4944 3.6190 -1.5372 77.4419 -23.0827 -28.5785 52.1779 4.3112 8.7914 -6.2767 -0.0028 0.0510 -70.9191 -17.3072 24.1237 -59.7736 7.4065 -12.8510 15.0802 3.4956 25.9636 57.8977 -38.8100 22.0514 -30.4480 72.8359 22.7051 9.5623 11.8206 13.6348 -0.0000 0.0000 0.0000 -66.8561 -24.1074 -16.0462 69.6922 62.2489 -45.6025 -9.0084 -16.5691 -11.1565 -0.0000 0.0000 0.0000
-0.0463 0.5483 0.0856 4.7445 3.5403 8.1445 1.9353 -0.5590 -14.9551 1.9353 -0.5590 -14.9551 -0.4348 4.6568 0.0350 -0.4348 4.6568 0.0350 72.1361 -18.9137 -25.7630 57.3017 3.8110 6.9690 -5.5050 -0.0534 1.1099 -71.2959 -18.3795 25.4235 -65.2156 6.4865 -10.1240 23.7031 4.8933 23.0175 57.2461 -38.2822 21.4516 -29.4674 74.3814 22.5693 9.1085 11.2677 12.9447 -0.0000 0.0000 0.0000 -66.3262 -23.3916 -15.4079 70.9430 64.3247 -48.2703 -7.4945 -18.0330 -9.2321 -0.0000 0.0000 0.0000
-0.0448 0.5436 0.0829 4.8802 2.0372 9.4374 1.2510 -0.4831 -13.8455 1.2510 -0.4831 -13.8455 -0.9790 5.5012 1.2950 -0.9790 5.5012 1.2950 63.2914 -15.2406 -24.4958 64.7934 1.6855 2.6560 -4.6636 -0.1334 3.2746 -71.1122 -20.1164 27.8734 -69.3111 3.5656 -5.1561 34.7178 4.9762 15.8275 56.8147 -38.6922 21.5045 -26.8626 75.8846 21.0946 8.4580 10.5173 11.9668 -0.0000 0.0000 0.0000 -66.1838 -22.1385 -14.5312 72.5071 65.1283 -50.1907 -6.5294 -19.2455 -8.0074 -0.0000 0.0000 0.0000
-0.0420 0.5399 0.0788 4.9207 1.0471 11.3954 0.5975 -0.4246 -12.6867 0.5975 -0.4246 -12.6867 -1.1850 6.2664 2.4086 -1.1850 6.2664 2.4086 54.0159 -12.0522 -23.4024 73.8033 -1.1170 -1.4876 -4.5390 -0.2355 5.9372 -72.3240 -23.6253 31.9373 -66.5084 0.5539 -0.8446 41.7164 2.3612 6.1919 56.6120 -40.1113 22.2472 -22.1593 77.0811 17.7324 7.7146 9.8442 10.8726 -0.0000 0.0000 0.0000 -66.3091 -20.0938 -13.2037 73.3907 64.2689 -50.1704 -6.3408 -19.9693 -7.7551 -0.0000 0.0000 0.0000
-0.0377 0.5371 0.0737 4.7715 0.6899 13.7702 -0.0864 -0.3433 -11.5426 -0.0864 -0.3433 -11.5426 -1.2405 6.9018 3.5816 -1.2405 6.9018 3.5816 45.8120 -9.4267 -22.0825 84.5236 -2.3500 -2.5860 -5.8477 -0.3915 7.6531 -71.7139 -29.5832 40.1400 -58.8334 -1.0759 1.9080 42.3194 -1.8722 -4.8346 56.9580 -42.4327 23.7846 -16.8683 77.8890 13.6668 7.0955 9.4402 9.9774 -0.0000 0.0000 0.0000 -66.6853 -17.7307 -11.7187 73.8031 62.1682 -48.7093 -6.9031 -20.2822 -8.4321 -0.0000 0.0000 0.0000
-0.0324 0.5349 0.0679 4.3487 0.7795 16.1111 -0.7126 -0.2451 -10.6144 -0.7126 -0.2451 -10.6144 -1.3850 7.4020 4.8643 -1.3850 7.4020 4.8643 38.6504 -7.2509 -20.4828 95.3896 -2.7997 -2.5481 -6.8754 -0.5372 8.9245 -62.3335 -36.9412 57.8205 -51.1270 -1.2334 2.5782 35.3420 -5.5248 -17.2242 58.0369 -45.2909 26.0609 -12.1557 78.5624 9.9550 6.7193 9.3977 9.4472 -0.0000 0.0000 0.0000 -67.0525 -15.5543 -10.3410 73.9276 59.5710 -46.6074 -7.9810 -20.3080 -9.7459 -0.0000 0.0000 0.0000
-0.0268 0.5324 0.0619 3.7008 1.1317 18.1032 -1.1333 -0.1617 -9.9070 -1.1333 -0.1617 -9.9070 -1.6636 7.6832 6.2047 -1.6636 7.6832 6.2047 30.9986 -5.3997 -19.3014 106.0685 -4.2875 -3.2275 -6.7933 -0.6499 10.9169 -39.2670 -36.9412 86.2325 -48.0081 -1.0897 2.4468 20.1211 -4.7523 -26.3282 59.7761 -48.5161 29.0413 -7.0318 79.6914 5.8704 6.5706 9.5792 9.2490 -0.0000 0.0000 0.0000 -67.3380 -13.7379 -9.1757 73.7851 56.9393 -44.2963 -9.4006 -20.1212 -11.4839 -0.0000 0.0000 0.0000
-0.0221 0.5292 0.0556 2.9809 1.4752 19.7922 -1.2262 -0.1350 -9.3595 -1.2262 -0.1350 -9.3595 -2.0878 7.7429 7.6994 -2.0878 7.7429 7.6994 21.5176 -3.8861 -20.2460 116.1377 -11.4979 -7.1802 -4.6710 -0.6033 14.7099 -15.1579 -20.9262 108.4555 -51.9097 -4.0810 8.3727 2.9436 -0.7120 -27.1910 61.6947 -51.9497 32.4467 2.7404 81.4053 -2.3575 6.3319 9.6146 8.9156 -0.0000 0.0000 0.0000 -67.5095 -12.2980 -8.2362 73.7078 54.7482 -42.4232 -10.5901 -20.0327 -12.9374 -0.0000 0.0000 0.0000
-0.0188 0.5250 0.0490 2.2514 1.8622 21.1787 -1.0276 -0.1572 -9.0229 -1.0276 -0.1572 -9.0229 -2.3054 7.4368 9.1146 -2.3054 7.4368 9.1146 11.3039 -2.4497 -24.3819 118.6936 -29.1434 -17.5164 2.4902 0.4171 19.0163 -0.5600 -0.8297 111.9624 -52.9475 -10.9370 21.7628 -9.6838 1.8971 -22.1182 63.5309 -55.3460 35.9783 21.9736 83.0302 -19.5024 5.8448 9.3442 8.2173 -0.0000 0.0000 0.0000 -67.5663 -11.5894 -7.7681 74.0861 53.4249 -41.5932 -11.3189 -20.4254 -13.8049 -0.0000 0.0000 0.0000
-0.0172 0.5202 0.0420 1.5762 2.2241 22.4658 -0.7337 -0.1848 -8.6365 -0.7337 -0.1848 -8.6365 -2.4540 6.9424 10.9273 -2.4540 6.9424 10.9273 1.9164 -0.5042 -29.4811 101.8376 -49.8694 -41.3709 14.0076 2.3767 19.1683 9.8090 13.5855 108.4628 -50.6346 -15.8326 32.7599 -15.9302 2.1756 -15.4561 65.0224 -58.4981 39.2846 49.1672 83.3165 -44.2937 5.1172 8.9035 7.1763 -0.0000 0.0000 0.0000 -67.6020 -11.5713 -7.7611 75.1038 53.0120 -41.9530 -11.5913 -21.2807 -14.0913 -0.0000 0.0000 0.0000
-0.0168 0.5149 0.0345 1.0191 2.6293 23.6834 -0.4697 -0.2044 -8.1548 -0.4697 -0.2044 -8.1548 -2.6527 6.1844 13.0994 -2.6527 6.1844 13.0994 -4.9679 1.4970 -33.5216 67.4525 -56.7359 -77.9357 23.7463 3.1752 15.0195 17.5972 21.9492 102.8076 -47.3617 -18.6903 41.1355 -19.8276 2.0338 -11.5981 66.3011 -61.1978 42.2385 70.8020 82.2807 -63.6686 4.2568 8.3562 5.9512 -0.0000 0.0000 0.0000 -67.8268 -12.0023 -8.0855 76.6925 53.1721 -43.1967 -11.5341 -22.3187 -13.9690 -0.0000 0.0000 0.0000
-0.0173 0.5093 0.0265 0.6025 3.0707 24.8028 -0.2369 -0.2242 -7.6411 -0.2369 -0.2242 -7.6411 -3.0500 5.2030 15.4885 -3.0500 5.2030 15.4885 -9.4097 3.0993 -36.3924 36.6690 -48.5781 -107.4193 32.1552 2.0933 7.2542 23.4846 26.4535 97.0235 -43.2675 -19.7607 47.4183 -24.0883 1.9341 -9.0467 67.5463 -63.5145 44.9753 84.3272 80.7874 -75.2316 3.4380 7.8904 4.7938 -0.0000 0.0000 0.0000 -68.2963 -12.5563 -8.5351 78.4221 53.5196 -44.7268 -11.2256 -23.2874 -13.5490 -0.0000 0.0000 0.0000
-0.0179 0.5034 0.0185 0.2765 3.6031 25.8465 0.0272 -0.2606 -7.2011 0.0272 -0.2606 -7.2011 -3.6682 4.0185 17.9173 -3.6682 4.0185 17.9173 -11.9061 4.1868 -38.6355 21.4889 -35.7413 -119.0444 37.0019 -0.9292 -2.7765 26.7554 27.8750 92.4392 -40.3297 -19.3329 49.7659 -26.9141 1.6812 -7.0175 69.0437 -65.7424 47.9298 93.9467 79.1627 -83.0643 2.7604 7.4896 3.8402 -0.0000 0.0000 0.0000 -68.9578 -13.0394 -8.9751 80.0051 53.8052 -46.1273 -10.7926 -23.9705 -12.9960 -0.0000 0.0000 0.0000
-0.0173 0.4979 0.0118 0.0706 4.0422 26.8554 0.3031 -0.3133 -6.7596 0.3031 -0.3133 -6.7596 -4.5246 2.7912 20.5049 -4.5246 2.7912 20.5049 -14.0228 5.1998 -40.5295 12.3662 -22.5410 -122.9405 36.7999 -4.7212 -14.1285 29.7750 28.8055 88.0184 -36.9371 -18.5454 52.1031 -28.8197 1.2823 -4.9878 70.6884 -67.9046 51.0491 101.6693 77.3928 -89.0407 2.2547 7.1932 3.1314 -0.0000 0.0000 0.0000 -69.7195 -13.3379 -9.3123 81.5003 54.2055 -47.5936 -10.0661 -24.0742 -12.1189 -0.0000 0.0000 0.0000
-0.0141 0.4934 0.0080 -0.1217 4.2996 27.8429 0.6050 -0.3812 -6.3985 0.6050 -0.3812 -6.3985 -5.3703 1.7304 22.7455 -5.3703 1.7304 22.7455 -16.4971 6.3487 -41.8704 5.9051 -10.8855 -123.1451 31.9314 -7.1276 -24.5620 33.7629 29.9850 82.8563 -32.8262 -17.7961 55.9814 -29.0220 0.7902 -3.0523 72.7196 -69.9929 54.5342 108.1955 75.4232 -93.7699 1.9581 6.9426 2.7156 -0.0000 0.0000 0.0000 -70.3246 -13.5117 -9.5404 82.7696 54.7583 -49.0579 -9.1651 -23.8004 -11.0471 -0.0000 0.0000 0.0000
-0.0071 0.4907 0.0097 -0.3206 4.4082 28.7812 0.8917 -0.4589 -6.0834 0.8917 -0.4589 -6.0834 -6.0523 0.8899 24.5064 -6.0523 0.8899 24.5064 -19.0976 7.4916 -42.5317 0.9317 -1.6847 -122.1148 25.9214 -7.6091 -32.2329 39.0887 31.4275 76.7971 -28.2087 -17.2225 62.1549 -28.3845 0.3837 -1.5172 75.3229 -71.8597 58.4377 113.4197 73.5993 -97.4501 1.8719 6.6065 2.5909 -0.0000 0.0000 0.0000 -70.3731 -12.6536 -8.9399 82.3020 54.7099 -48.6581 -8.4519 -23.3818 -10.2043 -0.0000 0.0000 0.0000
0.0044 0.4900 0.0196 -0.5038 4.4841 29.6417 1.1975 -0.5421 -5.7708 1.1975 -0.5421 -5.7708 -6.6597 0.2286 25.8011 -6.6597 0.2286 25.8011 -21.6275 8.5682 -42.8292 -3.4602 6.0033 -120.1139 20.6475 -7.0884 -37.5575 45.1700 32.5716 70.1660 -23.1514 -16.3082 69.9482 -27.9390 0.2463 -0.9903 78.3940 -73.3913 62.5785 117.5171 72.1468 -100.4329 1.8621 6.1444 2.5705 -0.0000 0.0000 0.0000 -69.6921 -10.1574 -7.0813 79.0960 53.3833 -45.0921 -8.4096 -23.0436 -10.1657 -0.0000 0.0000 0.0000
0.0192 0.4910 0.0398 -0.7040 4.6049 30.3918 1.4828 -0.6217 -5.5087 1.4828 -0.6217 -5.5087 -7.1475 -0.2762 26.7239 -7.1475 -0.2762 26.7239 -23.8751 9.5391 -43.0739 -7.3768 11.9251 -116.6331 16.4467 -6.1079 -40.5255 50.9230 32.9422 63.6763 -18.6639 -14.9214 77.1032 -27.6682 0.3277 -1.3305 82.0125 -74.6486 67.0846 120.9182 70.9584 -103.0225 1.8506 5.6188 2.5469 -0.0000 0.0000 0.0000 -68.3299 -6.1655 -4.1867 73.8132 50.6192 -39.1051 -9.2364 -22.7610 -11.1746 -0.0000 0.0000 0.0000
0.0353 0.4925 0.0712 -0.9528 4.8398 31.0201 1.8123 -0.7208 -5.3659 1.8123 -0.7208 -5.3659 -7.6028 -0.6508 27.3347 -7.6028 -0.6508 27.3347 -25.8301 10.4095 -43.3302 -10.3234 15.1784 -111.7263 12.4621 -4.8266 -42.2136 55.7563 32.8386 58.2418 -13.8338 -12.4102 83.7360 -28.0279 0.5299 -2.1230 86.1047 -75.7058 71.9623 123.5271 70.1579 -105.1904 1.8639 5.1351 2.5582 -0.0000 0.0000 0.0000 -66.1737 -0.6753 -0.4400 67.2374 46.3094 -31.7453 -10.8783 -22.0078 -13.1920 -0.0000 0.0000 0.0000
0.0501 0.4937 0.1091 -1.2300 5.2292 31.6031 2.1300 -0.8292 -5.2475 2.1300 -0.8292 -5.2475 -8.0222 -0.8684 27.5317 -8.0222 -0.8684 27.5317 -27.2062 11.1162 -43.8148 -11.5446 15.4666 -106.6718 10.0168 -3.9238 -42.6987 59.5756 32.8054 54.4288 -8.7905 -8.7232 89.5578 -29.5900 0.5917 -2.2402 90.4647 -76.5279 76.9802 125.4706 69.9404 -107.2327 2.0758 4.7473 2.8429 -0.0000 0.0000 0.0000 -63.4225 5.3597 3.3132 60.8256 41.4419 -25.0391 -12.8904 -20.6104 -15.7033 -0.0000 0.0000 0.0000
0.0618 0.4941 0.1456 -1.5853 5.8105 32.1325 2.4422 -0.9433 -5.1108 2.4422 -0.9433 -5.1108 -8.4111 -1.0290 27.4373 -8.4111 -1.0290 27.4373 -28.0009 11.6196 -44.3986 -11.4648 14.1583 -102.1006 8.3666 -3.2907 -42.8819 62.8454 33.0197 51.7607 -3.1999 -3.4435 94.2022 -32.2067 0.2374 -0.8223 95.5123 -77.1491 82.5816 127.1964 70.1288 -109.4563 2.4897 4.4527 3.4039 -0.0000 0.0000 0.0000 -60.2247 10.8650 6.3139 55.2782 37.1607 -19.9670 -14.9288 -18.9471 -18.2867 -0.0000 0.0000 0.0000
0.0702 0.4938 0.1735 -1.9935 6.6047 32.7300 2.7211 -1.0529 -4.9056 2.7211 -1.0529 -4.9056 -8.7636 -1.1799 27.0005 -8.7636 -1.1799 27.0005 -28.4863 12.0813 -45.2608 -9.7333 11.1632 -97.8720 8.6309 -3.4066 -43.0153 65.8981 33.6513 50.0249 3.1189 3.5472 97.3560 -35.4462 -0.9082 2.8413 101.5634 -77.6451 89.1910 129.0343 70.6825 -112.1890 3.1146 4.1243 4.2502 -0.0000 0.0000 0.0000 -56.8556 15.1159 8.2163 50.3688 33.9379 -16.3308 -16.7731 -17.3801 -20.6525 -0.0000 0.0000 0.0000
0.0758 0.4932 0.1889 -2.4817 7.6328 33.6277 2.9680 -1.1269 -4.5859 2.9680 -1.1269 -4.5859 -9.1547 -1.3916 26.3116 -9.1547 -1.3916 26.3116 -28.4809 12.5571 -46.8749 -6.7885 7.1604 -93.0620 12.0421 -4.6357 -41.9885 67.7697 34.3898 49.4786 8.5885 9.8728 97.9931 -38.3989 -2.7266 7.8192 106.8006 -77.2455 94.1818 131.0347 72.8233 -116.6199 4.4165 4.3724 6.0337 -0.0000 0.0000 0.0000 -54.1750 16.6553 8.5629 46.7576 32.7646 -14.4855 -18.1829 -16.3740 -22.4602 -0.0000 0.0000 0.0000
0.0799 0.4927 0.1934 -3.0881 8.7414 34.8169 3.1417 -1.1426 -4.1866 3.1417 -1.1426 -4.1866 -9.5035 -1.6536 25.4409 -9.5035 -1.6536 25.4409 -28.2932 13.1915 -49.2874 -2.2150 2.1158 -87.3754 17.8091 -6.1382 -37.7832 69.2715 35.2809 49.4376 14.4442 16.1138 96.3293 -42.2362 -5.4582 14.0716 110.2803 -76.0861 96.6498 134.2673 75.8610 -123.1613 5.5887 4.2517 7.6282 -0.0000 0.0000 0.0000 -52.2490 15.9700 7.8708 44.3078 33.4935 -13.9695 -19.1566 -15.9383 -23.6912 -0.0000 0.0000 0.0000
0.0839 0.4926 0.1911 -3.7318 9.8564 36.2084 3.2626 -1.1054 -3.7189 3.2626 -1.1054 -3.7189 -9.8512 -1.9288 24.4431 -9.8512 -1.9288 24.4431 -28.4198 14.1521 -52.2289 3.5797 -3.0430 -80.7285 24.1314 -6.4848 -29.6875 71.4339 36.3569 49.0909 22.7605 23.3283 91.4505 -45.4384 -9.9328 23.4496 111.8024 -74.4652 96.6050 140.9195 79.3573 -133.6761 6.4589 3.4197 8.7738 -0.0000 0.0000 0.0000 -50.5223 14.9364 7.0792 42.0743 34.5525 -13.6423 -19.8231 -15.2733 -24.5701 -0.0000 0.0000 0.0000
0.0881 0.4926 0.1864 -4.3104 10.9982 37.6968 3.3055 -0.9945 -3.1138 3.3055 -0.9945 -3.1138 -10.1567 -2.1646 23.1553 -10.1567 -2.1646 23.1553 -28.6064 15.3399 -55.6873 9.7011 -7.2990 -73.8581 30.5237 -4.5987 -16.7431 73.4039 37.7807 49.3148 31.6861 28.3364 83.3114 -45.1258 -14.4832 34.0091 112.4926 -73.0617 95.8927 154.2743 82.2912 -150.7077 7.1487 1.8553 9.6279 -0.0000 0.0000 0.0000 -48.7414 14.5184 6.6050 39.8038 35.1473 -13.0820 -20.4945 -14.5054 -25.4692 -0.0000 0.0000 0.0000
0.0926 0.4924 0.1837 -4.8252 12.0540 39.0469 3.2624 -0.8276 -2.4462 3.2624 -0.8276 -2.4462 -10.3413 -2.4383 21.8426 -10.3413 -2.4383 21.8426 -28.4589 16.3799 -59.1543 15.0645 -10.0627 -67.3138 33.3319 -1.0909 -3.6430 74.2922 39.6160 50.8573 38.0330 29.6791 75.1026 -43.2128 -17.3714 42.1849 113.2149 -72.2559 95.8326 174.6220 83.8098 -174.0083 7.8496 -0.0256 10.4672 -0.0000 0.0000 0.0000 -46.5621 15.1236 6.5383 36.9892 34.7769 -11.9597 -21.3221 -13.9539 -26.5424 -0.0000 0.0000 0.0000
0.0974 0.4923 0.1833 -5.3338 12.9564 40.2158 3.1678 -0.6501 -1.8391 3.1678 -0.6501 -1.8391 -10.3768 -2.6912 20.5423 -10.3768 -2.6912 20.5423 -27.9620 17.1122 -62.2877 19.4950 -11.5961 -61.1745 32.2229 2.0064 6.9382 73.2527 41.8256 54.4090 39.2008 28.0995 70.1969 -43.3386 -18.4223 44.4044 114.6067 -72.1312 97.2150 -167.5047 83.9224 166.1166 8.9007 -1.8022 11.7598 -0.0000 0.0000 0.0000 -44.4833 15.8519 6.5171 33.8840 34.0129 -10.6458 -22.0823 -13.7615 -27.4968 -0.0000 0.0000 0.0000
0.1026 0.4924 0.1831 -6.0371 13.6986 41.4807 3.0208 -0.4241 -1.1789 3.0208 -0.4241 -1.1789 -10.2859 -3.1400 19.3787 -10.2859 -3.1400 19.3787 -26.4331 17.2114 -65.5949 23.0385 -12.0425 -54.7282 29.9569 3.0444 11.3443 68.1606 43.6079 61.1926 33.4396 24.2160 71.0660 -47.5257 -17.9467 39.4612 115.2905 -71.8338 97.6529 -147.6356 83.5893 144.0310 10.6807 -2.3367 14.0656 -0.0000 0.0000 0.0000 -43.0441 15.8423 6.2813 31.2273 33.4890 -9.6122 -22.6265 -13.9597 -28.1430 -0.0000 0.0000 0.0000
0.1083 0.4930 0.1817 -6.9949 14.2898 42.9242 2.8079 -0.1411 -0.3975 2.8079 -0.1411 -0.3975 -10.1049 -3.8377 18.2983 -10.1049 -3.8377 18.2983 -23.8676 16.6082 -69.2575 26.1966 -11.8283 -47.9983 26.8315 2.5743 10.7625 60.3942 44.3038 69.9512 24.9147 18.7247 73.4699 -53.2790 -16.2482 31.7701 114.9939 -71.3707 96.8437 -132.0922 82.9155 126.6046 12.2545 -2.6058 16.1064 -0.0000 0.0000 0.0000 -41.6273 15.5090 5.9265 28.4237 32.9254 -8.5600 -23.2727 -14.3196 -28.8941 -0.0000 0.0000 0.0000
0.1146 0.4934 0.1778 -8.1506 14.8033 44.5789 2.5081 0.1593 0.4691 2.5081 0.1593 0.4691 -9.8584 -4.7062 17.2336 -9.8584 -4.7062 17.2336 -20.6349 15.3311 -72.9538 28.8627 -11.1856 -41.6662 23.7562 1.3440 6.3833 51.2773 43.1551 78.9766 15.3311 11.9296 75.6439 -59.4754 -13.0987 22.7270 113.4947 -70.8164 94.6248 -119.8512 82.2952 112.9349 13.3772 -2.7994 17.5562 -0.0000 0.0000 0.0000 -40.1116 14.9967 5.5021 25.2068 32.1649 -7.3765 -24.0117 -14.2555 -29.8045 -0.0000 0.0000 0.0000
0.1213 0.4938 0.1729 -9.3878 15.3010 46.2982 2.1476 0.4258 1.3512 2.1476 0.4258 1.3512 -9.5609 -5.6134 16.0802 -9.5609 -5.6134 16.0802 -17.1774 13.4824 -76.0947 30.4829 -10.3616 -36.8114 21.0847 0.2383 1.2805 42.0482 39.9484 86.8003 5.0128 3.9222 76.0682 -64.2571 -7.5039 11.9230 111.8101 -70.6825 92.6616 -111.9358 82.1423 104.4539 14.1063 -2.9912 18.4893 -0.0000 0.0000 0.0000 -38.7316 14.3934 5.0825 21.8739 31.3397 -6.2056 -24.4991 -13.6863 -30.4672 -0.0000 0.0000 0.0000
0.1281 0.4949 0.1679 -10.6239 15.6934 47.8952 1.8416 0.6165 2.1477 1.8416 0.6165 2.1477 -9.2739 -6.4226 14.9386 -9.2739 -6.4226 14.9386 -14.0812 11.4604 -78.1871 31.2160 -9.7147 -33.8396 18.6548 -0.3626 -2.2072 33.9761 35.4750 92.6307 -4.7454 -3.5356 73.3625 -65.9702 -0.7970 1.2280 108.8530 -70.1530 88.9465 -102.0154 81.4357 93.5059 14.7766 -2.8176 19.3770 -0.0000 0.0000 0.0000 -37.7167 13.6406 4.6787 18.3160 30.5330 -5.0389 -24.2767 -12.9578 -30.2819 -0.0000 0.0000 0.0000
0.1349 0.4972 0.1627 -11.7813 16.0300 49.2858 1.6414 0.7399 2.8478 1.6414 0.7399 2.8478 -9.0451 -7.0627 13.8250 -9.0451 -7.0627 13.8250 -11.7306 9.6922 -79.0664 31.7320 -9.6543 -33.0966 15.4246 -0.3603 -2.6598 27.4799 30.6063 96.4325 -13.0871 -8.9072 68.3545 -64.6113 5.4641 -8.6317 105.2006 -68.9746 83.8800 -92.1964 79.5044 81.6717 15.6682 -2.3970 20.5774 -0.0000 0.0000 0.0000 -37.2248 12.8028 4.3277 14.3473 29.4904 -3.7945 -23.2801 -12.5781 -29.1024 -0.0000 0.0000 0.0000
0.1412 0.5008 0.1573 -12.9087 16.3572 50.6629 1.4721 0.8405 3.6134 1.4721 0.8405 3.6134 -8.8506 -7.6025 12.6474 -8.8506 -7.6025 12.6474 -10.0185 8.3430 -79.5279 32.5423 -9.9953 -33.3570 11.9068 -0.0911 -0.8740 21.8359 25.3560 98.7754 -19.8066 -12.1247 62.6257 -61.7007 10.7612 -17.9216 101.6835 -66.9567 78.1596 -85.2283 76.1256 71.5387 16.7085 -1.8365 21.9892 -0.0000 0.0000 0.0000 -37.0020 12.2375 4.1087 11.3045 28.4786 -2.8775 -22.1859 -13.2219 -27.6831 -0.0000 0.0000 0.0000
0.1467 0.5053 0.1528 -13.9920 16.7002 52.0658 1.3326 0.9134 4.3912 1.3326 0.9134 4.3912 -8.7079 -8.0251 11.4243 -8.7079 -8.0251 11.4243 -8.7613 7.3486 -79.9445 33.8825 -10.4453 -33.4064 7.5233 0.1583 2.4078 17.0822 20.2524 99.8791 -24.9146 -13.7390 57.2112 -57.2431 14.6833 -26.5687 98.8441 -64.5516 72.8141 -81.4545 72.1374 64.1841 17.7824 -1.4683 23.4280 -0.0000 0.0000 0.0000 -37.0213 11.8778 3.9894 8.7738 27.2662 -2.1319 -21.2615 -14.4021 -26.4213 -0.0000 0.0000 0.0000
0.1510 0.5105 0.1490 -15.0192 17.0065 53.5679 1.1985 0.9397 5.0318 1.1985 0.9397 5.0318 -8.5692 -8.3278 10.3032 -8.5692 -8.3278 10.3032 -7.6613 6.4903 -80.5156 35.5009 -10.3608 -31.6264 3.7045 0.1741 5.3802 13.3434 15.8221 99.8202 -28.2539 -14.3194 53.0474 -52.3428 17.0208 -33.8695 96.5137 -62.2094 68.1300 -79.0716 68.1413 58.3416 18.7360 -1.6815 24.6431 -0.0000 0.0000 0.0000 -37.1930 11.6445 3.9300 6.9507 26.0293 -1.6084 -20.7073 -15.4230 -25.6386 -0.0000 0.0000 0.0000
0.1542 0.5155 0.1463 -16.0102 17.2457 55.0748 1.1043 0.9001 5.4093 1.1043 0.9001 5.4093 -8.4319 -8.5393 9.4206 -8.4319 -8.5393 9.4206 -6.6574 5.6400 -80.5230 36.7968 -9.8070 -28.9256 0.6835 0.0449 7.5146 10.4689 12.1927 98.7562 -31.1303 -14.6587 49.5715 -46.6695 17.9176 -40.1490 95.0173 -60.8361 65.3135 -77.4284 65.5453 54.5899 19.3801 -2.5399 25.3744 -0.0000 0.0000 0.0000 -37.4315 11.4449 3.8888 6.1509 25.0265 -1.3664 -20.5311 -15.9252 -25.3738 -0.0000 0.0000 0.0000
0.1565 0.5192 0.1441 -16.8941 17.3793 56.3675 1.0824 0.8306 5.5887 1.0824 0.8306 5.5887 -8.3346 -8.6906 8.8340 -8.3346 -8.6906 8.8340 -5.7655 4.8281 -79.8718 37.5971 -8.8254 -25.5462 -1.6264 -0.1297 9.1215 8.1227 9.2541 97.4790 -33.5257 -14.6152 46.1230 -40.8986 17.5763 -45.0384 94.0499 -60.2237 63.8020 -76.0285 64.3678 52.3895 19.6266 -3.7219 25.5509 -0.0000 0.0000 0.0000 -37.6707 11.2477 3.8477 6.1656 24.2976 -1.3285 -20.5391 -15.9809 -25.3780 -0.0000 0.0000 0.0000
0.1579 0.5218 0.1431 -17.6854 17.4914 57.4959 1.0844 0.7536 5.6758 1.0844 0.7536 5.6758 -8.2602 -8.8448 8.3861 -8.2602 -8.8448 8.3861 -4.8909 4.0123 -78.7174 37.7211 -7.5320 -21.8131 -3.3036 -0.2887 9.9874 6.1082 6.8007 96.1544 -35.2920 -14.2273 42.8423 -35.7738 16.5527 -48.5233 93.6588 -60.5224 63.7586 -74.6985 64.4466 51.3768 19.6138 -5.0063 25.3845 -0.0000 0.0000 0.0000 -37.8815 11.0615 3.8064 6.3842 23.6399 -1.3374 -20.6392 -15.7776 -25.5202 -0.0000 0.0000 0.0000
0.1586 0.5235 0.1431 -18.3916 17.6381 58.4875 1.0185 0.6833 5.8417 1.0185 0.6833 5.8417 -8.1603 -9.0382 7.9359 -8.1603 -9.0382 7.9359 -3.9535 3.1749 -77.5254 37.0687 -6.1686 -18.2611 -4.4958 -0.4078 10.3613 4.2406 4.6114 94.8029 -36.3330 -13.6383 40.0463 -31.5159 15.3845 -51.1570 93.3566 -60.9160 63.8919 -73.2885 64.7723 50.5176 19.5001 -6.0794 25.1177 -0.0000 0.0000 0.0000 -37.9441 11.0042 3.7933 7.1214 23.2414 -1.4663 -20.9602 -15.8901 -25.9013 -0.0000 0.0000 0.0000
0.1589 0.5246 0.1440 -19.0388 17.8018 59.3700 0.9120 0.6229 6.0883 0.9120 0.6229 6.0883 -8.0496 -9.2744 7.4655 -8.0496 -9.2744 7.4655 -3.0313 2.3860 -76.4086 35.8760 -4.7917 -14.7289 -5.2779 -0.4738 10.2521 2.4654 2.6171 93.4204 -36.9518 -12.9414 37.4990 -27.9409 14.1847 -53.1416 93.4481 -61.4093 64.4813 -72.0624 65.4003 50.0623 19.2416 -6.9602 24.6923 -0.0000 0.0000 0.0000 -37.9523 11.0235 3.8009 7.8017 22.7933 -1.5750 -21.3123 -15.8679 -26.3334 -0.0000 0.0000 0.0000
0.1588 0.5250 0.1454 -19.6502 17.9746 60.2274 0.7895 0.5734 6.3824 0.7895 0.5734 6.3824 -7.9568 -9.5534 6.9816 -7.9568 -9.5534 6.9816 -2.1223 1.6429 -75.4850 34.0367 -3.2060 -10.4481 -5.1632 -0.4279 9.4680 0.7716 0.7991 92.0084 -37.2067 -12.2338 35.3209 -25.1245 13.1394 -54.6629 93.5596 -61.5699 64.7475 -71.0567 65.5705 49.3961 18.9539 -7.7455 24.2439 -0.0000 0.0000 0.0000 -37.9490 11.0954 3.8255 8.4364 22.3008 -1.6658 -21.6594 -15.6847 -26.7758 -0.0000 0.0000 0.0000
0.1585 0.5247 0.1470 -20.2594 18.1725 61.0501 0.7251 0.5238 6.6719 0.7251 0.5238 6.6719 -7.9346 -9.8367 6.5056 -7.9346 -9.8367 6.5056 -1.3370 1.0140 -74.3548 31.9465 -2.0690 -7.2193 -4.5290 -0.3246 8.1954 -0.9077 -0.9149 90.4541 -37.5288 -11.4737 32.9470 -22.3890 11.9505 -55.7466 93.9011 -61.7346 65.2272 -70.1747 65.7948 48.8752 18.6574 -8.3816 23.8033 -0.0000 0.0000 0.0000 -37.9704 11.1347 3.8414 8.8891 21.7246 -1.7090 -21.9677 -15.0785 -27.2156 -0.0000 0.0000 0.0000
0.1580 0.5241 0.1483 -20.7832 18.3435 61.6155 0.7100 0.4769 6.9457 0.7100 0.4769 6.9457 -7.9524 -10.0569 6.1436 -7.9524 -10.0569 6.1436 -0.7283 0.5367 -72.7706 29.7653 -1.2454 -4.6840 -3.4440 -0.1966 6.5327 -2.5292 -2.4889 89.0797 -37.5661 -10.5807 30.4611 -19.8772 10.6980 -56.2355 94.3951 -61.8188 65.7648 -69.6650 65.9912 48.6288 18.4109 -8.9566 23.4341 -0.0000 0.0000 0.0000 -38.0254 11.0817 3.8290 9.1314 21.1754 -1.7104 -22.0860 -14.2714 -27.4463 -0.0000 0.0000 0.0000
0.1572 0.5233 0.1497 -21.2185 18.4553 62.0074 0.7027 0.4376 7.2261 0.7027 0.4376 7.2261 -7.9444 -10.2055 5.8256 -7.9444 -10.2055 5.8256 -0.3659 0.2586 -70.4970 27.5234 -0.6555 -2.6760 -2.0017 -0.0800 4.5777 -3.9852 -3.8451 87.9490 -37.1184 -9.6613 28.2570 -17.8860 9.6045 -56.1923 94.9166 -61.7805 66.2031 -69.4276 66.0560 48.4921 18.2149 -9.4797 23.1357 -0.0000 0.0000 0.0000 -38.0617 11.0044 3.8061 9.3881 20.7453 -1.7221 -22.0767 -13.4876 -27.5197 -0.0000 0.0000 0.0000
0.1561 0.5223 0.1514 -21.5574 18.5001 62.2323 0.6563 0.4004 7.5361 0.6563 0.4004 7.5361 -7.8650 -10.2837 5.5343 -7.8650 -10.2837 5.5343 -0.1254 0.0844 -67.8528 25.3736 -0.3376 -1.4994 -0.3361 -0.0079 2.7077 -5.2525 -4.9760 86.8991 -36.4155 -8.7585 26.2121 -16.2220 8.6449 -55.8790 95.2686 -61.4855 66.2196 -69.3134 65.8962 48.2701 18.0726 -9.8753 22.9182 -0.0000 0.0000 0.0000 -38.0676 10.9174 3.7765 9.6699 20.4498 -1.7482 -22.0011 -12.7933 -27.5028 -0.0000 0.0000 0.0000
0.1547 0.5213 0.1535 -21.8233 18.4677 62.3722 0.5543 0.3576 7.8468 0.5543 0.3576 7.8468 -7.7049 -10.3066 5.2714 -7.7049 -10.3066 5.2714 0.1157 -0.0740 -65.2182 23.4700 -0.2153 -1.0365 1.4240 0.0134 1.0796 -6.3019 -5.8582 85.8132 -35.5912 -7.9206 24.3428 -14.9233 7.8685 -55.4080 95.5493 -61.0690 66.0432 -69.2020 65.6613 47.9895 17.9103 -10.1408 22.6891 -0.0000 0.0000 0.0000 -38.0207 10.8580 3.7508 10.0712 20.3025 -1.8078 -21.9679 -12.2190 -27.5252 -0.0000 0.0000 0.0000
0.1532 0.5205 0.1557 -22.0545 18.4176 62.4934 0.4113 0.3076 8.1376 0.4113 0.3076 8.1376 -7.5056 -10.3199 5.0229 -7.5056 -10.3199 5.0229 0.4450 -0.2722 -62.9142 21.9888 -0.2798 -1.4399 2.9843 -0.0028 -0.1085 -7.3031 -6.6636 84.7443 -34.6253 -7.1446 22.6510 -13.6942 7.1540 -55.0027 95.8609 -60.7168 65.9610 -69.0000 65.5092 47.7054 17.7116 -10.2584 22.4286 -0.0000 0.0000 0.0000 -37.9598 10.8142 3.7291 10.4966 20.2213 -1.8768 -22.0042 -11.7614 -27.6211 -0.0000 0.0000 0.0000
0.1516 0.5198 0.1577 -22.2868 18.4190 62.6108 0.2718 0.2455 8.3879 0.2718 0.2455 8.3879 -7.3304 -10.3287 4.7941 -7.3304 -10.3287 4.7941 0.8872 -0.5251 -61.2376 20.9058 -0.5186 -2.8107 4.5115 -0.0240 -0.6085 -8.4648 -7.5589 83.5077 -33.4833 -6.3532 20.9072 -11.9513 6.1695 -54.4830 96.2733 -60.6151 66.2334 -68.5844 65.6683 47.5053 17.4844 -10.1702 22.1519 -0.0000 0.0000 0.0000 -37.9192 10.7414 3.6997 10.8926 20.1772 -1.9437 -22.0799 -11.3729 -27.7586 -0.0000 0.0000 0.0000
0.1501 0.5193 0.1595 -22.4931 18.4860 62.5986 0.1263 0.1657 8.5938 0.1263 0.1657 8.5938 -7.1697 -10.3209 4.6383 -7.1697 -10.3209 4.6383 1.4091 -0.8155 -60.1146 19.6119 -0.6966 -4.0285 6.2503 -0.0387 -0.7080 -9.8413 -8.5794 82.1286 -31.9926 -5.5175 19.0832 -9.5999 4.8470 -53.4987 96.5716 -60.6200 66.5136 -67.9727 65.9784 47.2708 17.2466 -9.9711 21.8719 -0.0000 0.0000 0.0000 -37.9356 10.5834 3.6467 11.1373 20.1536 -1.9853 -22.0845 -11.1077 -27.7945 -0.0000 0.0000 0.0000
0.1490 0.5190 0.1613 -22.7064 18.5945 62.5405 0.0063 0.0721 8.7468 0.0063 0.0721 8.7468 -7.0299 -10.3082 4.5141 -7.0299 -10.3082 4.5141 1.7479 -0.9904 -59.0705 18.1171 -0.8309 -5.2082 8.2064 -0.0362 -0.5051 -11.3922 -9.6839 80.6802 -29.9857 -4.6698 17.3133 -7.1595 3.4965 -52.0140 96.8454 -60.8113 66.9684 -67.1675 66.6360 47.1585 16.9651 -9.8628 21.5279 -0.0000 0.0000 0.0000 -37.9976 10.3799 3.5825 11.2800 20.1283 -2.0083 -22.0084 -10.9017 -27.7234 -0.0000 0.0000 0.0000
0.1482 0.5186 0.1635 -22.8974 18.6915 62.4993 -0.1147 -0.0502 8.8875 -0.1147 -0.0502 8.8875 -6.8486 -10.2607 4.3742 -6.8486 -10.2607 4.3742 1.9489 -1.0854 -58.2263 16.7938 -0.9778 -6.6172 9.5070 -0.0173 -0.2076 -13.0247 -10.7640 79.0654 -27.5443 -3.8295 15.5336 -4.4979 2.0971 -49.9772 96.9932 -61.0780 67.3868 -66.3210 67.3920 47.0852 16.6577 -9.9867 21.1301 -0.0000 0.0000 0.0000 -37.9673 10.2824 3.5456 11.4045 20.0700 -2.0246 -22.0622 -10.9587 -27.7837 -0.0000 0.0000 0.0000
0.1476 0.5184 0.1663 -22.9315 18.6790 62.4278 -0.2807 -0.2036 8.9614 -0.2807 -0.2036 8.9614 -6.5710 -10.1699 4.3435 -6.5710 -10.1699 4.3435 2.0769 -1.1409 -57.5600 15.8081 -1.0521 -7.5676 9.2208 -0.0517 -0.6417 -14.4756 -11.6975 77.7781 -24.7683 -3.0913 14.0118 -1.5451 0.6859 -47.8736 96.8076 -61.2367 67.3815 -65.6754 68.0163 47.0617 16.3183 -10.3200 20.6740 -0.0000 0.0000 0.0000 -37.8104 10.4420 3.5849 11.6150 20.0188 -2.0568 -22.3641 -11.3761 -28.1103 -0.0000 0.0000 0.0000
0.1470 0.5184 0.1694 -22.7475 18.5120 62.3920 -0.5279 -0.3899 9.0348 -0.5279 -0.3899 9.0348 -6.1761 -9.9307 4.3276 -6.1761 -9.9307 4.3276 2.1618 -1.1828 -57.3673 15.3301 -1.0550 -7.8271 7.0925 -0.1226 -1.9779 -15.6188 -12.4096 76.8078 -21.8454 -2.5000 12.9018 1.8251 -0.7717 -45.8397 96.2917 -61.2609 66.9284 -65.3175 68.4079 47.0825 15.8929 -10.7942 20.0991 -0.0000 0.0000 0.0000 -37.5359 10.9380 3.7268 11.7741 19.9232 -2.0750 -22.7984 -12.0210 -28.5731 -0.0000 0.0000 0.0000
0.1458 0.5195 0.1720 -22.2337 18.1768 62.2905 -0.7992 -0.5911 9.0207 -0.7992 -0.5911 9.0207 -5.7202 -9.5762 4.4920 -5.7202 -9.5762 4.4920 2.0185 -1.1062 -57.4459 16.0170 -0.9483 -6.7327 1.7888 -0.0757 -4.8443 -16.6732 -13.0509 75.9507 -19.1705 -2.0453 12.0681 6.5929 -2.6034 -43.0597 94.8844 -61.0534 65.4182 -64.6063 68.4137 46.5149 15.3145 -11.2277 19.3379 -0.0000 0.0000 0.0000 -37.1852 11.6626 3.9353 11.6755 19.9004 -2.0552 -23.1721 -12.7945 -28.9444 -0.0000 0.0000 0.0000
0.1437 0.5220 0.1739 -21.4192 17.6863 62.2302 -0.9027 -0.7511 8.8229 -0.9027 -0.7511 8.8229 -5.3920 -9.0943 4.8015 -5.3920 -9.0943 4.8015 1.1583 -0.6360 -57.5422 18.2273 -0.6961 -4.3375 -2.1933 0.1468 -7.6583 -17.9518 -13.8337 75.0502 -17.0792 -1.7645 11.7111 12.4728 -4.5042 -39.5852 92.7356 -60.8710 63.2889 -63.0846 68.2086 45.1406 14.3897 -11.7199 18.1404 -0.0000 0.0000 0.0000 -36.7714 12.5355 4.1814 11.2169 19.9435 -1.9783 -23.5050 -13.4562 -29.2770 -0.0000 0.0000 0.0000
0.1401 0.5262 0.1751 -20.2422 17.1023 62.0772 -0.9884 -0.8974 8.6526 -0.9884 -0.8974 8.6526 -5.0685 -8.3706 5.0923 -5.0685 -8.3706 5.0923 0.0601 -0.0335 -58.2482 21.3073 -0.1557 -0.8279 -2.5389 0.2121 -9.5493 -19.5134 -14.5827 73.3059 -15.5917 -1.5021 10.9385 18.6210 -5.8010 -34.3470 89.8303 -61.4119 61.2630 -59.8581 68.6719 42.9340 13.0249 -12.2070 16.3960 -0.0000 0.0000 0.0000 -36.2688 13.5009 4.4401 10.5925 20.1950 -1.8916 -23.8371 -14.1986 -29.5978 -0.0000 0.0000 0.0000
0.1349 0.5316 0.1761 -18.7410 16.4577 61.8759 -1.1265 -1.0457 8.7593 -1.1265 -1.0457 8.7593 -4.6915 -7.2779 5.0601 -4.6915 -7.2779 5.0601 -1.1859 0.6881 -60.2451 24.8356 0.6770 3.0738 0.6024 -0.0547 -10.3866 -20.8618 -14.8413 70.5581 -15.1605 -1.3144 9.8527 24.1529 -5.9990 -27.5232 86.0864 -62.6724 59.2490 -54.7801 69.6954 39.6739 11.3178 -12.6101 14.2321 -0.0000 0.0000 0.0000 -35.4938 14.6772 4.7205 10.1233 20.6550 -1.8494 -24.4124 -15.2780 -30.1745 -0.0000 0.0000 0.0000
0.1278 0.5376 0.1778 -16.9400 15.7182 61.4742 -1.3648 -1.2015 9.0203 -1.3648 -1.2015 9.0203 -4.1580 -5.9611 4.9443 -4.1580 -5.9611 4.9443 -2.5089 1.5354 -62.9256 28.0827 1.6852 6.7311 5.4193 -0.5116 -10.7786 -22.7234 -15.1845 67.1157 -14.4573 -1.1074 8.7141 27.9977 -5.0885 -20.2117 81.2731 -64.0381 56.4420 -48.0735 70.6512 35.0817 9.6768 -12.5968 12.1754 -0.0000 0.0000 0.0000 -34.5256 15.9651 4.9904 9.9797 21.3732 -1.8879 -25.1920 -16.7917 -30.9442 -0.0000 0.0000 0.0000
0.1188 0.5431 0.1809 -14.9531 14.9382 60.7460 -1.6992 -1.3788 9.3602 -1.6992 -1.3788 9.3602 -3.4908 -4.5063 4.8805 -3.4908 -4.5063 4.8805 -4.0144 2.5780 -65.4043 30.5634 2.4766 9.0469 9.8252 -0.9579 -11.1094 -24.8403 -15.5577 63.6215 -13.5292 -0.9085 7.6481 29.1970 -3.5553 -13.5908 75.6499 -64.8410 52.4952 -40.7387 70.9876 29.6606 8.4909 -11.9018 10.7177 -0.0000 0.0000 0.0000 -33.5316 17.2085 5.2201 9.9467 22.2361 -1.9595 -25.8610 -18.5852 -31.5424 -0.0000 0.0000 0.0000
0.1081 0.5473 0.1853 -12.8657 14.0870 59.5706 -2.1203 -1.5771 9.7034 -2.1203 -1.5771 9.7034 -2.7747 -3.1143 5.0765 -2.7747 -3.1143 5.0765 -5.6387 3.7509 -67.2401 32.7418 3.0919 10.4981 11.0211 -1.1826 -12.2120 -27.2413 -15.9777 60.1580 -12.3100 -0.7900 7.3154 28.6700 -2.1647 -8.4564 69.8803 -65.1455 48.1061 -33.2508 71.1231 24.1002 7.9941 -10.4851 10.1526 -0.0000 0.0000 0.0000 -32.6850 18.2605 5.3962 10.0944 23.3183 -2.0881 -26.0853 -20.7181 -31.5680 -0.0000 0.0000 0.0000
0.0962 0.5492 0.1904 -10.8605 13.2006 58.0159 -2.5166 -1.6813 9.5393 -2.5166 -1.6813 9.5393 -2.1977 -1.9866 5.7730 -2.1977 -1.9866 5.7730 -7.2958 4.8507 -67.1972 34.7358 3.5462 11.3049 11.2133 -1.3163 -13.3485 -29.9018 -16.7638 57.7788 -12.1618 -0.7700 7.2186 28.2954 -1.1848 -4.6978 64.4627 -65.4350 44.1003 -24.9425 71.4196 18.0669 7.9504 -8.4700 10.1860 -0.0000 0.0000 0.0000 -32.0240 18.8720 5.4611 10.9157 24.9339 -2.4203 -25.4971 -23.3667 -30.5821 -0.0000 0.0000 0.0000
0.0834 0.5502 0.1957 -8.9037 12.2955 56.1027 -2.9748 -1.7107 8.9126 -2.9748 -1.7107 8.9126 -1.7039 -0.9227 6.7599 -1.7039 -0.9227 6.7599 -8.6372 5.5754 -65.6274 36.3045 3.9055 11.8740 10.9132 -1.3778 -14.3490 -31.7842 -17.4503 56.6532 -13.6277 -0.7052 5.8967 28.6042 -0.2485 -0.9745 58.5325 -66.4156 40.2885 -13.3086 72.2488 9.7339 7.8642 -6.1862 10.1797 -0.0000 0.0000 0.0000 -31.2569 19.3078 5.4488 12.1188 26.9284 -2.9117 -24.2983 -26.3361 -28.8701 -0.0000 0.0000 0.0000
0.0700 0.5513 0.2011 -7.0994 11.4590 54.1479 -3.4921 -1.6576 7.9415 -3.4921 -1.6576 7.9415 -1.2684 0.2548 7.6131 -1.2684 0.2548 7.6131 -9.5607 5.8707 -63.0298 37.4312 4.1927 12.3332 10.4628 -1.3929 -15.1248 -32.4167 -17.9062 56.9136 -16.6639 -0.4736 3.2329 29.6175 0.8033 3.0379 51.9355 -67.7925 36.2391 0.6797 72.8500 -0.5016 7.5734 -3.9426 9.9071 -0.0000 0.0000 0.0000 -30.2121 19.8537 5.4095 13.1357 28.7877 -3.3850 -22.6746 -29.0174 -26.7234 -0.0000 0.0000 0.0000
0.0560 0.5535 0.2076 -5.3214 10.5763 52.2757 -3.9813 -1.5596 6.9921 -3.9813 -1.5596 6.9921 -0.8563 1.4802 8.2536 -0.8563 1.4802 8.2536 -10.2849 6.0278 -60.6591 38.1890 4.5024 12.9573 9.9116 -1.3747 -15.7539 -32.0116 -17.9266 57.6085 -20.2458 0.0614 -0.3440 30.8006 1.9154 6.9457 45.2878 -68.0915 31.4823 11.6172 72.0333 -8.4592 7.0782 -1.6490 9.3642 -0.0000 0.0000 0.0000 -29.0730 20.5245 5.3757 13.4719 30.3487 -3.6694 -21.0410 -31.0590 -24.6512 -0.0000 0.0000 0.0000
0.0416 0.5573 0.2163 -3.5173 9.6363 50.7323 -4.3742 -1.4633 6.2551 -4.3742 -1.4633 6.2551 -0.5434 2.6568 8.7448 -0.5434 2.6568 8.7448 -11.0751 6.2830 -59.0296 38.6730 4.7965 13.6123 9.2778 -1.3303 -16.2848 -30.2002 -17.1404 58.3694 -24.1781 0.8298 -3.8727 31.2444 2.7485 9.8074 40.3310 -66.1348 26.8946 14.7305 69.5934 -10.2659 6.3698 0.5653 8.5232 -0.0000 0.0000 0.0000 -28.0240 21.4269 5.4063 12.9247 31.3511 -3.6412 -20.4411 -32.5104 -23.8427 -0.0000 0.0000 0.0000
0.0271 0.5629 0.2275 -1.7073 8.6996 49.6045 -4.5857 -1.4393 6.0403 -4.5857 -1.4393 6.0403 -0.4159 3.5763 9.0587 -0.4159 3.5763 9.0587 -12.2726 6.9352 -58.8128 39.0616 5.0714 14.2324 8.5890 -1.2677 -16.7620 -27.4728 -15.4871 58.1722 -27.7057 1.5435 -6.2533 30.9939 3.2425 11.6572 38.0499 -61.9103 23.3702 10.9270 65.7001 -7.0680 5.7419 2.6614 7.7693 -0.0000 0.0000 0.0000 -27.2670 22.4676 5.5160 11.9595 31.9008 -3.4296 -20.7626 -33.4912 -24.1396 -0.0000 0.0000 0.0000
0.0127 0.5701 0.2405 0.2067 7.6942 48.7419 -4.5274 -1.3690 5.9956 -4.5274 -1.3690 5.9956 -0.6362 4.1479 9.5583 -0.6362 4.1479 9.5583 -14.1384 8.0672 -59.2479 39.6058 5.4345 15.0172 7.9416 -1.2008 -17.1695 -25.5906 -14.0142 56.8443 -29.6851 1.8220 -6.8678 30.2600 3.6334 13.3813 37.4013 -55.7321 20.2933 4.8066 60.2718 -2.7914 5.3228 4.6873 7.2832 -0.0000 0.0000 0.0000 -27.0783 23.4046 5.7108 11.5412 32.6563 -3.3915 -21.1271 -34.1659 -24.5081 -0.0000 0.0000 0.0000
-0.0011 0.5774 0.2532 2.0913 6.7283 48.2528 -4.3741 -1.2670 5.9727 -4.3741 -1.2670 5.9727 -1.0820 4.5131 10.3657 -1.0820 4.5131 10.3657 -16.2148 9.3623 -59.7816 40.1120 5.7587 15.6886 7.3968 -1.1399 -17.4984 -25.5941 -13.1979 53.9806 -30.6849 1.1154 -4.0639 30.0330 3.7742 14.0044 36.8840 -49.0222 17.2911 -0.1932 53.7226 0.0979 5.2716 6.5164 7.2887 -0.0000 0.0000 0.0000 -27.1012 24.2918 5.9386 11.6924 33.4437 -3.5239 -22.1571 -34.8055 -25.6418 -0.0000 0.0000 0.0000
-0.0137 0.5841 0.2629 3.7370 5.8795 48.1634 -4.3379 -1.1795 5.8194 -4.3379 -1.1795 5.8194 -1.4638 4.9138 11.3994 -1.4638 4.9138 11.3994 -17.8300 10.3198 -59.8550 40.2460 5.8897 15.9841 6.9790 -1.0906 -17.7427 -26.9204 -12.7253 49.9606 -29.5891 -0.4214 1.5954 29.2744 3.6554 13.9316 35.7719 -43.2040 14.5644 -2.5745 47.1322 1.1231 5.4246 8.1616 7.5730 -0.0000 0.0000 0.0000 -26.9852 25.1727 6.1332 12.0631 33.9105 -3.6901 -23.4377 -35.3699 -27.0629 -0.0000 0.0000 0.0000
-0.0250 0.5914 0.2683 5.1905 5.0016 48.3856 -4.6201 -1.1717 5.7232 -4.6201 -1.1717 5.7232 -1.4179 5.4787 12.4916 -1.4179 5.4787 12.4916 -18.7802 10.9381 -60.1385 40.1361 5.8703 15.9787 6.4424 -1.0207 -17.9874 -27.6596 -11.7025 45.2030 -27.3385 -2.1449 8.8029 28.2091 2.9960 11.8836 33.9557 -38.7149 12.2444 -2.9125 41.2033 1.0950 5.5171 9.7851 7.7784 -0.0000 0.0000 0.0000 -26.5363 26.1249 6.2631 12.2948 34.0447 -3.7773 -24.8163 -35.7975 -28.6011 -0.0000 0.0000 0.0000
-0.0347 0.5995 0.2691 6.5415 4.0289 48.7952 -4.9697 -1.1804 5.6290 -4.9697 -1.1804 5.6290 -1.1831 6.3527 13.4206 -1.1831 6.3527 13.4206 -19.6670 11.5374 -60.4706 40.0785 5.8105 15.8422 5.7856 -0.9276 -18.2019 -26.3812 -9.6765 39.7145 -25.1044 -4.0011 17.8324 26.3754 1.9403 8.2670 31.7942 -35.1822 10.3192 -2.1341 36.1205 0.6960 5.5576 10.6927 7.8800 -0.0000 0.0000 0.0000 -25.9401 27.0022 6.3304 12.2122 34.0409 -3.7513 -25.5318 -36.0079 -29.3980 -0.0000 0.0000 0.0000
-0.0432 0.6082 0.2665 7.7780 3.1378 49.0456 -5.1532 -1.1355 5.3730 -5.1532 -1.1355 5.3730 -1.0946 7.4654 14.0260 -1.0946 7.4654 14.0260 -20.8314 12.1320 -60.0661 40.0983 5.7678 15.7187 5.2606 -0.8485 -18.3125 -22.3881 -7.0908 34.7689 -24.3365 -5.7879 26.3883 24.2249 1.2520 5.8292 29.6800 -32.3092 8.7777 -1.3135 31.8001 0.3742 5.6626 10.7774 8.0330 -0.0000 0.0000 0.0000 -25.1054 27.6989 6.2841 11.3311 33.9094 -3.4647 -25.0860 -35.7504 -28.9128 -0.0000 0.0000 0.0000
-0.0505 0.6174 0.2624 8.7072 2.5622 48.9931 -5.1418 -1.0081 4.7713 -5.1418 -1.0081 4.7713 -1.3520 8.5266 14.4178 -1.3520 8.5266 14.4178 -22.0312 12.4011 -58.3332 39.9844 5.7156 15.6257 5.0925 -0.8197 -18.2758 -16.9554 -4.6619 30.5494 -23.9456 -7.6515 35.0044 21.3852 0.9158 4.8474 28.0140 -29.9730 7.6410 -0.7942 28.1713 0.1993 6.0464 10.3226 8.5519 -0.0000 0.0000 0.0000 -23.7863 28.3739 6.0952 9.6399 33.3835 -2.8968 -24.1894 -35.0016 -27.9539 -0.0000 0.0000 0.0000
-0.0568 0.6266 0.2590 9.2760 2.3890 48.6821 -4.9943 -0.8420 3.9478 -4.9943 -0.8420 3.9478 -1.9823 9.5670 14.6697 -1.9823 9.5670 14.6697 -22.9946 12.2004 -55.4372 39.4733 5.5389 15.3579 5.2861 -0.8429 -18.1064 -11.0445 -2.6196 26.6109 -24.8566 -10.3284 44.5964 19.0918 0.6712 3.9897 26.6764 -28.3405 6.8516 -0.6524 25.1126 0.1453 6.9299 9.7067 9.7613 -0.0000 0.0000 0.0000 -22.3527 28.7219 5.7918 7.5903 32.7093 -2.2304 -22.9700 -34.0573 -26.6358 -0.0000 0.0000 0.0000
-0.0624 0.6355 0.2564 9.5107 2.5780 48.2637 -4.7872 -0.6046 2.7302 -4.7872 -0.6046 2.7302 -2.9420 10.2121 15.2345 -2.9420 10.2121 15.2345 -23.4187 11.3829 -51.3617 38.3919 5.2417 14.9801 5.8299 -0.9136 -17.7972 -4.7470 -1.0341 24.5652 -25.7751 -12.9978 52.9355 16.9735 0.5232 3.5053 25.6480 -27.1759 6.2985 -0.5199 22.4083 0.1030 8.1628 8.9162 11.4370 -0.0000 0.0000 0.0000 -21.0849 28.7313 5.4579 5.5180 31.9040 -1.5784 -21.6951 -33.0739 -25.2480 -0.0000 0.0000 0.0000
-0.0674 0.6429 0.2544 9.6377 2.8577 47.9908 -4.7103 -0.3704 1.5820 -4.7103 -0.3704 1.5820 -3.7204 10.3149 15.9394 -3.7204 10.3149 15.9394 -23.3736 10.4652 -47.7618 37.0988 4.9325 14.6288 6.3337 -0.9739 -17.4661 2.0983 0.4390 23.6334 -25.7720 -15.2189 60.5669 14.7380 0.2029 1.5691 24.7942 -26.1750 5.8507 -0.2990 19.8853 0.0524 9.5126 7.9652 13.2449 -0.0000 0.0000 0.0000 -20.0608 28.8050 5.2014 4.0000 31.0870 -1.1130 -20.6952 -32.1709 -24.1629 -0.0000 0.0000 0.0000
-0.0720 0.6490 0.2524 9.9693 2.8666 47.9194 -4.5371 -0.2230 0.9376 -4.5371 -0.2230 0.9376 -4.3055 10.1468 16.6045 -4.3055 10.1468 16.6045 -23.7812 10.1640 -45.7937 36.0452 4.7479 14.5230 6.5395 -0.9915 -17.2243 8.8066 1.6846 21.6176 -23.2047 -16.2297 69.5584 11.2337 -0.1476 -1.5004 24.2008 -24.6931 5.3735 0.1792 17.5206 -0.0276 10.8914 6.3936 15.0167 -0.0000 0.0000 0.0000 -19.9103 28.7528 5.1519 3.5935 30.8977 -0.9934 -19.3419 -31.4077 -22.6498 -0.0000 0.0000 0.0000
-0.0759 0.6542 0.2490 10.6325 2.5550 48.0939 -4.2794 -0.2029 0.8826 -4.2794 -0.2029 0.8826 -4.6329 10.0435 17.0632 -4.6329 10.0435 17.0632 -24.8420 10.5911 -45.6465 35.3319 4.7020 14.6910 6.3889 -0.9622 -17.1120 15.1364 2.4450 18.2495 -17.9479 -14.9098 79.2905 6.7526 -0.2712 -4.5942 23.5293 -22.6581 4.7786 1.1836 15.2191 -0.1581 12.0806 4.2831 16.4507 -0.0000 0.0000 0.0000 -20.4429 28.8069 5.3028 4.0720 31.2114 -1.1378 -17.9008 -30.6839 -21.0223 -0.0000 0.0000 0.0000
-0.0790 0.6587 0.2436 11.3374 2.1790 48.5957 -4.0532 -0.3163 1.4401 -4.0532 -0.3163 1.4401 -4.5454 10.0236 17.1152 -4.5454 10.0236 17.1152 -26.0677 11.5240 -47.1046 34.7830 4.6738 14.8466 5.9800 -0.8992 -17.0877 20.8611 2.3906 12.9328 -10.7632 -10.3838 87.9327 1.5288 -0.0822 -6.1519 22.9220 -20.2718 4.1516 2.7762 12.9213 -0.3144 13.1397 2.2218 17.6863 -0.0000 0.0000 0.0000 -20.9557 29.2226 5.5204 4.9715 31.4021 -1.3983 -16.8788 -29.8733 -19.8819 -0.0000 0.0000 0.0000
-0.0809 0.6627 0.2365 12.0157 1.8224 49.3591 -3.8226 -0.4754 2.2903 -3.8226 -0.4754 2.2903 -4.2507 10.2712 16.7484 -4.2507 10.2712 16.7484 -27.3815 12.7432 -49.2530 34.3141 4.6224 14.8961 5.4706 -0.8222 -17.0817 25.2961 1.5728 7.0003 -3.7199 -3.9144 92.9213 -2.3845 0.1331 -6.3885 22.3754 -17.8931 3.5668 4.7612 10.8771 -0.4536 13.9969 0.6489 18.6788 -0.0000 0.0000 0.0000 -21.5923 29.7139 5.7917 5.9443 31.4602 -1.6756 -15.8911 -28.9529 -18.7819 -0.0000 0.0000 0.0000
-0.0818 0.6659 0.2291 12.5432 1.6266 50.2494 -3.6317 -0.5586 2.8378 -3.6317 -0.5586 2.8378 -3.9730 10.3946 16.4275 -3.9730 10.3946 16.4275 -28.4399 13.7531 -50.8998 33.7621 4.5670 14.9717 5.1048 -0.7639 -17.0104 28.4777 0.6648 2.6194 1.6837 1.7915 93.5534 -4.4654 0.2324 -5.9564 21.8916 -15.7996 3.0744 6.8115 9.0327 -0.5387 14.7128 -0.5732 19.5061 -0.0000 0.0000 0.0000 -22.3167 30.0903 6.0699 6.6662 31.2912 -1.8689 -15.1669 -28.1192 -17.9804 -0.0000 0.0000 0.0000
-0.0822 0.6682 0.2233 12.8785 1.5378 51.2021 -3.4640 -0.5763 3.0784 -3.4640 -0.5763 3.0784 -3.7553 10.3791 16.1032 -3.7553 10.3791 16.1032 -29.2787 14.5626 -52.1305 33.2106 4.5481 15.1699 4.8753 -0.7241 -16.8857 31.1911 -0.2225 -0.7970 7.2089 7.5997 93.0318 -6.4231 0.3204 -5.7062 21.5515 -14.1960 2.7152 8.4777 7.3342 -0.5443 15.3647 -1.3802 20.2820 -0.0000 0.0000 0.0000 -22.5475 30.7166 6.2679 7.0619 30.7131 -1.9417 -14.8885 -27.3038 -17.7006 -0.0000 0.0000 0.0000
-0.0824 0.6697 0.2198 13.0207 1.4714 52.1097 -3.2949 -0.5611 3.1217 -3.2949 -0.5611 3.1217 -3.6348 10.2873 15.7813 -3.6348 10.2873 15.7813 -29.9214 15.1871 -53.0295 32.6495 4.5477 15.4410 4.7434 -0.6977 -16.7248 33.8822 -1.1199 -3.6754 13.9845 14.4448 91.8746 -9.6812 0.4307 -5.0831 21.4859 -13.0994 2.4958 9.5269 5.8908 -0.4913 15.9399 -1.9839 20.9726 -0.0000 0.0000 0.0000 -22.2719 31.4783 6.3505 7.2575 29.9195 -1.9416 -15.0691 -26.5227 -17.9623 -0.0000 0.0000 0.0000
-0.0828 0.6705 0.2184 13.0512 1.3485 52.9395 -3.0986 -0.5457 3.1478 -3.0986 -0.5457 3.1478 -3.5588 10.2207 15.3848 -3.5588 10.2207 15.3848 -30.5204 15.7856 -53.8743 32.1371 4.5646 15.7553 4.6318 -0.6741 -16.5525 36.9688 -2.2447 -6.7079 23.1003 22.6236 88.7729 -14.3337 0.3798 -3.0196 21.4214 -12.5217 2.3776 10.1238 4.6267 -0.4100 16.3503 -2.4574 21.4584 -0.0000 0.0000 0.0000 -21.5591 32.3571 6.3232 7.4056 29.0700 -1.9225 -15.5280 -25.7817 -18.5539 -0.0000 0.0000 0.0000
-0.0832 0.6706 0.2179 12.9938 1.1733 53.6060 -2.8529 -0.5294 3.1751 -2.8529 -0.5294 3.1751 -3.5582 10.1732 15.0139 -3.5582 10.1732 15.0139 -31.1036 16.3684 -54.6586 31.6546 4.6105 16.1642 4.5522 -0.6549 -16.3658 40.5944 -3.6652 -9.8886 35.1634 30.3593 81.1427 -19.2343 -0.2888 1.7041 21.4872 -12.3959 2.3609 10.2732 3.8723 -0.3482 16.7339 -2.8063 21.9203 -0.0000 0.0000 0.0000 -20.7420 33.1412 6.2340 7.5370 28.3008 -1.9028 -16.1131 -25.1133 -19.2938 -0.0000 0.0000 0.0000
-0.0831 0.6701 0.2160 12.8638 1.0162 54.1042 -2.5838 -0.5074 3.1922 -2.5838 -0.5074 3.1922 -3.6380 10.0807 14.7915 -3.6380 10.0807 14.7915 -31.6344 16.9113 -55.3764 31.1721 4.6822 16.6763 4.5213 -0.6422 -16.1604 44.2077 -5.1974 -12.7531 47.3516 34.0960 69.9351 -22.1884 -1.5127 7.7034 21.6900 -12.8429 2.4703 9.9732 3.9905 -0.3483 17.1208 -3.2067 22.3793 -0.0000 0.0000 0.0000 -20.2570 33.5777 6.1701 7.6417 27.7375 -1.8893 -16.7611 -24.6224 -20.0993 -0.0000 0.0000 0.0000
-0.0819 0.6691 0.2119 12.7067 0.9715 54.4401 -2.3551 -0.4752 3.1776 -2.3551 -0.4752 3.1776 -3.7876 9.9140 14.7857 -3.7876 9.9140 14.7857 -32.0675 17.3792 -56.0098 30.6700 4.7752 17.2909 4.5455 -0.6365 -15.9341 47.3360 -6.4098 -14.5606 52.6330 33.4079 62.4942 -22.8650 -2.5860 12.7372 21.8146 -13.8868 2.6887 9.4275 5.0230 -0.4144 17.5270 -3.9640 22.8235 -0.0000 0.0000 0.0000 -20.5847 33.5002 6.2566 7.9520 27.5206 -1.9503 -17.4699 -24.4663 -20.9551 -0.0000 0.0000 0.0000
-0.0794 0.6675 0.2051 12.5321 1.0915 54.6982 -2.1665 -0.4273 3.1049 -2.1665 -0.4273 3.1049 -4.0167 9.6426 14.9764 -4.0167 9.6426 14.9764 -32.4476 17.7946 -56.5609 30.1633 4.8808 17.9741 4.6296 -0.6380 -15.6848 50.0097 -7.2576 -15.4865 53.8712 31.3879 57.8832 -22.2018 -3.5448 17.9248 21.9079 -15.4993 3.0176 8.7227 6.9023 -0.5271 17.9192 -4.8797 23.2303 -0.0000 0.0000 0.0000 -21.5725 33.1308 6.4868 8.5547 27.4927 -2.0964 -18.2229 -24.5774 -21.8432 -0.0000 0.0000 0.0000
-0.0756 0.6654 0.1963 12.2785 1.4213 54.9770 -1.9983 -0.3729 2.9973 -1.9983 -0.3729 2.9973 -4.2937 9.2706 15.2033 -4.2937 9.2706 15.2033 -32.7421 18.1466 -57.0583 29.5924 4.9527 18.5969 4.7772 -0.6467 -15.4096 52.2636 -7.6887 -15.5991 53.0257 29.2078 55.1556 -21.1781 -4.2489 22.4467 22.0345 -17.5837 3.4495 7.9299 9.3857 -0.6520 18.1066 -5.8328 23.3692 -0.0000 0.0000 0.0000 -22.8557 32.6725 6.7815 9.4508 27.4833 -2.3161 -18.9557 -24.8439 -22.6937 -0.0000 0.0000 0.0000
-0.0708 0.6627 0.1870 11.9682 1.8777 55.3700 -1.8056 -0.3217 2.9258 -1.8056 -0.3217 2.9258 -4.5558 8.8790 15.2653 -4.5558 8.8790 15.2653 -33.0045 18.5286 -57.6738 28.9507 4.9811 19.1271 4.9474 -0.6570 -15.1195 54.1797 -7.9545 -15.4813 52.1950 27.4791 53.0524 -20.1862 -4.8060 26.5312 22.0335 -19.9805 3.9282 7.2692 12.1094 -0.7721 17.8699 -6.5705 22.9910 -0.0000 0.0000 0.0000 -24.2451 32.2507 7.1070 10.4457 27.4201 -2.5550 -19.3323 -25.0426 -23.1249 -0.0000 0.0000 0.0000
-0.0653 0.6594 0.1782 11.5587 2.4363 55.8025 -1.5914 -0.2721 2.8704 -1.5914 -0.2721 2.8704 -4.8105 8.4670 15.1514 -4.8105 8.4670 15.1514 -33.1478 18.8771 -58.3728 28.2090 4.9744 19.6158 5.1525 -0.6700 -14.8089 56.0316 -8.1242 -15.2050 51.7446 26.0109 50.9318 -18.9816 -5.3206 31.0647 22.0705 -22.5966 4.4625 6.6464 15.0083 -0.8765 17.3230 -6.9879 22.2532 -0.0000 0.0000 0.0000 -25.5368 31.7186 7.3671 11.3037 27.4575 -2.7700 -19.4990 -25.1500 -23.3141 -0.0000 0.0000 0.0000
-0.0592 0.6556 0.1707 11.0474 3.0425 56.2288 -1.3278 -0.2278 2.8846 -1.3278 -0.2278 2.8846 -5.0403 8.0313 14.8545 -5.0403 8.0313 14.8545 -33.1700 19.2185 -59.2329 27.3543 4.9360 20.0876 5.3806 -0.6840 -14.4800 58.0776 -8.0721 -14.4857 50.7979 24.6404 49.4031 -18.2820 -5.7912 34.9008 22.3326 -25.2797 5.0693 5.9062 18.2003 -0.9469 16.5674 -7.1091 21.2801 -0.0000 0.0000 0.0000 -26.6927 31.1566 7.5684 12.0752 27.6088 -2.9773 -19.3749 -25.3256 -23.1529 -0.0000 0.0000 0.0000
-0.0525 0.6512 0.1649 10.4532 3.6379 56.5458 -1.0093 -0.1890 2.9915 -1.0093 -0.1890 2.9915 -5.2695 7.5653 14.4751 -5.2695 7.5653 14.4751 -33.0644 19.5363 -60.2271 26.3804 4.8721 20.5770 5.6243 -0.6978 -14.1337 60.3346 -7.6535 -13.1292 48.7974 23.3381 48.9608 -18.4631 -6.4161 38.0541 22.9731 -27.7449 5.7460 5.0017 21.5939 -0.9544 15.7449 -6.8884 20.2524 -0.0000 0.0000 0.0000 -27.7121 30.5792 7.7153 12.7460 27.8893 -3.1772 -19.0389 -25.6647 -22.7280 -0.0000 0.0000 0.0000
-0.0451 0.6462 0.1612 9.8903 4.2540 56.7411 -0.6910 -0.1484 3.1654 -0.6910 -0.1484 3.1654 -5.5263 7.1046 14.0687 -5.5263 7.1046 14.0687 -32.9585 19.8735 -61.2695 25.3994 4.8019 21.0796 5.8610 -0.7087 -13.7784 62.5288 -6.8522 -11.2628 46.1940 22.2242 49.4566 -19.3130 -7.1845 40.5038 23.9135 -29.9727 6.4891 3.9150 25.1783 -0.8746 14.9118 -6.4055 19.2306 -0.0000 0.0000 0.0000 -28.7986 30.1757 7.9190 13.3967 28.0675 -3.3629 -18.6326 -26.0770 -22.2153 -0.0000 0.0000 0.0000
-0.0369 0.6407 0.1591 9.3839 4.9492 56.8937 -0.4336 -0.1050 3.3728 -0.4336 -0.1050 3.3728 -5.8090 6.6180 13.7122 -5.8090 6.6180 13.7122 -32.8169 20.1912 -62.3164 24.4106 4.7091 21.5262 6.0826 -0.7162 -13.4179 64.7063 -5.6920 -8.9744 43.6925 21.4136 50.4986 -21.0000 -8.1411 42.0102 25.2039 -31.8413 7.2977 2.4461 28.5904 -0.6234 14.0332 -5.6775 18.1651 -0.0000 0.0000 0.0000 -29.7961 30.1006 8.1836 14.0521 27.9478 -3.5133 -18.3324 -26.3243 -21.8415 -0.0000 0.0000 0.0000
-0.0276 0.6347 0.1577 8.8610 5.5850 57.0162 -0.2293 -0.0638 3.6680 -0.2293 -0.0638 3.6680 -6.0136 6.0809 13.3597 -6.0136 6.0809 13.3597 -32.6459 20.5341 -63.4753 23.5328 4.6182 21.9121 6.2507 -0.7168 -13.0718 66.6567 -4.3813 -6.6585 41.5586 21.0691 52.2176 -23.0068 -9.0356 42.4372 26.6350 -33.7386 8.2113 0.8798 32.0737 -0.2529 13.0920 -4.8100 17.0221 -0.0000 0.0000 0.0000 -30.7967 30.3065 8.5313 14.5986 27.5091 -3.5918 -17.8657 -26.2815 -21.2924 -0.0000 0.0000 0.0000
-0.0172 0.6282 0.1554 8.2711 6.1160 57.1011 -0.1902 -0.0345 4.1097 -0.1902 -0.0345 4.1097 -5.9855 5.5237 12.9299 -5.9855 5.5237 12.9299 -32.2735 20.8514 -64.9083 22.8230 4.5507 22.2727 6.3262 -0.7083 -12.7639 68.6964 -2.9296 -4.2858 39.2534 20.6553 54.1347 -24.7667 -9.6585 42.0936 27.6220 -36.3348 9.2240 0.0022 36.1278 -0.0007 12.3179 -3.7912 16.0979 -0.0000 0.0000 0.0000 -31.6591 30.6329 8.8805 14.7799 26.8685 -3.5490 -17.3687 -26.0078 -20.7235 -0.0000 0.0000 0.0000
-0.0060 0.6211 0.1510 7.6101 6.5256 57.1690 -0.3558 -0.0226 4.6599 -0.3558 -0.0226 4.6599 -5.6441 4.9675 12.3503 -5.6441 4.9675 12.3503 -31.6162 21.0913 -66.6524 22.2584 4.5223 22.6989 6.3098 -0.6916 -12.4982 70.9959 -1.0033 -1.4067 35.9058 19.6268 56.1904 -27.1629 -9.9907 39.7810 27.6657 -40.0128 10.2460 0.6142 41.1998 -0.2309 11.7010 -2.8459 15.3648 -0.0000 0.0000 0.0000 -32.5134 30.8787 9.2088 14.7085 26.2608 -3.4489 -16.6994 -25.8342 -19.9417 -0.0000 0.0000 0.0000
0.0054 0.6134 0.1440 6.8181 6.8275 57.1803 -0.6640 -0.0238 5.1824 -0.6640 -0.0238 5.1824 -5.0961 4.2527 11.8741 -5.0961 4.2527 11.8741 -30.6033 21.1421 -68.5956 21.7159 4.5405 23.3556 6.2673 -0.6728 -12.2433 73.4748 1.9397 2.5986 30.8166 17.4047 58.0937 -30.3382 -10.1270 36.1966 27.2471 -44.2067 11.2429 2.2593 46.6161 -0.9735 11.1903 -2.0897 14.7513 -0.0000 0.0000 0.0000 -33.3056 30.8139 9.4244 14.3808 25.9075 -3.3244 -16.0397 -25.9573 -19.1503 -0.0000 0.0000 0.0000
0.0163 0.6050 0.1357 5.9878 7.1538 57.2157 -1.0741 -0.0189 5.5820 -1.0741 -0.0189 5.5820 -4.4846 3.4085 11.4913 -4.4846 3.4085 11.4913 -29.3737 21.0487 -70.6587 21.1653 4.6025 24.2778 6.2378 -0.6551 -11.9792 75.6501 5.9526 7.6626 24.7744 14.2491 59.2886 -34.2338 -10.1338 32.1231 26.6729 -48.2959 12.1334 4.2472 51.5901 -2.0534 10.7606 -1.4214 14.2340 -0.0000 0.0000 0.0000 -34.1790 30.4436 9.5639 14.0284 25.8452 -3.2341 -15.8074 -26.3919 -18.8462 -0.0000 0.0000 0.0000
0.0264 0.5957 0.1277 5.1671 7.6005 57.3542 -1.4993 0.0104 5.7917 -1.4993 0.0104 5.7917 -3.9625 2.3821 11.2927 -3.9625 2.3821 11.2927 -28.0002 20.8161 -72.7577 20.4742 4.6694 25.4430 6.2669 -0.6417 -11.6810 76.8757 10.7072 13.4678 18.8371 10.8707 59.6776 -38.5290 -10.1318 28.4650 26.9421 -51.3340 13.1334 4.5476 55.1364 -2.3751 10.3218 -0.8042 13.6980 -0.0000 0.0000 0.0000 -34.9892 29.8288 9.5977 13.6688 26.0597 -3.1775 -16.3501 -26.7806 -19.4636 -0.0000 0.0000 0.0000
0.0356 0.5858 0.1217 4.4453 8.1127 57.7999 -1.7861 0.0828 5.9048 -1.7861 0.0828 5.9048 -3.6433 1.3354 11.0778 -3.6433 1.3354 11.0778 -26.7596 20.7260 -75.1060 19.6976 4.7293 26.7596 6.3350 -0.6306 -11.3573 76.5859 15.3607 19.3852 13.2432 7.6294 59.7443 -42.6812 -9.9934 25.2275 28.0803 -53.4163 14.3423 3.2564 57.5761 -1.7897 9.5761 -0.4169 12.7367 -0.0000 0.0000 0.0000 -35.7439 29.4224 9.6783 13.6297 26.3406 -3.2037 -17.5514 -26.7858 -20.8844 -0.0000 0.0000 0.0000
0.0442 0.5755 0.1182 3.7564 8.5778 58.5392 -1.8478 0.1805 5.9969 -1.8478 0.1805 5.9969 -3.5151 0.3464 10.7533 -3.5151 0.3464 10.7533 -25.7209 20.7866 -77.5548 18.8255 4.7292 27.9743 6.4269 -0.6203 -11.0145 74.5994 19.4031 25.2976 8.1393 4.6721 59.6572 -46.7705 -9.6070 21.9942 29.5968 -55.1325 15.7046 2.0418 59.7476 -1.1730 8.5471 -0.4006 11.3731 -0.0000 0.0000 0.0000 -36.2671 29.4688 9.8452 13.6934 26.3856 -3.2245 -19.1088 -26.2405 -22.7659 -0.0000 0.0000 0.0000
0.0525 0.5652 0.1167 3.0164 9.1072 59.4105 -1.7439 0.2756 6.0982 -1.7439 0.2756 6.0982 -3.5825 -0.5254 10.2774 -3.5825 -0.5254 10.2774 -24.8755 20.8873 -79.7723 17.8924 4.6322 28.8181 6.5475 -0.6108 -10.6477 70.9799 22.5404 31.2295 3.3941 1.9283 59.1953 -50.5547 -8.8566 18.6271 30.8664 -57.0866 17.0799 2.5948 62.2338 -1.5665 7.2776 -0.9523 9.6608 -0.0000 0.0000 0.0000 -36.6205 29.7290 10.0389 13.8221 26.2393 -3.2364 -20.7234 -25.2276 -24.7581 -0.0000 0.0000 0.0000
0.0607 0.5552 0.1154 2.1156 9.7065 60.6130 -1.5350 0.3453 6.0205 -1.5350 0.3453 6.0205 -3.8112 -1.3438 9.8221 -3.8112 -1.3438 9.8221 -24.1445 20.9334 -81.6387 16.9615 4.4669 29.3158 6.6918 -0.6013 -10.2569 66.0900 24.8142 37.3690 -0.9071 -0.5060 58.3024 -53.5201 -7.5158 14.8424 31.7742 -59.5997 18.5154 5.2199 64.9329 -3.3225 5.8142 -1.8648 7.6861 -0.0000 0.0000 0.0000 -36.8636 30.0657 10.2292 14.1945 25.9378 -3.2849 -21.8556 -23.6885 -26.2360 -0.0000 0.0000 0.0000
0.0686 0.5459 0.1121 1.0064 10.4039 61.8324 -1.3440 0.3776 5.7966 -1.3440 0.3776 5.7966 -4.1076 -2.1933 9.4799 -4.1076 -2.1933 9.4799 -23.4363 20.7985 -83.0034 16.1121 4.2733 29.5342 6.8486 -0.5906 -9.8467 60.3218 26.2660 43.7513 -4.9663 -2.7149 57.3064 -55.5277 -5.2375 9.9310 32.3585 -62.6419 20.0248 9.6150 67.6244 -6.4480 4.5263 -2.7793 5.9584 -0.0000 0.0000 0.0000 -37.1645 30.0905 10.3273 14.7118 25.6597 -3.3681 -22.6995 -22.0986 -27.3897 -0.0000 0.0000 0.0000
0.0762 0.5372 0.1060 -0.3429 11.2073 62.7108 -1.2564 0.3530 5.4610 -1.2564 0.3530 5.4610 -4.3786 -3.1529 9.4042 -4.3786 -3.1529 9.4042 -22.7053 20.3026 -83.4528 15.3211 4.0356 29.3561 7.0110 -0.5783 -9.4194 54.0202 26.7964 50.0925 -9.4982 -5.0514 55.9320 -55.6178 -1.9904 3.7728 33.5494 -65.8194 22.0773 13.2073 70.1014 -9.2861 3.8204 -3.5777 5.0103 -0.0000 0.0000 0.0000 -37.6297 29.4751 10.2428 15.0946 25.4989 -3.4343 -23.4209 -20.6371 -28.3966 -0.0000 0.0000 0.0000
0.0831 0.5294 0.0972 -1.7789 12.0841 63.2614 -1.2615 0.2893 5.0951 -1.2615 0.2893 5.0951 -4.6386 -4.0495 9.4305 -4.6386 -4.0495 9.4305 -21.9940 19.5292 -83.0559 14.5164 3.7355 28.7229 7.1597 -0.5635 -8.9882 47.5954 26.4252 56.0594 -14.4857 -7.3354 53.5307 -53.4350 1.4362 -2.8531 35.5261 -69.0347 24.8494 14.9231 72.4313 -10.9570 3.6970 -4.1749 4.8347 -0.0000 0.0000 0.0000 -38.2049 28.4394 10.0310 15.2894 25.3513 -3.4583 -24.2230 -19.4449 -29.4821 -0.0000 0.0000 0.0000
0.0897 0.5230 0.0874 -3.2415 12.9076 63.3332 -1.2711 0.2053 4.8648 -1.2711 0.2053 4.8648 -4.8501 -4.8739 9.4601 -4.8501 -4.8739 9.4601 -21.3475 18.5620 -81.8525 13.6578 3.3599 27.5232 7.2858 -0.5460 -8.5608 41.3840 25.2684 61.3745 -19.6607 -9.1994 49.8114 -49.6202 4.2697 -9.2205 39.1865 -71.9448 28.9714 14.8646 74.7841 -11.3881 4.0018 -4.7241 5.2195 -0.0000 0.0000 0.0000 -38.7755 27.1206 9.7032 15.0401 25.1601 -3.3748 -25.0333 -18.6681 -30.5397 -0.0000 0.0000 0.0000
0.0958 0.5181 0.0785 -4.6728 13.7568 63.0017 -1.2568 0.1075 4.7988 -1.2568 0.1075 4.7988 -5.0871 -5.5492 9.3933 -5.0871 -5.5492 9.3933 -20.8362 17.5020 -79.8739 12.7436 2.9128 25.6520 7.3939 -0.5265 -8.1352 35.6736 23.5366 65.8424 -24.2647 -10.1281 44.8044 -45.5977 5.9667 -14.1358 44.7333 -74.3077 34.6366 13.0163 76.9961 -10.3693 4.6190 -5.2789 6.0083 -0.0000 0.0000 0.0000 -39.2209 25.6753 9.2837 14.4765 24.9212 -3.2152 -25.7812 -18.2540 -31.4847 -0.0000 0.0000 0.0000
0.1014 0.5148 0.0721 -5.9798 14.5050 62.8259 -1.1807 0.0136 4.7610 -1.1807 0.0136 4.7610 -5.3538 -6.0373 9.1702 -5.3538 -6.0373 9.1702 -20.4052 16.5435 -77.8614 11.7780 2.4665 23.5784 7.4676 -0.5051 -7.7282 30.7746 21.5072 69.2193 -27.1467 -10.0251 39.9308 -42.4200 6.7325 -17.2371 51.2717 -75.9044 41.0404 9.5415 78.7193 -7.8321 5.3335 -5.6598 6.9246 -0.0000 0.0000 0.0000 -39.4671 24.5091 8.9103 14.0295 24.6051 -3.0742 -26.1586 -17.7922 -31.9920 -0.0000 0.0000 0.0000
0.1066 0.5129 0.0688 -7.1725 15.1670 62.8353 -1.0592 -0.0712 4.7309 -1.0592 -0.0712 4.7309 -5.6457 -6.4425 8.8664 -5.6457 -6.4425 8.8664 -20.0087 15.7046 -76.0364 10.7821 2.0544 21.5157 7.5133 -0.4824 -7.3375 26.4895 19.2875 71.6537 -28.6843 -9.3813 35.5841 -39.9428 7.1291 -19.4539 57.8302 -76.5339 47.0876 4.0884 79.8160 -3.4199 6.0528 -5.9916 7.8454 -0.0000 0.0000 0.0000 -39.6123 23.5453 8.5850 13.7369 24.2839 -2.9690 -26.3183 -17.1138 -32.2647 -0.0000 0.0000 0.0000
0.1112 0.5117 0.0684 -8.2485 15.7583 62.9915 -0.9349 -0.1506 4.7442 -0.9349 -0.1506 4.7442 -5.9400 -6.7942 8.5427 -5.9400 -6.7942 8.5427 -19.6622 15.0178 -74.5161 9.8297 1.6974 19.5489 7.5248 -0.4591 -6.9734 22.6387 16.9296 73.2602 -29.3189 -8.4963 31.7045 -37.6180 7.3755 -21.4307 63.2656 -76.3298 51.6659 -2.4028 80.3156 2.0276 6.6856 -6.3186 8.6513 -0.0000 0.0000 0.0000 -39.7575 22.6946 8.3002 13.6303 24.0212 -2.9130 -26.2668 -16.1203 -32.3224 -0.0000 0.0000 0.0000
0.1156 0.5103 0.0701 -9.1830 16.2681 63.1368 -0.8595 -0.2222 4.8723 -0.8595 -0.2222 4.8723 -6.1872 -7.1254 8.2412 -6.1872 -7.1254 8.2412 -19.3372 14.5098 -73.5356 8.9803 1.4192 17.9262 7.4982 -0.4359 -6.6444 19.2194 14.6588 74.4470 -29.3947 -7.6088 28.4518 -35.4064 7.5524 -23.3653 67.4594 -75.6110 54.7681 -9.7898 80.3444 8.2707 7.2953 -6.6115 9.4264 -0.0000 0.0000 0.0000 -39.9558 21.8325 8.0212 13.5146 23.8837 -2.8710 -26.0883 -15.0510 -32.2372 -0.0000 0.0000 0.0000
0.1198 0.5076 0.0729 -9.9549 16.6119 63.3523 -0.8267 -0.2939 5.1873 -0.8267 -0.2939 5.1873 -6.3287 -7.3858 7.8947 -6.3287 -7.3858 7.8947 -19.0617 14.2622 -73.3833 8.2629 1.2182 16.7456 7.4221 -0.4135 -6.3691 16.3060 12.6159 75.3066 -29.2575 -6.8210 25.7225 -33.4086 7.7316 -25.3796 70.4993 -74.8522 56.8125 -13.9637 80.4798 11.8335 7.4918 -7.1305 9.6571 -0.0000 0.0000 0.0000 -40.1410 21.1868 7.8182 13.4024 23.7732 -2.8334 -25.9738 -14.1351 -32.2115 -0.0000 0.0000 0.0000
0.1241 0.5038 0.0763 -10.5491 16.7137 63.6778 -0.7799 -0.3675 5.5828 -0.7799 -0.3675 5.5828 -6.3784 -7.5070 7.5208 -6.3784 -7.5070 7.5208 -18.9250 14.2651 -73.7976 7.6685 1.0748 15.9340 7.3034 -0.3925 -6.1445 13.9460 10.9007 75.9175 -29.0226 -6.1198 23.3385 -31.5955 7.9026 -27.4391 72.7748 -74.4294 58.4674 -13.9216 81.0985 11.9266 7.2481 -7.9418 9.3096 -0.0000 0.0000 0.0000 -40.2103 20.9380 7.7390 13.3198 23.6089 -2.7958 -26.0329 -13.6345 -32.3461 -0.0000 0.0000 0.0000
0.1284 0.4992 0.0796 -11.0023 16.5571 64.2355 -0.7325 -0.4424 6.0609 -0.7325 -0.4424 6.0609 -6.3155 -7.4653 7.0083 -6.3155 -7.4653 7.0083 -18.8209 14.4831 -74.9532 7.1438 0.9761 15.5418 7.1468 -0.3731 -5.9684 11.9291 9.3521 76.1129 -28.2807 -5.4286 21.3149 -30.1415 8.0736 -29.3721 74.6282 -74.3360 60.0437 -9.3954 82.0714 8.1820 6.5495 -8.9943 8.3746 -0.0000 0.0000 0.0000 -40.0290 21.2060 7.8018 13.4004 23.3234 -2.7779 -26.2929 -13.4327 -32.6887 -0.0000 0.0000 0.0000
0.1326 0.4947 0.0827 -11.4128 16.2490 64.8970 -0.6737 -0.5199 6.4847 -0.6737 -0.5199 6.4847 -6.1808 -7.3222 6.4705 -6.1808 -7.3222 6.4705 -18.7791 14.7724 -76.1880 6.6947 0.8989 15.2776 6.9773 -0.3546 -5.8122 10.0113 7.8369 76.0532 -26.9574 -4.7141 19.4887 -28.9836 8.1852 -30.9474 76.4726 -74.4353 61.7984 -2.9834 83.0139 2.6403 5.8063 -10.0830 7.3903 -0.0000 0.0000 0.0000 -39.6549 21.7106 7.9105 13.5986 22.9686 -2.7753 -26.6505 -13.3730 -33.1322 -0.0000 0.0000 0.0000
0.1366 0.4911 0.0852 -11.8394 15.9418 65.5475 -0.6600 -0.6071 6.9344 -0.6600 -0.6071 6.9344 -5.9841 -7.1043 5.8166 -5.9841 -7.1043 5.8166 -18.7445 15.0832 -77.4676 6.3162 0.8346 15.0402 6.8032 -0.3371 -5.6664 8.1023 6.3102 75.7873 -25.1807 -4.0104 17.8180 -28.0687 8.2454 -32.1707 78.5473 -74.6152 63.8548 3.0325 83.7528 -2.7188 5.2350 -11.0410 6.6365 -0.0000 0.0000 0.0000 -39.1247 22.2186 7.9828 13.8578 22.6252 -2.7853 -26.9875 -13.3796 -33.5418 -0.0000 0.0000 0.0000
0.1403 0.4888 0.0869 -12.3441 15.8054 65.8413 -0.7346 -0.6954 7.4499 -0.7346 -0.6954 7.4499 -5.7567 -7.0074 5.1928 -5.7567 -7.0074 5.1928 -18.6735 15.3325 -78.6139 6.0454 0.7891 14.8607 6.6450 -0.3199 -5.5070 6.1170 4.7447 75.5768 -23.3119 -3.3861 16.3082 -26.5048 8.0535 -33.2834 81.1435 -74.5349 66.1700 1.8646 84.2986 -1.6877 5.2798 -11.7221 6.6739 -0.0000 0.0000 0.0000 -38.6516 22.2970 7.9072 14.0093 22.4116 -2.7888 -27.1209 -13.3690 -33.7057 -0.0000 0.0000 0.0000
0.1438 0.4880 0.0873 -12.8574 15.8104 65.8059 -0.9648 -0.7933 8.0663 -0.9648 -0.7933 8.0663 -5.4300 -7.0520 4.6302 -5.4300 -7.0520 4.6302 -18.4698 15.5044 -79.8776 5.8186 0.7616 14.9007 6.4905 -0.3035 -5.3485 3.9074 3.0152 75.3031 -21.3059 -2.8236 14.9288 -24.0675 7.6308 -34.7439 83.8764 -74.2030 68.3947 -7.1648 84.7304 6.5358 5.8317 -12.1984 7.3561 -0.0000 0.0000 0.0000 -38.2774 22.1036 7.7555 13.9963 22.1926 -2.7582 -27.0429 -13.1146 -33.6441 -0.0000 0.0000 0.0000
0.1471 0.4884 0.0861 -13.2452 15.8738 65.4969 -1.3906 -0.9208 8.8086 -1.3906 -0.9208 8.8086 -4.9433 -7.1319 4.1147 -4.9433 -7.1319 4.1147 -18.1306 15.6294 -81.4030 5.5580 0.7443 15.2424 6.3209 -0.2881 -5.2142 1.6927 1.2932 74.7593 -19.8066 -2.4251 13.8253 -19.8098 6.6886 -37.0059 86.1533 -73.6630 70.0061 -22.5907 84.8581 20.6930 6.7487 -12.5383 8.4993 -0.0000 0.0000 0.0000 -38.1936 21.7839 7.6229 13.9512 21.9504 -2.7185 -26.8297 -12.6369 -33.4468 -0.0000 0.0000 0.0000
0.1503 0.4896 0.0838 -13.5745 15.9631 65.0414 -2.0050 -1.0487 9.3228 -2.0050 -1.0487 9.3228 -4.2769 -7.3810 3.8732 -4.2769 -7.3810 3.8732 -17.6436 15.5333 -82.6191 5.3305 0.7419 15.8369 6.1540 -0.2734 -5.0829 -1.2127 -0.9117 73.8704 -18.4720 -2.0650 12.6492 -13.4126 4.8058 -39.2804 87.8914 -73.1286 71.1215 -36.9369 84.6915 33.8593 7.6832 -12.8297 9.6627 -0.0000 0.0000 0.0000 -38.4068 21.2695 7.4838 13.9668 21.7384 -2.6947 -26.4459 -11.8074 -33.0865 -0.0000 0.0000 0.0000
0.1533 0.4915 0.0808 -13.8759 16.0240 64.3397 -2.6855 -1.1038 9.2249 -2.6855 -1.1038 9.2249 -3.5042 -7.8618 4.2189 -3.5042 -7.8618 4.2189 -17.0245 15.0331 -82.7979 5.1759 0.7606 16.7097 6.0282 -0.2586 -4.9081 -5.1461 -3.8069 72.9683 -16.9541 -1.7008 11.3749 -5.3853 1.9509 -39.8047 88.8337 -72.5184 71.4094 -48.6748 84.1852 44.4480 8.7821 -13.0484 11.0319 -0.0000 0.0000 0.0000 -38.8853 20.3921 7.2655 14.0520 21.6873 -2.7047 -25.7671 -10.6423 -32.4057 -0.0000 0.0000 0.0000
0.1560 0.4939 0.0784 -14.3459 16.1250 63.5930 -3.3587 -1.0881 8.4083 -3.3587 -1.0881 8.4083 -2.6200 -8.5006 4.9996 -2.6200 -8.5006 4.9996 -16.2995 14.0162 -81.2853 5.0565 0.7652 17.1990 5.9531 -0.2433 -4.6759 -9.7829 -7.0703 71.6492 -15.5985 -1.3561 9.8770 2.6632 -0.8957 -37.1720 89.3779 -71.9833 71.3926 -54.6689 83.6710 49.6636 9.8247 -13.2703 12.3267 -0.0000 0.0000 0.0000 -39.2887 19.1539 6.8932 14.0604 21.7185 -2.7104 -25.0369 -9.1855 -31.6945 -0.0000 0.0000 0.0000
0.1582 0.4968 0.0775 -15.0924 16.4425 62.7623 -3.9615 -0.9747 6.8899 -3.9615 -0.9747 6.8899 -1.7448 -9.5138 6.4235 -1.7448 -9.5138 6.4235 -15.4949 12.5154 -77.7368 5.0025 0.7448 16.9269 5.9398 -0.2265 -4.3644 -14.7406 -10.3967 70.2410 -14.6033 -1.0230 7.9716 9.7169 -2.7289 -31.3079 89.7695 -71.1913 70.9732 -57.5088 82.8607 51.6797 10.9657 -13.3511 13.7490 -0.0000 0.0000 0.0000 -39.4865 17.5460 6.3405 13.9038 21.7306 -2.6814 -24.4227 -7.5092 -31.1517 -0.0000 0.0000 0.0000
0.1599 0.5007 0.0792 -15.8818 16.8197 61.6340 -4.5063 -0.7196 4.7379 -4.5063 -0.7196 4.7379 -0.8465 -10.3523 8.1262 -0.8465 -10.3523 8.1262 -14.5672 10.6649 -72.2800 4.9962 0.7094 16.1520 6.0290 -0.2033 -3.8590 -19.4082 -13.3680 68.8453 -14.9260 -0.8472 6.4608 14.9320 -3.1385 -23.6151 89.3271 -69.8139 69.1836 -58.7455 81.4879 51.7351 12.1990 -13.3482 15.2892 -0.0000 0.0000 0.0000 -39.4611 15.7939 5.6960 13.3746 21.5026 -2.5507 -23.8833 -5.7366 -30.7125 -0.0000 0.0000 0.0000
0.1611 0.5058 0.0837 -16.4177 17.1626 60.1418 -5.0235 -0.3766 2.3443 -5.0235 -0.3766 2.3443 -0.0356 -10.3127 9.4607 -0.0356 -10.3127 9.4607 -13.5751 8.7973 -65.7480 4.8898 0.6499 15.1318 6.0436 -0.1882 -3.5634 -22.9219 -15.4957 67.7295 -16.9027 -0.8264 5.5574 18.0426 -2.5671 -16.0655 87.5212 -67.6584 65.3843 -59.3547 79.2834 50.5471 13.5566 -13.1877 16.9931 -0.0000 0.0000 0.0000 -39.3601 14.1763 5.0930 12.8117 21.0933 -2.3949 -23.4305 -3.9292 -30.3865 -0.0000 0.0000 0.0000
0.1614 0.5127 0.0899 -16.5385 17.4063 58.2724 -5.3473 0.0289 -0.1802 -5.3473 0.0289 -0.1802 0.4908 -9.3683 10.1994 0.4908 -9.3683 10.1994 -12.8002 7.2323 -58.7947 4.6413 0.5797 14.2309 5.9146 -0.1845 -3.5698 -25.6483 -17.0042 66.5855 -19.9358 -0.9784 5.5629 19.5931 -1.6418 -9.4875 84.7748 -65.2729 60.6150 -59.5623 76.7503 48.7572 15.0522 -12.8129 18.8850 -0.0000 0.0000 0.0000 -39.3498 12.7820 4.5869 12.5370 20.6539 -2.2933 -22.9572 -2.1142 -30.0356 -0.0000 0.0000 0.0000
0.1607 0.5209 0.0949 -16.1184 17.1446 56.1715 -5.8746 0.4281 -2.6982 -5.8746 0.4281 -2.6982 0.8234 -7.4316 10.7354 0.8234 -7.4316 10.7354 -11.8522 5.8697 -52.5703 4.1504 0.5452 14.9608 5.4807 -0.2129 -4.4466 -25.7293 -17.0083 66.4270 -24.3314 -1.2753 5.9105 20.1407 -0.6800 -3.8278 80.8448 -62.2776 54.4598 -58.6351 73.7516 45.6887 16.3587 -12.4266 20.5443 -0.0000 0.0000 0.0000 -39.2463 11.8844 4.2506 12.4576 20.2049 -2.2281 -22.5962 -0.4871 -29.8030 -0.0000 0.0000 0.0000
0.1590 0.5289 0.0956 -15.4440 16.4283 53.8673 -6.4919 0.7872 -4.9488 -6.4919 0.7872 -4.9488 1.1567 -4.5926 10.5362 1.1567 -4.5926 10.5362 -10.9190 4.7312 -46.7515 3.8579 0.5345 15.7688 4.2430 -0.1993 -5.3769 -24.1638 -15.9238 66.3220 -27.8236 -1.4781 5.9623 18.0932 0.2487 1.5617 77.0051 -60.1849 49.4994 -56.2936 72.1705 42.6034 17.1545 -12.7785 21.5043 -0.0000 0.0000 0.0000 -39.0289 11.2240 3.9889 12.7508 19.6365 -2.2155 -22.3053 1.1386 -29.6631 -0.0000 0.0000 0.0000
0.1564 0.5363 0.0907 -14.8038 15.6287 51.2027 -6.9236 1.0704 -6.7521 -6.9236 1.0704 -6.7521 1.4892 -2.0754 9.9571 1.4892 -2.0754 9.9571 -10.3492 3.9369 -41.5660 4.0111 0.5635 15.9863 2.6024 -0.1309 -5.7569 -23.1909 -14.9045 65.0341 -28.6995 -1.4959 5.8426 14.1000 0.8633 6.9718 73.8289 -60.1856 47.0506 -52.7652 73.3085 40.5193 17.6159 -13.6786 21.9976 -0.0000 0.0000 0.0000 -39.6185 9.7563 3.5217 14.8582 19.8291 -2.6113 -22.1771 2.2061 -29.6551 -0.0000 0.0000 0.0000
0.1526 0.5426 0.0810 -14.2647 14.8860 47.9797 -6.9298 1.2627 -8.3075 -6.9298 1.2627 -8.3075 2.0103 -0.2359 9.1416 2.0103 -0.2359 9.1416 -10.5197 3.4670 -36.3965 4.6305 0.6319 15.5326 0.9677 -0.0464 -5.4950 -24.4018 -14.6583 61.4924 -26.8552 -1.6039 6.7110 8.0432 0.8902 12.6107 71.2236 -62.9337 47.3399 -46.9731 77.9343 38.7296 17.9745 -14.6886 22.3515 -0.0000 0.0000 0.0000 -41.3327 6.9082 2.6085 19.1401 21.4055 -3.6503 -22.0553 2.4391 -29.5306 -0.0000 0.0000 0.0000
0.1470 0.5474 0.0692 -14.0865 14.5892 44.3981 -6.2968 1.3412 -9.7250 -6.2968 1.3412 -9.7250 2.6969 0.7754 8.0509 2.6969 0.7754 8.0509 -11.5127 3.2517 -31.4509 5.5126 0.6846 14.1474 -0.6654 0.0302 -5.1899 -28.5140 -14.9110 54.4978 -23.2207 -2.3494 11.3986 0.1313 0.0184 15.9575 69.9652 -66.4561 49.2531 -38.7477 83.2790 34.7223 18.8375 -15.0817 23.3782 -0.0000 0.0000 0.0000 -43.6643 2.5888 1.0373 24.9424 24.4493 -5.4867 -22.0146 2.2086 -29.4425 -0.0000 0.0000 0.0000
0.1389 0.5506 0.0589 -14.1743 14.9153 40.7013 -5.0122 1.2431 -10.9760 -5.0122 1.2431 -10.9760 3.4709 1.2270 6.4945 3.4709 1.2270 6.4945 -13.1688 3.1552 -26.8399 6.3252 0.6789 12.2410 -2.4099 0.1092 -5.1881 -33.7598 -14.2627 44.8139 -20.8647 -3.4819 18.7480 -7.5547 -1.1160 16.7829 71.0111 -68.8657 52.1268 -32.5244 87.0402 30.9667 20.3428 -14.2428 25.3089 -0.0000 0.0000 0.0000 -46.2874 -2.7564 -1.1784 31.5077 28.5509 -8.2111 -22.0932 1.5640 -29.4491 -0.0000 0.0000 0.0000
0.1275 0.5527 0.0526 -14.3412 15.4684 37.3777 -3.7530 1.1025 -12.1167 -3.7530 1.1025 -12.1167 4.3430 1.7424 4.6594 4.3430 1.7424 4.6594 -13.9788 2.8185 -22.6931 6.5140 0.6291 11.0205 -4.2149 0.2198 -5.9671 -35.9000 -12.3646 36.9772 -21.2415 -4.6163 24.2619 -13.0046 -1.9169 16.7008 73.4025 -68.6370 53.9374 -47.7062 87.8412 46.1292 21.6291 -12.6090 27.0640 -0.0000 0.0000 0.0000 -48.5902 -7.9519 -3.5942 37.8474 32.6208 -11.4575 -22.4585 0.1812 -29.7216 -0.0000 0.0000 0.0000
0.1121 0.5541 0.0514 -14.3859 15.9222 34.5084 -2.6661 0.9228 -12.9976 -2.6661 0.9228 -12.9976 5.2791 2.5572 2.5750 5.2791 2.5572 2.5750 -14.1651 2.3063 -18.4047 6.4579 0.5465 9.6649 -6.3423 0.3852 -6.9434 -35.1693 -10.2435 31.5832 -22.0778 -5.1899 26.1572 -18.5361 -2.8658 17.4298 75.0727 -66.6033 53.5633 -56.3825 86.3927 53.4296 22.3719 -10.6026 28.2093 -0.0000 0.0000 0.0000 -50.3706 -12.3606 -5.8302 43.5621 36.0671 -14.8243 -22.9644 -1.6504 -30.1108 -0.0000 0.0000 0.0000
0.0931 0.5549 0.0537 -14.1902 16.1050 32.0374 -1.7201 0.7606 -13.7045 -1.7201 0.7606 -13.7045 6.2493 3.5331 0.0366 6.2493 3.5331 0.0366 -13.5324 1.6462 -13.8087 5.8918 0.4277 8.2966 -8.1614 0.5654 -7.9122 -33.0982 -8.6017 28.4057 -21.6245 -4.6258 23.8824 -23.6740 -4.0691 19.2404 75.2426 -63.6530 51.1278 -50.2656 84.2291 45.9646 22.0008 -8.9339 27.9424 -0.0000 0.0000 0.0000 -52.0655 -16.3167 -8.0110 49.5151 39.3039 -18.7036 -23.7023 -4.0345 -30.7174 -0.0000 0.0000 0.0000
0.0715 0.5548 0.0578 -13.7204 15.9655 29.8727 -0.9093 0.6390 -14.2353 -0.9093 0.6390 -14.2353 7.3407 4.3572 -2.9089 7.3407 4.3572 -2.9089 -12.2034 0.9534 -8.9011 5.0465 0.3146 7.1308 -9.3273 0.7319 -8.9539 -30.9603 -7.2271 25.6906 -20.4715 -3.7153 20.3653 -28.2467 -5.2468 20.6408 74.5428 -61.4140 48.6439 -38.5875 83.0890 34.4681 20.3738 -8.0069 26.0071 -0.0000 0.0000 0.0000 -53.5955 -19.6514 -9.9987 55.8645 42.1754 -23.1102 -24.5295 -6.4372 -31.4304 -0.0000 0.0000 0.0000
0.0490 0.5547 0.0626 -13.2418 15.8296 28.0317 -0.0428 0.5287 -14.7888 -0.0428 0.5287 -14.7888 8.8316 4.7123 -6.5140 8.8316 4.7123 -6.5140 -10.6008 0.3780 -4.0725 4.4717 0.2425 6.2055 -10.1493 0.9144 -10.2696 -29.4502 -6.2017 23.2942 -19.3017 -3.0404 17.7407 -31.4744 -5.7217 20.1127 73.6377 -59.6153 46.4256 -24.1870 82.1543 21.1577 18.0458 -7.7675 23.0927 -0.0000 0.0000 0.0000 -54.7133 -22.3642 -11.6796 61.8362 44.1902 -27.3309 -25.3851 -8.4906 -32.2202 -0.0000 0.0000 0.0000
0.0268 0.5547 0.0687 -12.8509 15.8651 26.5081 0.8453 0.4297 -15.2507 0.8453 0.4297 -15.2507 10.3697 4.3619 -10.0998 10.3697 4.3619 -10.0998 -8.7192 -0.0317 0.4160 4.0770 0.1982 5.5633 -10.9714 1.1284 -11.7090 -28.3229 -5.4552 21.3845 -18.0016 -2.4402 15.3160 -32.8509 -5.4557 18.3616 72.7012 -57.9792 44.3673 -11.8233 80.7639 10.0659 15.5755 -7.7938 19.9563 -0.0000 0.0000 0.0000 -55.4987 -24.6752 -13.1286 67.0936 45.4795 -31.0617 -26.1542 -10.1938 -32.9428 -0.0000 0.0000 0.0000
0.0060 0.5545 0.0767 -12.5586 16.0377 25.3458 1.7378 0.3709 -15.5392 1.7378 0.3709 -15.5392 11.5429 3.6024 -13.0027 11.5429 3.6024 -13.0027 -6.5813 -0.2407 4.1840 4.2728 0.1978 5.2973 -11.4018 1.2766 -12.7353 -27.7004 -5.0704 20.3616 -16.1059 -1.8343 12.9112 -31.5190 -4.4790 15.7788 71.2120 -56.0998 41.7688 -3.3450 78.6392 2.7400 12.8336 -8.4382 16.4175 -0.0000 0.0000 0.0000 -56.0644 -26.5933 -14.3435 71.7074 46.1755 -34.2432 -26.8786 -11.7532 -33.6239 -0.0000 0.0000 0.0000
-0.0129 0.5547 0.0866 -12.2513 16.1993 24.4257 2.5681 0.3458 -15.6931 2.5681 0.3458 -15.6931 12.2374 2.8194 -14.9782 12.2374 2.8194 -14.9782 -4.1265 -0.2623 7.2721 4.8174 0.2257 5.3611 -11.3178 1.2996 -13.0590 -27.4008 -4.9212 19.9939 -14.3832 -1.3775 10.8843 -28.8608 -3.5161 13.6041 68.7915 -53.6263 38.1729 0.6681 75.6773 -0.5190 10.1282 -8.7459 12.9522 -0.0000 0.0000 0.0000 -56.4188 -28.0711 -15.2750 75.6119 46.6097 -36.9603 -27.5333 -13.2622 -34.2217 -0.0000 0.0000 0.0000
-0.0294 0.5554 0.0968 -11.8832 16.2785 23.6316 3.3206 0.3688 -15.6952 3.3206 0.3688 -15.6952 12.7241 2.0202 -16.4590 12.7241 2.0202 -16.4590 -1.2500 -0.1060 9.6898 4.9275 0.2352 5.4626 -10.6278 1.1694 -12.5234 -27.0752 -4.8416 19.9173 -13.1952 -1.0628 9.1698 -24.9214 -2.4972 11.2659 65.7062 -50.4996 33.8774 2.4694 71.9732 -1.7934 7.1572 -8.9329 9.1529 -0.0000 0.0000 0.0000 -56.5867 -29.2842 -16.0109 78.9117 46.9584 -39.3454 -28.2855 -14.6032 -34.9555 -0.0000 0.0000 0.0000
-0.0429 0.5566 0.1052 -11.3989 16.2716 22.7652 3.9498 0.4029 -15.4777 3.9498 0.4029 -15.4777 13.0439 1.2652 -17.7500 13.0439 1.2652 -17.7500 1.9957 0.1985 11.3611 5.3234 0.2712 5.8278 -9.2213 0.9190 -11.3584 -26.1221 -4.5846 19.5798 -12.0266 -0.8462 8.0199 -21.9638 -1.8039 9.2764 62.7018 -47.6643 30.1240 4.1222 68.4129 -2.8028 3.8500 -9.0196 4.9246 -0.0000 0.0000 0.0000 -56.4296 -30.3253 -16.5452 81.6466 47.5331 -41.6554 -29.0992 -15.5681 -35.8081 -0.0000 0.0000 0.0000
-0.0525 0.5580 0.1098 -10.7582 16.2733 21.8161 4.4606 0.3858 -15.1760 4.4606 0.3858 -15.1760 13.2259 0.5232 -18.9482 13.2259 0.5232 -18.9482 5.4165 0.6001 12.6353 5.9447 0.3272 6.2943 -7.3314 0.6404 -9.9709 -24.2026 -4.2173 19.4885 -11.0264 -0.7220 7.4694 -20.3936 -1.3398 7.4387 60.2889 -46.1948 27.8206 6.8371 66.4085 -4.4778 0.4960 -9.0801 0.6344 -0.0000 0.0000 0.0000 -56.1271 -31.2491 -16.9606 83.7054 48.4340 -43.8880 -29.7369 -16.0492 -36.5092 -0.0000 0.0000 0.0000
-0.0583 0.5590 0.1101 -9.8904 16.3142 20.8352 4.8129 0.2707 -14.8995 4.8129 0.2707 -14.8995 13.2495 -0.3190 -20.2466 13.2495 -0.3190 -20.2466 8.7710 1.0678 13.8565 6.5790 0.3845 6.6822 -5.8067 0.4522 -8.8982 -21.0851 -3.6988 19.6855 -10.3499 -0.6963 7.6763 -20.1482 -1.0531 5.9224 58.6519 -46.7359 27.2866 10.7310 66.6103 -7.0620 -2.4052 -8.7777 -3.0802 -0.0000 0.0000 0.0000 -55.9751 -32.1051 -17.3878 85.1850 49.7919 -46.2109 -30.1140 -15.9293 -36.9777 -0.0000 0.0000 0.0000
-0.0605 0.5594 0.1066 -8.7164 16.2797 19.8915 5.0101 0.0664 -14.7467 5.0101 0.0664 -14.7467 13.1267 -1.2248 -21.6548 13.1267 -1.2248 -21.6548 11.9397 1.5858 15.0780 7.1387 0.4299 6.8829 -3.9438 0.2667 -7.7354 -16.8949 -3.0474 20.3086 -9.9543 -0.7415 8.4992 -20.1204 -0.8767 4.9385 57.3250 -48.3924 27.5999 14.7934 68.0465 -10.0172 -4.5832 -8.4736 -5.8760 -0.0000 0.0000 0.0000 -56.1738 -32.6106 -17.7452 86.1149 51.3375 -48.3663 -30.3080 -15.2309 -37.3071 -0.0000 0.0000 0.0000
-0.0596 0.5587 0.1005 -7.3545 16.1619 19.0165 5.1485 -0.1904 -14.7112 5.1485 -0.1904 -14.7112 12.6831 -2.0557 -22.5697 12.6831 -2.0557 -22.5697 14.6362 2.1093 16.3152 8.4847 0.5254 7.0740 -2.7218 0.1663 -6.9934 -11.7980 -2.2770 21.7750 -9.3358 -0.8189 10.0046 -19.5759 -0.7345 4.2558 56.0972 -50.4046 28.1525 18.5424 70.0257 -13.0476 -5.6524 -8.0096 -7.2604 -0.0000 0.0000 0.0000 -56.6909 -32.6487 -17.9571 86.3390 52.7440 -49.8850 -30.4696 -14.3608 -37.6241 -0.0000 0.0000 0.0000
-0.0552 0.5567 0.0933 -6.0257 16.0078 18.2213 5.3310 -0.5026 -14.6933 5.3310 -0.5026 -14.6933 12.0773 -2.7568 -23.1926 12.0773 -2.7568 -23.1926 16.3686 2.4464 16.8894 11.0612 0.7359 7.5894 -2.9615 0.1732 -6.6910 -6.6182 -1.3825 23.5733 -7.5346 -0.7861 11.8961 -20.3203 -0.8072 4.5017 55.0667 -51.7724 28.3934 20.2894 71.8061 -14.7620 -5.5958 -7.7201 -7.1970 -0.0000 0.0000 0.0000 -57.3558 -32.4792 -18.1049 86.0380 53.9219 -50.7833 -30.6948 -13.8144 -37.9736 -0.0000 0.0000 0.0000
-0.0462 0.5557 0.0871 -4.9982 15.9523 17.5249 5.7715 -0.8766 -14.5841 5.7715 -0.8766 -14.5841 11.3827 -3.5118 -23.8116 11.3827 -3.5118 -23.8116 17.3540 2.5018 16.2856 15.9454 1.2260 8.7372 -3.6827 0.2115 -6.5717 -0.6171 -0.1415 25.8308 -4.2591 -0.5054 13.5292 -22.1427 -1.2351 6.3057 54.1405 -53.0074 28.5952 21.3185 73.4376 -15.9828 -4.8520 -7.2099 -6.2555 -0.0000 0.0000 0.0000 -57.9735 -32.4353 -18.3078 84.8650 55.1386 -51.0294 -30.5744 -13.8271 -37.8267 -0.0000 0.0000 0.0000
-0.0300 0.5566 0.0822 -4.3425 16.0632 17.0106 6.4960 -1.2848 -14.3678 6.4960 -1.2848 -14.3678 10.6083 -4.1921 -24.2031 10.6083 -4.1921 -24.2031 18.3083 2.2814 14.0878 23.2420 2.1549 10.4503 -4.7419 0.2641 -6.3727 6.1158 1.5323 28.1075 -0.9255 -0.1154 14.2137 -22.4385 -1.8063 9.0880 53.1727 -55.0191 29.2162 26.0327 75.9319 -20.4510 -3.8908 -6.7444 -5.0276 -0.0000 0.0000 0.0000 -58.6297 -32.5328 -18.6094 82.4600 56.5962 -50.5190 -29.6111 -14.0677 -36.6302 -0.0000 0.0000 0.0000
-0.0056 0.5589 0.0792 -3.8492 16.3697 16.6105 7.3422 -1.7425 -14.2212 7.3422 -1.7425 -14.2212 9.7709 -4.9291 -24.6280 9.7709 -4.9291 -24.6280 19.6786 1.8761 10.7862 32.6030 3.5266 12.0183 -6.9628 0.3795 -6.2323 12.7803 3.4248 29.8926 1.3939 0.1732 14.1662 -21.2389 -2.0920 11.1239 51.9564 -57.5289 29.9499 34.8365 79.0266 -29.0134 -2.6192 -6.4433 -3.3896 -0.0000 0.0000 0.0000 -58.6027 -31.2347 -17.8312 75.1876 57.0377 -45.4056 -27.8090 -14.2798 -34.4216 -0.0000 0.0000 0.0000
0.0270 0.5608 0.0780 -3.3424 16.8173 16.2726 8.0771 -2.2068 -14.1847 8.0771 -2.2068 -14.1847 8.9648 -5.6145 -25.0448 8.9648 -5.6145 -25.0448 21.8675 1.3145 6.7967 43.0656 4.6455 11.7386 -8.9106 0.4034 -5.1737 19.7466 5.5341 31.0393 1.7832 0.2237 14.2988 -18.3161 -1.7869 11.0506 50.0059 -60.1985 30.2552 48.8959 82.3770 -43.3890 -0.6092 -6.7688 -0.7873 -0.0000 0.0000 0.0000 -57.8869 -28.2683 -15.8560 63.7323 55.7726 -36.4166 -25.4678 -13.4462 -31.6802 -0.0000 0.0000 0.0000
0.0642 0.5646 0.0780 -2.6313 17.0573 16.0744 8.6254 -2.8220 -15.0992 8.6254 -2.8220 -15.0992 7.6951 -5.9871 -24.7865 7.6951 -5.9871 -24.7865 24.1682 0.5897 2.7540 54.1666 4.3056 8.4087 -10.4145 0.1839 -2.0173 26.9664 8.0308 32.6369 2.3921 0.3293 15.6758 -16.9907 -1.4137 9.4436 46.3806 -63.5698 29.7340 91.5485 84.6743 -86.2180 2.0115 -8.4440 2.5799 -0.0000 0.0000 0.0000 -56.9421 -24.5898 -13.4811 51.1426 53.1215 -26.9056 -23.3414 -12.3685 -29.2022 -0.0000 0.0000 0.0000
0.1035 0.5740 0.0790 -1.9629 16.2686 15.8353 8.5739 -2.7959 -14.4211 8.5739 -2.7959 -14.4211 7.1190 -5.8531 -25.4036 7.1190 -5.8531 -25.4036 27.8493 -0.6169 -2.4879 61.1945 2.8209 4.7686 -10.0040 0.1384 -1.5816 34.7330 10.0681 31.4612 2.3045 0.3032 14.9869 -16.5570 -1.0285 7.0601 40.9553 -63.4108 25.9807 119.6538 86.1896 -116.2867 5.2833 -9.7169 6.7359 -0.0000 0.0000 0.0000 -55.5976 -19.6799 -10.4497 38.7010 48.2083 -17.8590 -20.3161 -7.9639 -25.9394 -0.0000 0.0000 0.0000
0.1429 0.5905 0.0795 -1.1444 14.6570 15.1365 8.0438 -2.5170 -13.4060 8.0438 -2.5170 -13.4060 6.9254 -5.0084 -25.9576 6.9254 -5.0084 -25.9576 31.6906 -2.1970 -7.7299 67.8875 0.2830 0.4205 -14.8615 0.0744 -0.5705 43.3342 11.9647 29.5531 1.3659 0.1423 11.8911 -16.9654 -0.9281 6.2173 33.1325 -60.7122 19.7657 169.1714 88.9161 -168.9659 9.9477 -9.6039 12.6747 -0.0000 0.0000 0.0000 -53.6385 -15.5961 -7.9211 28.0669 43.2396 -11.3147 -17.8482 -1.8020 -23.4758 -0.0000 0.0000 0.0000
0.1809 0.6100 0.0761 -0.5536 12.8841 13.6840 7.4076 -2.1059 -12.0957 7.4076 -2.1059 -12.0957 6.8615 -2.8596 -24.5426 6.8615 -2.8596 -24.5426 35.3608 -4.2488 -13.2754 73.2998 -3.6856 -4.9522 -22.4157 -0.7111 3.5877 52.2373 13.8021 27.7329 -0.2536 -0.0173 7.7885 -15.7180 -1.0836 7.8380 25.8445 -56.1016 13.9404 -58.2382 86.0508 54.9398 15.1611 -7.1663 19.4833 -0.0000 0.0000 0.0000 -51.2045 -13.4643 -6.4746 19.3924 39.1462 -6.9531 -15.8745 3.6614 -21.4954 -0.0000 0.0000 0.0000
0.2143 0.6298 0.0685 -0.4258 11.4360 11.4691 6.9528 -1.7605 -10.9702 6.9528 -1.7605 -10.9702 6.4428 -0.2929 -21.5786 6.4428 -0.2929 -21.5786 37.6972 -6.5676 -19.0814 76.8764 -8.8712 -11.1642 -28.9634 -2.8694 11.0776 60.6811 15.5795 26.3107 -1.7190 -0.0644 4.2889 -12.6745 -1.3019 11.6822 20.1266 -51.2673 9.7347 -42.8199 81.0709 37.0728 18.5223 -2.9073 24.2235 -0.0000 0.0000 0.0000 -48.1830 -12.9415 -5.8065 12.8900 35.7893 -4.1778 -14.7637 6.3472 -20.3043 -0.0000 0.0000 0.0000
0.2429 0.6461 0.0570 -1.0486 11.1527 9.0421 7.1370 -1.6322 -10.5163 7.1370 -1.6322 -10.5163 6.1379 0.4682 -20.0361 6.1379 0.4682 -20.0361 37.4632 -8.6133 -25.0422 78.2472 -15.3965 -18.8716 -29.8229 -5.9662 22.1450 67.7852 17.3908 25.6508 -1.3017 -0.0334 2.9431 -8.7841 -1.2170 15.7463 15.6835 -49.9567 7.3420 -36.0056 79.0206 30.0039 19.5851 0.8873 26.0710 -0.0000 0.0000 0.0000 -44.9998 -14.9112 -6.2054 8.7452 35.2209 -2.7807 -14.3629 5.4064 -19.6542 -0.0000 0.0000 0.0000
0.2699 0.6552 0.0442 -2.2227 12.3455 7.3738 8.2045 -1.9413 -11.5072 8.2045 -1.9413 -11.5072 5.8016 -0.5021 -20.0770 5.8016 -0.5021 -20.0770 33.3598 -9.1639 -29.9483 75.9480 -23.1466 -29.4013 -19.0044 -5.9803 34.6634 72.6677 19.0689 25.7279 2.5100 0.0998 4.5541 -6.3211 -1.0479 18.8075 11.9362 -54.2735 6.1341 -33.4818 82.5839 29.5964 18.9237 1.8208 25.3230 -0.0000 0.0000 0.0000 -42.4095 -20.0014 -7.8275 6.5147 38.7550 -2.2935 -14.3661 0.9976 -19.2017 -0.0000 0.0000 0.0000
0.2902 0.6552 0.0331 -3.9827 14.2648 6.5157 9.7806 -1.9622 -10.6700 9.7806 -1.9622 -10.6700 5.6520 -1.3845 -20.2014 5.6520 -1.3845 -20.2014 30.1549 -9.6063 -34.6463 75.5088 -27.8361 -35.4893 -8.1796 -2.5818 34.9850 73.9932 20.1737 26.5683 6.8226 0.3694 6.1912 -6.5397 -1.0827 18.7821 10.5110 -58.7700 5.9304 -21.7541 86.0373 20.3306 16.7797 1.0743 22.4028 -0.0000 0.0000 0.0000 -41.0085 -26.3232 -9.9955 6.7214 44.4176 -2.7468 -14.0118 -3.0674 -18.3597 -0.0000 0.0000 0.0000
0.2993 0.6506 0.0258 -5.5544 16.3253 6.1443 11.2548 -2.0319 -10.0922 11.2548 -2.0319 -10.0922 5.7503 -2.2809 -20.5738 5.7503 -2.2809 -20.5738 24.8898 -9.2033 -40.0751 73.5883 -32.6008 -42.7090 3.1808 0.9242 32.3960 74.4493 20.6032 26.9097 10.4572 0.7136 7.7857 -7.1481 -1.2500 19.8136 8.3652 -62.8203 5.1138 21.9676 88.4497 -21.3948 15.5286 -0.2036 20.6158 -0.0000 0.0000 0.0000 -39.7695 -33.0801 -12.2617 8.5240 51.7822 -4.1432 -14.2315 -7.4925 -18.2704 -0.0000 0.0000 0.0000
0.2971 0.6460 0.0237 -6.8171 18.1307 6.0570 12.3653 -2.0448 -9.5433 12.3653 -2.0448 -9.5433 5.8816 -2.6851 -20.4732 5.8816 -2.6851 -20.4732 17.0022 -7.5532 -47.6547 67.1462 -37.2596 -53.8537 14.4484 3.1161 24.2219 74.8509 20.2999 26.3341 13.7655 1.1724 9.6900 -6.7043 -1.2914 21.7822 6.5625 -65.2769 4.2058 79.6587 88.2706 -77.9620 15.8182 -1.3194 20.8813 -0.0000 0.0000 0.0000 -38.7075 -39.0582 -14.2031 13.6871 59.5539 -7.8565 -14.5411 -12.7808 -18.2501 -0.0000 0.0000 0.0000
0.2852 0.6441 0.0248 -7.6020 18.6105 6.1711 12.7935 -2.0713 -9.5416 12.7935 -2.0713 -9.5416 6.0740 -2.6232 -20.5096 6.0740 -2.6232 -20.5096 3.1435 -1.7559 -58.3638 46.6224 -38.0871 -77.3939 22.3806 1.8552 9.3579 76.3529 18.8639 23.8602 17.8429 1.7969 11.4095 -5.5013 -1.1652 23.9011 4.7150 -65.7845 3.0504 95.4646 87.6523 -93.1229 16.2110 -1.9956 21.3246 -0.0000 0.0000 0.0000 -38.0186 -43.9760 -15.8388 26.3947 67.3329 -17.7550 -15.6207 -17.6264 -19.2249 -0.0000 0.0000 0.0000
0.2666 0.6429 0.0245 -8.0079 17.5191 6.3897 12.6053 -2.1554 -10.2820 12.6053 -2.1554 -10.2820 6.3686 -2.3498 -21.1755 6.3686 -2.3498 -21.1755 -16.1790 10.5059 -65.7933 17.5465 -22.0263 -103.1723 19.7518 -1.2630 -7.2454 78.4146 16.3064 19.9213 23.3955 2.5855 12.4404 -3.0841 -0.6863 25.0872 2.8221 -64.5931 1.7840 99.9226 87.1289 -97.0821 16.5526 -2.4117 21.7260 -0.0000 0.0000 0.0000 -37.4209 -46.9554 -16.7372 49.7241 71.6589 -36.9966 -16.8788 -21.2708 -20.4827 -0.0000 0.0000 0.0000
0.2444 0.6422 0.0215 -8.0643 15.0140 6.5054 11.9208 -2.2668 -11.6490 11.9208 -2.2668 -11.6490 6.4428 -1.4863 -21.8192 6.4428 -1.4863 -21.8192 -36.7334 22.5026 -61.8590 -2.8701 3.9624 -108.1765 8.5623 -1.1708 -15.5441 80.2161 13.3529 15.8234 30.3744 3.4035 12.4918 0.7201 0.1549 24.2875 1.0014 -62.0148 0.6019 102.9911 86.6272 -99.6827 16.7647 -2.3817 22.0047 -0.0000 0.0000 0.0000 -36.7386 -47.9563 -16.8027 73.1724 70.4864 -55.3512 -19.4634 -21.4682 -23.5757 -0.0000 0.0000 0.0000
0.2250 0.6403 0.0155 -7.7865 11.4986 6.3506 10.7324 -2.2969 -13.3047 10.7324 -2.2969 -13.3047 6.2961 -0.0575 -22.2105 6.2961 -0.0575 -22.2105 -58.3767 27.6485 -47.5475 -23.5895 26.8823 -97.7106 -0.5403 0.0646 -13.6323 81.4502 10.7262 12.4466 38.4102 4.0918 11.7107 4.7651 0.9011 21.4064 -0.6646 -58.6592 -0.3734 109.4210 86.0965 -105.6973 16.6299 -1.3724 21.9362 -0.0000 0.0000 0.0000 -36.0938 -47.5945 -16.3534 85.2502 67.3135 -62.9997 -22.4249 -19.1793 -27.3486 -0.0000 0.0000 0.0000
0.2154 0.6364 0.0084 -7.4808 7.8571 5.8809 9.2979 -2.1459 -14.6527 9.2979 -2.1459 -14.6527 6.1731 1.4684 -22.4970 6.1731 1.4684 -22.4970 -75.9079 25.0033 -31.7372 -49.3487 38.4148 -74.3483 -4.8870 0.3850 -9.0046 82.1051 8.8976 10.2101 47.5390 5.2544 11.8959 7.8370 1.1301 16.3858 -1.6762 -55.2021 -0.8764 118.5975 85.5839 -114.6468 16.2033 0.5844 21.5878 -0.0000 0.0000 0.0000 -35.3382 -46.5657 -15.6104 88.6928 65.0864 -63.9065 -24.3055 -16.2879 -29.9292 -0.0000 0.0000 0.0000
0.2141 0.6298 0.0027 -7.3570 5.0542 5.2173 8.0096 -1.8553 -15.2977 8.0096 -1.8553 -15.2977 6.2416 2.6479 -22.7418 6.2416 2.6479 -22.7418 -84.8191 19.5358 -21.3466 -71.2126 37.5374 -50.7727 -5.7765 0.2885 -5.7135 82.5867 9.6267 10.9528 55.7536 7.4275 13.9916 9.1185 0.8696 10.8723 -2.1393 -52.8537 -1.0633 134.1455 84.6219 -130.1545 15.7682 2.6426 21.2380 -0.0000 0.0000 0.0000 -35.0151 -45.5303 -15.0813 89.1873 64.8637 -64.1302 -24.2524 -15.0519 -30.0060 -0.0000 0.0000 0.0000
0.2229 0.6210 -0.0004 -7.4740 3.3366 4.5017 7.0059 -1.5176 -15.3367 7.0059 -1.5176 -15.3367 6.5587 3.3459 -22.9861 6.5587 3.3459 -22.9861 -86.9135 15.3695 -16.2096 -79.4240 33.3271 -39.6363 -5.7330 0.1873 -3.7387 82.9774 12.6087 14.2412 60.9828 11.8953 20.0663 9.5797 0.4459 5.3173 -2.2504 -51.9441 -1.0963 148.7682 82.8683 -144.8587 15.3078 4.6207 20.8438 -0.0000 0.0000 0.0000 -35.6361 -44.9268 -15.1397 89.9335 65.8545 -65.7938 -23.9787 -14.6203 -29.7222 -0.0000 0.0000 0.0000
0.2425 0.6105 -0.0014 -7.8395 2.7026 3.7881 6.3385 -1.2093 -15.0158 6.3385 -1.2093 -15.0158 7.0696 3.6343 -23.1838 7.0696 3.6343 -23.1838 -85.4145 12.9324 -14.0009 -81.0260 30.9502 -35.9055 -6.0349 0.1495 -2.8348 82.1614 17.0855 19.5534 61.1563 17.4953 29.1925 10.5152 0.1266 1.3753 -2.0283 -52.2103 -0.9940 158.1922 80.6867 -154.4424 15.1013 6.3611 20.7655 -0.0000 0.0000 0.0000 -37.2252 -44.2123 -15.5789 87.5560 67.9609 -65.7135 -22.2425 -15.5970 -27.4963 -0.0000 0.0000 0.0000
0.2725 0.5986 -0.0010 -8.2858 2.6821 3.0434 5.8834 -0.9491 -14.6122 5.8834 -0.9491 -14.6122 7.5751 3.7352 -23.2514 7.5751 3.7352 -23.2514 -81.5599 11.9033 -13.7829 -77.9474 31.5353 -38.4794 -6.5307 0.1675 -2.9358 79.5691 21.8167 26.0619 56.0156 21.6580 39.5609 12.1916 -0.0161 -0.1504 -1.6572 -53.1279 -0.8286 164.0595 78.3754 -160.5095 15.1331 7.6918 20.9682 -0.0000 0.0000 0.0000 -39.3251 -42.2362 -15.7150 74.4241 69.9337 -55.9423 -19.6421 -15.7991 -24.2986 -0.0000 0.0000 0.0000
0.3093 0.5845 0.0022 -8.7112 2.7810 2.3048 5.5135 -0.7418 -14.2210 5.5135 -0.7418 -14.2210 8.0040 3.8326 -23.2953 8.0040 3.8326 -23.2953 -77.7014 10.8382 -13.4340 -74.9681 32.9011 -42.1165 -6.9582 0.2037 -3.3491 75.4871 25.4937 32.5803 49.0584 23.2073 48.4520 13.0872 -0.0533 -0.4648 -1.2715 -54.3883 -0.6533 167.5680 76.2375 -164.1942 15.3520 9.2456 21.4642 -0.0000 0.0000 0.0000 -41.0336 -38.0561 -14.7077 47.1626 68.2183 -32.9391 -15.7720 -14.5113 -19.6469 -0.0000 0.0000 0.0000
0.3476 0.5674 0.0109 -9.3065 2.9908 1.6820 5.3276 -0.6354 -13.7730 5.3276 -0.6354 -13.7730 8.3691 3.8586 -23.4630 8.3691 3.8586 -23.4630 -74.7735 9.8954 -12.9260 -71.6386 34.4568 -46.5018 -7.7713 0.3032 -4.4612 70.9013 27.0642 37.3531 43.1718 23.4221 55.3033 13.6930 0.0486 0.4045 -0.6431 -55.8450 -0.3408 169.4339 73.6307 -165.9151 14.7346 13.4740 21.1668 -0.0000 0.0000 0.0000 -41.7317 -31.5306 -12.2844 24.5589 58.4892 -13.8965 -12.4779 -11.3205 -15.7688 -0.0000 0.0000 0.0000
0.3815 0.5486 0.0294 -10.1440 3.4784 1.3607 5.3629 -0.6397 -13.3625 5.3629 -0.6397 -13.3625 8.7644 3.7938 -23.6596 8.7644 3.7938 -23.6596 -72.8041 9.2710 -12.5510 -68.3764 35.7928 -50.8505 -8.0861 0.3947 -5.5797 65.8651 27.6313 41.5787 37.8928 22.7983 60.8540 13.7320 0.2888 2.3985 0.5280 -55.6835 0.2789 170.1919 70.8238 -166.2375 12.9796 19.4475 19.4838 -0.0000 0.0000 0.0000 -41.4881 -24.0135 -9.2107 13.4820 45.4736 -5.6714 -11.0003 -8.0133 -14.1086 -0.0000 0.0000 0.0000
0.4067 0.5287 0.0594 -11.2716 4.3204 1.4025 5.6125 -0.7306 -13.0259 5.6125 -0.7306 -13.0259 9.2644 3.5983 -23.8530 9.2644 3.5983 -23.8530 -71.3333 9.1541 -12.7295 -63.2536 36.6129 -56.4907 -8.2546 0.4150 -5.7458 61.4062 27.3554 44.5693 32.9255 21.5388 65.5358 13.5944 0.5486 4.6002 2.5821 -52.4178 1.2712 170.3999 68.8035 -166.0172 10.4919 24.6663 16.4781 -0.0000 0.0000 0.0000 -40.7186 -17.7191 -6.6209 8.2251 35.3157 -2.6223 -11.3331 -5.5708 -14.6945 -0.0000 0.0000 0.0000
0.4225 0.5088 0.0969 -12.5897 5.6126 1.7159 6.0183 -0.8895 -12.7860 6.0183 -0.8895 -12.7860 9.8656 3.1700 -24.0334 9.8656 3.1700 -24.0334 -70.3279 9.3114 -13.1880 -59.0133 36.7302 -60.7929 -8.3344 0.3890 -5.3350 57.6484 26.7181 46.6842 29.0460 20.2332 69.1169 12.8082 0.7154 6.3669 5.6032 -45.3316 2.3415 169.8359 69.5478 -165.4025 8.2121 26.1618 13.0966 -0.0000 0.0000 0.0000 -39.8943 -14.0619 -5.1258 5.1901 29.7518 -1.3795 -12.4886 -3.7998 -16.3190 -0.0000 0.0000 0.0000
0.4294 0.4923 0.1325 -13.7088 7.0676 2.1487 6.3744 -1.0487 -12.7513 6.3744 -1.0487 -12.7513 10.4116 2.5678 -24.1597 10.4116 2.5678 -24.1597 -69.8675 9.5467 -13.6348 -56.5286 36.4860 -63.0229 -8.0115 0.2985 -4.2611 55.0146 26.0864 47.9668 26.4727 19.1217 71.2114 11.7306 0.7779 7.5612 8.4130 -35.2752 2.6792 167.4156 73.9868 -163.3467 6.4826 23.7683 10.1261 -0.0000 0.0000 0.0000 -39.7604 -12.5328 -4.5477 3.7066 27.3945 -0.9037 -13.6558 -1.1413 -18.0643 -0.0000 0.0000 0.0000
0.4296 0.4811 0.1547 -14.3467 8.4802 2.4685 6.5806 -1.1601 -12.8573 6.5806 -1.1601 -12.8573 10.7986 1.8123 -24.2112 10.7986 1.8123 -24.2112 -69.6079 9.9616 -14.2924 -55.1332 36.0297 -63.8414 -7.2310 0.1933 -3.0583 53.2243 25.6172 48.8144 25.1902 18.4402 71.9963 11.1829 0.7707 7.8605 10.0385 -28.0555 2.5141 163.0304 77.5176 -158.9471 5.0180 20.0765 7.6048 -0.0000 0.0000 0.0000 -40.6393 -12.6623 -4.7054 3.4161 26.8400 -0.8153 -14.1842 1.9107 -19.0501 -0.0000 0.0000 0.0000
0.4249 0.4741 0.1565 -14.3765 9.4924 2.4389 6.5756 -1.2383 -13.0937 6.5756 -1.2383 -13.0937 10.9258 1.1080 -24.1601 10.9258 1.1080 -24.1601 -69.7278 10.2905 -14.7291 -55.0866 35.5816 -63.2067 -6.0087 0.1077 -2.0518 52.2142 25.1740 48.9923 25.5648 18.6872 71.9026 10.9982 0.8030 8.3259 10.2855 -28.1906 2.5892 159.9054 76.3270 -154.5902 3.1675 17.4029 4.7050 -0.0000 0.0000 0.0000 -42.3169 -13.4461 -5.2246 3.8236 26.4931 -0.9004 -13.9907 5.0557 -19.1121 -0.0000 0.0000 0.0000
0.4154 0.4696 0.1371 -13.9349 10.3160 2.0778 6.4623 -1.2691 -13.3855 6.4623 -1.2691 -13.3855 10.8241 0.4614 -23.8948 10.8241 0.4614 -23.8948 -70.0341 10.6476 -15.1517 -55.7929 35.0374 -61.6121 -4.6254 0.0753 -1.8634 50.9540 24.7245 49.4032 26.2141 19.0871 71.6638 11.4729 0.9067 9.0077 9.9973 -33.3518 3.0017 158.8468 72.4936 -151.4226 0.9413 16.6335 1.3907 -0.0000 0.0000 0.0000 -44.9033 -15.2944 -6.3513 5.2289 27.2104 -1.2663 -13.6583 7.1036 -18.8789 -0.0000 0.0000 0.0000
0.4006 0.4655 0.1010 -13.2193 11.0787 1.4863 6.3084 -1.2657 -13.6302 6.3084 -1.2657 -13.6302 10.5872 -0.1489 -23.4855 10.5872 -0.1489 -23.4855 -70.4695 11.1801 -15.7784 -56.5285 34.4854 -59.9940 -3.4876 0.0839 -2.7548 48.9753 24.0724 50.1713 26.3949 19.2468 71.7382 12.1414 1.0872 10.1959 10.1937 -41.1637 3.8366 159.2375 67.2417 -149.1927 -1.4861 18.3037 -2.2231 -0.0000 0.0000 0.0000 -48.3899 -17.8534 -8.0739 8.0729 29.0273 -2.0931 -13.5623 7.6735 -18.8095 -0.0000 0.0000 0.0000
0.3809 0.4622 0.0557 -12.4663 11.9299 0.8347 6.1938 -1.2576 -13.7738 6.1938 -1.2576 -13.7738 10.3002 -0.8301 -23.0743 10.3002 -0.8301 -23.0743 -71.1458 11.9909 -16.7076 -56.8214 33.9445 -58.8639 -2.7692 0.1012 -4.1857 46.0980 23.1523 51.4143 25.7414 18.9147 72.1862 12.6954 1.2956 11.6072 12.5201 -49.9117 5.8447 159.9296 62.1580 -147.2761 -2.8198 20.6004 -4.2938 -0.0000 0.0000 0.0000 -52.5951 -21.0477 -10.4905 12.6382 32.8297 -3.7370 -13.9243 6.3396 -19.1594 -0.0000 0.0000 0.0000
0.3580 0.4593 0.0087 -11.7803 12.5973 0.3009 6.1022 -1.2309 -13.9029 6.1022 -1.2309 -13.9029 9.9590 -1.4444 -22.7366 9.9590 -1.4444 -22.7366 -71.9820 13.0482 -17.8964 -55.8474 33.2791 -58.8367 -2.4576 0.1211 -5.6413 42.8858 22.0098 52.6831 24.3877 17.9824 72.4239 12.7045 1.5150 13.5465 17.9633 -57.9015 9.9939 160.1032 58.3089 -145.0910 -2.9521 21.0313 -4.5110 -0.0000 0.0000 0.0000 -57.4414 -24.3368 -13.4771 19.0520 38.3973 -6.6883 -14.6694 3.9966 -19.9151 -0.0000 0.0000 0.0000
0.3346 0.4573 -0.0353 -11.1520 12.9564 -0.0715 5.9393 -1.1223 -14.0057 5.9393 -1.1223 -14.0057 9.6780 -2.0120 -22.5935 9.6780 -2.0120 -22.5935 -72.6221 14.4415 -19.5642 -53.7819 32.4572 -59.7074 -2.8521 0.1775 -7.1209 39.7521 20.7834 53.7935 23.6529 17.4322 72.4202 11.0534 1.5338 15.7523 28.0411 -65.3980 18.2146 160.0733 54.9831 -142.6931 -2.6061 18.0918 -3.8916 -0.0000 0.0000 0.0000 -62.5664 -27.1732 -16.7079 27.0695 44.6645 -11.2946 -15.5591 0.8846 -20.7695 -0.0000 0.0000 0.0000
0.3107 0.4581 -0.0741 -10.5580 12.8571 -0.3826 5.6962 -0.9572 -14.1430 5.6962 -0.9572 -14.1430 9.3980 -2.4494 -22.5890 9.3980 -2.4494 -22.5890 -73.1998 15.7791 -21.1389 -52.0228 31.6950 -60.3749 -3.7504 0.2922 -8.9054 37.2862 19.7437 54.5704 24.3426 17.9539 72.4400 8.0713 1.2386 17.4212 44.8293 -71.0604 32.8236 159.5660 53.5534 -140.6901 -2.4524 12.3274 -3.5164 -0.0000 0.0000 0.0000 -67.1560 -29.2633 -19.6646 35.7675 50.4057 -17.2700 -16.2343 -2.3198 -21.3218 -0.0000 0.0000 0.0000
0.2867 0.4616 -0.1063 -10.0116 12.4959 -0.5939 5.4357 -0.7228 -14.2520 5.4357 -0.7228 -14.2520 9.0973 -2.8799 -22.7311 9.0973 -2.8799 -22.7311 -74.0937 16.8960 -22.2629 -52.5555 31.2543 -59.0644 -5.9287 0.6129 -11.7943 35.5183 18.9929 55.1555 26.1202 19.3513 72.6302 4.4441 0.7637 19.4912 64.5021 -73.1097 50.1437 159.0582 54.6046 -140.6016 -2.8652 4.2945 -3.9137 -0.0000 0.0000 0.0000 -71.2811 -31.2969 -22.7128 45.5309 56.1385 -25.2281 -16.5863 -6.1730 -21.3934 -0.0000 0.0000 0.0000
0.2627 0.4665 -0.1302 -9.3908 12.1670 -0.6833 5.1674 -0.4428 -14.2387 5.1674 -0.4428 -14.2387 8.9175 -3.2366 -22.9053 8.9175 -3.2366 -22.9053 -75.3447 17.7481 -22.8635 -56.1507 31.1884 -55.2409 -10.4969 1.3336 -14.4415 33.7336 18.2194 55.7459 28.3874 21.4010 73.5278 0.3572 0.0687 21.7808 77.4911 -72.2967 60.7576 158.5105 57.2057 -141.6236 -3.7245 1.2804 -5.0048 -0.0000 0.0000 0.0000 -74.9857 -32.8707 -25.5017 56.6753 60.4940 -34.9134 -16.7985 -9.9430 -21.3111 -0.0000 0.0000 0.0000
0.2389 0.4719 -0.1440 -8.7921 12.1725 -0.6544 5.0070 -0.2048 -14.1919 5.0070 -0.2048 -14.1919 8.8529 -3.6047 -23.0302 8.8529 -3.6047 -23.0302 -76.0543 18.3886 -23.3871 -59.4220 31.0871 -51.9711 -15.6652 2.3053 -16.6424 31.4545 17.2424 56.5961 28.7981 22.3150 75.0650 -3.3081 -0.6677 22.8174 84.0006 -70.2222 64.6743 157.8819 60.5572 -142.9831 -4.3245 2.0192 -5.8333 -0.0000 0.0000 0.0000 -78.2674 -34.3258 -28.2117 69.5567 63.3719 -46.4069 -17.2493 -13.3145 -21.5753 -0.0000 0.0000 0.0000
0.2154 0.4762 -0.1487 -8.2873 12.3882 -0.5475 4.9720 -0.0294 -14.2434 4.9720 -0.0294 -14.2434 8.8563 -3.8668 -23.0145 8.8563 -3.8668 -23.0145 -75.7494 18.7786 -24.0052 -60.2047 31.2827 -51.5565 -19.1735 3.2284 -18.9450 28.6083 15.9097 57.4496 26.3942 21.0443 76.7641 -6.2235 -1.2141 22.0575 85.7989 -67.7645 63.9287 157.0148 63.8694 -143.8670 -4.3654 5.6169 -6.0058 -0.0000 0.0000 0.0000 -81.0038 -35.6519 -30.7163 82.5318 64.6227 -58.0566 -17.9913 -15.6443 -22.2885 -0.0000 0.0000 0.0000
0.1938 0.4781 -0.1480 -7.8663 12.6929 -0.3590 4.9903 0.1372 -14.4256 4.9903 0.1372 -14.4256 8.9187 -4.1158 -22.9567 8.9187 -4.1158 -22.9567 -74.3255 19.0897 -25.0142 -57.3560 31.9023 -55.1779 -20.0066 3.9578 -22.1666 25.2711 14.1708 58.0132 21.8314 17.7937 78.1325 -7.0151 -1.2383 19.9970 85.4657 -65.4046 61.3481 155.9169 66.7881 -144.1387 -4.2378 9.5270 -5.9670 -0.0000 0.0000 0.0000 -83.0624 -36.4253 -32.4942 93.4067 64.3470 -67.4581 -18.9867 -16.9192 -23.3948 -0.0000 0.0000 0.0000
0.1743 0.4787 -0.1462 -7.4718 13.3214 -0.3395 5.1518 0.2563 -14.7167 5.1518 0.2563 -14.7167 8.9816 -4.4463 -22.7411 8.9816 -4.4463 -22.7411 -71.2615 19.2906 -26.6787 -48.7728 31.8308 -64.3400 -16.0369 3.9001 -27.1757 21.3002 12.1659 59.0808 14.8482 11.8678 77.1554 -4.9976 -0.7692 17.4885 85.0205 -63.4181 59.0494 154.0531 69.4249 -143.2101 -4.4132 12.5095 -6.3331 -0.0000 0.0000 0.0000 -84.6432 -36.6912 -33.6047 100.8194 62.7987 -72.8610 -20.3444 -17.0230 -25.0401 -0.0000 0.0000 0.0000
0.1552 0.4799 -0.1461 -6.9649 14.3146 -0.6443 5.4447 0.3221 -15.0705 5.4447 0.3221 -15.0705 8.9743 -4.9774 -22.3324 8.9743 -4.9774 -22.3324 -67.3577 19.0459 -28.2599 -37.7480 29.3157 -74.8381 -8.4489 2.3850 -31.4774 16.9589 10.0393 61.0095 7.0061 5.1968 73.1020 -2.0245 -0.2883 16.2069 85.0587 -62.2146 57.9286 150.7727 71.4687 -140.1597 -5.5379 12.8940 -7.9650 -0.0000 0.0000 0.0000 -86.1758 -36.8726 -34.6371 105.4206 60.7785 -75.2001 -21.8363 -16.5116 -26.9064 -0.0000 0.0000 0.0000
0.1329 0.4848 -0.1486 -6.1627 15.7206 -1.3905 5.7755 0.3238 -15.4064 5.7755 0.3238 -15.4064 8.9754 -5.6113 -21.6316 8.9754 -5.6113 -21.6316 -62.8135 18.3164 -29.5822 -26.6717 23.8978 -83.5129 -0.1074 0.0318 -32.9626 12.1944 7.6493 64.0800 -0.2059 -0.1376 67.4989 -0.3339 -0.0433 14.7845 85.6425 -61.4747 57.7141 147.2239 73.3102 -136.8724 -6.5462 13.7419 -9.4657 -0.0000 0.0000 0.0000 -88.0147 -37.0104 -35.8316 107.9128 58.5466 -75.2151 -23.3247 -15.5834 -28.8166 -0.0000 0.0000 0.0000
0.1036 0.4956 -0.1504 -5.1072 17.4212 -2.5545 6.1009 0.2566 -15.6674 6.1009 0.2566 -15.6674 9.0344 -6.2772 -20.7448 9.0344 -6.2772 -20.7448 -59.1425 16.9547 -29.4355 -21.0485 19.9896 -86.9796 5.7516 -1.7128 -33.1432 7.6390 5.0600 66.9967 -6.2164 -3.6598 60.9412 -0.0222 -0.0023 12.0420 84.3771 -58.9972 54.2954 140.8531 78.4510 -132.9274 -8.2450 11.9762 -11.7756 -0.0000 0.0000 0.0000 -90.0728 -37.2212 -37.2653 109.3880 56.1552 -73.9777 -24.9187 -14.6128 -30.8688 -0.0000 0.0000 0.0000
0.0661 0.5125 -0.1453 -3.8946 19.0218 -3.9961 6.3524 0.1799 -15.8572 6.3524 0.1799 -15.8572 9.1056 -6.8119 -19.7601 9.1056 -6.8119 -19.7601 -57.0279 15.3108 -27.7935 -20.4142 19.4105 -87.0538 8.0345 -2.4750 -34.1946 3.9112 2.6790 68.8092 -11.0495 -5.6299 53.8927 -0.2155 -0.0172 9.1292 80.4028 -54.4227 46.9735 101.6538 86.1263 -97.8338 -10.4452 8.3820 -14.5731 -0.0000 0.0000 0.0000 -92.0109 -37.5416 -38.7843 110.3510 54.0257 -72.4715 -26.3243 -13.9350 -32.6632 -0.0000 0.0000 0.0000
0.0235 0.5321 -0.1305 -2.7343 20.2100 -5.4533 6.4942 0.1765 -15.9252 6.4942 0.1765 -15.9252 9.1837 -7.1475 -18.8869 9.1837 -7.1475 -18.8869 -56.4282 13.7409 -25.3150 -23.3207 21.3413 -84.7942 6.9009 -2.2788 -36.5113 1.2296 0.8423 68.8258 -14.6534 -6.4260 47.1716 -0.3271 -0.0277 9.6686 74.1164 -47.3033 36.6009 -5.8028 79.2961 4.8099 -12.7544 3.4845 -17.2870 -0.0000 0.0000 0.0000 -93.5681 -38.0450 -40.2997 111.3955 52.5031 -71.7272 -27.4087 -13.7423 -34.0066 -0.0000 0.0000 0.0000
-0.0195 0.5503 -0.1071 -1.6833 21.0620 -6.8602 6.5484 0.2421 -15.8359 6.5484 0.2421 -15.8359 9.2849 -7.3072 -18.1774 9.2849 -7.3072 -18.1774 -56.5861 12.3582 -22.7443 -27.8241 23.7600 -80.6819 4.1986 -1.4780 -38.7722 -0.7771 -0.5177 67.3424 -17.2240 -6.4103 40.5837 -0.2606 -0.0299 13.0927 67.1691 -37.9063 25.6910 -13.5274 64.7034 8.5927 -14.6614 -1.7966 -19.3220 -0.0000 0.0000 0.0000 -94.7034 -38.5088 -41.5355 112.2538 51.2468 -71.0899 -28.3231 -13.9086 -35.0940 -0.0000 0.0000 0.0000
-0.0571 0.5621 -0.0804 -0.6863 21.7020 -8.1913 6.5426 0.3546 -15.6204 6.5426 0.3546 -15.6204 9.3762 -7.3357 -17.5465 9.3762 -7.3357 -17.5465 -56.8359 11.2242 -20.5855 -32.0386 25.1637 -75.7217 1.9614 -0.7057 -39.5739 -2.6155 -1.6769 65.3254 -19.0372 -6.1529 35.5446 -0.4253 -0.0620 16.5964 61.1765 -28.4662 17.0548 -12.5880 51.4093 6.0782 -16.1991 -6.5783 -20.8605 -0.0000 0.0000 0.0000 -95.3680 -38.5017 -41.9722 112.1563 49.7832 -69.2072 -29.1747 -14.2417 -36.0791 -0.0000 0.0000 0.0000
-0.0865 0.5660 -0.0583 0.3648 22.1575 -9.5004 6.4522 0.4576 -15.3704 6.4522 0.4576 -15.3704 9.3766 -7.2960 -16.9537 9.3766 -7.2960 -16.9537 -56.6594 10.3808 -19.1285 -33.3760 24.5882 -72.0300 1.9464 -0.6815 -38.5914 -4.4702 -2.7831 63.7974 -20.3129 -5.9826 32.5235 -0.7323 -0.1141 17.7162 57.3997 -22.4246 12.3877 -9.8778 43.5746 3.9566 -17.7562 -9.6528 -22.5422 -0.0000 0.0000 0.0000 -95.6968 -37.9645 -41.6139 111.0298 47.9628 -65.8548 -30.0104 -14.5482 -37.0447 -0.0000 0.0000 0.0000
-0.1070 0.5624 -0.0484 1.5498 22.4439 -10.9495 6.2726 0.5243 -15.0473 6.2726 0.5243 -15.0473 9.2975 -7.2480 -16.4598 9.2975 -7.2480 -16.4598 -56.9759 9.6376 -17.6599 -36.2593 24.4824 -67.0593 1.8841 -0.6251 -36.7047 -6.0772 -3.6705 62.2323 -21.2787 -5.9911 31.1320 -0.8835 -0.1328 17.0898 54.5264 -17.8969 9.2781 -6.8988 37.4938 2.3439 -19.0143 -12.2314 -23.8653 -0.0000 0.0000 0.0000 -95.6392 -36.7356 -40.2489 108.9886 45.6892 -61.1225 -30.7027 -14.7162 -37.8539 -0.0000 0.0000 0.0000
-0.1202 0.5543 -0.0535 2.9168 22.5641 -12.6536 6.0587 0.5219 -14.7129 6.0587 0.5219 -14.7129 9.1305 -7.2099 -15.9835 9.1305 -7.2099 -15.9835 -57.7120 8.9703 -16.2037 -39.2440 24.0663 -61.7505 2.7427 -0.8310 -33.7050 -7.5919 -4.5264 61.5605 -22.2906 -6.1053 30.2929 -0.2347 -0.0301 14.6280 52.7000 -15.7269 7.8269 -4.1708 34.3459 1.2894 -20.1570 -13.9263 -25.1119 -0.0000 0.0000 0.0000 -95.1451 -34.6762 -37.7171 106.1988 43.0203 -55.3901 -31.0521 -14.9886 -38.2346 -0.0000 0.0000 0.0000
-0.1290 0.5454 -0.0711 4.4768 22.4453 -14.6988 5.8160 0.4612 -14.3667 5.8160 0.4612 -14.3667 8.9200 -7.1883 -15.5438 8.9200 -7.1883 -15.5438 -59.0011 8.3497 -14.7026 -42.0565 23.3370 -56.4897 4.1492 -1.1315 -30.4963 -8.8676 -5.2473 61.1640 -23.2285 -6.2164 29.5992 0.4218 0.0445 12.0398 51.4641 -15.1070 7.3134 -1.7962 32.8684 0.5299 -20.8860 -14.9643 -25.9034 -0.0000 0.0000 0.0000 -94.4783 -32.1691 -34.6359 103.1324 40.3414 -49.6804 -30.9645 -15.2266 -38.0956 -0.0000 0.0000 0.0000
-0.1350 0.5379 -0.0946 6.0637 22.1418 -16.9281 5.5499 0.3658 -14.0325 5.5499 0.3658 -14.0325 8.7333 -7.2118 -15.1627 8.7333 -7.2118 -15.1627 -60.6615 7.8038 -13.2987 -44.2093 22.3474 -51.8710 5.3572 -1.3506 -28.2810 -9.8917 -5.8007 60.6947 -23.9426 -6.3047 29.1211 0.6077 0.0542 10.1922 50.6156 -15.1046 7.1747 -0.1346 32.3231 0.0390 -20.8050 -15.2394 -25.7765 -0.0000 0.0000 0.0000 -93.8508 -29.7388 -31.7070 100.2792 38.0589 -44.8890 -30.5108 -15.5746 -37.5026 -0.0000 0.0000 0.0000
-0.1379 0.5319 -0.1190 7.5599 21.7955 -19.1641 5.2672 0.2812 -13.7195 5.2672 0.2812 -13.7195 8.6418 -7.2252 -14.7800 8.6418 -7.2252 -14.7800 -62.2860 7.3966 -12.2114 -45.2647 21.1981 -48.3440 6.6242 -1.5404 -26.1546 -10.8176 -6.2741 60.1285 -24.5721 -6.5033 29.2421 0.4844 0.0370 8.7253 49.8412 -15.0983 7.0470 0.7799 32.3199 -0.2260 -20.0495 -14.8276 -24.8910 -0.0000 0.0000 0.0000 -93.2235 -27.3679 -28.8880 97.5695 36.0459 -40.7559 -29.8484 -16.1170 -36.6337 -0.0000 0.0000 0.0000
-0.1386 0.5276 -0.1405 8.8678 21.4489 -21.2243 4.9416 0.2277 -13.4297 4.9416 0.2277 -13.4297 8.6368 -7.2311 -14.4238 8.6368 -7.2311 -14.4238 -63.9166 7.0590 -11.2928 -45.6189 20.0408 -45.5789 7.6620 -1.6174 -23.8069 -11.4339 -6.5033 59.1494 -25.3450 -6.8817 29.9415 0.3043 0.0199 7.4639 49.3052 -15.1567 6.9883 1.1813 32.6244 -0.3457 -19.0548 -13.6304 -23.7811 -0.0000 0.0000 0.0000 -92.8243 -25.6319 -26.8816 95.4674 34.5297 -37.7573 -29.2299 -16.8135 -35.7995 -0.0000 0.0000 0.0000
-0.1378 0.5244 -0.1580 9.9537 21.1605 -23.0912 4.6151 0.1903 -13.1111 4.6151 0.1903 -13.1111 8.6556 -7.2925 -14.1515 8.6556 -7.2925 -14.1515 -65.1021 6.8670 -10.7392 -44.7831 18.9043 -44.0062 8.5861 -1.6555 -21.7882 -11.8742 -6.6826 58.6195 -26.0652 -7.1793 30.3284 0.1011 0.0058 6.5996 48.8994 -15.1164 6.9047 1.3705 32.9753 -0.4056 -18.2685 -12.3152 -22.9308 -0.0000 0.0000 0.0000 -92.6258 -24.8320 -25.9583 94.0313 33.8247 -36.1370 -28.6810 -17.5741 -35.0434 -0.0000 0.0000 0.0000
-0.1361 0.5218 -0.1726 10.7444 20.7984 -24.7741 4.3457 0.1798 -12.8351 4.3457 0.1798 -12.8351 8.6221 -7.3077 -13.8624 8.6221 -7.3077 -13.8624 -65.9563 6.6746 -10.2706 -43.7804 17.7958 -42.5761 9.0805 -1.6369 -20.3974 -12.3618 -7.0722 59.4185 -26.4151 -7.2522 30.2219 0.2025 0.0094 5.3181 48.5649 -14.9255 6.7641 1.5295 33.4239 -0.4592 -17.6326 -11.5498 -22.2098 -0.0000 0.0000 0.0000 -92.4576 -24.9515 -26.0089 93.1015 34.0399 -35.8161 -28.0520 -18.4842 -34.1769 -0.0000 0.0000 0.0000
-0.1338 0.5195 -0.1860 11.3071 20.3052 -26.4056 4.1237 0.2032 -12.5758 4.1237 0.2032 -12.5758 8.5202 -7.3073 -13.5693 8.5202 -7.3073 -13.5693 -66.5747 6.4133 -9.7547 -43.2304 16.7118 -40.6786 8.9036 -1.6083 -20.4396 -12.7525 -7.5278 60.9711 -26.5013 -7.0336 29.2542 0.3175 0.0118 4.2555 48.2737 -14.5907 6.5664 1.7641 33.8201 -0.5363 -17.1608 -11.6589 -21.6110 -0.0000 0.0000 0.0000 -92.1821 -25.5774 -26.5361 92.2880 34.7669 -36.0935 -27.2449 -19.4573 -33.0954 -0.0000 0.0000 0.0000
-0.1314 0.5173 -0.1973 11.7037 19.6963 -27.9732 3.9188 0.2636 -12.3799 3.9188 0.2636 -12.3799 8.3524 -7.2714 -13.2066 8.3524 -7.2714 -13.2066 -67.1037 6.0646 -9.1338 -42.8954 15.4926 -38.1973 8.7527 -1.6323 -21.0886 -12.8854 -7.8870 62.8059 -26.6056 -6.6589 27.6458 0.5187 0.0176 3.8963 47.9868 -14.0943 6.2987 1.9315 34.2085 -0.5944 -16.6709 -12.3741 -20.9377 -0.0000 0.0000 0.0000 -91.8899 -26.6697 -27.5307 91.6201 35.9534 -36.9157 -26.2172 -20.7392 -31.7227 -0.0000 0.0000 0.0000
-0.1291 0.5153 -0.2062 11.9842 19.0183 -29.4363 3.6973 0.3616 -12.2307 3.6973 0.3616 -12.2307 8.1535 -7.1681 -12.7703 8.1535 -7.1681 -12.7703 -67.4521 5.7141 -8.5506 -42.6284 14.0888 -35.1472 9.3460 -1.7593 -21.2766 -12.7850 -8.1009 64.5898 -26.9019 -6.3861 26.2588 1.1591 0.0375 3.7046 47.7083 -13.4750 5.9806 1.9164 34.6424 -0.5977 -16.2731 -13.3388 -20.3619 -0.0000 0.0000 0.0000 -91.5550 -27.7606 -28.4937 90.9636 37.2600 -37.8473 -24.9568 -22.3841 -30.0458 -0.0000 0.0000 0.0000
-0.1271 0.5135 -0.2117 12.2109 18.3448 -30.7947 3.4363 0.4783 -12.0913 3.4363 0.4783 -12.0913 7.9615 -7.0277 -12.3071 7.9615 -7.0277 -12.3071 -67.7420 5.3535 -7.9685 -42.6940 12.6146 -31.5827 10.7374 -1.9343 -20.3679 -12.6077 -8.1916 65.9033 -27.3758 -6.2634 25.3222 2.2745 0.0702 3.5346 47.5213 -12.7449 5.6294 1.5162 35.1306 -0.4800 -15.9619 -14.2336 -19.9037 -0.0000 0.0000 0.0000 -91.2308 -28.5706 -29.1649 90.2809 38.2427 -38.4169 -23.5934 -24.1899 -28.2480 -0.0000 0.0000 0.0000
-0.1257 0.5121 -0.2129 12.4298 17.7511 -32.0518 3.1689 0.5832 -11.9123 3.1689 0.5832 -11.9123 7.7729 -6.9297 -11.8942 7.7729 -6.9297 -11.8942 -67.4016 5.2261 -7.8293 -41.7424 11.1766 -28.7851 12.7368 -2.0819 -18.4934 -12.6779 -8.4467 67.2269 -27.6750 -6.1852 24.7433 3.5109 0.1034 3.3725 47.3420 -11.9084 5.2354 0.8319 35.6278 -0.2673 -15.7054 -14.8161 -19.5408 -0.0000 0.0000 0.0000 -90.9349 -29.1052 -29.5632 89.5600 38.8802 -38.6048 -22.3043 -25.7798 -26.5769 -0.0000 0.0000 0.0000
-0.1251 0.5109 -0.2103 12.6765 17.2283 -33.2763 2.9356 0.6549 -11.7129 2.9356 0.6549 -11.7129 7.5806 -6.8916 -11.5346 7.5806 -6.8916 -11.5346 -66.6018 5.2459 -7.9785 -40.5013 10.0121 -26.7128 14.4896 -2.1344 -16.6731 -12.8670 -8.6727 67.8401 -27.9342 -6.1699 24.4525 4.8351 0.1497 3.5452 47.1325 -10.9525 4.7892 -0.0618 36.0192 0.0201 -15.5839 -15.2929 -19.3542 -0.0000 0.0000 0.0000 -90.6575 -29.3270 -29.6507 88.7070 39.2975 -38.4857 -21.2769 -26.6980 -25.2862 -0.0000 0.0000 0.0000
-0.1249 0.5100 -0.2057 13.0001 16.8243 -34.5324 2.7532 0.6736 -11.4652 2.7532 0.6736 -11.4652 7.4004 -6.9574 -11.2653 7.4004 -6.9574 -11.2653 -65.4472 5.3821 -8.3671 -38.9689 9.2202 -25.6774 14.9508 -2.1357 -16.1701 -13.1645 -8.7898 67.3313 -28.2544 -6.1523 24.1059 6.0909 0.2372 4.4556 46.8812 -9.8601 4.2837 -1.1153 36.1744 0.3643 -15.5964 -15.9417 -19.3204 -0.0000 0.0000 0.0000 -90.3706 -28.9621 -29.1421 87.5681 39.2291 -37.7159 -20.6052 -26.9097 -24.4776 -0.0000 0.0000 0.0000
-0.1251 0.5091 -0.2007 13.3922 16.4987 -35.8310 2.6121 0.6529 -11.2073 2.6121 0.6529 -11.2073 7.2165 -7.1071 -11.0254 7.2165 -7.1071 -11.0254 -64.2662 5.5641 -8.8479 -37.2462 8.6043 -25.1684 14.4413 -2.1427 -16.7927 -13.2494 -8.4528 64.9359 -28.9572 -6.2334 23.8148 7.2332 0.4036 6.3790 46.6158 -8.7494 3.7755 -2.1223 36.0660 0.6910 -15.7507 -16.6412 -19.4573 -0.0000 0.0000 0.0000 -90.2622 -28.4957 -28.6210 86.4824 39.0468 -36.8820 -20.2075 -26.6397 -24.0312 -0.0000 0.0000 0.0000
-0.1252 0.5083 -0.1967 13.7803 16.2180 -37.0722 2.5061 0.6162 -10.9565 2.5061 0.6162 -10.9565 7.0249 -7.2734 -10.7910 7.0249 -7.2734 -10.7910 -63.1448 5.7945 -9.4158 -35.5372 8.0637 -24.8094 13.8017 -2.2093 -18.1048 -13.1741 -7.8668 61.5430 -29.7826 -6.2894 23.3471 7.9967 0.6333 9.0419 46.3703 -7.7432 3.3205 -2.9272 35.7998 0.9456 -16.0235 -17.4285 -19.7323 -0.0000 0.0000 0.0000 -90.4613 -28.5087 -28.7296 85.8443 39.2573 -36.6987 -19.8943 -26.3022 -23.6891 -0.0000 0.0000 0.0000
-0.1254 0.5074 -0.1939 14.1088 15.9781 -38.2619 2.4450 0.5746 -10.7175 2.4450 0.5746 -10.7175 6.8214 -7.4133 -10.5370 6.8214 -7.4133 -10.5370 -62.3794 5.9565 -9.8240 -34.4929 7.6357 -24.2636 13.2631 -2.3309 -19.8508 -13.0811 -7.2613 57.9226 -30.4327 -6.2285 22.6229 8.3377 0.8808 12.0402 46.2327 -6.8466 2.9255 -3.6237 35.5174 1.1609 -16.3764 -18.0723 -20.1144 -0.0000 0.0000 0.0000 -90.8049 -28.7909 -29.1809 85.5003 39.6155 -36.8297 -19.5639 -26.0210 -23.3212 -0.0000 0.0000 0.0000
-0.1255 0.5065 -0.1923 14.3570 15.7595 -39.3430 2.4070 0.5349 -10.4932 2.4070 0.5349 -10.4932 6.6225 -7.5134 -10.2990 6.6225 -7.5134 -10.2990 -61.6570 6.0896 -10.1865 -33.6709 7.2756 -23.7314 12.8088 -2.4311 -21.4093 -13.3903 -7.1015 55.7225 -30.5325 -6.2463 22.6104 8.4055 1.0167 13.7699 46.1647 -6.0181 2.5667 -4.2641 35.3009 1.3574 -16.7495 -18.3973 -20.5442 -0.0000 0.0000 0.0000 -91.1775 -29.1429 -29.7216 85.3085 40.0635 -37.1347 -19.1217 -25.9584 -22.8031 -0.0000 0.0000 0.0000
-0.1255 0.5056 -0.1916 14.5539 15.6334 -40.2945 2.4036 0.4878 -10.2797 2.4036 0.4878 -10.2797 6.4563 -7.5933 -10.1018 6.4563 -7.5933 -10.1018 -60.8899 6.2043 -10.5365 -32.8697 7.0031 -23.4382 12.7688 -2.5432 -22.4413 -14.1461 -7.3983 55.0442 -30.1582 -6.1880 22.6882 8.3720 1.0700 14.5412 46.1935 -5.3654 2.2895 -4.8574 35.2056 1.5419 -17.0990 -18.6336 -20.9511 -0.0000 0.0000 0.0000 -91.4237 -29.3480 -30.0535 85.0431 40.2752 -37.1720 -18.7438 -25.9068 -22.3599 -0.0000 0.0000 0.0000
-0.1253 0.5047 -0.1916 14.6776 15.6124 -41.0883 2.4489 0.4361 -10.0993 2.4489 0.4361 -10.0993 6.3252 -7.6344 -9.9323 6.3252 -7.6344 -9.9323 -60.1064 6.2662 -10.8088 -32.0128 6.8169 -23.4581 12.8123 -2.6300 -23.1098 -15.1202 -7.9457 55.2452 -29.4774 -6.0421 22.6879 8.2206 1.0694 14.7992 46.3300 -4.8618 2.0813 -5.4251 35.1976 1.7220 -17.4093 -18.9711 -21.3014 -0.0000 0.0000 0.0000 -91.5216 -29.4668 -30.2241 84.7404 40.2735 -36.9873 -18.4798 -25.8072 -22.0549 -0.0000 0.0000 0.0000
-0.1251 0.5038 -0.1921 14.7157 15.6736 -41.7414 2.5322 0.3860 -9.9467 2.5322 0.3860 -9.9467 6.2298 -7.6356 -9.7880 6.2298 -7.6356 -9.7880 -59.3962 6.3096 -11.0396 -31.2181 6.6396 -23.4591 12.6965 -2.6596 -23.5714 -15.9859 -8.4593 55.5510 -28.7708 -5.8548 22.5512 8.0004 1.0590 15.0574 46.5804 -4.4813 1.9298 -5.8992 35.2020 1.8729 -17.6136 -19.3799 -21.5167 -0.0000 0.0000 0.0000 -91.5099 -29.6886 -30.4451 84.5220 40.2047 -36.7915 -18.2795 -25.7409 -21.8225 -0.0000 0.0000 0.0000
-0.1248 0.5030 -0.1926 14.6794 15.7674 -42.2986 2.6447 0.3454 -9.8374 2.6447 0.3454 -9.8374 6.1469 -7.5969 -9.6302 6.1469 -7.5969 -9.6302 -58.8098 6.3233 -11.1955 -30.7314 6.5019 -23.3568 12.6166 -2.6766 -23.8657 -16.3523 -8.5430 54.9351 -28.3556 -5.6376 22.0574 7.7101 1.0818 15.9503 46.9326 -4.2296 1.8368 -6.2103 35.1750 1.9703 -17.6100 -19.8652 -21.4737 -0.0000 0.0000 0.0000 -91.4249 -30.1408 -30.8641 84.4075 40.2191 -36.7361 -18.1610 -25.6005 -21.6925 -0.0000 0.0000 0.0000
-0.1245 0.5021 -0.1929 14.6047 15.8150 -42.8222 2.7605 0.3151 -9.7824 2.7605 0.3151 -9.7824 6.0515 -7.5165 -9.4260 6.0515 -7.5165 -9.4260 -58.4037 6.2570 -11.1703 -30.8125 6.4526 -23.1218 12.6042 -2.6998 -24.0898 -16.1811 -8.1387 53.1732 -28.2153 -5.4157 21.3154 7.3367 1.1433 17.6922 47.2887 -3.9580 1.7334 -6.5694 35.1733 2.0843 -17.6152 -20.4312 -21.4353 -0.0000 0.0000 0.0000 -91.2787 -30.4823 -31.1372 84.1862 40.2881 -36.6670 -18.0850 -25.2612 -21.6277 -0.0000 0.0000 0.0000
-0.1241 0.5013 -0.1926 14.5251 15.7815 -43.2930 2.8543 0.2935 -9.7862 2.8543 0.2935 -9.7862 5.9391 -7.4222 -9.1902 5.9391 -7.4222 -9.1902 -58.2321 6.1126 -10.9520 -31.3980 6.4617 -22.7120 12.5661 -2.7238 -24.3695 -15.9370 -7.7037 51.3742 -28.1484 -5.4026 21.3165 6.9755 1.1721 19.0544 47.5197 -3.5980 1.5843 -6.9658 35.1887 2.2114 -17.6434 -21.0461 -21.4213 -0.0000 0.0000 0.0000 -91.0930 -30.5732 -31.1338 83.7577 40.4802 -36.5868 -17.8362 -25.0498 -21.3479 -0.0000 0.0000 0.0000
-0.1238 0.5004 -0.1918 14.4262 15.6935 -43.7108 2.9352 0.2830 -9.8285 2.9352 0.2830 -9.8285 5.8158 -7.3310 -8.9464 5.8158 -7.3310 -8.9464 -58.1951 5.9129 -10.6035 -32.2201 6.5080 -22.2722 12.6777 -2.7642 -24.5070 -15.6694 -7.2547 49.4720 -27.9813 -5.4002 21.4366 6.6455 1.1816 20.1433 47.7092 -3.2281 1.4277 -7.3416 35.2154 2.3328 -17.6750 -21.6313 -21.4138 -0.0000 0.0000 0.0000 -90.8600 -30.4679 -30.9068 83.2073 40.6103 -36.3765 -17.5326 -24.8516 -21.0015 -0.0000 0.0000 0.0000
-0.1234 0.4995 -0.1907 14.2872 15.5481 -44.0323 3.0036 0.2859 -9.9101 3.0036 0.2859 -9.9101 5.6916 -7.2347 -8.7193 5.6916 -7.2347 -8.7193 -58.2219 5.6897 -10.1992 -33.0981 6.5575 -21.8248 12.8432 -2.8194 -24.6671 -15.2735 -6.6812 47.0505 -27.4395 -5.1468 20.8622 6.1906 1.1744 21.4642 47.9072 -2.9114 1.2936 -7.6268 35.2424 2.4257 -17.7630 -22.1710 -21.4779 -0.0000 0.0000 0.0000 -90.6357 -30.2656 -30.5875 82.6844 40.7267 -36.1704 -17.1759 -24.7030 -20.5876 -0.0000 0.0000 0.0000
-0.1229 0.4987 -0.1901 14.0913 15.3972 -44.2185 3.0682 0.3017 -10.0064 3.0682 0.3017 -10.0064 5.5841 -7.1271 -8.5337 5.5841 -7.1271 -8.5337 -58.2576 5.5112 -9.8731 -33.8158 6.5616 -21.3589 13.0223 -2.8619 -24.6908 -14.8974 -6.1623 44.7551 -26.9523 -5.0953 21.0370 5.6752 1.1256 22.4193 48.1405 -2.7004 1.2064 -7.7470 35.2719 2.4662 -17.7897 -22.6456 -21.4735 -0.0000 0.0000 0.0000 -90.4073 -30.1449 -30.3501 82.2827 40.8483 -36.0413 -16.7650 -24.6335 -20.1032 -0.0000 0.0000 0.0000
-0.1224 0.4981 -0.1896 13.8203 15.3005 -44.3406 3.1647 0.3271 -10.1047 3.1647 0.3271 -10.1047 5.4892 -7.0172 -8.3637 5.4892 -7.0172 -8.3637 -58.3270 5.3709 -9.6089 -34.4852 6.5117 -20.7728 13.3317 -2.9134 -24.5513 -14.3209 -5.5527 42.2151 -26.4797 -5.0091 21.0630 5.0852 1.0613 23.5619 48.4932 -2.5858 1.1648 -7.7839 35.3334 2.4826 -17.7817 -22.8967 -21.4447 -0.0000 0.0000 0.0000 -90.0211 -30.0767 -30.0873 81.8426 40.8947 -35.8222 -16.4637 -24.3405 -19.7643 -0.0000 0.0000 0.0000
-0.1220 0.4978 -0.1886 13.5414 15.2668 -44.5188 3.2802 0.3537 -10.1627 3.2802 0.3537 -10.1627 5.4070 -6.9163 -8.1952 5.4070 -6.9163 -8.1952 -58.4384 5.2903 -9.4437 -35.0461 6.3951 -20.0675 13.6760 -3.0079 -24.6991 -13.6429 -4.9552 39.7717 -26.0724 -4.9069 20.9688 4.3759 0.9691 24.9645 48.9002 -2.4655 1.1211 -7.9730 35.4730 2.5538 -17.8672 -23.0764 -21.5333 -0.0000 0.0000 0.0000 -89.5052 -29.9937 -29.7473 81.2347 40.8697 -35.4419 -16.2545 -23.7693 -19.5540 -0.0000 0.0000 0.0000
-0.1215 0.4980 -0.1866 13.3064 15.3305 -44.7834 3.4200 0.3702 -10.1655 3.4200 0.3702 -10.1655 5.3379 -6.8582 -8.0334 5.3379 -6.8582 -8.0334 -58.6321 5.2975 -9.4193 -35.3174 6.2571 -19.4845 13.8184 -3.1288 -25.4021 -13.4827 -4.7986 39.0358 -26.0897 -5.1085 21.7964 4.2080 0.9410 25.1998 49.2365 -2.2215 1.0181 -8.4195 35.6731 2.7135 -17.9333 -23.1634 -21.6057 -0.0000 0.0000 0.0000 -88.9214 -29.9250 -29.3913 80.4646 40.8168 -34.9457 -16.0172 -23.1985 -19.3093 -0.0000 0.0000 0.0000
-0.1210 0.4986 -0.1839 13.1269 15.4604 -45.1195 3.5705 0.3765 -10.1139 3.5705 0.3765 -10.1139 5.2728 -6.8394 -7.8942 5.2728 -6.8394 -7.8942 -58.8111 5.3597 -9.4949 -35.1560 6.1330 -19.1963 13.6821 -3.2064 -26.2644 -13.9068 -5.1063 40.1670 -26.3353 -5.4476 22.9891 4.7297 1.0145 24.1993 49.4761 -1.8396 0.8477 -9.1391 35.9184 2.9679 -17.9401 -23.0804 -21.6201 -0.0000 0.0000 0.0000 -88.3903 -29.8650 -29.0730 79.6767 40.7579 -34.4391 -15.7479 -22.7181 -19.0191 -0.0000 0.0000 0.0000
-0.1205 0.4991 -0.1805 13.0430 15.5628 -45.4479 3.6849 0.3723 -10.0443 3.6849 0.3723 -10.0443 5.2069 -6.8586 -7.7948 5.2069 -6.8586 -7.7948 -58.7899 5.5002 -9.7472 -34.3721 6.1529 -19.7162 13.3372 -3.1571 -26.5259 -14.7507 -5.7677 42.5297 -26.3469 -5.6176 23.6772 5.5939 1.1194 22.6150 49.4743 -1.3538 0.6238 -9.8870 36.0946 3.2287 -17.7834 -22.8489 -21.4503 -0.0000 0.0000 0.0000 -88.1255 -29.9616 -29.0384 79.1793 40.7938 -34.1849 -15.4332 -22.5002 -18.6558 -0.0000 0.0000 0.0000
-0.1198 0.4993 -0.1765 13.1024 15.5858 -45.7413 3.7358 0.3599 -9.9784 3.7358 0.3599 -9.9784 5.1409 -6.9313 -7.7269 5.1409 -6.9313 -7.7269 -58.5752 5.7639 -10.2575 -33.6822 6.5967 -21.5590 13.0679 -2.9552 -25.3841 -15.9923 -6.8045 45.8778 -26.3507 -5.9145 24.8889 6.6407 1.1950 20.3810 49.4046 -1.1134 0.5122 -10.6115 36.3962 3.4974 -17.3732 -22.4386 -20.9898 -0.0000 0.0000 0.0000 -88.1788 -30.0120 -29.1134 78.9150 40.7186 -33.9694 -14.9381 -22.7110 -18.0468 -0.0000 0.0000 0.0000
-0.1189 0.4990 -0.1721 13.3762 15.4394 -46.0110 3.6668 0.3408 -9.9614 3.6668 0.3408 -9.9614 5.0797 -7.0755 -7.6513 5.0797 -7.0755 -7.6513 -59.6491 6.3014 -10.9693 -35.8065 7.6775 -23.4675 13.5627 -2.8229 -23.4126 -17.4275 -8.0877 49.5237 -26.0351 -6.0779 25.8659 7.6089 1.1981 17.8715 49.2092 -1.1722 0.5368 -11.5388 37.0512 3.8782 -17.0246 -21.9973 -20.6042 -0.0000 0.0000 0.0000 -88.6925 -29.8299 -29.1859 78.8609 40.4506 -33.7094 -14.3193 -23.2267 -17.2709 -0.0000 0.0000 0.0000
-0.1179 0.4983 -0.1672 13.8707 15.0493 -46.3301 3.4470 0.3258 -9.9813 3.4470 0.3258 -9.9813 5.0282 -7.2852 -7.5635 5.0282 -7.2852 -7.5635 -63.2592 6.9587 -11.2756 -41.6441 8.9792 -23.3312 14.7558 -2.8484 -21.7378 -18.7871 -9.3053 52.3888 -25.3416 -6.0125 26.2961 8.2260 1.1426 15.7892 48.6020 -1.1865 0.5358 -12.5477 37.7646 4.3069 -16.7252 -22.0361 -20.2414 -0.0000 0.0000 0.0000 -89.6161 -29.3437 -29.1561 78.8186 40.0604 -33.3520 -13.5302 -23.8988 -16.2843 -0.0000 0.0000 0.0000
-0.1166 0.4974 -0.1624 14.5038 14.5353 -46.5707 3.1501 0.3191 -10.1152 3.1501 0.3191 -10.1152 4.9931 -7.5810 -7.4427 4.9931 -7.5810 -7.4427 -69.1113 9.0417 -13.0984 -47.1473 9.8764 -22.4009 16.0148 -2.8658 -20.1654 -20.2322 -10.5493 54.7181 -24.6734 -5.8757 26.4115 9.1031 1.1082 13.8531 47.5547 -1.0301 0.4538 -13.4903 38.3048 4.7044 -16.4422 -22.6182 -19.8596 -0.0000 0.0000 0.0000 -90.9490 -28.7766 -29.2368 79.0251 39.6166 -33.0878 -12.8009 -24.2782 -15.3892 -0.0000 0.0000 0.0000
-0.1153 0.4968 -0.1585 15.0966 14.0234 -46.5323 2.8449 0.3334 -10.4094 2.8449 0.3334 -10.4094 4.9919 -7.9224 -7.3211 4.9919 -7.9224 -7.3211 -75.9195 13.2434 -16.9271 -47.9397 10.3320 -22.9887 15.5602 -2.6732 -19.3820 -21.8051 -11.8067 56.4552 -23.9808 -5.5672 25.7895 10.2065 1.1217 12.5110 46.2893 -0.7504 0.3208 -14.0339 38.5080 4.9236 -16.5073 -23.4279 -19.8802 -0.0000 0.0000 0.0000 -92.5275 -28.3315 -29.5549 79.6423 39.3270 -33.1821 -12.3134 -24.1818 -14.8102 -0.0000 0.0000 0.0000
-0.1143 0.4971 -0.1563 15.5427 13.7402 -46.1219 2.6261 0.3506 -10.8638 2.6261 0.3506 -10.8638 5.0363 -8.2849 -7.2174 5.0363 -8.2849 -7.2174 -79.3637 19.8159 -23.7775 -43.5199 10.7781 -26.5939 15.1386 -2.6575 -19.8028 -23.2442 -12.7536 57.0376 -23.4154 -5.1464 24.4720 11.2825 1.2288 12.3925 45.0201 -0.3925 0.1627 -13.9516 38.2365 4.8573 -16.6969 -23.9878 -20.0674 -0.0000 0.0000 0.0000 -94.0534 -28.2583 -30.2398 80.7689 39.1170 -33.6286 -12.3835 -23.5693 -14.9268 -0.0000 0.0000 0.0000
-0.1138 0.4984 -0.1554 15.9280 14.0265 -45.4800 2.5960 0.3227 -11.4974 2.5960 0.3227 -11.4974 5.1358 -8.7470 -7.0193 5.1358 -8.7470 -7.0193 -75.0794 27.7943 -35.6956 -35.1481 10.9382 -33.6403 18.2786 -3.3290 -20.4777 -24.4500 -13.4041 56.9468 -23.2727 -4.6768 22.4319 11.8454 1.3996 13.4305 44.2423 -0.3943 0.1603 -13.4149 37.5790 4.5826 -16.6649 -24.0253 -20.0265 -0.0000 0.0000 0.0000 -95.1687 -28.3220 -30.8770 81.9527 38.5021 -33.7486 -13.1148 -22.6815 -15.8552 -0.0000 0.0000 0.0000
-0.1142 0.5008 -0.1544 16.4086 15.0307 -44.8768 2.7656 0.1991 -12.2459 2.7656 0.1991 -12.2459 5.2910 -9.3459 -6.6266 5.2910 -9.3459 -6.6266 -62.4881 32.9935 -52.0392 -24.3844 9.4979 -42.0628 24.6362 -3.5309 -16.0687 -25.4087 -13.9438 56.9542 -23.5726 -4.1919 19.8961 11.4230 1.4998 14.9116 44.0201 -0.8401 0.3396 -12.8687 36.6617 4.2796 -16.1556 -23.4863 -19.4552 -0.0000 0.0000 0.0000 -95.7666 -28.4783 -31.3571 82.7860 37.3801 -33.2057 -14.4772 -21.7080 -17.5563 -0.0000 0.0000 0.0000
-0.1155 0.5040 -0.1518 16.9501 16.5397 -44.5330 3.0920 -0.0122 -12.9991 3.0920 -0.0122 -12.9991 5.4453 -9.9835 -6.0320 5.4453 -9.9835 -6.0320 -47.1164 32.4552 -67.4473 -13.3681 6.1634 -49.3481 28.3958 -1.6627 -6.5651 -26.1833 -14.4543 57.2070 -24.1379 -3.8014 17.6446 10.0256 1.4144 16.0204 43.9847 -1.2221 0.4936 -12.2938 35.2859 3.9235 -15.0171 -22.7013 -18.1424 -0.0000 0.0000 0.0000 -95.6572 -28.4677 -31.2885 82.8392 35.8922 -31.8931 -16.0820 -20.8622 -19.5511 -0.0000 0.0000 0.0000
-0.1176 0.5076 -0.1466 17.5185 18.2523 -44.4947 3.5429 -0.2842 -13.7213 3.5429 -0.2842 -13.7213 5.5317 -10.6120 -5.2668 5.5317 -10.6120 -5.2668 -33.2250 27.5205 -78.7588 -2.1417 1.0909 -53.9801 27.1514 0.9609 3.9779 -26.9266 -15.0734 57.8541 -25.0500 -3.5204 15.7519 8.5291 1.2544 16.7040 43.8436 -1.2771 0.5140 -11.6883 33.5225 3.5314 -13.3727 -21.7660 -16.2195 -0.0000 0.0000 0.0000 -94.9413 -28.1299 -30.5528 82.0813 34.3565 -30.1243 -17.5846 -20.0948 -21.4248 -0.0000 0.0000 0.0000
-0.1201 0.5112 -0.1394 17.9757 19.7446 -44.6495 3.9861 -0.5228 -14.4285 3.9861 -0.5228 -14.4285 5.5509 -11.1662 -4.4043 5.5509 -11.1662 -4.4043 -23.0434 21.1940 -85.0915 7.9161 -4.0697 -54.3614 23.1507 2.2507 10.9564 -27.4420 -15.7553 59.0794 -26.0994 -3.1607 13.5761 7.3062 1.1078 17.2210 43.5442 -0.9937 0.3969 -11.1159 31.7862 3.1742 -11.7629 -20.8164 -14.3237 -0.0000 0.0000 0.0000 -93.9099 -27.5425 -29.4074 81.0295 32.8265 -28.2574 -18.8586 -19.2837 -23.0327 -0.0000 0.0000 0.0000
-0.1229 0.5143 -0.1324 18.2329 20.8347 -44.8990 4.3993 -0.6812 -15.1230 4.3993 -0.6812 -15.1230 5.4910 -11.6491 -3.5176 5.4910 -11.6491 -3.5176 -15.0920 14.5567 -87.9081 15.7370 -7.5727 -51.1769 19.8981 2.5384 14.3976 -27.4901 -16.3052 60.7123 -27.3434 -2.6307 10.7849 6.7524 1.0779 18.1194 43.1647 -0.4408 0.1744 -10.5864 30.2919 2.8731 -10.3644 -19.7918 -12.6740 -0.0000 0.0000 0.0000 -92.8005 -26.9022 -28.1978 80.0947 31.3237 -26.5200 -19.9111 -18.3615 -24.3891 -0.0000 0.0000 0.0000
-0.1257 0.5166 -0.1281 18.3529 21.5989 -45.2156 4.8097 -0.7831 -15.8626 4.8097 -0.7831 -15.8626 5.3626 -12.1221 -2.5932 5.3626 -12.1221 -2.5932 -7.9148 7.7605 -88.8684 20.8623 -8.9485 -46.0554 18.7966 2.6305 15.7942 -26.9852 -16.7917 63.1931 -28.9583 -1.8531 7.1674 6.7851 1.1525 19.2585 42.8796 0.1993 -0.0783 -10.0926 29.0089 2.6173 -9.2807 -18.9147 -11.3894 -0.0000 0.0000 0.0000 -92.0063 -26.5739 -27.4858 79.7076 30.0154 -25.2292 -20.7962 -17.4575 -25.5480 -0.0000 0.0000 0.0000
-0.1284 0.5181 -0.1278 18.3501 22.1528 -45.5572 5.2476 -0.8418 -16.6354 5.2476 -0.8418 -16.6354 5.1857 -12.6053 -1.6613 5.1857 -12.6053 -1.6613 -1.0208 0.9885 -88.1584 23.5098 -8.8959 -40.9935 17.8689 2.7730 17.5048 -26.0656 -17.3758 66.8614 -30.7202 -0.7233 2.6328 6.9598 1.2702 20.6615 42.8744 0.6954 -0.2730 -9.5157 27.9619 2.3743 -8.4114 -18.2253 -10.3520 -0.0000 0.0000 0.0000 -91.7028 -26.9312 -27.7129 80.0444 29.2149 -24.6900 -21.4740 -16.7798 -26.4384 -0.0000 0.0000 0.0000
-0.1310 0.5189 -0.1310 18.2037 22.5177 -45.8537 5.7019 -0.8559 -17.3912 5.7019 -0.8559 -17.3912 4.9619 -13.0169 -0.7856 4.9619 -13.0169 -0.7856 5.3314 -4.9596 -85.8559 24.3594 -8.2739 -37.0533 16.6033 2.8505 19.3532 -24.8558 -17.9427 71.2341 -32.5159 0.5736 -1.9667 7.0697 1.3757 21.9961 43.0932 1.0559 -0.4169 -8.7773 27.1336 2.1220 -7.8179 -17.7407 -9.6407 -0.0000 0.0000 0.0000 -91.9007 -27.9322 -28.8359 80.9927 29.1707 -25.0562 -21.8771 -16.4729 -26.9599 -0.0000 0.0000 0.0000
-0.1333 0.5193 -0.1362 18.0006 22.7515 -46.1127 6.1595 -0.8580 -18.0448 6.1595 -0.8580 -18.0448 4.6902 -13.3136 -0.0406 4.6902 -13.3136 -0.0406 10.6705 -9.4037 -82.7414 24.4182 -7.7175 -34.6276 14.1230 2.6757 21.3533 -23.4920 -18.3875 75.7949 -34.2536 1.8640 -6.0440 6.9817 1.4440 23.3442 43.3455 1.3265 -0.5272 -7.9351 26.5078 1.8719 -7.4231 -17.3939 -9.1669 -0.0000 0.0000 0.0000 -92.4298 -29.2299 -30.4388 82.1344 29.8632 -26.1625 -21.9835 -16.5637 -27.0801 -0.0000 0.0000 0.0000
-0.1353 0.5195 -0.1419 17.8671 22.9592 -46.3752 6.5722 -0.8846 -18.5835 6.5722 -0.8846 -18.5835 4.4372 -13.4990 0.5889 4.4372 -13.4990 0.5889 15.1118 -12.6067 -79.5716 24.4122 -7.3336 -33.0043 11.4321 2.3392 23.0569 -21.8084 -18.3580 79.9787 -36.3024 2.9493 -8.9798 6.6501 1.4481 24.5443 43.5597 1.4198 -0.5673 -7.2945 26.2511 1.7031 -7.2239 -17.1510 -8.9297 -0.0000 0.0000 0.0000 -93.2015 -30.6366 -32.3086 83.3862 30.7724 -27.5459 -22.0338 -16.6978 -27.1275 -0.0000 0.0000 0.0000
-0.1369 0.5195 -0.1471 17.8294 23.1847 -46.6807 6.9453 -0.9334 -18.9937 6.9453 -0.9334 -18.9937 4.2257 -13.6538 1.1163 4.2257 -13.6538 1.1163 18.7203 -14.8563 -76.6850 24.6093 -7.0631 -31.5967 9.0880 1.9719 24.4363 -19.9896 -17.9010 83.5741 -38.7045 3.8274 -10.8689 6.5477 1.5051 25.8650 43.7566 1.3641 -0.5478 -6.8808 26.2578 1.6067 -7.1795 -16.8750 -8.8845 -0.0000 0.0000 0.0000 -94.0260 -31.9682 -34.1659 84.5216 31.6654 -28.9005 -22.0651 -16.7945 -27.1555 -0.0000 0.0000 0.0000
-0.1383 0.5193 -0.1513 17.9162 23.4278 -47.0808 7.2735 -1.0110 -19.2852 7.2735 -1.0110 -19.2852 4.0700 -13.8276 1.5635 4.0700 -13.8276 1.5635 21.6421 -16.4600 -74.2296 24.8636 -6.7806 -30.0836 7.6580 1.7302 25.4277 -18.1030 -17.0703 86.5831 -41.5620 4.5214 -11.8780 6.9187 1.6747 27.1840 43.9397 1.2932 -0.5217 -6.7545 26.3503 1.5829 -7.2067 -16.5285 -8.9301 -0.0000 0.0000 0.0000 -94.9140 -33.2112 -36.0041 85.5634 32.4618 -30.1550 -22.1171 -16.8271 -27.2153 -0.0000 0.0000 0.0000
-0.1394 0.5190 -0.1549 18.0672 23.6293 -47.5512 7.5709 -1.0832 -19.5073 7.5709 -1.0832 -19.5073 3.9567 -14.0876 1.9581 3.9567 -14.0876 1.9581 24.2917 -17.7220 -71.8372 25.2694 -6.5527 -28.6514 6.3699 1.4709 25.9808 -16.2673 -16.1072 89.4258 -44.6653 5.1904 -12.5928 7.6335 1.9432 28.5261 44.1218 1.2546 -0.5085 -6.7605 26.4441 1.5901 -7.1437 -16.1807 -8.8643 -0.0000 0.0000 0.0000 -95.8129 -34.3770 -37.8046 86.5249 33.2230 -31.3657 -22.0805 -16.8835 -27.1651 -0.0000 0.0000 0.0000
-0.1406 0.5184 -0.1582 18.2264 23.7471 -48.0490 7.8367 -1.1162 -19.6311 7.8367 -1.1162 -19.6311 3.8666 -14.4321 2.2660 3.8666 -14.4321 2.2660 26.7355 -18.7340 -69.5329 25.4453 -6.2948 -27.3759 5.4878 1.2733 26.1079 -14.5615 -15.1440 92.2719 -47.7298 5.9589 -13.4197 8.6206 2.3016 29.8471 44.2904 1.2846 -0.5228 -6.8252 26.4993 1.6089 -7.0183 -16.1439 -8.7103 -0.0000 0.0000 0.0000 -96.6894 -35.4997 -39.5812 87.4109 34.1054 -32.6801 -21.8568 -17.1317 -26.8681 -0.0000 0.0000 0.0000
-0.1418 0.5177 -0.1609 18.3566 23.8274 -48.5264 8.0872 -1.1170 -19.6367 8.0872 -1.1170 -19.6367 3.7792 -14.7979 2.4676 3.7792 -14.7979 2.4676 28.9261 -19.5489 -67.4778 25.5735 -6.0403 -26.1746 4.6576 1.0714 25.8966 -12.9745 -14.1404 94.9704 -50.7040 6.7728 -14.2373 9.5496 2.6568 31.0314 44.4765 1.3787 -0.5637 -6.9945 26.5423 1.6517 -6.8405 -16.2243 -8.4872 -0.0000 0.0000 0.0000 -97.4683 -36.5060 -41.1989 88.2167 35.0246 -34.0139 -21.4959 -17.5133 -26.3919 -0.0000 0.0000 0.0000
-0.1433 0.5167 -0.1626 18.4374 23.8929 -48.9256 8.3134 -1.0963 -19.5032 8.3134 -1.0963 -19.5032 3.7010 -15.1285 2.5268 3.7010 -15.1285 2.5268 30.8198 -20.2411 -65.8536 25.8592 -5.8002 -24.8879 4.3211 0.9809 25.5684 -11.4592 -13.0032 97.2777 -53.6693 7.5518 -14.8653 10.3278 2.9614 31.9244 44.6843 1.5454 -0.6352 -7.3094 26.5783 1.7286 -6.7542 -16.2208 -8.3803 -0.0000 0.0000 0.0000 -98.2229 -37.4050 -42.7078 89.0641 35.8520 -35.3074 -21.1242 -17.8733 -25.9059 -0.0000 0.0000 0.0000
-0.1450 0.5155 -0.1632 18.4037 23.8840 -49.1321 8.4808 -1.0224 -19.2604 8.4808 -1.0224 -19.2604 3.6415 -15.4188 2.4168 3.6415 -15.4188 2.4168 32.3391 -20.8871 -64.8877 26.3456 -5.5880 -23.5570 4.2397 0.9472 25.1761 -9.9841 -11.7442 99.3177 -56.7190 8.3739 -15.4468 11.3023 3.3301 32.7418 44.9345 1.7589 -0.7274 -7.6628 26.6150 1.8150 -6.8208 -16.1651 -8.4647 -0.0000 0.0000 0.0000 -98.9680 -38.0766 -43.9780 90.0504 36.4638 -36.4937 -20.8104 -18.1909 -25.4950 -0.0000 0.0000 0.0000
-0.1469 0.5141 -0.1627 18.3077 23.8095 -49.1986 8.5835 -0.9235 -18.9626 8.5835 -0.9235 -18.9626 3.6092 -15.6813 2.2014 3.6092 -15.6813 2.2014 33.5598 -21.5168 -64.4329 27.0399 -5.3847 -22.1316 4.1951 0.9200 24.7281 -8.4829 -10.2986 101.0921 -60.0498 9.1147 -15.7055 12.6086 3.7958 33.3925 45.1807 2.0509 -0.8534 -8.1596 26.6740 1.9375 -7.0979 -16.0107 -8.8135 -0.0000 0.0000 0.0000 -99.7137 -38.5941 -45.0932 91.1477 36.9198 -37.6149 -20.6283 -18.4238 -25.2524 -0.0000 0.0000 0.0000
-0.1491 0.5122 -0.1614 18.2000 23.5999 -49.1460 8.6097 -0.8080 -18.6784 8.6097 -0.8080 -18.6784 3.5869 -15.9586 1.9381 3.5869 -15.9586 1.9381 34.6209 -22.1217 -64.1933 27.9564 -5.2075 -20.7063 4.1450 0.8902 24.2314 -6.9197 -8.6722 102.8647 -63.6480 9.7669 -15.6774 14.3203 4.3739 33.8176 45.3490 2.4010 -1.0032 -8.6280 26.7012 2.0513 -7.4877 -15.9129 -9.3005 -0.0000 0.0000 0.0000 -100.5273 -38.9342 -46.0713 92.3411 37.2667 -38.7079 -20.5370 -18.6024 -25.1251 -0.0000 0.0000 0.0000
-0.1514 0.5101 -0.1598 18.0899 23.2484 -48.9593 8.5651 -0.6787 -18.4386 8.5651 -0.6787 -18.4386 3.5564 -16.2278 1.6638 3.5564 -16.2278 1.6638 35.6154 -22.7161 -64.0403 28.8480 -5.0532 -19.4698 4.3512 0.9216 23.9055 -5.3336 -6.9054 104.6626 -67.3716 10.2928 -15.3902 16.3198 5.0096 33.9321 45.4198 2.7356 -1.1451 -8.9482 26.7036 2.1279 -8.0216 -16.0896 -9.9555 -0.0000 0.0000 0.0000 -101.3678 -39.1089 -46.8934 93.5583 37.5451 -39.7687 -20.4896 -18.8039 -25.0490 -0.0000 0.0000 0.0000
-0.1539 0.5078 -0.1579 18.0027 22.8368 -48.6823 8.4909 -0.5614 -18.2506 8.4909 -0.5614 -18.2506 3.5111 -16.4912 1.4095 3.5111 -16.4912 1.4095 36.7137 -23.3300 -63.7786 29.5194 -4.8765 -18.3619 4.6070 0.9707 23.7843 -3.7774 -5.0410 106.3251 -71.0848 10.5650 -14.7485 18.3538 5.6090 33.7378 45.4051 3.0099 -1.2595 -9.2150 26.7518 2.1957 -8.6246 -16.2152 -10.6970 -0.0000 0.0000 0.0000 -102.0984 -39.1201 -47.4537 94.6329 37.7841 -40.7173 -20.4565 -19.0270 -24.9882 -0.0000 0.0000 0.0000
-0.1562 0.5056 -0.1558 17.9163 22.4231 -48.3468 8.4251 -0.4578 -18.1130 8.4251 -0.4578 -18.1130 3.4494 -16.7266 1.1845 3.4494 -16.7266 1.1845 37.8162 -23.9090 -63.4420 30.0507 -4.7021 -17.3926 4.8085 1.0132 23.7852 -2.2950 -3.1484 107.8259 -74.7060 10.5464 -13.7898 20.2686 6.1085 33.2420 45.3568 3.2361 -1.3526 -9.4045 26.8036 2.2455 -9.2188 -16.3375 -11.4269 -0.0000 0.0000 0.0000 -102.7044 -39.0433 -47.8222 95.5563 37.9589 -41.5142 -20.4261 -19.2557 -24.9305 -0.0000 0.0000 0.0000
-0.1583 0.5037 -0.1531 17.8636 22.0770 -48.0136 8.3848 -0.3850 -17.9980 8.3848 -0.3850 -17.9980 3.3803 -16.8978 0.9926 3.3803 -16.8978 0.9926 38.8768 -24.4435 -63.0807 30.4862 -4.5126 -16.4542 4.8293 1.0208 23.8572 -0.8659 -1.2130 108.9601 -78.2527 10.1077 -12.4094 22.0752 6.5046 32.4832 45.3108 3.3856 -1.4135 -9.5983 26.8821 2.2990 -9.8126 -16.3365 -12.1611 -0.0000 0.0000 0.0000 -103.1400 -38.8377 -47.9110 96.2829 38.0091 -42.0553 -20.4268 -19.4730 -24.9114 -0.0000 0.0000 0.0000
-0.1603 0.5021 -0.1498 17.8834 21.8832 -47.7125 8.3872 -0.3669 -17.9037 8.3872 -0.3669 -17.9037 3.3174 -16.9744 0.8524 3.3174 -16.9744 0.8524 39.9249 -24.9488 -62.6874 30.8611 -4.2507 -15.3151 4.6593 0.9883 23.9382 0.5081 0.7188 109.4857 -81.6060 9.1154 -10.5516 23.6540 6.7664 31.5300 45.3183 3.4219 -1.4289 -10.0069 27.0550 2.4133 -10.3972 -16.0245 -12.8994 -0.0000 0.0000 0.0000 -103.4902 -38.7052 -48.0211 96.8491 38.0476 -42.4806 -20.5626 -19.6169 -25.0620 -0.0000 0.0000 0.0000
-0.1621 0.5006 -0.1457 17.9988 21.8039 -47.4449 8.4217 -0.4048 -17.8369 8.4217 -0.4048 -17.8369 3.2508 -16.9531 0.7590 3.2508 -16.9531 0.7590 40.8779 -25.3498 -62.2202 31.4294 -3.9440 -13.9535 4.3180 0.9148 23.9116 1.8449 2.6107 109.5113 -84.7307 7.5924 -8.3224 25.0347 6.8945 30.3612 45.3095 3.3866 -1.4139 -10.4995 27.2185 2.5486 -10.8669 -15.6671 -13.4993 -0.0000 0.0000 0.0000 -103.8426 -38.6100 -48.1776 97.3098 38.0698 -42.8195 -20.8026 -19.7321 -25.3407 -0.0000 0.0000 0.0000
-0.1638 0.4994 -0.1408 18.1618 21.8007 -47.1672 8.4613 -0.4656 -17.7933 8.4613 -0.4656 -17.7933 3.1905 -16.8416 0.7044 3.1905 -16.8416 0.7044 41.7322 -25.6598 -61.7133 32.0865 -3.6382 -12.6051 3.9562 0.8337 23.7904 3.1758 4.4681 109.2051 -87.6545 5.6868 -5.9240 26.1621 6.8743 28.9861 45.2992 3.2916 -1.3738 -10.9559 27.3289 2.6712 -11.2199 -15.4178 -13.9500 -0.0000 0.0000 0.0000 -104.3369 -38.6541 -48.6115 97.8728 38.1769 -43.3259 -21.1528 -19.8005 -25.7562 -0.0000 0.0000 0.0000
-0.1654 0.4981 -0.1355 18.3633 21.8380 -46.8846 8.4822 -0.5295 -17.7638 8.4822 -0.5295 -17.7638 3.1558 -16.7237 0.6759 3.1558 -16.7237 0.6759 42.5859 -25.9305 -61.1426 32.5886 -3.3520 -11.4323 3.5707 0.7456 23.5807 4.5278 6.3087 108.6923 -90.3707 3.5388 -3.5159 27.1542 6.8093 27.6777 45.2140 3.1995 -1.3326 -11.3965 27.4061 2.7875 -11.3024 -14.9457 -14.0788 -0.0000 0.0000 0.0000 -105.0283 -38.8368 -49.3712 98.6424 38.3842 -44.0945 -21.5770 -19.8537 -26.2617 -0.0000 0.0000 0.0000
-0.1671 0.4969 -0.1301 18.5941 21.9068 -46.6304 8.4904 -0.5891 -17.7630 8.4904 -0.5891 -17.7630 3.1526 -16.6635 0.6855 3.1526 -16.6635 0.6855 43.4031 -26.1506 -60.5340 32.8305 -3.1359 -10.6165 3.2351 0.6725 23.4801 5.9082 8.1460 108.1374 -92.9287 1.1994 -1.1397 28.3385 6.7975 26.4745 45.0424 3.1322 -1.2990 -11.7457 27.4161 2.8745 -11.0674 -14.2956 -13.8231 -0.0000 0.0000 0.0000 -105.8608 -39.0546 -50.2959 99.5652 38.6303 -45.0277 -22.0108 -19.9527 -26.7738 -0.0000 0.0000 0.0000
-0.1685 0.4958 -0.1249 18.8338 21.9800 -46.4658 8.4829 -0.6327 -17.7743 8.4829 -0.6327 -17.7743 3.1792 -16.6450 0.7353 3.1792 -16.6450 0.7353 44.2079 -26.3485 -59.9132 32.8475 -3.0096 -10.1855 3.1728 0.6640 23.6363 7.3184 9.9996 107.6665 -95.3370 -1.2423 1.1316 29.7709 6.8743 25.4653 44.8052 3.1239 -1.2880 -11.9775 27.3786 2.9275 -10.6521 -13.4444 -13.3521 -0.0000 0.0000 0.0000 -106.6866 -39.2047 -51.1459 100.5199 38.8452 -45.9640 -22.4160 -20.1178 -27.2444 -0.0000 0.0000 0.0000
-0.1697 0.4950 -0.1202 19.1107 22.0324 -46.4017 8.4592 -0.6736 -17.8057 8.4592 -0.6736 -17.8057 3.2131 -16.6555 0.8281 3.2131 -16.6555 0.8281 45.0176 -26.5399 -59.2894 32.8093 -2.9097 -9.8610 3.1763 0.6718 23.8803 8.7067 11.8040 107.2634 -97.5205 -3.7040 3.2474 31.3911 7.0362 24.6821 44.4747 3.0875 -1.2626 -12.1158 27.4107 2.9651 -10.0860 -12.2761 -12.7056 -0.0000 0.0000 0.0000 -107.4765 -39.2404 -51.8367 101.3886 38.9980 -46.7805 -22.7771 -20.3051 -27.6590 -0.0000 0.0000 0.0000
-0.1704 0.4950 -0.1160 19.4238 22.0950 -46.4159 8.4423 -0.7062 -17.7878 8.4423 -0.7062 -17.7878 3.2417 -16.6415 0.8837 3.2417 -16.6415 0.8837 45.6702 -26.7703 -58.9428 32.8039 -2.8498 -9.6605 3.5557 0.7674 24.3524 10.0612 13.5363 106.8695 -99.4026 -6.0827 5.1596 32.6600 7.1617 24.1131 44.0466 2.9319 -1.1862 -12.1934 27.5695 3.0022 -9.5336 -11.2117 -12.0654 -0.0000 0.0000 0.0000 -108.1975 -39.1837 -52.3636 102.1007 39.1204 -47.4558 -23.1242 -20.5715 -28.0481 -0.0000 0.0000 0.0000
-0.1707 0.4960 -0.1118 19.7616 22.1790 -46.5506 8.4596 -0.7126 -17.6466 8.4596 -0.7126 -17.6466 3.2431 -16.6368 0.8486 3.2431 -16.6368 0.8486 45.9716 -27.0288 -59.0723 32.7311 -2.8856 -9.8042 4.4181 0.9863 25.1565 11.3093 15.1392 106.6211 -100.9039 -8.1385 6.7239 33.4200 7.2764 23.9172 43.5439 2.6768 -1.0693 -12.1767 27.7749 3.0213 -9.0528 -10.6651 -11.4851 -0.0000 0.0000 0.0000 -108.8855 -39.1771 -52.9322 102.6504 39.3023 -48.0855 -23.4892 -20.9055 -28.4509 -0.0000 0.0000 0.0000
-0.1700 0.4981 -0.1079 20.1094 22.3121 -46.6394 8.4778 -0.7048 -17.3733 8.4778 -0.7048 -17.3733 3.2460 -16.5005 0.6720 3.2460 -16.5005 0.6720 45.6129 -27.3771 -60.1613 32.4859 -3.0547 -10.4585 5.7739 1.3412 26.1341 12.4416 16.5023 106.1383 -101.9497 -9.6082 7.7938 33.2793 7.4097 24.4494 43.0056 2.2068 -0.8695 -12.1519 28.0814 3.0497 -8.5726 -10.0741 -10.9049 -0.0000 0.0000 0.0000 -109.6149 -39.2168 -53.6017 103.1012 39.4961 -48.6594 -23.9045 -21.2150 -28.9152 -0.0000 0.0000 0.0000
-0.1675 0.5012 -0.1048 20.4722 22.6304 -46.4978 8.5091 -0.7309 -17.1136 8.5091 -0.7309 -17.1136 3.3176 -16.3028 0.3969 3.3176 -16.3028 0.3969 44.3721 -27.6726 -62.2596 31.9043 -3.3552 -11.7005 8.2303 2.0374 27.7646 13.5068 17.5405 104.9825 -102.4507 -10.4795 8.4264 31.5529 7.4855 26.0730 42.5693 1.3806 -0.5379 -12.2628 28.4872 3.1241 -7.8930 -9.0844 -10.0853 -0.0000 0.0000 0.0000 -110.4433 -39.2414 -54.3463 103.4719 39.5718 -49.0358 -24.4863 -21.3157 -29.5985 -0.0000 0.0000 0.0000
-0.1620 0.5045 -0.1036 20.7683 23.1715 -46.0052 8.4718 -0.7648 -16.8236 8.4718 -0.7648 -16.8236 3.5434 -16.0446 -0.0191 3.5434 -16.0446 -0.0191 41.2100 -27.4391 -65.9945 30.9258 -3.8150 -13.7301 12.0390 3.1396 29.1369 14.5827 18.2125 102.8021 -102.1621 -10.3610 8.3738 27.4436 7.2469 29.0779 43.1718 -0.5740 0.2271 -13.6895 30.0349 3.6888 -7.3103 -7.4380 -9.4105 -0.0000 0.0000 0.0000 -111.2931 -39.1819 -55.0115 103.6181 39.4298 -48.9808 -25.3290 -20.9216 -30.6448 -0.0000 0.0000 0.0000
-0.1516 0.5064 -0.1061 20.9113 23.9080 -45.0411 8.3396 -0.7917 -16.4889 8.3396 -0.7917 -16.4889 3.9201 -15.7225 -0.6184 3.9201 -15.7225 -0.6184 35.3232 -25.9232 -71.7239 30.1247 -4.3422 -16.0372 17.2704 4.5106 29.0761 15.6083 18.4275 99.6091 -100.6574 -9.2461 7.6736 21.2034 6.2603 32.5731 45.1831 -4.0735 1.6955 -16.8659 33.3452 5.0847 -6.8888 -4.8490 -8.9748 -0.0000 0.0000 0.0000 -112.2634 -39.0042 -55.6390 103.5269 38.7732 -48.1301 -26.6188 -19.7114 -32.3187 -0.0000 0.0000 0.0000
-0.1356 0.5058 -0.1135 20.8792 24.7410 -43.7153 8.1559 -0.7982 -16.0463 8.1559 -0.7982 -16.0463 4.3648 -15.3333 -1.4610 4.3648 -15.3333 -1.4610 27.3266 -22.4268 -78.3958 30.0533 -5.0121 -18.5194 22.5781 5.3123 26.1663 16.4570 18.2181 95.9043 -97.7872 -7.4790 6.5280 13.6860 4.3651 35.2382 48.4611 -9.0021 4.0581 -21.8527 38.6143 7.7382 -6.7145 -1.7359 -8.8800 -0.0000 0.0000 0.0000 -113.5296 -38.8154 -56.5303 103.4626 38.3143 -47.5351 -27.9646 -17.9019 -34.1447 -0.0000 0.0000 0.0000
-0.1143 0.5017 -0.1259 20.6326 25.3743 -42.0630 7.9038 -0.7819 -15.5574 7.9038 -0.7819 -15.5574 4.8299 -14.9194 -2.5680 4.8299 -14.9194 -2.5680 18.2118 -16.5482 -84.4353 29.8603 -5.9811 -22.1706 25.8693 4.9221 21.1995 16.8684 17.6415 92.6058 -93.3315 -4.6633 4.4000 6.5900 2.2075 37.0052 52.8893 -15.1469 7.5669 -28.5582 45.7371 12.2538 -6.9510 1.9189 -9.3653 -0.0000 0.0000 0.0000 -114.3754 -38.1435 -56.4016 102.7639 38.1743 -46.8430 -28.9209 -15.6910 -35.5771 -0.0000 0.0000 0.0000
-0.0898 0.4946 -0.1415 20.1855 25.7819 -39.9223 7.5479 -0.7660 -15.0333 7.5479 -0.7660 -15.0333 5.2561 -14.3548 -3.9529 5.2561 -14.3548 -3.9529 9.0620 -8.9094 -89.0229 28.6642 -7.0716 -27.1911 24.7098 3.5060 15.9082 16.9549 16.7243 89.2037 -86.8873 -2.3225 2.4522 1.2802 0.4241 36.6546 58.0042 -22.0572 12.3330 -36.2388 53.7510 18.8319 -7.4784 6.2887 -10.3196 -0.0000 0.0000 0.0000 -113.9826 -36.3255 -53.5879 100.7988 37.5863 -44.7183 -29.4242 -12.9154 -36.5661 -0.0000 0.0000 0.0000
-0.0641 0.4857 -0.1573 19.4757 26.0459 -37.1434 7.1757 -0.7716 -14.6812 7.1757 -0.7716 -14.6812 5.6591 -13.6460 -5.4631 5.6591 -13.6460 -5.4631 1.1049 -1.1375 -91.6635 24.9642 -7.4439 -32.7524 21.9974 2.3494 12.0454 16.8166 15.5752 85.5517 -78.7401 -0.9320 1.1359 -2.4019 -0.7454 34.4766 63.0321 -28.8354 17.9169 -43.6708 61.1819 26.6533 -7.7316 10.4184 -10.9356 -0.0000 0.0000 0.0000 -113.2714 -34.1600 -50.0288 98.3836 37.0884 -42.4637 -29.3431 -9.9771 -36.8942 -0.0000 0.0000 0.0000
-0.0391 0.4763 -0.1691 18.5119 26.2247 -33.7360 6.8048 -0.7734 -14.4995 6.8048 -0.7734 -14.4995 6.0373 -12.9184 -7.0062 6.0373 -12.9184 -7.0062 -5.7731 6.0359 -92.5546 19.4953 -6.6831 -37.5433 19.1156 1.6004 9.4839 16.8861 14.5792 81.5086 -69.5453 -0.9298 1.3391 -6.1101 -1.6752 30.6377 67.9113 -35.1368 24.0707 -51.4101 67.6548 35.7580 -7.6407 13.4316 -11.0206 -0.0000 0.0000 0.0000 -113.2184 -32.3980 -47.5693 96.5885 37.1380 -41.3098 -28.7488 -7.3373 -36.5623 -0.0000 0.0000 0.0000
-0.0163 0.4680 -0.1742 17.3063 26.2030 -29.8887 6.4362 -0.7675 -14.5000 6.4362 -0.7675 -14.5000 6.3872 -12.1858 -8.5705 6.3872 -12.1858 -8.5705 -12.1102 12.6144 -92.3548 12.5431 -4.6846 -40.8299 17.9631 1.1446 7.2322 17.3724 13.9458 77.3584 -59.6275 -1.8152 3.1672 -8.5018 -1.9599 25.9188 72.1657 -40.6362 30.2016 -59.9614 72.9474 46.1941 -7.3758 14.6517 -10.7285 -0.0000 0.0000 0.0000 -113.5519 -31.0119 -45.9130 95.2926 37.7325 -41.0958 -27.6371 -5.2340 -35.5036 -0.0000 0.0000 0.0000
0.0039 0.4624 -0.1742 16.0241 26.0349 -26.1006 6.1107 -0.7576 -14.5636 6.1107 -0.7576 -14.5636 6.6991 -11.4728 -10.0456 6.6991 -11.4728 -10.0456 -17.9177 18.4270 -91.6328 5.1379 -1.9620 -41.7793 16.9320 0.8614 5.7824 18.0376 13.5179 73.4971 -49.5330 -2.5322 5.4853 -10.5149 -1.9810 21.2826 75.6099 -45.0662 35.6846 -72.0485 76.8651 59.9730 -7.2520 14.0411 -10.5048 -0.0000 0.0000 0.0000 -113.8360 -29.9898 -44.7019 94.1802 39.3168 -42.0430 -25.8406 -4.1296 -33.4131 -0.0000 0.0000 0.0000
0.0217 0.4603 -0.1728 14.7667 25.7743 -22.7740 5.8273 -0.7566 -14.6927 5.8273 -0.7566 -14.6927 7.0467 -10.8581 -11.3176 7.0467 -10.8581 -11.3176 -23.9371 23.7176 -89.4567 -2.2522 0.8343 -40.6472 16.1047 0.7378 5.2116 18.6281 13.1991 70.4006 -39.0009 -2.4422 6.8892 -12.4410 -1.9014 17.3133 78.2930 -48.2783 40.0838 -90.5988 78.9551 79.5434 -7.4568 12.4573 -10.6868 -0.0000 0.0000 0.0000 -113.5092 -28.9397 -42.9762 92.3370 40.7550 -42.3048 -23.6928 -3.9010 -30.7240 -0.0000 0.0000 0.0000
0.0376 0.4617 -0.1732 13.5409 25.6357 -19.9601 5.6202 -0.7990 -14.7272 5.6202 -0.7990 -14.7272 7.3536 -10.3668 -12.3411 7.3536 -10.3668 -12.3411 -30.9440 28.4839 -85.0403 -9.5112 3.2548 -37.7111 15.7939 0.7633 5.4987 19.9949 13.3986 67.3531 -28.0048 -2.3130 9.2563 -15.5437 -1.8460 13.4646 81.4596 -50.9183 44.5816 -106.7186 79.5323 96.4210 -8.1461 10.9814 -11.5608 -0.0000 0.0000 0.0000 -112.6241 -28.2622 -41.3800 88.8528 41.7283 -40.9704 -21.5447 -3.2590 -28.0690 -0.0000 0.0000 0.0000
0.0526 0.4654 -0.1772 12.2362 25.5361 -17.4143 5.5132 -0.8661 -14.6789 5.5132 -0.8661 -14.6789 7.5547 -9.9396 -13.1241 7.5547 -9.9396 -13.1241 -38.6009 32.0424 -78.6994 -16.1880 4.7670 -32.6279 16.6021 0.6883 4.7146 22.7197 14.3457 64.1261 -17.4111 -1.7434 11.3494 -19.8314 -1.9531 11.1388 85.3781 -53.4483 49.8218 -117.2958 79.8200 107.8605 -9.1757 9.7016 -12.9125 -0.0000 0.0000 0.0000 -111.9065 -29.1545 -42.1006 84.7934 44.0393 -40.5332 -19.4029 -2.2267 -25.4417 -0.0000 0.0000 0.0000
0.0669 0.4702 -0.1835 10.9288 25.5048 -15.1197 5.5420 -0.9649 -14.5955 5.5420 -0.9649 -14.5955 7.5734 -9.6754 -13.7022 7.5734 -9.6754 -13.7022 -45.7407 33.8418 -71.6008 -21.1774 5.0497 -26.5445 17.2682 0.6691 4.4045 27.0661 16.0402 60.6890 -9.2742 -1.0736 13.1778 -23.8384 -2.2784 10.7634 89.8398 -55.7758 55.6435 -124.4329 80.0467 115.7930 -10.2314 9.4365 -14.3675 -0.0000 0.0000 0.0000 -111.5257 -31.1950 -44.6064 80.7444 47.2156 -40.7696 -17.5421 -1.3805 -23.1250 -0.0000 0.0000 0.0000
0.0804 0.4748 -0.1903 9.7445 25.3850 -13.1904 5.6096 -1.1043 -14.4635 5.6096 -1.1043 -14.4635 7.3181 -9.1859 -13.7608 7.3181 -9.1859 -13.7608 -52.2579 34.0999 -64.0290 -24.4340 4.3273 -19.7959 17.8909 0.4352 2.7644 32.6561 18.1064 57.0836 -3.6913 -0.4681 14.4511 -24.6764 -2.6003 11.8475 93.9916 -57.7059 61.1445 -133.1526 79.7668 125.1918 -11.1776 9.4539 -15.6900 -0.0000 0.0000 0.0000 -111.2708 -33.6376 -47.6955 77.1012 51.1070 -41.7142 -15.9050 -0.8520 -21.0429 -0.0000 0.0000 0.0000
0.0929 0.4784 -0.1951 8.4131 24.6528 -11.4426 5.4110 -1.1053 -13.9240 5.4110 -1.1053 -13.9240 6.8807 -7.7082 -12.9760 6.8807 -7.7082 -12.9760 -60.5495 33.4966 -54.5429 -25.4145 2.6897 -11.8873 18.6399 -0.2289 -1.3948 40.1727 20.1892 51.9181 0.4550 0.0623 15.6008 -22.6816 -2.8052 13.9209 96.8047 -59.1561 65.1836 -142.7462 79.0265 135.5409 -11.9376 9.7595 -16.7809 -0.0000 0.0000 0.0000 -109.6576 -34.8187 -47.9757 73.9708 53.6803 -41.7245 -14.7807 -0.5089 -19.6017 -0.0000 0.0000 0.0000
0.1045 0.4810 -0.1972 6.9343 23.4397 -9.8646 4.9611 -0.9978 -12.9782 4.9611 -0.9978 -12.9782 6.0985 -5.1340 -11.0477 6.0985 -5.1340 -11.0477 -69.5225 30.8270 -43.3311 -23.6821 0.9405 -4.4836 18.6336 -1.0492 -6.3890 49.2473 21.6177 45.2286 4.4712 0.6710 17.0617 -19.9326 -2.6718 15.1191 97.8079 -59.9802 66.9817 -151.2658 77.9199 144.8473 -12.5876 10.3724 -17.7544 -0.0000 0.0000 0.0000 -106.2987 -33.6815 -43.9851 72.0025 53.3957 -40.1442 -14.4440 -1.2106 -19.0924 -0.0000 0.0000 0.0000
0.1152 0.4824 -0.1954 5.3988 21.8503 -8.3201 4.3393 -0.8461 -11.7143 4.3393 -0.8461 -11.7143 4.8757 -1.8341 -8.0619 4.8757 -1.8341 -8.0619 -76.9006 25.4646 -31.7692 -19.4631 -0.1880 1.0963 18.2262 -1.7156 -10.6653 59.6597 21.9858 37.4300 8.6903 1.4150 18.4620 -17.2662 -2.4154 15.8100 98.1382 -60.6336 67.9847 -157.6979 77.2919 152.3032 -13.2211 11.2079 -18.7379 -0.0000 0.0000 0.0000 -102.1606 -30.9563 -37.8580 70.0702 51.4155 -37.3035 -14.4172 -2.3757 -18.9495 -0.0000 0.0000 0.0000
0.1253 0.4829 -0.1897 4.0308 20.6569 -6.5616 3.7409 -0.7009 -10.1265 3.7409 -0.7009 -10.1265 3.3635 1.0655 -4.7129 3.3635 1.0655 -4.7129 -79.5260 18.7600 -22.4576 -13.6347 -0.6200 5.1830 16.2890 -2.1937 -15.2396 70.1426 21.6532 30.4752 11.1471 1.8758 19.0470 -15.4804 -2.2245 16.2586 99.0063 -61.5426 69.7723 -162.3646 76.9513 157.9108 -13.4399 11.9914 -19.1401 -0.0000 0.0000 0.0000 -97.9310 -26.5218 -30.3022 67.9897 47.5656 -33.1033 -14.9967 -2.8833 -19.6572 -0.0000 0.0000 0.0000
0.1350 0.4829 -0.1807 2.8835 20.3243 -4.6501 3.3745 -0.6002 -8.5702 3.3745 -0.6002 -8.5702 1.9290 2.7519 -1.5443 1.9290 2.7519 -1.5443 -77.4117 13.4958 -16.7989 -6.6178 -0.4614 7.9678 14.2505 -2.0677 -16.4295 78.7921 21.7356 26.3146 12.2733 2.1205 19.5331 -15.4380 -2.1828 16.0016 100.8915 -62.6170 72.7359 -166.8870 75.8931 163.2308 -13.0552 13.7695 -18.8151 -0.0000 0.0000 0.0000 -93.6088 -20.1029 -21.3814 65.2482 40.9530 -26.8866 -16.4323 -2.6101 -21.5493 -0.0000 0.0000 0.0000
0.1447 0.4821 -0.1694 1.8395 21.4936 -2.5294 3.2929 -0.5145 -6.9856 3.2929 -0.5145 -6.9856 0.6381 2.9328 1.3967 0.6381 2.9328 1.3967 -71.4715 11.0868 -15.3642 -1.0279 -0.0822 9.1470 10.3333 -1.4817 -16.2778 84.6967 24.2800 26.5582 12.2054 2.1100 19.5459 -14.4106 -1.9035 14.9720 104.2769 -63.4408 76.9758 -170.8687 73.8132 167.8610 -12.2993 15.6394 -17.9635 -0.0000 0.0000 0.0000 -89.5323 -13.0221 -12.9171 62.3821 32.5029 -20.0167 -18.6788 -0.9839 -24.6520 -0.0000 0.0000 0.0000
0.1539 0.4807 -0.1572 0.6507 22.9735 -0.2514 3.2543 -0.3857 -5.2792 3.2543 -0.3857 -5.2792 -0.5791 2.5431 4.0551 -0.5791 2.5431 4.0551 -64.0453 9.6089 -15.3084 2.6666 0.1878 8.0572 4.8153 -0.6854 -16.1920 88.4781 28.5964 29.3334 11.5997 1.9771 19.2828 -12.6411 -1.5296 13.7442 108.5232 -64.1600 82.1163 -174.0619 72.0986 171.8482 -11.6835 17.5218 -17.3035 -0.0000 0.0000 0.0000 -85.3169 -6.3159 -5.8206 59.2022 24.0244 -13.7850 -20.8033 2.0445 -27.8282 -0.0000 0.0000 0.0000
0.1613 0.4789 -0.1463 -0.7417 24.6289 2.0479 3.2217 -0.2459 -3.5321 3.2217 -0.2459 -3.5321 -1.5970 1.6757 6.1140 -1.5970 1.6757 6.1140 -55.5440 8.7120 -16.4611 4.6811 0.2646 6.4666 0.7856 -0.1083 -15.6917 88.8176 34.5192 35.1950 10.6549 1.8036 19.1630 -12.7894 -1.3900 12.3551 113.6579 -64.5613 88.0426 -176.5358 71.1359 175.1570 -10.3281 19.7476 -15.5705 -0.0000 0.0000 0.0000 -81.3984 -1.5669 -1.3477 56.4575 17.5577 -9.4785 -22.4356 5.2992 -30.4841 -0.0000 0.0000 0.0000
0.1655 0.4772 -0.1385 -2.3834 25.6751 4.4695 3.1892 -0.1321 -2.0863 3.1892 -0.1321 -2.0863 -2.2778 0.9108 7.4823 -2.2778 0.9108 7.4823 -47.0278 7.5658 -17.2817 5.8699 0.2373 4.6259 -1.4926 0.1994 -15.2159 86.2031 40.4592 42.9873 9.2754 1.5925 19.4441 -14.4408 -1.3349 10.5075 118.8757 -65.0078 94.3531 179.3216 70.7101 -179.0438 -7.9485 22.5692 -12.2788 -0.0000 0.0000 0.0000 -78.4581 0.2753 0.2247 54.9646 14.7895 -7.7244 -23.3389 8.0352 -32.1659 -0.0000 0.0000 0.0000
0.1666 0.4765 -0.1340 -4.2447 25.9175 7.3629 3.1559 -0.0530 -1.0257 3.1559 -0.0530 -1.0257 -3.0775 0.1847 8.8607 -3.0775 0.1847 8.8607 -38.4797 6.2825 -17.8724 7.4852 0.2297 3.5103 -3.7161 0.4903 -15.0283 79.2482 45.7397 53.9911 7.4067 1.3099 20.0322 -18.0258 -1.1467 7.2202 122.9463 -65.8011 99.9258 173.7318 71.3893 -171.2832 -4.1313 25.5666 -6.5649 -0.0000 0.0000 0.0000 -76.8041 -0.4148 -0.3288 55.1923 15.6408 -8.2126 -23.6981 10.3902 -33.0982 -0.0000 0.0000 0.0000
0.1652 0.4769 -0.1302 -6.0295 25.0072 10.4191 3.1999 -0.0147 -0.3800 3.1999 -0.0147 -0.3800 -4.2538 -0.6758 10.8365 -4.2538 -0.6758 10.8365 -30.0780 4.8980 -18.0892 10.1806 0.2808 3.1519 -5.2855 0.6489 -13.9887 67.5982 48.9302 68.4064 4.7117 0.9027 21.6808 -21.6967 -0.1262 0.6585 124.6311 -67.1927 103.3970 165.5787 72.1156 -160.2845 -0.6209 27.2302 -1.0030 -0.0000 0.0000 0.0000 -75.8794 -1.9970 -1.5569 56.4817 18.6856 -10.1000 -23.7599 11.9649 -33.5002 -0.0000 0.0000 0.0000
0.1632 0.4782 -0.1256 -7.5535 23.4619 13.4131 3.1813 0.0071 0.3157 3.1813 0.0071 0.3157 -5.7537 -2.4390 13.7783 -5.7537 -2.4390 13.7783 -20.6672 3.5082 -19.0683 12.4304 0.3761 3.4523 -6.3790 0.6876 -12.2927 48.7176 47.8618 88.8536 -0.2027 -0.0413 23.0492 -20.9640 1.7992 -9.7020 123.5955 -68.8880 103.9578 156.0203 72.6580 -147.7823 1.6045 27.2241 2.5917 -0.0000 0.0000 0.0000 -75.0699 -3.1008 -2.3826 58.2067 21.9238 -12.3079 -23.9379 12.5226 -33.8608 -0.0000 0.0000 0.0000
0.1615 0.4803 -0.1198 -8.5140 21.5489 15.7920 3.2434 0.0108 0.8265 3.2434 0.0108 0.8265 -6.7940 -4.2976 16.5658 -6.7940 -4.2976 16.5658 -11.5072 2.0201 -19.8499 13.4173 0.3818 3.2450 -6.1505 0.5339 -9.9131 30.4178 40.2764 106.8962 -6.8052 -1.3538 22.4784 -13.5900 2.3270 -19.3461 121.2078 -70.7856 103.1736 146.5243 72.3398 -135.2799 1.5913 26.0309 2.5412 -0.0000 0.0000 0.0000 -74.1893 -3.5055 -2.6510 59.7714 24.7343 -14.3639 -24.2612 12.0297 -34.1999 -0.0000 0.0000 0.0000
0.1610 0.4823 -0.1133 -9.0649 20.0431 17.3711 3.3035 0.0104 1.2525 3.3035 0.0104 1.2525 -7.1727 -5.8280 18.4820 -7.1727 -5.8280 18.4820 -2.2982 0.4103 -20.2407 14.1677 0.3751 3.0175 -5.4871 0.3623 -7.5498 16.4380 27.1829 118.2888 -13.6359 -2.3341 19.3392 -2.7675 0.5757 -23.4986 119.0668 -72.3252 102.3418 140.1615 71.1791 -126.2888 0.0497 24.9462 0.0786 -0.0000 0.0000 0.0000 -73.4938 -4.0080 -2.9931 61.3978 27.1998 -16.3478 -24.8499 10.6242 -34.7083 -0.0000 0.0000 0.0000
0.1617 0.4843 -0.1077 -9.3473 19.0106 18.2398 3.3646 0.0135 1.4562 3.3646 0.0135 1.4562 -7.2679 -6.7844 19.7525 -7.2679 -6.7844 19.7525 6.1981 -1.0671 -19.5193 15.1710 0.3108 2.3335 -4.6817 0.2106 -5.1495 7.2827 13.4034 123.1205 -19.1461 -2.5445 15.0032 6.4381 -1.2169 -21.3864 117.9528 -73.5246 102.3290 136.8461 69.5251 -120.6519 -2.0138 25.0095 -3.1853 -0.0000 0.0000 0.0000 -72.9533 -4.6017 -3.4030 63.1234 29.2666 -18.2241 -25.6297 8.8554 -35.3971 -0.0000 0.0000 0.0000
0.1628 0.4865 -0.1051 -9.4304 18.1378 18.7361 3.3335 0.0179 1.4569 3.3335 0.0179 1.4569 -7.2547 -7.1520 20.4868 -7.2547 -7.1520 20.4868 12.9776 -2.1732 -18.9350 16.8207 0.2721 1.8399 -3.6243 0.0823 -2.5995 0.9687 1.8179 123.9000 -22.5828 -2.2946 11.4556 11.3950 -1.6941 -16.8588 115.8763 -74.2961 100.8342 134.7524 68.4802 -117.0415 -3.2577 26.4173 -5.2196 -0.0000 0.0000 0.0000 -72.7045 -5.4247 -3.9938 65.2520 31.4120 -20.4096 -26.4432 7.0989 -36.1283 -0.0000 0.0000 0.0000
0.1624 0.4895 -0.1053 -9.2931 17.1425 18.9234 3.1682 0.0224 1.4299 3.1682 0.0224 1.4299 -7.1071 -7.0422 20.8604 -7.1071 -7.0422 20.8604 18.5306 -3.1187 -18.9473 19.1129 0.3174 1.8850 -4.1095 0.0305 -0.8497 -4.1286 -7.5137 122.4737 -24.2743 -1.9095 8.8620 12.6525 -1.4162 -12.7226 112.5719 -74.8959 97.8724 132.8966 67.8204 -114.0798 -4.3161 28.1078 -7.0283 -0.0000 0.0000 0.0000 -72.4309 -5.7229 -4.1925 67.1406 32.9956 -22.2400 -27.1973 5.6492 -36.8363 -0.0000 0.0000 0.0000
0.1579 0.4946 -0.1068 -8.9905 16.0005 18.9441 2.8582 0.0224 1.3763 2.8582 0.0224 1.3763 -6.7838 -6.4910 20.8124 -6.7838 -6.4910 20.8124 24.5003 -4.1373 -18.8901 19.8747 0.3679 2.0996 -5.2946 0.0073 -0.1578 -9.7287 -16.6063 119.5039 -23.8944 -1.3525 6.3857 12.9891 -1.0956 -9.6016 107.4013 -75.2051 92.7121 129.9788 68.1824 -110.8434 -5.0949 29.6222 -8.4240 -0.0000 0.0000 0.0000 -71.9012 -4.8354 -3.5078 68.2261 33.3335 -22.9278 -27.9972 4.3171 -37.6212 -0.0000 0.0000 0.0000
0.1467 0.5037 -0.1058 -8.4782 14.5368 18.8826 2.4059 0.0167 1.2668 2.4059 0.0167 1.2668 -6.3007 -5.8110 20.4314 -6.3007 -5.8110 20.4314 30.2248 -5.0814 -18.6620 20.4854 0.3910 2.1638 -5.7185 -0.0031 0.0626 -15.5951 -24.3179 115.1222 -22.6140 -0.8614 4.3064 13.0752 -0.8505 -7.4114 98.8594 -74.8719 83.6012 124.9672 69.9701 -106.6735 -5.8750 29.9529 -9.7440 -0.0000 0.0000 0.0000 -71.1284 -2.5927 -1.8539 68.2043 32.4412 -22.2871 -28.7344 3.0412 -38.3293 -0.0000 0.0000 0.0000
0.1282 0.5168 -0.0957 -7.8326 12.9309 18.7675 1.8246 0.0054 0.9481 1.8246 0.0054 0.9481 -5.6074 -5.1333 19.8464 -5.6074 -5.1333 19.8464 36.7614 -5.7964 -17.3258 20.8578 0.4234 2.3003 -5.4788 -0.0036 0.0762 -20.9801 -29.7114 110.1659 -22.2451 -0.4992 2.5388 14.3430 -0.6206 -4.9294 87.4419 -72.4911 70.0678 117.2165 73.3822 -101.3706 -6.5930 29.7418 -10.9061 -0.0000 0.0000 0.0000 -70.3227 0.6800 0.4790 67.2800 30.4985 -20.5634 -29.4109 1.6728 -38.9369 -0.0000 0.0000 0.0000
0.1046 0.5323 -0.0739 -7.0872 11.1751 18.6684 1.1802 -0.0009 0.2354 1.1802 -0.0009 0.2354 -4.8538 -4.2091 19.0868 -4.8538 -4.2091 19.0868 44.1245 -5.9760 -14.6775 21.0051 0.3757 2.0265 -2.7152 -0.0229 0.9672 -25.2627 -32.8324 105.4840 -22.6381 -0.0363 0.1811 15.5822 -0.1626 -1.1884 76.5381 -67.0200 55.1600 98.5668 78.6465 -87.1715 -6.9521 28.8145 -11.3877 -0.0000 0.0000 0.0000 -69.4685 5.3396 3.7034 65.5570 27.4206 -17.8558 -30.0662 -0.0663 -39.4447 -0.0000 0.0000 0.0000
0.0803 0.5473 -0.0453 -6.3259 9.4652 18.4846 0.5288 0.0104 -0.7659 0.5288 0.0104 -0.7659 -4.1746 -3.1148 18.1188 -4.1746 -3.1148 18.1188 51.3258 -5.8842 -12.2111 22.7640 0.4631 2.3001 1.4355 0.0299 2.3863 -29.1259 -34.7337 100.5688 -22.7828 0.4674 -2.3197 16.2199 0.4459 3.1286 69.1828 -58.8094 42.4784 46.5574 81.5538 -40.7157 -6.9049 27.1447 -11.1245 -0.0000 0.0000 0.0000 -68.7195 10.8314 7.4170 63.3771 23.6327 -14.7183 -30.6107 -1.9568 -39.7849 -0.0000 0.0000 0.0000
0.0601 0.5585 -0.0165 -5.6628 8.2256 18.1172 -0.0175 0.0426 -1.9843 -0.0175 0.0426 -1.9843 -3.4968 -1.7885 16.6736 -3.4968 -1.7885 16.6736 57.3570 -5.8254 -10.6284 27.1809 0.8422 3.4828 3.7212 0.0948 2.9162 -33.2201 -36.1163 95.0876 -22.2025 0.8107 -4.1302 15.3142 0.7407 5.5054 65.1063 -49.9200 33.0972 4.3715 76.8116 -3.4662 -6.9344 24.6991 -10.9194 -0.0000 0.0000 0.0000 -68.1728 16.2645 11.0464 61.1359 19.4703 -11.5725 -31.0891 -3.6339 -40.0834 -0.0000 0.0000 0.0000
0.0476 0.5638 0.0046 -5.1934 7.7572 17.4610 -0.4248 0.0962 -3.3068 -0.4248 0.0962 -3.3068 -2.8800 -0.4790 15.0198 -2.8800 -0.4790 15.0198 62.3811 -6.1784 -10.1885 33.2784 1.5880 5.3101 3.6593 0.0679 2.1244 -39.4324 -37.5695 87.0082 -21.0540 0.7871 -4.2339 13.3253 0.6250 5.3463 62.9402 -44.9774 28.4381 -3.8397 72.8319 2.8330 -7.1618 22.3272 -11.0456 -0.0000 0.0000 0.0000 -67.7982 20.6533 13.9607 59.2976 15.5983 -8.9159 -31.4932 -4.8793 -40.3670 -0.0000 0.0000 0.0000
0.0434 0.5627 0.0136 -4.6780 7.5129 16.3806 -0.6830 0.1556 -4.6977 -0.6830 0.1556 -4.6977 -2.1105 0.5869 13.5267 -2.1105 0.5869 13.5267 65.8511 -7.0623 -10.8869 41.6627 2.2441 5.8935 0.8135 0.0106 1.4933 -45.9206 -37.7927 77.8749 -22.5659 0.4511 -2.2608 12.5007 0.2948 2.6915 61.3989 -44.2782 27.1611 -1.0134 72.7080 0.7459 -7.4706 21.0266 -11.3969 -0.0000 0.0000 0.0000 -68.1666 22.8686 15.5854 58.5554 13.5512 -7.6220 -31.3436 -5.3943 -40.0924 -0.0000 0.0000 0.0000
0.0435 0.5579 0.0150 -4.1778 7.4816 14.8841 -0.7097 0.2024 -6.2576 -0.7097 0.2024 -6.2576 -1.2708 1.2778 12.1164 -1.2708 1.2778 12.1164 68.4915 -9.1515 -13.4100 49.1375 2.4442 5.3432 -2.7489 -0.0544 2.2657 -50.8809 -36.1703 68.9385 -26.5767 -0.3096 1.3109 11.9554 0.0045 0.0430 60.4933 -44.8038 27.0306 5.1904 74.5968 -3.9550 -7.6176 21.0914 -11.6264 -0.0000 0.0000 0.0000 -69.3076 22.3956 15.5841 59.1543 13.7003 -7.8008 -30.6539 -5.4340 -39.2310 -0.0000 0.0000 0.0000
0.0431 0.5530 0.0166 -3.6826 7.4447 13.0411 -0.5172 0.2173 -8.0414 -0.5172 0.2173 -8.0414 -0.4976 1.5083 10.6237 -0.4976 1.5083 10.6237 70.2197 -12.7881 -18.1125 54.6124 1.4974 2.8999 -6.0647 -0.2973 5.6078 -52.8373 -32.8793 61.4143 -32.2216 -1.8793 6.5000 10.4304 -0.2497 -2.7348 60.0268 -44.6904 26.7150 9.0211 76.1460 -7.0722 -7.5057 21.7254 -11.5159 -0.0000 0.0000 0.0000 -70.9441 19.9666 14.2984 60.6352 15.8438 -9.3039 -29.5868 -5.7580 -37.8523 -0.0000 0.0000 0.0000
0.0393 0.5509 0.0270 -3.2885 7.6174 10.9272 -0.0289 0.1626 -9.9171 -0.0289 0.1626 -9.9171 0.2721 1.2773 9.0553 0.2721 1.2773 9.0553 69.6978 -17.0944 -24.3609 58.0953 -0.3491 -0.6285 -6.5130 -0.5749 10.0788 -51.2143 -28.9995 56.7020 -38.5843 -4.1080 11.7000 7.1017 -0.2659 -4.2825 59.9016 -41.9603 24.9193 2.5398 75.5619 -1.9688 -7.0863 22.3307 -10.9299 -0.0000 0.0000 0.0000 -72.6048 16.3544 12.0521 62.4625 18.9823 -11.5771 -28.4097 -6.5702 -36.2601 -0.0000 0.0000 0.0000
0.0324 0.5518 0.0462 -3.0030 8.1734 8.7683 0.7430 -0.0054 -11.6206 0.7430 -0.0054 -11.6206 1.1705 0.7438 7.0551 1.1705 0.7438 7.0551 66.7629 -21.0203 -31.4500 60.0190 -2.4982 -4.3240 -4.3649 -0.5207 13.5981 -47.5549 -25.9855 55.2824 -43.2226 -6.3799 16.0160 2.1616 -0.1032 -5.4668 59.6631 -35.0959 20.5557 -11.8292 70.4281 8.3638 -7.0228 19.8844 -10.6185 -0.0000 0.0000 0.0000 -74.1187 12.0057 9.0807 64.4948 22.6122 -14.3780 -27.3472 -8.0058 -34.7251 -0.0000 0.0000 0.0000
0.0250 0.5549 0.0650 -2.7526 8.8452 6.6607 1.5973 -0.2494 -13.1001 1.5973 -0.2494 -13.1001 2.0865 0.2184 4.6727 2.0865 0.2184 4.6727 62.5978 -23.9963 -38.5346 60.3036 -4.0187 -6.9126 -1.5700 -0.1916 13.9155 -43.0815 -24.3010 57.2199 -45.5718 -8.0191 18.9466 -3.1723 0.1504 -5.4286 59.0506 -28.7017 16.4893 -18.9371 64.6280 12.0437 -7.2935 15.8214 -10.6965 -0.0000 0.0000 0.0000 -75.4673 7.5066 5.8122 66.4757 26.3994 -17.4761 -26.3798 -9.9173 -33.2587 -0.0000 0.0000 0.0000
0.0200 0.5574 0.0756 -2.4228 9.1539 4.6614 2.3286 -0.5172 -14.4502 2.3286 -0.5172 -14.4502 3.0095 0.0963 2.1109 3.0095 0.0963 2.1109 56.8450 -25.4829 -45.3511 59.8473 -5.7276 -9.9345 1.3610 0.1339 11.2333 -37.8845 -22.9936 61.3051 -47.9589 -9.2837 20.6896 -6.9587 0.2578 -4.2374 58.1361 -24.3901 13.7004 -21.3662 60.9598 12.6715 -7.8425 12.0673 -11.2093 -0.0000 0.0000 0.0000 -76.7510 3.2776 2.5957 68.2853 30.3424 -20.8383 -25.3217 -11.7314 -31.7164 -0.0000 0.0000 0.0000
0.0190 0.5580 0.0726 -2.0722 9.0814 2.9111 2.8787 -0.7412 -15.4882 2.8787 -0.7412 -15.4882 3.5363 0.1839 -0.3248 3.5363 0.1839 -0.3248 48.5767 -25.8032 -53.8235 60.0832 -7.9136 -13.6408 2.7392 0.1889 7.8905 -32.0797 -21.3542 66.5129 -49.1959 -10.4376 22.5667 -9.7286 0.2319 -2.7247 57.4013 -23.9672 13.2573 -20.9528 61.6281 12.5876 -8.8289 9.4783 -12.4094 -0.0000 0.0000 0.0000 -77.9017 -0.4707 -0.3805 69.9458 34.2739 -24.3432 -24.2241 -13.4316 -30.1609 -0.0000 0.0000 0.0000
0.0216 0.5562 0.0538 -1.6756 8.8159 1.3392 3.2053 -0.8725 -16.2232 3.2053 -0.8725 -16.2232 3.6085 0.1630 -2.4145 3.6085 0.1630 -2.4145 37.6488 -23.9991 -63.8860 60.9731 -11.5427 -19.4827 3.3498 0.2409 8.2230 -25.6348 -18.9416 72.4997 -49.3457 -11.6403 25.0216 -11.2779 0.1372 -1.3899 57.0732 -26.8886 14.8129 -18.6512 65.7277 12.1116 -10.2004 8.4845 -14.2420 -0.0000 0.0000 0.0000 -78.8554 -3.5941 -2.9554 71.2628 37.8254 -27.5952 -23.1484 -14.8194 -28.6862 -0.0000 0.0000 0.0000
0.0251 0.5533 0.0248 -1.2465 8.6581 -0.0112 3.3430 -0.9168 -16.6853 3.3430 -0.9168 -16.6853 3.5936 0.0439 -4.3597 3.5936 0.0439 -4.3597 25.1451 -19.1236 -74.1281 60.6721 -16.8717 -28.4422 6.3148 0.6000 10.8452 -17.7782 -14.6557 78.8560 -49.1211 -12.9331 27.8585 -12.5383 -0.0816 0.7427 56.9289 -30.3748 16.7444 -15.2350 69.7757 10.6555 -11.6294 8.2337 -16.2008 -0.0000 0.0000 0.0000 -79.5974 -6.1850 -5.1544 72.3256 40.6640 -30.3077 -22.3281 -15.9313 -27.5654 -0.0000 0.0000 0.0000
0.0277 0.5503 -0.0094 -0.8052 8.5931 -1.1227 3.2462 -0.8765 -17.0668 3.2462 -0.8765 -17.0668 3.6448 -0.2060 -6.1729 3.6448 -0.2060 -6.1729 12.7686 -11.2650 -82.7876 56.0304 -22.6435 -41.2434 13.2912 1.3847 11.8426 -8.5589 -7.8021 84.6857 -48.5625 -14.8014 32.1249 -13.5330 -0.3793 3.1961 56.7835 -33.0590 18.2263 -11.3488 71.8183 8.2307 -13.3804 6.1011 -18.3925 -0.0000 0.0000 0.0000 -80.2183 -8.8142 -7.4289 73.4587 43.3163 -33.0100 -21.6851 -16.8583 -26.6873 -0.0000 0.0000 0.0000
0.0283 0.5479 -0.0429 -0.3842 8.4928 -2.1267 2.9418 -0.7546 -17.5268 2.9418 -0.7546 -17.5268 3.7445 -0.5991 -7.8969 3.7445 -0.5991 -7.8969 2.3950 -2.3549 -89.0328 46.2984 -25.8478 -56.4454 20.8059 1.4954 8.1320 1.1258 1.0900 88.1491 -46.9305 -17.5330 39.1148 -13.9776 -0.7330 5.9741 56.8588 -35.8997 19.8942 -6.2570 73.1475 4.6445 -15.2280 4.0082 -20.6673 -0.0000 0.0000 0.0000 -80.7529 -11.8898 -10.1207 74.8417 46.2148 -36.1610 -21.0879 -17.6614 -25.8823 -0.0000 0.0000 0.0000
0.0269 0.5457 -0.0723 0.0062 8.1888 -3.0904 2.4874 -0.5667 -18.1427 2.4874 -0.5667 -18.1427 3.8364 -0.9992 -9.3573 3.8364 -0.9992 -9.3573 -6.9917 7.2581 -92.1473 32.9961 -24.5287 -72.5547 24.5202 0.0024 0.0111 9.7570 9.4932 88.4222 -42.5540 -19.9643 48.6427 -14.6106 -1.0672 8.3106 56.8801 -38.0701 21.1684 -0.9374 73.5765 0.7010 -16.7323 3.4547 -22.6187 -0.0000 0.0000 0.0000 -81.2544 -15.4249 -13.2546 76.6052 49.5874 -40.0885 -20.3939 -18.4291 -24.9680 -0.0000 0.0000 0.0000
0.0243 0.5430 -0.0970 0.3160 7.3772 -4.0901 1.9145 -0.2941 -18.8745 1.9145 -0.2941 -18.8745 3.8781 -1.2014 -10.5364 3.8781 -1.2014 -10.5364 -15.8075 16.9015 -93.8834 16.8882 -16.0711 -87.1202 23.9698 -1.9723 -9.2717 16.7145 15.7831 86.6724 -35.4973 -20.4849 58.8922 -15.8527 -1.4230 10.1937 56.6337 -39.4381 21.8618 4.7289 73.5355 -3.5344 -17.8745 4.8031 -24.3179 -0.0000 0.0000 0.0000 -81.7195 -19.5905 -16.9873 79.1791 53.8861 -45.5964 -19.4167 -18.9740 -23.7351 -0.0000 0.0000 0.0000
0.0210 0.5396 -0.1161 0.5748 6.1648 -5.3650 1.2660 0.0637 -19.5721 1.2660 0.0637 -19.5721 3.9488 -1.1843 -11.3512 3.9488 -1.1843 -11.3512 -24.9448 26.5666 -93.7309 1.2240 -1.2942 -93.1921 20.3225 -3.2842 -18.1747 22.1023 19.9676 84.0584 -27.4791 -18.6969 67.9045 -16.9347 -1.8406 12.3171 56.0609 -39.3803 21.5735 8.9583 73.2793 -6.6687 -18.6319 7.2758 -25.6839 -0.0000 0.0000 0.0000 -82.0490 -24.0755 -21.0213 82.6073 58.7815 -52.6614 -18.1546 -19.3763 -22.1725 -0.0000 0.0000 0.0000
0.0163 0.5362 -0.1286 0.7897 4.7548 -7.0014 0.5884 0.5126 -20.0288 0.5884 0.5126 -20.0288 4.1039 -0.9642 -11.8276 4.1039 -0.9642 -11.8276 -34.6478 35.1491 -90.8762 -12.7949 12.6504 -89.3440 14.7316 -3.3453 -25.4585 26.0364 22.4620 81.3149 -20.1416 -15.3559 74.4027 -17.2431 -2.2018 14.4465 55.3065 -38.2618 20.6030 12.2637 73.4412 -9.1635 -19.5919 9.5286 -27.3404 -0.0000 0.0000 0.0000 -82.2085 -28.4705 -24.9617 86.9635 63.6705 -60.9805 -16.6878 -19.8222 -20.3604 -0.0000 0.0000 0.0000
0.0102 0.5333 -0.1359 0.9290 3.5502 -9.0286 0.0005 0.9921 -20.2339 0.0005 0.9921 -20.2339 4.3241 -0.6902 -11.9636 4.3241 -0.6902 -11.9636 -44.1855 41.1154 -85.4715 -24.8727 21.3596 -81.0710 9.3233 -2.5016 -29.9804 28.6990 23.9727 79.3800 -14.0757 -11.4301 78.0599 -17.1514 -2.4525 16.1577 54.6192 -36.2995 19.2143 13.4982 73.1779 -10.0414 -20.8013 10.9743 -29.2473 -0.0000 0.0000 0.0000 -82.2621 -32.5296 -28.5887 91.7823 67.7749 -69.4346 -15.1950 -20.2177 -18.5229 -0.0000 0.0000 0.0000
0.0026 0.5315 -0.1401 1.0748 3.0981 -11.3640 -0.3051 1.3769 -20.1784 -0.3051 1.3769 -20.1784 4.5425 -0.6334 -11.8502 4.5425 -0.6334 -11.8502 -50.7402 44.0293 -80.9053 -32.5442 25.0436 -74.5334 5.7194 -1.6518 -32.1944 29.8182 24.7197 78.9105 -9.8476 -8.2015 79.5353 -16.7226 -2.4839 16.7814 54.2180 -33.6830 17.6174 11.3464 72.0370 -8.2620 -21.9202 11.4787 -30.8790 -0.0000 0.0000 0.0000 -82.6040 -36.0680 -31.9259 96.1896 70.4782 -76.4198 -14.0021 -20.4573 -17.0610 -0.0000 0.0000 0.0000
-0.0054 0.5305 -0.1433 1.3006 3.4964 -13.7541 -0.2747 1.6107 -20.0227 -0.2747 1.6107 -20.0227 4.7181 -0.9527 -11.5334 4.7181 -0.9527 -11.5334 -53.2088 44.8954 -79.0365 -35.1568 26.0749 -72.3274 4.0598 -1.2250 -33.5699 29.3328 24.8097 80.0886 -7.4179 -6.1716 79.4959 -16.5205 -2.4225 16.5725 54.0671 -31.1205 16.1737 8.0156 70.4456 -5.6638 -22.6546 11.6533 -31.9217 -0.0000 0.0000 0.0000 -83.4443 -39.0036 -35.0507 99.3718 71.8137 -80.9521 -13.1925 -20.5385 -16.0741 -0.0000 0.0000 0.0000
-0.0132 0.5298 -0.1470 1.6089 4.4247 -16.0099 0.0181 1.7168 -19.8595 0.0181 1.7168 -19.8595 4.8289 -1.6080 -11.1414 4.8289 -1.6080 -11.1414 -53.4716 45.2563 -79.2154 -34.9491 25.6273 -71.6949 2.2608 -0.7184 -35.2534 27.8581 24.4683 82.3247 -6.4827 -5.3108 78.6316 -16.5225 -2.4465 16.7328 53.9421 -28.9742 14.9812 5.2920 68.5521 -3.6081 -22.7688 12.0496 -32.1570 -0.0000 0.0000 0.0000 -84.6703 -41.3226 -37.9209 101.1185 72.0881 -82.9954 -12.7956 -20.2717 -15.6078 -0.0000 0.0000 0.0000
-0.0198 0.5288 -0.1516 2.0113 5.6249 -18.1852 0.4599 1.7339 -19.6725 0.4599 1.7339 -19.6725 4.8773 -2.4828 -10.6835 4.8773 -2.4828 -10.6835 -52.4561 45.2743 -80.4927 -32.6162 24.1074 -72.2480 0.3043 -0.1028 -37.3193 26.0271 23.7968 84.7095 -6.4278 -5.1662 77.5589 -16.6382 -2.5417 17.2533 53.9550 -27.5853 14.2456 3.6495 67.3417 -2.4317 -22.1284 12.7559 -31.4141 -0.0000 0.0000 0.0000 -86.0240 -42.5907 -39.9664 99.9383 71.1848 -80.8647 -12.7688 -19.6672 -15.6105 -0.0000 0.0000 0.0000
-0.0251 0.5270 -0.1580 2.4869 6.8007 -20.2240 0.9218 1.7062 -19.5036 0.9218 1.7062 -19.5036 4.8941 -3.3941 -10.2447 4.8941 -3.3941 -10.2447 -50.5452 44.8843 -82.3626 -28.9421 21.7348 -73.2898 -1.4963 0.5412 -39.7689 24.0669 22.8006 86.8166 -6.8189 -5.3573 76.2850 -17.2616 -2.7720 18.1135 54.1439 -26.7546 13.8605 2.4859 66.9109 -1.6428 -21.3117 13.8580 -30.4976 -0.0000 0.0000 0.0000 -87.2907 -42.9360 -41.1217 97.7368 69.4615 -76.8835 -12.9465 -19.1025 -15.8603 -0.0000 0.0000 0.0000
-0.0302 0.5250 -0.1660 3.0748 7.8743 -22.1812 1.3453 1.6292 -19.3568 1.3453 1.6292 -19.3568 4.8657 -4.2328 -9.7737 4.8657 -4.2328 -9.7737 -48.0582 44.0237 -84.4008 -24.6851 18.8921 -74.4951 -2.4185 0.9284 -41.9961 22.9208 22.3389 88.4879 -7.6941 -5.8488 74.4468 -17.8365 -3.1310 19.7592 54.3066 -25.9743 13.4925 1.2437 66.2132 -0.8110 -20.6842 14.6259 -29.7704 -0.0000 0.0000 0.0000 -88.3722 -42.3140 -41.2296 94.9543 66.8925 -71.5284 -13.2444 -18.6921 -16.2488 -0.0000 0.0000 0.0000
-0.0363 0.5233 -0.1745 3.8785 8.8684 -24.1049 1.7097 1.4997 -19.2396 1.7097 1.4997 -19.2396 4.8091 -4.9745 -9.2452 4.8091 -4.9745 -9.2452 -44.5225 42.4798 -87.0334 -19.8171 15.5763 -76.1206 -1.4871 0.5966 -43.7169 22.5752 22.5058 89.8191 -9.0669 -6.6258 72.2627 -18.2950 -3.5065 21.5264 54.3324 -25.1188 13.0444 -0.3228 64.9574 0.2055 -20.3657 14.5651 -29.3107 -0.0000 0.0000 0.0000 -89.5215 -41.3367 -41.0216 92.9632 64.0177 -66.7120 -13.6055 -18.4973 -16.7021 -0.0000 0.0000 0.0000
-0.0445 0.5232 -0.1815 4.8299 9.7674 -25.8744 2.0035 1.3203 -19.1178 2.0035 1.3203 -19.1178 4.7561 -5.6268 -8.7383 4.7561 -5.6268 -8.7383 -40.2761 40.1500 -89.8046 -14.5612 11.8407 -78.1307 2.1931 -0.8907 -44.2021 22.9947 23.2327 90.6063 -10.8891 -7.6168 69.8613 -18.0841 -3.7075 22.9924 54.1409 -23.9156 12.3552 -2.0006 62.8813 1.2232 -20.3595 12.9974 -29.0040 -0.0000 0.0000 0.0000 -90.6495 -40.1219 -40.5423 91.9904 61.1026 -62.8599 -13.9220 -18.9004 -17.0627 -0.0000 0.0000 0.0000
-0.0547 0.5247 -0.1854 5.9037 10.6840 -27.4453 2.2819 1.1040 -18.9409 2.2819 1.1040 -18.9409 4.7192 -6.2529 -8.2913 4.7192 -6.2529 -8.2913 -36.1382 37.3219 -91.9790 -9.0246 7.5593 -79.8663 7.8348 -3.0879 -42.9701 23.9848 24.3280 90.8387 -13.1895 -8.7942 67.2573 -17.1739 -3.7649 24.5585 53.3101 -21.9377 11.1135 -3.3605 59.4154 1.9178 -20.3381 10.0530 -28.4503 -0.0000 0.0000 0.0000 -91.7912 -38.6409 -39.7732 91.7002 58.3042 -59.7622 -13.9920 -20.0175 -17.0765 -0.0000 0.0000 0.0000
-0.0657 0.5272 -0.1852 7.0656 11.6546 -28.8273 2.5891 0.8634 -18.7198 2.5891 0.8634 -18.7198 4.6454 -6.8346 -7.7787 4.6454 -6.8346 -7.7787 -32.2982 34.2314 -93.5230 -3.4053 2.9142 -81.1090 14.4833 -5.2461 -39.6528 24.9439 25.2071 90.6210 -15.4111 -9.8784 65.1329 -16.0453 -3.5221 24.6116 51.9004 -19.6437 9.6317 -4.0466 55.4937 2.1294 -19.7932 5.9378 -27.0536 -0.0000 0.0000 0.0000 -92.6986 -36.4970 -38.1332 90.8983 54.8928 -55.6310 -14.0713 -21.3127 -17.0911 -0.0000 0.0000 0.0000
-0.0761 0.5297 -0.1815 8.2454 12.6422 -30.0079 2.9045 0.5903 -18.4333 2.9045 0.5903 -18.4333 4.5385 -7.2791 -7.3275 4.5385 -7.2791 -7.3275 -28.8857 31.0667 -94.3628 2.3473 -2.0267 -81.6131 21.0752 -6.6794 -34.8337 25.2465 25.3224 90.1776 -17.1978 -10.7100 63.5878 -14.5725 -2.9449 22.7347 50.0668 -17.1318 8.0478 -4.0865 51.3246 1.9640 -18.7314 1.8162 -25.0687 -0.0000 0.0000 0.0000 -93.2435 -33.9451 -35.8001 89.8662 51.2462 -51.1419 -14.1586 -22.7429 -17.1077 -0.0000 0.0000 0.0000
-0.0845 0.5315 -0.1765 9.4884 13.5776 -31.2065 3.2261 0.2918 -18.1014 3.2261 0.2918 -18.1014 4.3819 -7.7054 -6.9378 4.3819 -7.7054 -6.9378 -26.0986 28.1004 -94.3921 8.0437 -6.8615 -80.9046 26.2645 -7.1173 -29.8523 25.2355 25.0727 89.6172 -18.5303 -11.3588 62.7355 -13.1605 -2.2267 19.1261 48.1219 -14.8770 6.6727 -3.7743 47.6853 1.6685 -17.3175 -1.7395 -22.7925 -0.0000 0.0000 0.0000 -93.5244 -31.3553 -33.2391 88.6103 47.7014 -46.6818 -14.2324 -23.9597 -17.1219 -0.0000 0.0000 0.0000
-0.0905 0.5321 -0.1723 10.8265 14.4015 -32.5435 3.5483 -0.0201 -17.7576 3.5483 -0.0201 -17.7576 4.1811 -8.2137 -6.6101 4.1811 -8.2137 -6.6101 -23.7624 25.3496 -93.8177 13.4354 -11.1058 -79.0725 30.0448 -6.9669 -25.5599 24.8897 24.5879 89.2788 -19.3862 -11.8019 62.3564 -12.6063 -1.5724 14.1641 46.5360 -13.5181 5.8349 -3.7098 45.4535 1.5543 -15.8797 -4.4420 -20.6526 -0.0000 0.0000 0.0000 -93.8650 -29.5136 -31.4758 87.6016 44.9828 -43.3120 -14.2615 -24.8182 -17.1049 -0.0000 0.0000 0.0000
-0.0945 0.5317 -0.1705 12.0975 15.0304 -34.0724 3.8195 -0.3142 -17.3236 3.8195 -0.3142 -17.3236 3.9919 -8.7376 -6.4147 3.9919 -8.7376 -6.4147 -21.8880 22.9338 -92.7425 18.2948 -14.4729 -76.5154 32.8444 -6.4529 -21.6553 24.3345 23.9970 89.1756 -19.9111 -12.0884 62.1997 -12.7027 -0.9961 8.9310 45.4083 -12.6538 5.3121 -3.9297 44.1655 1.5948 -14.4851 -6.4887 -18.6773 -0.0000 0.0000 0.0000 -94.0698 -28.3420 -30.3371 86.7780 43.0412 -40.8862 -14.1554 -25.5228 -16.9365 -0.0000 0.0000 0.0000
-0.0972 0.5306 -0.1715 13.2330 15.5450 -35.7515 4.0426 -0.5558 -16.8266 4.0426 -0.5558 -16.8266 3.8808 -9.2619 -6.2950 3.8808 -9.2619 -6.2950 -20.1298 20.7013 -91.6380 22.7912 -17.0423 -73.2511 34.7384 -5.6862 -18.0433 23.7990 23.4837 89.2138 -20.2679 -12.2975 62.1567 -14.2651 -0.5222 4.1716 44.5186 -11.7790 4.8353 -4.2181 43.0125 1.6627 -13.3560 -7.9102 -17.1217 -0.0000 0.0000 0.0000 -94.2824 -28.1219 -30.2100 86.3157 42.1703 -39.7540 -13.8082 -26.1579 -16.4865 -0.0000 0.0000 0.0000
-0.0994 0.5296 -0.1743 14.1420 15.9217 -37.4086 4.2314 -0.7295 -16.4021 4.2314 -0.7295 -16.4021 3.8262 -9.6821 -6.1016 3.8262 -9.6821 -6.1016 -18.4832 18.7229 -90.7513 26.0951 -18.5026 -70.2042 36.2569 -4.9439 -15.0233 23.2658 23.1504 89.7070 -20.5171 -12.3969 61.9355 -16.8253 -0.0198 0.1336 43.8193 -10.8518 4.3755 -4.4479 41.9550 1.7061 -12.4269 -9.0861 -15.8550 -0.0000 0.0000 0.0000 -94.4747 -28.6929 -30.9184 86.1931 42.1166 -39.6245 -13.3479 -26.6317 -15.9131 -0.0000 0.0000 0.0000
-0.1017 0.5287 -0.1776 14.7517 16.1384 -38.8968 4.3689 -0.8259 -16.0940 4.3689 -0.8259 -16.0940 3.8423 -9.9194 -5.8525 3.8423 -9.9194 -5.8525 -17.0308 17.1266 -90.3261 27.6244 -18.9255 -68.2710 37.6455 -4.2832 -12.5214 22.7182 23.0235 90.7857 -20.7738 -12.3937 61.2817 -19.5114 0.4832 -2.8101 43.3168 -9.8160 3.9060 -4.5460 40.8825 1.6951 -11.7626 -9.9870 -14.9532 -0.0000 0.0000 0.0000 -94.5262 -29.6604 -31.9808 86.2043 42.5613 -40.0546 -12.8739 -26.8756 -15.3370 -0.0000 0.0000 0.0000
-0.1041 0.5279 -0.1806 15.1419 16.1616 -40.3170 4.4772 -0.8629 -15.9484 4.4772 -0.8629 -15.9484 3.8745 -10.0542 -5.4768 3.8745 -10.0542 -5.4768 -15.9272 15.9616 -90.1251 27.6127 -18.6458 -67.4896 38.7479 -3.7319 -10.5863 22.0855 23.1238 92.7008 -20.9411 -12.2116 60.1269 -22.4037 1.0112 -5.1030 42.9511 -8.5649 3.3749 -4.7846 39.8556 1.7355 -11.3045 -10.8518 -14.3202 -0.0000 0.0000 0.0000 -94.5538 -30.9122 -33.3351 86.2825 43.5082 -41.0073 -12.3974 -26.7926 -14.7755 -0.0000 0.0000 0.0000
-0.1063 0.5270 -0.1826 15.4248 16.0376 -41.6129 4.5659 -0.8541 -15.9550 4.5659 -0.8541 -15.9550 3.8963 -10.1976 -5.0168 3.8963 -10.1976 -5.0168 -14.9985 15.0739 -90.2906 26.7561 -17.9652 -67.2203 39.5973 -3.1819 -8.8235 21.4192 23.4317 95.2713 -21.0363 -11.8975 58.6042 -25.0744 1.5103 -6.7840 42.6408 -7.2619 2.8375 -5.2550 39.0066 1.8624 -10.9639 -11.7421 -13.8384 -0.0000 0.0000 0.0000 -94.6963 -32.2616 -34.8594 86.4807 44.7043 -42.2812 -12.0346 -26.5173 -14.3581 -0.0000 0.0000 0.0000
-0.1082 0.5260 -0.1837 15.6638 15.8474 -42.8423 4.6286 -0.8126 -15.9906 4.6286 -0.8126 -15.9906 3.9027 -10.3659 -4.5393 3.9027 -10.3659 -4.5393 -14.1669 14.3522 -90.7524 25.7405 -17.1420 -66.8211 40.2322 -2.7012 -7.3661 20.7892 23.8271 97.9893 -21.1257 -11.5625 56.9995 -26.8819 1.8462 -7.7140 42.4608 -6.0661 2.3585 -6.0014 38.4225 2.0929 -10.6218 -12.5441 -13.3635 -0.0000 0.0000 0.0000 -94.9038 -33.5208 -36.3302 86.7505 45.7395 -43.4571 -11.9233 -26.1108 -14.2458 -0.0000 0.0000 0.0000
-0.1096 0.5246 -0.1846 15.9132 15.7271 -43.9545 4.6712 -0.7533 -15.9900 4.6712 -0.7533 -15.9900 3.9368 -10.5914 -4.1220 3.9368 -10.5914 -4.1220 -13.2172 13.5529 -91.4500 25.1736 -16.4847 -65.9473 40.5103 -2.1641 -5.8601 20.3556 24.2426 100.2149 -21.2451 -11.3324 55.7589 -28.2438 2.0749 -8.2341 42.4033 -5.1146 1.9851 -6.8886 38.0524 2.3780 -10.3122 -13.4089 -12.9292 -0.0000 0.0000 0.0000 -95.1746 -34.6056 -37.6593 87.1071 46.3702 -44.3119 -12.1288 -25.7189 -14.5103 -0.0000 0.0000 0.0000
-0.1103 0.5230 -0.1867 16.1543 15.6487 -44.8505 4.6955 -0.6791 -15.9875 4.6955 -0.6791 -15.9875 3.9882 -10.8533 -3.7849 3.9882 -10.8533 -3.7849 -12.0962 12.5607 -92.1756 24.9143 -15.9871 -64.8857 40.7374 -1.5016 -4.0429 20.0544 24.6574 102.0537 -21.4359 -11.1911 54.7337 -29.2471 2.2137 -8.4699 42.3057 -4.3276 1.6751 -7.6028 37.6992 2.5989 -9.9676 -14.3365 -12.4514 -0.0000 0.0000 0.0000 -95.5163 -35.5100 -38.8465 87.5863 46.7359 -45.0032 -12.4761 -25.5289 -14.9343 -0.0000 0.0000 0.0000
-0.1105 0.5209 -0.1907 16.3798 15.5792 -45.4908 4.7039 -0.5983 -16.0081 4.7039 -0.5983 -16.0081 4.0380 -11.1616 -3.5287 4.0380 -11.1616 -3.5287 -10.7970 11.3471 -92.8636 24.7381 -15.5398 -63.7797 41.0195 -0.8091 -2.1627 19.8453 25.0558 103.5756 -21.6872 -11.1120 53.8462 -29.9657 2.2808 -8.5079 42.6425 -4.1737 1.6297 -8.5458 37.8835 2.9377 -10.0284 -14.7619 -12.5057 -0.0000 0.0000 0.0000 -95.9383 -36.1403 -39.7977 88.1394 46.8463 -45.5038 -12.8883 -25.4812 -15.4285 -0.0000 0.0000 0.0000
-0.1102 0.5182 -0.1967 16.6154 15.4609 -45.9030 4.6637 -0.5189 -16.0472 4.6637 -0.5189 -16.0472 4.0855 -11.4730 -3.3486 4.0855 -11.4730 -3.3486 -9.4227 10.0077 -93.4655 24.6671 -15.1376 -62.5746 41.2216 -0.1420 -0.3774 19.7028 25.4231 104.8188 -22.0040 -11.0831 53.0418 -30.4529 2.2974 -8.4264 43.4108 -4.6581 1.8551 -9.7142 38.6297 3.4119 -10.5908 -14.5432 -13.2165 -0.0000 0.0000 0.0000 -96.4820 -36.4792 -40.5194 88.7346 46.7763 -45.8612 -13.3306 -25.4576 -15.9572 -0.0000 0.0000 0.0000
-0.1097 0.5149 -0.2042 16.8903 15.2833 -46.1228 4.5570 -0.4494 -16.1227 4.5570 -0.4494 -16.1227 4.1364 -11.7553 -3.1960 4.1364 -11.7553 -3.1960 -7.9420 8.5181 -94.0229 24.7418 -14.7535 -61.1041 41.3177 0.5463 1.4489 19.6307 25.7571 105.7717 -22.3611 -11.1047 52.3787 -30.7526 2.2811 -8.2814 44.4468 -5.6110 2.2940 -10.9613 39.7515 3.9732 -11.5033 -13.5986 -14.4061 -0.0000 0.0000 0.0000 -97.1855 -36.5553 -41.0659 89.4149 46.4166 -45.9943 -13.8695 -25.3971 -16.6032 -0.0000 0.0000 0.0000
-0.1092 0.5112 -0.2124 17.2352 14.9968 -46.1918 4.3619 -0.3901 -16.2447 4.3619 -0.3901 -16.2447 4.1814 -11.9959 -3.0310 4.1814 -11.9959 -3.0310 -6.3111 6.8333 -94.5596 24.8597 -14.3351 -59.4134 41.5030 1.1928 3.1475 19.6073 26.0734 106.5336 -22.7422 -11.1574 51.8101 -30.9083 2.2410 -8.0934 45.4733 -6.7777 2.8430 -12.1767 41.0381 4.5721 -12.5975 -12.2302 -15.8590 -0.0000 0.0000 0.0000 -98.1114 -36.4051 -41.5157 90.2104 45.7981 -45.9491 -14.4888 -25.2722 -17.3487 -0.0000 0.0000 0.0000
-0.1090 0.5073 -0.2199 17.6260 14.6268 -46.1595 4.1020 -0.3403 -16.3727 4.1020 -0.3403 -16.3727 4.2150 -12.1723 -2.8783 4.2150 -12.1723 -2.8783 -4.7077 5.1379 -95.0105 25.0509 -13.9312 -57.6165 41.7699 1.7348 4.5444 19.5897 26.3320 107.1445 -23.1739 -11.2362 51.2611 -30.9466 2.1922 -7.9075 46.2194 -7.8415 3.3505 -13.1102 42.1492 5.0710 -13.5986 -10.9451 -17.2045 -0.0000 0.0000 0.0000 -99.1818 -36.1309 -41.9277 91.0604 45.0617 -45.8173 -15.1145 -25.1586 -18.1014 -0.0000 0.0000 0.0000
-0.1090 0.5036 -0.2261 18.0010 14.2213 -46.0822 3.8201 -0.2900 -16.4923 3.8201 -0.2900 -16.4923 4.2407 -12.2919 -2.7486 4.2407 -12.2919 -2.7486 -3.2024 3.5183 -95.3846 25.2438 -13.5391 -55.8558 42.0200 2.1745 5.6579 19.5096 26.4962 107.7250 -23.6713 -11.3250 50.6420 -30.8860 2.1484 -7.7661 46.4544 -8.4578 3.6352 -13.5006 42.7023 5.2983 -14.1889 -10.3008 -17.9957 -0.0000 0.0000 0.0000 -100.2896 -35.9032 -42.4224 91.9125 44.4725 -45.8285 -15.6200 -25.1326 -18.7053 -0.0000 0.0000 0.0000
-0.1093 0.5001 -0.2311 18.3520 13.8194 -45.9956 3.5522 -0.2502 -16.6056 3.5522 -0.2502 -16.6056 4.2474 -12.3878 -2.6417 4.2474 -12.3878 -2.6417 -1.7465 1.9286 -95.6734 25.4710 -13.1815 -54.1538 42.2692 2.5551 6.6036 19.3909 26.5820 108.2467 -24.1640 -11.4062 50.0235 -30.7541 2.1071 -7.6514 46.5701 -8.9093 3.8405 -13.8431 43.1066 5.4904 -14.6339 -10.0051 -18.5798 -0.0000 0.0000 0.0000 -101.4235 -35.6726 -42.9377 92.7345 44.0576 -45.9925 -15.9613 -25.2105 -19.1065 -0.0000 0.0000 0.0000
-0.1095 0.4971 -0.2353 18.6383 13.4899 -45.8876 3.3331 -0.2271 -16.6883 3.3331 -0.2271 -16.6883 4.2449 -12.4505 -2.6041 4.2449 -12.4505 -2.6041 -0.4511 0.4990 -95.7711 25.8821 -12.9099 -52.4283 42.3407 2.8769 7.4198 19.2466 26.5538 108.6007 -24.6635 -11.4949 49.4421 -30.5568 2.0775 -7.5950 46.6657 -9.2453 3.9950 -14.0879 43.3608 5.6245 -14.8897 -9.9708 -18.9051 -0.0000 0.0000 0.0000 -102.4883 -35.4832 -43.4600 93.5195 43.7976 -46.2891 -16.2387 -25.3349 -19.4283 -0.0000 0.0000 0.0000
-0.1098 0.4945 -0.2389 18.8577 13.2527 -45.7638 3.1706 -0.2190 -16.7559 3.1706 -0.2190 -16.7559 4.2402 -12.5025 -2.6091 4.2402 -12.5025 -2.6091 0.7133 -0.7872 -95.6353 26.4071 -12.6836 -50.6950 42.2407 3.1646 8.1808 19.0704 26.4233 108.8321 -25.1665 -11.5890 48.8945 -30.3060 2.0597 -7.5951 46.8326 -9.5476 4.1426 -14.2579 43.5430 5.7194 -15.0353 -9.9477 -19.0906 -0.0000 0.0000 0.0000 -103.5166 -35.4352 -44.1331 94.3551 43.6800 -46.7736 -16.5145 -25.4605 -19.7477 -0.0000 0.0000 0.0000
-0.1102 0.4922 -0.2424 19.0420 13.0699 -45.6118 3.0464 -0.2311 -16.8207 3.0464 -0.2311 -16.8207 4.2200 -12.5381 -2.6299 4.2200 -12.5381 -2.6299 1.7724 -1.9477 -95.3964 26.8805 -12.4295 -48.9952 42.2021 3.3631 8.7009 18.9316 26.2546 108.8755 -25.6150 -11.6842 48.4638 -30.0246 2.0417 -7.6027 46.8422 -9.6014 4.1670 -14.2608 43.4139 5.7018 -15.0692 -10.1384 -19.1177 -0.0000 0.0000 0.0000 -104.5936 -35.4846 -44.9718 95.2948 43.7523 -47.5417 -16.7032 -25.6479 -19.9591 -0.0000 0.0000 0.0000
-0.1109 0.4904 -0.2460 19.1948 12.9601 -45.4107 2.9704 -0.2680 -16.9009 2.9704 -0.2680 -16.9009 4.1868 -12.5649 -2.6632 4.1868 -12.5649 -2.6632 2.6952 -2.9396 -94.9679 27.3660 -12.1512 -47.2292 42.1209 3.5261 9.1404 18.8094 26.0372 108.7661 -26.0131 -11.7800 48.1326 -29.7171 2.0256 -7.6246 46.7383 -9.4633 4.0967 -14.0499 42.9672 5.5533 -15.0929 -10.6120 -19.1093 -0.0000 0.0000 0.0000 -105.7064 -35.6742 -46.0264 96.3472 44.0199 -48.6161 -16.8565 -25.8588 -20.1264 -0.0000 0.0000 0.0000
-0.1120 0.4890 -0.2496 19.2912 12.9892 -45.1782 2.9583 -0.3231 -16.9856 2.9583 -0.3231 -16.9856 4.1637 -12.5920 -2.6980 4.1637 -12.5920 -2.6980 3.4964 -3.7676 -94.2800 27.8643 -11.8652 -45.4571 41.8855 3.7504 9.7790 18.7327 25.7892 108.4543 -26.3838 -11.9037 47.9567 -29.3869 2.0127 -7.6647 46.7198 -9.2848 4.0173 -13.7873 42.4034 5.3702 -15.1428 -11.2846 -19.1180 -0.0000 0.0000 0.0000 -106.7863 -36.0364 -47.2942 97.4681 44.3555 -49.8356 -17.0984 -25.9589 -20.4064 -0.0000 0.0000 0.0000
-0.1130 0.4882 -0.2529 19.3136 13.2007 -44.9320 3.0219 -0.3936 -17.0697 3.0219 -0.3936 -17.0697 4.1594 -12.6192 -2.7191 4.1594 -12.6192 -2.7191 4.2320 -4.4821 -93.2907 28.4348 -11.5891 -43.6557 41.2426 4.0740 10.7988 18.7342 25.5361 107.8946 -26.7256 -12.0738 47.9969 -29.0394 2.0014 -7.7171 46.7075 -8.9505 3.8711 -13.3111 41.5521 5.0696 -15.1815 -12.2208 -19.0923 -0.0000 0.0000 0.0000 -107.7487 -36.5115 -48.6392 98.5593 44.5587 -50.9078 -17.5070 -25.8952 -20.8955 -0.0000 0.0000 0.0000
-0.1146 0.4879 -0.2543 19.3069 13.5251 -44.6909 3.1393 -0.4888 -17.1380 3.1393 -0.4888 -17.1380 4.1498 -12.6494 -2.7473 4.1498 -12.6494 -2.7473 4.8975 -5.0727 -92.0168 29.0863 -11.3182 -41.8114 40.0706 4.4241 12.0927 18.7869 25.2601 107.1247 -27.0252 -12.2699 48.1960 -28.6788 1.9906 -7.7761 46.5274 -8.3699 3.6036 -12.6218 40.3929 4.6593 -15.1711 -13.4628 -18.9830 -0.0000 0.0000 0.0000 -108.6082 -36.9269 -49.8506 99.5396 44.6735 -51.8108 -17.9836 -25.7948 -21.4678 -0.0000 0.0000 0.0000
-0.1168 0.4880 -0.2526 19.3017 13.8514 -44.4635 3.2704 -0.5974 -17.1899 3.2704 -0.5974 -17.1899 4.1233 -12.6841 -2.7927 4.1233 -12.6841 -2.7927 5.4910 -5.5560 -90.6759 29.6437 -11.0021 -39.9978 38.6152 4.6897 13.3329 18.8156 24.9498 106.3390 -27.3110 -12.4542 48.3712 -28.3086 1.9794 -7.8372 46.1611 -7.6530 3.2652 -11.8993 39.2391 4.2551 -15.2637 -14.6285 -19.0090 -0.0000 0.0000 0.0000 -109.4068 -37.1968 -50.8458 100.4119 44.7298 -52.5738 -18.4400 -25.7664 -22.0107 -0.0000 0.0000 0.0000
-0.1194 0.4883 -0.2478 19.3210 14.1401 -44.2844 3.4104 -0.7195 -17.2212 3.4104 -0.7195 -17.2212 4.0667 -12.7293 -2.8455 4.0667 -12.7293 -2.8455 5.9905 -5.9435 -89.5473 29.9883 -10.6381 -38.3356 37.2798 4.7993 14.1638 18.8145 24.6159 105.5763 -27.5483 -12.6093 48.5208 -27.9378 1.9625 -7.8778 45.4445 -6.6066 2.7691 -11.1422 37.9536 3.8422 -15.2652 -15.7592 -18.9263 -0.0000 0.0000 0.0000 -110.1257 -37.2338 -51.4885 101.1441 44.8060 -53.2548 -18.6945 -25.9629 -22.2972 -0.0000 0.0000 0.0000
-0.1224 0.4885 -0.2406 19.3788 14.4019 -44.1806 3.5580 -0.8541 -17.2532 3.5580 -0.8541 -17.2532 3.9915 -12.7852 -2.8690 3.9915 -12.7852 -2.8690 6.4181 -6.2651 -88.6157 30.1112 -10.2551 -36.8966 36.1600 4.8515 14.7871 18.7282 24.2408 104.9599 -27.7557 -12.7279 48.5911 -27.5622 1.9443 -7.9150 44.6182 -5.4655 2.2440 -10.5012 36.7385 3.4957 -15.2391 -16.7338 -18.8225 -0.0000 0.0000 0.0000 -110.7530 -37.0989 -51.8384 101.7020 44.8943 -53.8131 -18.7644 -26.2738 -22.3562 -0.0000 0.0000 0.0000
-0.1254 0.4886 -0.2323 19.4598 14.7082 -44.1541 3.7226 -0.9907 -17.2683 3.7226 -0.9907 -17.2683 3.9250 -12.8717 -2.8646 3.9250 -12.8717 -2.8646 6.8093 -6.5603 -87.8616 30.0695 -9.9047 -35.7594 35.3696 4.9094 15.3148 18.6216 23.8524 104.3600 -27.9677 -12.8579 48.6913 -27.1832 1.9244 -7.9475 44.1267 -4.6540 1.8872 -10.2164 35.9286 3.3203 -15.2902 -17.3511 -18.8405 -0.0000 0.0000 0.0000 -111.3017 -36.9577 -52.1168 102.0960 44.9221 -54.1706 -18.8101 -26.4734 -22.3950 -0.0000 0.0000 0.0000
-0.1284 0.4884 -0.2238 19.5086 15.0990 -44.1309 3.9183 -1.1152 -17.2804 3.9183 -1.1152 -17.2804 3.8785 -12.9739 -2.8396 3.8785 -12.9739 -2.8396 7.1459 -6.8200 -87.3195 29.9208 -9.6121 -34.9330 34.9883 4.9637 15.6602 18.5293 23.4658 103.7065 -28.2133 -13.0223 48.8510 -26.8001 1.9040 -7.9799 43.9005 -4.0829 1.6461 -10.0207 35.2751 3.1933 -15.2840 -17.8817 -18.7947 -0.0000 0.0000 0.0000 -111.7649 -36.9418 -52.4899 102.4034 44.8503 -54.3434 -18.9550 -26.4773 -22.5659 -0.0000 0.0000 0.0000
-0.1309 0.4880 -0.2165 19.5586 15.4919 -44.0827 4.1114 -1.2310 -17.2880 4.1114 -1.2310 -17.2880 3.8328 -13.0774 -2.8224 3.8328 -13.0774 -2.8224 7.4636 -7.0761 -86.9385 29.7309 -9.3723 -34.3237 34.8162 5.0437 15.9924 18.4495 23.0828 103.0082 -28.4846 -13.2034 49.0222 -26.4171 1.8808 -8.0011 43.7613 -3.6442 1.4640 -9.8684 34.7034 3.0903 -15.1890 -18.4622 -18.6376 -0.0000 0.0000 0.0000 -112.2482 -36.9827 -52.9588 102.7313 44.7887 -54.5457 -19.1200 -26.4046 -22.7664 -0.0000 0.0000 0.0000
-0.1327 0.4874 -0.2115 19.6418 15.8831 -44.0143 4.2771 -1.3388 -17.2948 4.2771 -1.3388 -17.2948 3.8007 -13.1677 -2.7973 3.8007 -13.1677 -2.7973 7.7731 -7.3410 -86.7154 29.4951 -9.1630 -33.8624 34.8480 5.1558 16.3277 18.4345 22.7418 102.1995 -28.7818 -13.4254 49.2822 -26.0390 1.8525 -7.9995 43.6124 -3.3057 1.3229 -9.7025 34.1849 2.9899 -15.0204 -18.9936 -18.3950 -0.0000 0.0000 0.0000 -112.7744 -37.0420 -53.4940 103.0680 44.6743 -54.6948 -19.3462 -26.2726 -23.0440 -0.0000 0.0000 0.0000
-0.1339 0.4868 -0.2080 19.6555 16.1580 -43.8842 4.4126 -1.4063 -17.2949 4.4126 -1.4063 -17.2949 3.7570 -13.2259 -2.8154 3.7570 -13.2259 -2.8154 8.0085 -7.5517 -86.6266 29.2157 -8.9937 -33.5833 34.9426 5.2442 16.5571 18.4228 22.4919 101.6001 -29.1208 -13.5943 49.2997 -25.6812 1.8107 -7.9319 43.5390 -3.0767 1.2289 -9.6147 33.8773 2.9345 -14.8608 -19.2807 -18.1810 -0.0000 0.0000 0.0000 -113.2178 -37.1059 -53.9678 103.4252 44.6628 -54.9814 -19.4873 -26.1032 -23.2241 -0.0000 0.0000 0.0000
-0.1343 0.4866 -0.2062 19.5704 16.2598 -43.7492 4.5104 -1.4327 -17.2809 4.5104 -1.4327 -17.2809 3.6873 -13.2901 -2.8994 3.6873 -13.2901 -2.8994 8.2175 -7.7353 -86.5263 28.8839 -8.8165 -33.3288 34.5278 5.2989 16.9384 18.3597 22.3268 101.3718 -29.4740 -13.6533 48.9433 -25.3421 1.7572 -7.8044 43.6004 -2.9866 1.1948 -9.6539 33.8596 2.9449 -14.8315 -19.2510 -18.1474 -0.0000 0.0000 0.0000 -113.4431 -37.2021 -54.2956 103.6585 44.7779 -55.3125 -19.5151 -25.8807 -23.2747 -0.0000 0.0000 0.0000
-0.1336 0.4872 -0.2056 19.3557 16.2224 -43.6352 4.5671 -1.4132 -17.2302 4.5671 -1.4132 -17.2302 3.6110 -13.3910 -3.0658 3.6110 -13.3910 -3.0658 8.3187 -7.8131 -86.3973 28.7262 -8.7099 -33.1248 32.5309 5.1529 17.5347 18.2030 22.1791 101.4789 -29.8975 -13.6151 48.1806 -24.9992 1.7057 -7.6830 43.8417 -3.0735 1.2371 -9.7268 34.1084 2.9904 -15.0032 -19.0157 -18.3725 -0.0000 0.0000 0.0000 -113.3227 -37.4764 -54.5569 103.6185 45.1379 -55.6986 -19.3913 -25.5431 -23.1550 -0.0000 0.0000 0.0000
-0.1317 0.4889 -0.2055 18.9805 16.1151 -43.5375 4.6081 -1.3896 -17.2189 4.6081 -1.3896 -17.2189 3.5278 -13.4136 -3.2237 3.5278 -13.4136 -3.2237 8.5241 -7.9588 -86.0579 28.7601 -8.6614 -32.9115 26.9225 4.5089 18.6795 17.9850 21.9921 101.6794 -30.2404 -13.5005 47.3121 -24.6306 1.6685 -7.6319 44.0309 -3.2357 1.3086 -9.7344 34.6450 3.0427 -15.3377 -18.7887 -18.7957 -0.0000 0.0000 0.0000 -112.5469 -37.7841 -54.2816 102.8144 45.5654 -55.5128 -19.0580 -25.1945 -22.7875 -0.0000 0.0000 0.0000
-0.1284 0.4921 -0.2041 18.4255 15.9987 -43.4511 4.6241 -1.3724 -17.2745 4.6241 -1.3724 -17.2745 3.4635 -13.3837 -3.3447 3.4635 -13.3837 -3.3447 8.9722 -8.2884 -85.4459 29.0276 -8.6723 -32.6509 17.1660 3.0443 19.9701 17.8468 21.8391 101.7180 -30.4372 -13.3709 46.6196 -24.2379 1.6442 -7.6462 44.0921 -3.4397 1.3933 -9.5750 35.3921 3.0614 -15.8215 -18.7373 -19.3886 -0.0000 0.0000 0.0000 -110.8970 -38.0458 -53.1929 100.9627 46.0231 -54.4857 -18.5181 -24.8926 -22.1701 -0.0000 0.0000 0.0000
-0.1237 0.4968 -0.2004 17.7009 15.8905 -43.2499 4.5726 -1.3654 -17.4210 4.5726 -1.3654 -17.4210 3.4492 -13.2573 -3.4034 3.4492 -13.2573 -3.4034 9.8581 -8.9785 -84.6288 29.2761 -8.6661 -32.3548 4.7468 0.8539 20.3840 18.0124 21.8639 101.2562 -30.4726 -13.3104 46.3791 -23.8390 1.6220 -7.6730 43.8620 -3.5861 1.4443 -9.2339 36.2990 3.0328 -16.4148 -18.8955 -20.0989 -0.0000 0.0000 0.0000 -108.4990 -38.2224 -51.4040 98.2108 46.5641 -52.8403 -17.8137 -24.6478 -21.3510 -0.0000 0.0000 0.0000
-0.1177 0.5027 -0.1934 16.8246 15.5999 -42.9047 4.3569 -1.3194 -17.5922 4.3569 -1.3194 -17.5922 3.4842 -12.9834 -3.4292 3.4842 -12.9834 -3.4292 11.2625 -10.0977 -83.7214 29.2381 -8.5896 -32.1242 -7.9613 -1.3550 19.2884 18.5692 22.2308 100.4736 -30.4424 -13.2798 46.3258 -23.4710 1.5830 -7.6095 43.4291 -3.6812 1.4664 -8.8598 37.4404 3.0077 -17.1910 -18.8697 -21.0444 -0.0000 0.0000 0.0000 -105.6801 -38.2761 -49.2016 94.9274 47.3672 -51.1021 -16.8476 -24.4338 -20.2157 -0.0000 0.0000 0.0000
-0.1108 0.5095 -0.1836 15.7887 14.9786 -42.3068 4.1137 -1.3631 -17.9460 4.1137 -1.3631 -17.9460 3.4079 -12.3707 -3.3629 3.4079 -12.3707 -3.3629 12.8619 -11.2409 -82.2483 29.4968 -8.5401 -31.6698 -19.0191 -2.7695 16.4229 19.0396 22.4553 99.6182 -29.9386 -13.0331 46.2665 -23.0870 1.5520 -7.5882 42.6147 -3.5981 1.4038 -8.3586 38.7182 2.9414 -17.7537 -19.0676 -21.7117 -0.0000 0.0000 0.0000 -102.6331 -38.3396 -46.9400 91.2648 48.7856 -49.7440 -15.6291 -24.0931 -18.7845 -0.0000 0.0000 0.0000
-0.1031 0.5169 -0.1718 14.6484 14.0733 -41.3849 3.8184 -1.4757 -18.4086 3.8184 -1.4757 -18.4086 3.1537 -11.4759 -3.2547 3.1537 -11.4759 -3.2547 14.4703 -12.2568 -80.4458 30.5783 -8.6117 -30.7982 -27.9210 -3.1393 12.5805 19.4953 22.5980 98.6221 -29.1385 -12.6256 46.1131 -22.7036 1.5204 -7.5628 41.4448 -3.3590 1.2711 -7.3504 39.7308 2.6590 -18.7217 -19.6699 -22.8344 -0.0000 0.0000 0.0000 -99.3632 -38.4547 -44.6844 87.1416 50.6661 -48.4895 -14.3098 -23.6656 -17.2326 -0.0000 0.0000 0.0000
-0.0951 0.5249 -0.1594 13.4906 13.0237 -40.2375 3.5612 -1.6818 -18.9850 3.5612 -1.6818 -18.9850 2.6639 -10.3085 -3.0055 2.6639 -10.3085 -3.0055 16.0537 -13.0895 -78.2606 32.4245 -8.7433 -29.4624 -35.0255 -2.6387 8.3492 19.9953 22.7209 97.4725 -27.9553 -12.0886 46.0893 -22.3552 1.4721 -7.4400 39.9356 -3.0128 1.0949 -5.8401 40.4651 2.1541 -20.1253 -21.2509 -24.3890 -0.0000 0.0000 0.0000 -96.1971 -39.1376 -43.2228 82.7551 53.3254 -47.7234 -12.7771 -23.3845 -15.4096 -0.0000 0.0000 0.0000
-0.0872 0.5335 -0.1475 12.3109 11.8872 -38.9774 3.3497 -1.9810 -19.6435 3.3497 -1.9810 -19.6435 2.0086 -9.0513 -2.7403 2.0086 -9.0513 -2.7403 17.3235 -13.4744 -75.5837 35.2628 -9.0932 -28.0944 -40.0399 -1.5671 4.2992 20.6106 22.8682 96.0890 -26.3720 -11.4453 46.3155 -22.0478 1.4049 -7.2022 38.1761 -2.3998 0.8306 -3.8028 40.5127 1.4038 -21.4352 -23.6490 -25.7401 -0.0000 0.0000 0.0000 -92.6318 -39.7693 -41.4832 77.3816 55.9550 -46.0933 -11.1533 -23.3249 -13.4601 -0.0000 0.0000 0.0000
-0.0797 0.5426 -0.1378 11.1124 10.6410 -37.7243 3.0655 -2.3091 -20.3371 3.0655 -2.3091 -20.3371 1.3286 -7.5718 -2.4230 1.3286 -7.5718 -2.4230 18.4447 -13.5898 -72.5467 38.6632 -9.4932 -26.6324 -43.3929 -0.1635 0.4110 21.4614 23.1830 94.5302 -24.5695 -10.7441 46.7133 -21.7771 1.3202 -6.8551 36.2751 -1.4335 0.4696 -1.4776 39.8926 0.5362 -22.4317 -26.2668 -26.6831 -0.0000 0.0000 0.0000 -88.8488 -40.9134 -40.1652 71.0991 59.0318 -44.0528 -9.1863 -23.5801 -11.0814 -0.0000 0.0000 0.0000
-0.0728 0.5520 -0.1308 9.9444 9.4826 -36.5473 2.6385 -2.5312 -20.8813 2.6385 -2.5312 -20.8813 0.8882 -5.9938 -2.2652 0.8882 -5.9938 -2.2652 19.4386 -13.3437 -68.6618 42.0032 -9.4580 -24.3210 -44.6744 1.7609 -4.2839 22.6750 23.7277 92.6714 -23.1204 -10.2030 47.1575 -21.5200 1.2283 -6.4571 34.6265 -0.4177 0.1302 0.8750 38.7807 -0.3080 -23.1738 -28.2365 -27.3757 -0.0000 0.0000 0.0000 -85.0582 -42.9034 -39.6411 64.1244 62.4918 -41.6171 -7.0537 -23.9516 -8.5009 -0.0000 0.0000 0.0000
-0.0664 0.5615 -0.1261 8.8111 8.3343 -35.4866 2.2047 -2.7708 -21.5675 2.2047 -2.7708 -21.5675 0.6341 -4.6854 -2.3440 0.6341 -4.6854 -2.3440 20.6530 -12.7220 -62.9182 44.4251 -9.1455 -22.1634 -43.4413 3.9467 -9.8865 23.8613 24.3410 91.1746 -21.5130 -9.5712 47.5652 -21.2747 1.1291 -6.0064 33.0909 0.8259 -0.2454 3.1078 37.2270 -1.0469 -22.9448 -29.6542 -26.9824 -0.0000 0.0000 0.0000 -81.0121 -44.8620 -38.8497 56.0812 65.2826 -37.6757 -5.5738 -23.4401 -6.7312 -0.0000 0.0000 0.0000
-0.0599 0.5711 -0.1220 7.6989 7.3182 -34.4933 1.6577 -2.9762 -22.2128 1.6577 -2.9762 -22.2128 0.5750 -3.5116 -2.5757 0.5750 -3.5116 -2.5757 21.4370 -11.6497 -56.6442 46.4316 -8.4195 -19.4749 -40.4763 5.9936 -16.1635 25.1937 25.0259 89.6045 -20.1173 -9.0133 47.9152 -21.0103 1.0392 -5.5998 31.9288 1.9341 -0.5533 5.1757 35.4463 -1.6551 -22.7761 -30.2344 -26.7357 -0.0000 0.0000 0.0000 -76.7245 -47.1664 -38.1231 47.0518 67.6314 -32.5149 -4.7165 -22.2806 -5.7206 -0.0000 0.0000 0.0000
-0.0529 0.5807 -0.1170 6.4572 6.3475 -33.4349 1.0973 -3.0241 -22.7802 1.0973 -3.0241 -22.7802 0.5166 -2.4589 -2.5192 0.5166 -2.4589 -2.5192 21.1662 -10.3131 -51.5608 47.5827 -7.1186 -16.0613 -35.9861 7.3954 -22.5079 26.6111 25.8472 88.2718 -19.1282 -8.5479 47.8385 -20.7473 0.9473 -5.1714 31.1116 2.9077 -0.8096 6.8335 34.2439 -2.1074 -23.4027 -30.2821 -27.4593 -0.0000 0.0000 0.0000 -72.1393 -49.9907 -37.5137 36.9873 70.1470 -26.4317 -4.2793 -20.7677 -5.2196 -0.0000 0.0000 0.0000
-0.0448 0.5903 -0.1102 5.0417 5.1972 -32.3783 0.5248 -2.9695 -23.1057 0.5248 -2.9695 -23.1057 0.3319 -1.3611 -2.2496 0.3319 -1.3611 -2.2496 19.9616 -8.5652 -46.1021 47.2493 -6.4931 -14.7781 -29.8110 7.4903 -27.6316 28.1498 26.6647 86.7746 -18.3289 -8.0992 47.3875 -20.4863 0.8522 -4.7134 30.4288 4.0310 -1.0967 8.1087 33.6403 -2.4550 -24.2200 -29.7590 -28.4556 -0.0000 0.0000 0.0000 -66.8903 -51.7464 -35.5252 26.1213 71.3135 -18.8984 -4.0353 -19.3269 -4.9488 -0.0000 0.0000 0.0000
-0.0354 0.5999 -0.1030 3.5269 3.8348 -31.5378 -0.0300 -2.9368 -23.2699 -0.0300 -2.9368 -23.2699 -0.0912 0.1810 -1.4717 -0.0912 0.1810 -1.4717 18.2297 -6.7008 -40.0926 45.7646 -7.3487 -17.3030 -24.1505 6.4810 -29.6474 29.8390 27.5066 85.1423 -17.3262 -7.5430 46.7921 -20.2406 0.7426 -4.1589 29.6563 5.5066 -1.4588 9.1301 33.4425 -2.7481 -24.9946 -28.9839 -29.4286 -0.0000 0.0000 0.0000 -60.9521 -52.3003 -32.2315 14.9328 70.8265 -10.6472 -3.6469 -17.8798 -4.4976 -0.0000 0.0000 0.0000
-0.0248 0.6092 -0.0966 2.0974 2.6006 -30.8920 -0.3946 -3.0107 -23.1857 -0.3946 -3.0107 -23.1857 -0.6801 1.9595 -0.5646 -0.6801 1.9595 -0.5646 16.5282 -4.9832 -33.3554 42.1383 -9.0809 -23.2947 -18.5146 4.8712 -29.2519 31.3566 28.0283 83.2894 -16.3268 -6.9903 46.1263 -19.9851 0.6342 -3.5984 29.0902 6.4584 -1.6773 9.8435 33.9747 -3.0138 -26.1234 -27.6403 -30.8752 -0.0000 0.0000 0.0000 -55.1476 -51.7383 -28.4197 6.3185 68.6485 -4.3164 -3.1610 -16.4944 -3.9197 -0.0000 0.0000 0.0000
-0.0135 0.6178 -0.0933 0.8897 1.4862 -30.5400 -0.6023 -3.2464 -23.1007 -0.6023 -3.2464 -23.1007 -1.2790 3.3517 -0.0772 -1.2790 3.3517 -0.0772 15.3108 -3.6645 -26.7741 37.6491 -11.1757 -32.0259 -14.8019 3.4989 -26.4641 32.6659 28.3955 81.6108 -15.0701 -6.3565 45.5443 -19.7299 0.5158 -2.9653 28.6745 6.7491 -1.7269 10.3081 35.1419 -3.2721 -27.1972 -25.8596 -32.3150 -0.0000 0.0000 0.0000 -50.5373 -49.0918 -24.3305 2.6670 64.4453 -1.6812 -3.0290 -14.7989 -3.7816 -0.0000 0.0000 0.0000
-0.0016 0.6251 -0.0938 -0.1230 0.5343 -30.4468 -0.7229 -3.6117 -23.0011 -0.7229 -3.6117 -23.0011 -1.7292 4.5738 -0.2432 -1.7292 4.5738 -0.2432 13.5916 -2.5943 -21.5170 32.8530 -12.3643 -40.3476 -12.3645 2.5177 -22.9354 33.8714 28.6250 79.9161 -13.6396 -5.6929 45.1501 -19.4625 0.3947 -2.3015 28.5087 6.2727 -1.5951 10.6490 36.8183 -3.5534 -28.2057 -23.8759 -33.7174 -0.0000 0.0000 0.0000 -47.1619 -45.4056 -20.6979 1.4507 59.3081 -0.8260 -3.1282 -13.1813 -3.9313 -0.0000 0.0000 0.0000
0.0109 0.6306 -0.0977 -1.1564 -0.4819 -30.3836 -0.7734 -3.8304 -22.8110 -0.7734 -3.8304 -22.8110 -1.9637 5.5492 -1.0222 -1.9637 5.5492 -1.0222 11.1176 -1.9951 -20.2872 33.4660 -14.7709 -46.6457 -12.1284 2.0075 -18.7298 34.9343 28.8244 78.4757 -12.5611 -5.1555 44.4955 -19.1762 0.2773 -1.6417 28.6248 5.2698 -1.3453 10.8975 39.4750 -3.9202 -29.4482 -21.3790 -35.4772 -0.0000 0.0000 0.0000 -44.8314 -40.9203 -17.4980 1.4315 54.1640 -0.7320 -3.5348 -12.1725 -4.4608 -0.0000 0.0000 0.0000
0.0238 0.6340 -0.1027 -2.2256 -1.6442 -30.3649 -0.7926 -3.8743 -22.4656 -0.7926 -3.8743 -22.4656 -2.0136 6.4014 -2.3133 -2.0136 6.4014 -2.3133 7.4231 -1.3215 -20.1627 38.4757 -20.3705 -54.4812 -10.7819 1.3534 -14.2682 35.8561 28.9816 77.2376 -11.8966 -4.7660 43.5443 -18.8693 0.1687 -1.0149 28.8957 3.9224 -1.0110 11.2912 42.9123 -4.4499 -30.5216 -18.3073 -37.1428 -0.0000 0.0000 0.0000 -43.3153 -35.9451 -14.6800 1.8514 49.2296 -0.8483 -4.1824 -11.8893 -5.2838 -0.0000 0.0000 0.0000
0.0370 0.6359 -0.1060 -3.3086 -2.8594 -30.3752 -0.8274 -3.7842 -22.0818 -0.8274 -3.7842 -22.0818 -1.9303 7.3567 -3.6151 -1.9303 7.3567 -3.6151 2.3941 -0.4308 -20.3971 43.7314 -28.8951 -65.4020 -11.0393 0.5940 -6.1407 36.6804 29.2024 76.3233 -11.5864 -4.5000 42.3388 -18.5446 0.0712 -0.4359 29.0159 2.6819 -0.6941 11.9863 46.6133 -5.1791 -31.2211 -15.1781 -38.4102 -0.0000 0.0000 0.0000 -42.1399 -30.9083 -12.1595 2.0126 44.4542 -0.8225 -5.1290 -11.7587 -6.4825 -0.0000 0.0000 0.0000
0.0500 0.6368 -0.1051 -4.2469 -3.7967 -30.3695 -0.8752 -3.6482 -21.6122 -0.8752 -3.6482 -21.6122 -1.6881 8.2997 -4.6817 -1.6881 8.2997 -4.6817 -2.8450 0.5160 -20.5545 41.6724 -34.8725 -79.0616 -11.3655 -0.2313 2.3239 37.1696 29.2398 75.6076 -11.7336 -4.4086 41.0715 -18.2065 0.0073 -0.0455 28.9573 1.4746 -0.3808 12.9692 50.1487 -6.0885 -31.5545 -12.2080 -39.2496 -0.0000 0.0000 0.0000 -41.1222 -26.4341 -10.0692 1.8066 39.9859 -0.6574 -6.1625 -11.6519 -7.7908 -0.0000 0.0000 0.0000
0.0621 0.6377 -0.0998 -4.9616 -4.3270 -30.3200 -1.0315 -3.5550 -21.1584 -1.0315 -3.5550 -21.1584 -1.2955 9.2053 -5.3918 -1.2955 9.2053 -5.3918 -6.9067 1.2508 -20.5067 33.7642 -35.9485 -93.8202 -12.0836 -1.0298 9.7067 37.5313 29.1248 74.8031 -12.1105 -4.4326 40.0867 -17.8678 -0.0268 0.1706 28.5693 0.6752 -0.1719 14.0318 52.9953 -7.0217 -31.5341 -9.3669 -39.6679 -0.0000 0.0000 0.0000 -40.2456 -22.4313 -8.3108 1.3467 35.6862 -0.4335 -7.3213 -11.4779 -9.2604 -0.0000 0.0000 0.0000
0.0729 0.6392 -0.0906 -5.6555 -4.7545 -30.3818 -1.3524 -3.3880 -20.6035 -1.3524 -3.3880 -20.6035 -0.7195 10.1762 -5.9348 -0.7195 10.1762 -5.9348 -12.7764 2.3227 -20.5267 22.2682 -30.9392 -109.1635 -11.6961 -1.6569 16.0719 38.1015 29.0200 73.7004 -12.6819 -4.5500 39.3440 -17.5343 -0.0465 0.3013 27.7510 1.0477 -0.2588 14.9077 54.5826 -7.7235 -31.3770 -6.6709 -39.9169 -0.0000 0.0000 0.0000 -39.1806 -19.1039 -6.8545 0.3477 31.7580 -0.0989 -8.3868 -11.3303 -10.6121 -0.0000 0.0000 0.0000
0.0823 0.6416 -0.0794 -6.4706 -5.2960 -30.5900 -1.7612 -3.0345 -19.7681 -1.7612 -3.0345 -19.7681 0.0154 11.0584 -6.5491 0.0154 11.0584 -6.5491 -24.5289 5.3505 -24.2617 7.1738 -14.0034 -125.9200 -5.0377 -1.1487 25.6752 38.8672 28.9069 72.3005 -13.6327 -4.7929 38.5919 -17.2078 -0.0573 0.3787 26.6344 2.5181 -0.5961 15.5738 55.0747 -8.1567 -31.2421 -4.6766 -40.0908 -0.0000 0.0000 0.0000 -37.9784 -16.2972 -5.6417 -1.0654 28.4159 0.2697 -9.2018 -11.4434 -11.6352 -0.0000 0.0000 0.0000
0.0906 0.6448 -0.0680 -7.4031 -5.8931 -30.9500 -2.1969 -2.5265 -18.7892 -2.1969 -2.5265 -18.7892 0.8234 11.7591 -7.1661 0.8234 11.7591 -7.1661 -42.2087 10.7978 -27.5186 -12.0113 22.9026 -125.1093 14.3457 3.1507 24.6544 39.7719 28.9074 70.9464 -14.8906 -5.1146 37.7378 -16.8888 -0.0664 0.4471 25.4246 4.4655 -1.0078 16.3423 54.7681 -8.5075 -31.3002 -3.6076 -40.3513 -0.0000 0.0000 0.0000 -36.7692 -13.9965 -4.6725 -2.5420 25.7120 0.5802 -9.8159 -11.5535 -12.4038 -0.0000 0.0000 0.0000
0.0982 0.6479 -0.0580 -8.3941 -6.4261 -31.3793 -2.6529 -1.9257 -17.7123 -2.6529 -1.9257 -17.7123 1.7155 12.2781 -7.8036 1.7155 12.2781 -7.8036 -62.8139 15.5420 -25.1980 -53.1187 48.5131 -84.0652 28.6869 1.4754 5.7653 40.7463 29.0321 69.7689 -16.4933 -5.5010 36.6782 -16.5787 -0.0710 0.4870 24.2405 6.2654 -1.3468 17.3058 54.3603 -8.9364 -31.5434 -3.0974 -40.7462 -0.0000 0.0000 0.0000 -35.7857 -11.6976 -3.7884 -3.6454 23.0453 0.7434 -10.3070 -11.5949 -13.0201 -0.0000 0.0000 0.0000
0.1054 0.6504 -0.0502 -9.3968 -6.8271 -31.7757 -2.9939 -1.3439 -16.6869 -2.9939 -1.3439 -16.6869 2.4920 12.4247 -8.4292 2.4920 12.4247 -8.4292 -77.6690 14.8298 -18.3664 -88.4668 40.8398 -41.8528 26.0890 -2.3997 -10.3311 41.5073 29.2137 69.0350 -18.2073 -5.8423 35.3280 -16.2774 -0.0764 0.5344 23.1606 7.6553 -1.5709 18.6815 54.0992 -9.6020 -31.9296 -3.3729 -41.1775 -0.0000 0.0000 0.0000 -34.9351 -9.3335 -2.9429 -4.6315 20.4579 0.8362 -10.7428 -11.7810 -13.5581 -0.0000 0.0000 0.0000
0.1120 0.6517 -0.0445 -10.3413 -7.0994 -32.1556 -3.1122 -0.9046 -15.9754 -3.1122 -0.9046 -15.9754 2.8739 12.2056 -8.8158 2.8739 12.2056 -8.8158 -84.8407 9.1623 -10.0226 -101.4880 25.7158 -21.1323 18.1789 -3.0489 -18.8888 41.8372 29.4478 69.0181 -19.5363 -5.9950 33.8354 -15.9818 -0.0953 0.6791 22.2469 8.6827 -1.7103 20.1977 54.2070 -10.4168 -32.2198 -4.0236 -41.4202 -0.0000 0.0000 0.0000 -34.2221 -6.7774 -2.0886 -5.4688 17.5558 0.8451 -11.2519 -12.0405 -14.1829 -0.0000 0.0000 0.0000
0.1181 0.6518 -0.0402 -11.2874 -7.4142 -32.6180 -3.0099 -0.5835 -15.5400 -3.0099 -0.5835 -15.5400 2.8411 11.6942 -9.0734 2.8411 11.6942 -9.0734 -85.6261 -0.3768 0.4067 -106.6571 8.4708 -6.3125 8.9812 -1.7446 -21.9435 41.7892 29.7319 69.6236 -20.3617 -5.9441 32.2496 -15.6875 -0.1320 0.9580 21.4910 9.6610 -1.8376 21.6635 54.6607 -11.2945 -32.3630 -4.7385 -41.4692 -0.0000 0.0000 0.0000 -33.5084 -4.0938 -1.2329 -6.3879 14.2767 0.8008 -11.9412 -12.6396 -15.0110 -0.0000 0.0000 0.0000
0.1232 0.6511 -0.0372 -12.2011 -7.7269 -33.3191 -2.7152 -0.3780 -15.3869 -2.7152 -0.3780 -15.3869 2.4251 11.1012 -9.0709 2.4251 11.1012 -9.0709 -80.4286 -10.2758 12.1407 -105.9068 -7.7229 5.8333 3.8145 -0.7562 -22.4183 41.3762 30.0493 70.8085 -20.5966 -5.7266 30.7809 -15.3881 -0.1840 1.3615 20.8840 10.6555 -1.9692 22.6938 55.2536 -11.9913 -32.4796 -6.1301 -41.3673 -0.0000 0.0000 0.0000 -32.6315 -1.8883 -0.5528 -7.6311 11.0790 0.7412 -12.6790 -13.8621 -15.8549 -0.0000 0.0000 0.0000
0.1274 0.6498 -0.0356 -12.9837 -7.8688 -34.2723 -2.3395 -0.2686 -15.5031 -2.3395 -0.2686 -15.5031 1.8336 10.5890 -8.7445 1.8336 10.5890 -8.7445 -69.8637 -15.8916 22.6024 -105.2768 -16.9563 12.9855 3.6635 -0.7858 -24.2038 40.7515 30.4281 72.4247 -20.4011 -5.4486 29.6250 -15.0805 -0.2429 1.8350 20.4136 11.5411 -2.0848 23.1136 55.8081 -12.3607 -32.5403 -8.1975 -41.0882 -0.0000 0.0000 0.0000 -31.5272 -0.5710 -0.1612 -9.1062 8.2259 0.6562 -13.3453 -15.4675 -16.5774 -0.0000 0.0000 0.0000
0.1306 0.6483 -0.0354 -13.4819 -7.6704 -35.5135 -2.0430 -0.2519 -15.7283 -2.0430 -0.2519 -15.7283 1.3550 10.2978 -8.1669 1.3550 10.2978 -8.1669 -60.8235 -17.6805 29.6809 -106.1894 -19.1637 14.4498 5.5881 -1.2630 -25.4521 40.1015 30.8206 74.1224 -20.0343 -5.2228 28.9560 -14.7720 -0.2968 2.2893 20.0290 12.1737 -2.1576 22.5280 56.3296 -12.1734 -32.6082 -10.2477 -40.8332 -0.0000 0.0000 0.0000 -30.7546 0.2374 0.0653 -10.2392 5.4697 0.4904 -13.9054 -17.1687 -17.1554 -0.0000 0.0000 0.0000
0.1330 0.6469 -0.0360 -13.6991 -7.3326 -36.9458 -1.8963 -0.2969 -15.9588 -1.8963 -0.2969 -15.9588 1.0257 10.2516 -7.4663 1.0257 10.2516 -7.4663 -55.3655 -18.1933 33.9440 -107.0061 -16.3364 12.1241 7.6845 -1.6853 -24.7051 39.5593 31.2419 75.7291 -19.6244 -5.0517 28.6177 -14.4643 -0.3463 2.7282 19.5727 12.6900 -2.1976 21.3334 56.6141 -11.5852 -33.1126 -12.1849 -41.1332 -0.0000 0.0000 0.0000 -30.5786 0.9424 0.2576 -10.9482 2.8067 0.2690 -14.6004 -18.7034 -17.9030 -0.0000 0.0000 0.0000
0.1347 0.6457 -0.0361 -13.6544 -6.8271 -38.3902 -1.8450 -0.4100 -16.1720 -1.8450 -0.4100 -16.1720 0.8214 10.3133 -6.7109 0.8214 10.3133 -6.7109 -52.5394 -18.3083 36.1620 -106.7778 -10.5874 7.8761 9.9880 -2.0009 -22.6029 39.1147 31.6120 77.1006 -19.2570 -4.9459 28.5650 -14.1614 -0.3904 3.1424 19.0724 13.0828 -2.2071 19.6543 56.7291 -10.6856 -33.8356 -13.8853 -41.7335 -0.0000 0.0000 0.0000 -31.2756 2.0277 0.5676 -11.0921 0.3178 0.0309 -15.5718 -19.5402 -19.0272 -0.0000 0.0000 0.0000
0.1360 0.6446 -0.0347 -13.3834 -6.1111 -39.7722 -1.7992 -0.6076 -16.3069 -1.7992 -0.6076 -16.3069 0.7103 10.2914 -6.0228 0.7103 10.2914 -6.0228 -51.4397 -18.3460 37.0659 -105.1495 -4.4672 3.4193 11.7684 -2.0834 -20.0112 38.6782 31.7946 78.1190 -18.9569 -4.9014 28.7560 -13.8697 -0.4281 3.5188 18.5621 13.4409 -2.2063 17.5786 56.5901 -9.5161 -34.3479 -15.6549 -42.0701 -0.0000 0.0000 0.0000 -32.7184 3.3866 0.9944 -10.6653 -1.9157 -0.1788 -16.7890 -19.6362 -20.4972 -0.0000 0.0000 0.0000
0.1370 0.6437 -0.0314 -13.0512 -5.1291 -41.1363 -1.6743 -0.8674 -16.3976 -1.6743 -0.8674 -16.3976 0.6652 10.1896 -5.3811 0.6652 10.1896 -5.3811 -51.4068 -18.5108 37.4068 -102.0692 1.1531 -0.9326 13.2193 -2.0572 -17.6153 38.2581 31.8387 78.8627 -18.6744 -4.8984 29.1630 -13.5891 -0.4615 3.8722 18.1559 13.8091 -2.2169 15.0654 56.2638 -8.0882 -34.3942 -17.0982 -41.9062 -0.0000 0.0000 0.0000 -34.2181 4.5113 1.3893 -9.9785 -3.8849 -0.3393 -17.9485 -19.3560 -21.9245 -0.0000 0.0000 0.0000
0.1378 0.6431 -0.0267 -12.7914 -3.9693 -42.4983 -1.4274 -1.1214 -16.3942 -1.4274 -1.1214 -16.3942 0.6685 10.0026 -4.8050 0.6685 10.0026 -4.8050 -51.8084 -18.6718 37.4024 -98.3241 5.8756 -5.0796 14.7544 -2.0102 -15.4340 37.8518 31.8053 79.4477 -18.5063 -4.9264 29.5820 -13.3175 -0.4926 4.2181 17.9768 14.2213 -2.2608 12.1066 55.9267 -6.4445 -33.8693 -18.0271 -41.1487 -0.0000 0.0000 0.0000 -35.1922 4.7804 1.5169 -9.2540 -5.2496 -0.4252 -18.5233 -19.0870 -22.6432 -0.0000 0.0000 0.0000
0.1383 0.6426 -0.0217 -12.6449 -2.7445 -43.9596 -1.0880 -1.3232 -16.2918 -1.0880 -1.3232 -16.2918 0.6969 9.7745 -4.2665 0.6969 9.7745 -4.2665 -52.3459 -18.8601 37.3441 -94.1534 9.1698 -8.5305 15.1146 -1.8777 -14.0832 37.5091 31.8031 79.9953 -18.4517 -4.9758 29.9518 -13.0472 -0.5242 4.5818 18.0411 14.7419 -2.3530 8.6858 55.5746 -4.5834 -32.9217 -18.6441 -39.9409 -0.0000 0.0000 0.0000 -35.6568 4.0422 1.3005 -8.3426 -5.9808 -0.4366 -18.1636 -18.8866 -22.2238 -0.0000 0.0000 0.0000
0.1383 0.6421 -0.0176 -12.6115 -1.6667 -45.5065 -0.7335 -1.4266 -16.0631 -0.7335 -1.4266 -16.0631 0.7418 9.5737 -3.8149 0.7418 9.5737 -3.8149 -53.0221 -19.0648 37.2108 -90.5210 10.9996 -10.9006 13.7107 -1.6997 -14.0679 37.2477 31.8885 80.5793 -18.5592 -5.0353 30.1236 -12.7726 -0.5571 4.9746 18.3132 15.3490 -2.4886 5.2870 55.1696 -2.7636 -31.9495 -19.2192 -38.7124 -0.0000 0.0000 0.0000 -35.8136 2.5337 0.8188 -7.0933 -6.2701 -0.3890 -16.9359 -18.5685 -20.7577 -0.0000 0.0000 0.0000
0.1373 0.6416 -0.0151 -12.6406 -0.7456 -46.9769 -0.3814 -1.4341 -15.6879 -0.3814 -1.4341 -15.6879 0.8371 9.4299 -3.5405 0.8371 9.4299 -3.5405 -54.0823 -19.2671 36.7884 -87.3110 11.6130 -12.1671 11.4659 -1.5456 -15.3044 36.9859 31.9518 81.1259 -18.9118 -5.1183 30.0439 -12.5035 -0.5885 5.3679 18.7800 15.8956 -2.6452 2.2145 54.7569 -1.1470 -31.1875 -20.0296 -37.7033 -0.0000 0.0000 0.0000 -35.9144 0.5383 0.1745 -5.5411 -5.7509 -0.2785 -15.1191 -18.1030 -18.5775 -0.0000 0.0000 0.0000
0.1354 0.6414 -0.0140 -12.6392 0.0947 -48.1113 -0.0604 -1.4062 -15.2675 -0.0604 -1.4062 -15.2675 1.0087 9.3768 -3.4444 1.0087 9.3768 -3.4444 -55.5687 -19.2673 35.7133 -84.1994 11.9481 -13.2126 9.0328 -1.3402 -16.8457 36.6935 31.8846 81.4824 -19.4692 -5.2304 29.8178 -12.2537 -0.6161 5.7348 19.3913 16.3747 -2.8163 -0.1962 54.1885 0.1004 -30.5419 -21.5317 -36.7474 -0.0000 0.0000 0.0000 -36.3492 -1.3374 -0.4391 -3.6036 -4.5108 -0.1420 -13.3589 -17.5516 -16.4601 -0.0000 0.0000 0.0000
0.1327 0.6413 -0.0135 -12.5333 0.9639 -48.6527 0.2499 -1.3845 -14.9390 0.2499 -1.3845 -14.9390 1.2573 9.3352 -3.5173 1.2573 9.3352 -3.5173 -57.5262 -18.9365 33.8000 -80.8005 12.3195 -14.4541 6.7276 -1.1000 -18.5523 36.2910 31.6122 81.6397 -20.2161 -5.3756 29.5060 -12.0352 -0.6393 6.0590 20.2164 16.4971 -2.9608 -1.7335 53.6192 0.8761 -29.9464 -23.3496 -35.8221 -0.0000 0.0000 0.0000 -36.9491 -2.9940 -1.0005 -1.5318 -2.7233 -0.0364 -12.1040 -16.9745 -14.9535 -0.0000 0.0000 0.0000
0.1294 0.6412 -0.0123 -12.3329 1.8342 -48.5532 0.5409 -1.3664 -14.8034 0.5409 -1.3664 -14.8034 1.5518 9.3140 -3.6901 1.5518 9.3140 -3.6901 -59.7969 -18.3553 31.3894 -77.1849 12.5874 -15.7363 5.6169 -0.9771 -19.7220 35.7749 31.2183 81.7600 -21.1170 -5.5323 29.0640 -11.8443 -0.6602 6.3578 21.1415 16.2362 -3.0497 -2.4448 53.1825 1.2239 -29.2399 -25.3563 -34.7579 -0.0000 0.0000 0.0000 -36.9611 -5.3379 -1.7852 0.1016 0.1739 -0.0002 -10.9998 -16.9041 -13.5977 -0.0000 0.0000 0.0000
0.1255 0.6406 -0.0101 -11.9728 2.7005 -48.0566 0.7820 -1.3383 -14.8260 0.7820 -1.3383 -14.8260 1.8803 9.1494 -3.8618 1.8803 9.1494 -3.8618 -62.4044 -17.3992 28.3565 -73.3528 13.1388 -17.5807 4.9153 -0.8896 -20.5049 35.1265 30.7746 82.0138 -22.1862 -5.7029 28.5073 -11.6808 -0.6797 6.6371 22.0248 15.7369 -3.0811 -2.7940 52.8572 1.3889 -28.2638 -27.4583 -33.3853 -0.0000 0.0000 0.0000 -37.0005 -8.1949 -2.7462 1.8669 3.8346 -0.0625 -10.1705 -16.9418 -12.5736 -0.0000 0.0000 0.0000
0.1213 0.6392 -0.0063 -11.5924 3.4453 -47.3153 0.9693 -1.2495 -14.9828 0.9693 -1.2495 -14.9828 2.1963 8.7882 -4.0103 2.1963 8.7882 -4.0103 -65.2707 -16.0903 24.8929 -69.5655 13.9328 -19.9549 3.8145 -0.7210 -21.4001 34.3863 30.4415 82.6523 -23.4281 -5.8368 27.6266 -11.5291 -0.7002 6.9273 22.9605 15.2291 -3.1105 -3.2331 52.7569 1.6037 -27.1150 -29.0942 -31.8790 -0.0000 0.0000 0.0000 -36.1925 -12.6557 -4.1507 2.7807 9.2209 -0.2243 -9.1234 -17.1223 -11.2742 -0.0000 0.0000 0.0000
0.1168 0.6366 -0.0006 -11.2823 4.0121 -46.4711 1.1249 -1.0737 -15.2725 1.1249 -1.0737 -15.2725 2.4549 8.2575 -4.1083 2.4549 8.2575 -4.1083 -68.1600 -14.5237 21.3333 -66.2399 14.9519 -22.7461 1.9696 -0.3984 -22.8671 33.5389 30.3018 83.8844 -24.7834 -5.8835 26.3284 -11.3747 -0.7231 7.2508 23.8895 14.8815 -3.1652 -3.7968 52.7951 1.8851 -26.2192 -30.4482 -30.7064 -0.0000 0.0000 0.0000 -34.1440 -19.4247 -6.0177 1.9962 17.0352 -0.2990 -7.6859 -17.7918 -9.4763 -0.0000 0.0000 0.0000
0.1122 0.6327 0.0071 -11.1498 4.4672 -45.7019 1.3210 -0.8409 -15.6445 1.3210 -0.8409 -15.6445 2.6157 7.6759 -4.1299 2.6157 7.6759 -4.1299 -70.5053 -12.9408 18.2318 -63.2121 16.2603 -26.1403 -0.7890 0.1747 -24.9739 32.6816 30.3422 85.5267 -26.0679 -5.8297 24.8097 -11.2001 -0.7491 7.6287 24.9840 14.9147 -3.3222 -4.5822 52.7521 2.2732 -25.4241 -31.5213 -29.6854 -0.0000 0.0000 0.0000 -31.4892 -27.1147 -7.7783 0.0044 25.8629 -0.0010 -6.2780 -18.5463 -7.7200 -0.0000 0.0000 0.0000
0.1072 0.6273 0.0168 -11.0788 4.8697 -45.0350 1.5359 -0.5706 -16.1208 1.5359 -0.5706 -16.1208 2.7024 7.0513 -4.0241 2.7024 7.0513 -4.0241 -72.7546 -11.4215 15.4617 -61.2217 17.6034 -29.3313 -2.8474 0.6838 -27.0023 31.7331 30.4739 87.5629 -27.2549 -5.7005 23.2104 -11.0171 -0.7763 8.0367 26.0462 15.3343 -3.5669 -5.9630 52.5989 2.9491 -24.9744 -32.3513 -29.0901 -0.0000 0.0000 0.0000 -29.0518 -34.4425 -9.1832 -2.6667 34.5731 0.8300 -5.2191 -19.2534 -6.4016 -0.0000 0.0000 0.0000
0.1017 0.6202 0.0278 -10.9704 5.2332 -44.4294 1.7537 -0.3023 -16.6745 1.7537 -0.3023 -16.6745 2.7332 6.4953 -3.8301 2.7332 6.4953 -3.8301 -74.9772 -10.1402 13.1963 -60.4837 18.9400 -31.9335 -3.5286 0.8699 -27.6886 30.6706 30.5648 89.7923 -28.3120 -5.5201 21.6418 -10.8367 -0.8035 8.4563 26.9429 16.0241 -3.8624 -7.4991 52.2357 3.6806 -25.1430 -32.8317 -29.2401 -0.0000 0.0000 0.0000 -27.3211 -40.6972 -10.3014 -5.3402 42.2580 2.0650 -4.4211 -19.9972 -5.4081 -0.0000 0.0000 0.0000
0.0948 0.6115 0.0386 -10.6178 5.7006 -44.0883 1.9734 -0.1006 -17.1710 1.9734 -0.1006 -17.1710 2.7309 5.8470 -3.5459 2.7309 5.8470 -3.5459 -77.2111 -9.1346 11.4267 -60.1933 20.5528 -34.7405 -3.2790 0.7902 -27.0929 29.4909 30.4621 91.9434 -29.2479 -5.3567 20.3285 -10.6784 -0.8299 8.8629 27.7460 16.7989 -4.1770 -9.3958 51.6346 4.5534 -26.0702 -33.2843 -30.2628 -0.0000 0.0000 0.0000 -28.6930 -43.9168 -11.7749 -4.6884 47.3076 2.0545 -4.2712 -20.3868 -5.2172 -0.0000 0.0000 0.0000
0.0861 0.6016 0.0476 -10.0459 6.1455 -43.8244 2.1306 0.0202 -17.7305 2.1306 0.0202 -17.7305 2.6758 5.1446 -3.1568 2.6758 5.1446 -3.1568 -79.9034 -7.7385 9.2322 -59.4089 21.9000 -37.4673 -2.9571 0.6868 -26.1444 28.3151 30.2588 93.9718 -29.9953 -5.2094 19.2744 -10.5295 -0.8564 9.2739 28.6792 17.6548 -4.5468 -11.3600 50.7998 5.4078 -27.9835 -33.3461 -32.4477 -0.0000 0.0000 0.0000 -32.0099 -45.1319 -13.5951 -1.8543 50.6749 0.8781 -4.3029 -20.6678 -5.2504 -0.0000 0.0000 0.0000
0.0753 0.5913 0.0533 -9.2532 6.4970 -43.3970 2.2102 0.0716 -18.5615 2.2102 0.0716 -18.5615 2.5595 4.4412 -2.6144 2.5595 4.4412 -2.6144 -82.9726 -5.0933 5.7587 -57.0857 22.6037 -40.3495 -3.1464 0.7258 -25.9740 27.1332 30.0488 96.0862 -30.5375 -5.0775 18.4510 -10.3724 -0.8832 9.7079 29.6825 18.1920 -4.8585 -12.5931 49.9978 5.8905 -30.5254 -33.0463 -35.3811 -0.0000 0.0000 0.0000 -35.9800 -45.3995 -15.4708 1.4713 53.3272 -0.7388 -4.5106 -20.8561 -5.4998 -0.0000 0.0000 0.0000
0.0627 0.5812 0.0548 -8.3947 6.6658 -42.9864 2.2484 0.0621 -19.4359 2.2484 0.0621 -19.4359 2.3912 3.7732 -2.1145 2.3912 3.7732 -2.1145 -85.4844 -1.4754 1.5965 -53.5659 22.7238 -43.4146 -4.3311 1.0480 -27.1935 26.0769 29.8713 98.0744 -30.8966 -4.9435 17.7560 -10.1834 -0.9099 10.1857 30.8464 18.5073 -5.1472 -13.0227 49.2255 5.9861 -32.8549 -32.6795 -38.0740 -0.0000 0.0000 0.0000 -39.4317 -45.4703 -17.0801 4.2014 55.6388 -2.2177 -4.7104 -20.9033 -5.7422 -0.0000 0.0000 0.0000
0.0492 0.5722 0.0526 -7.3503 6.6654 -42.4620 2.2422 -0.0359 -20.1925 2.2422 -0.0359 -20.1925 2.2290 3.1014 -1.8162 2.2290 3.1014 -1.8162 -87.1021 3.0704 -3.2297 -49.4927 22.4251 -46.5424 -5.2850 1.3941 -29.5362 25.0870 29.5222 99.6433 -31.2373 -4.8061 17.0743 -9.9927 -0.9357 10.6718 31.7172 18.5090 -5.3004 -12.7151 48.5433 5.7523 -34.7752 -32.1609 -40.3164 -0.0000 0.0000 0.0000 -42.3482 -46.1789 -18.7540 5.4927 58.4805 -3.0764 -4.8675 -20.9672 -5.9322 -0.0000 0.0000 0.0000
0.0360 0.5648 0.0479 -6.0215 6.6583 -41.8861 2.2532 -0.2261 -20.6766 2.2532 -0.2261 -20.6766 2.1063 2.3002 -1.8195 2.1063 2.3002 -1.8195 -87.5348 8.1110 -8.4665 -44.8457 21.8599 -50.1586 -5.2410 1.5116 -32.1566 23.9823 28.7806 100.7637 -31.7125 -4.6504 16.2714 -9.8462 -0.9612 11.1244 32.1064 18.0415 -5.2312 -11.7406 47.9805 5.2395 -36.1433 -31.5405 -41.9448 -0.0000 0.0000 0.0000 -45.6088 -47.0344 -20.7372 6.3684 61.5431 -3.7946 -5.0964 -20.9614 -6.2112 -0.0000 0.0000 0.0000
0.0238 0.5588 0.0424 -4.3091 7.0121 -41.5961 2.4258 -0.5615 -20.7463 2.4258 -0.5615 -20.7463 2.0053 1.2408 -2.0638 2.0053 1.2408 -2.0638 -86.8618 13.1942 -13.9303 -39.4427 20.8503 -54.3388 -3.8894 1.2083 -34.5065 22.6345 27.4733 101.3855 -32.3187 -4.5111 15.4817 -9.7814 -0.9888 11.5169 31.9809 17.0582 -4.9217 -10.7096 47.4356 4.7162 -36.6789 -31.4974 -42.5570 -0.0000 0.0000 0.0000 -50.4847 -46.1705 -22.7250 10.4784 62.9116 -6.4212 -5.4454 -20.8628 -6.6387 -0.0000 0.0000 0.0000
0.0131 0.5541 0.0374 -2.3359 7.7190 -41.6110 2.7387 -1.0061 -20.5101 2.7387 -1.0061 -20.5101 1.8997 0.0661 -2.3736 1.8997 0.0661 -2.3736 -85.0039 18.1751 -19.8018 -33.7454 19.2654 -58.4617 -1.2593 0.4111 -36.1597 21.1232 25.7467 101.5826 -32.9607 -4.3960 14.7840 -9.7954 -1.0198 11.8587 31.4785 15.8614 -4.4966 -9.8631 46.7677 4.2734 -36.3981 -32.0486 -42.1689 -0.0000 0.0000 0.0000 -56.5903 -42.2454 -23.4968 18.9889 61.1443 -11.2848 -5.9707 -20.9154 -7.2771 -0.0000 0.0000 0.0000
0.0036 0.5502 0.0332 -0.2531 8.6570 -41.8344 3.1480 -1.4670 -20.1933 3.1480 -1.4670 -20.1933 1.8012 -1.0920 -2.5948 1.8012 -1.0920 -2.5948 -81.5097 22.9100 -26.4630 -27.9981 17.1034 -62.1931 2.7709 -0.9189 -36.6882 19.4897 23.8513 101.7670 -33.6261 -4.2837 14.1115 -9.8587 -1.0542 12.1777 30.6626 14.6934 -4.0488 -9.1267 45.8839 3.8699 -35.3929 -32.9536 -40.9190 -0.0000 0.0000 0.0000 -62.4309 -35.3118 -21.8345 28.6990 55.5223 -15.3381 -7.0637 -20.8718 -8.6092 -0.0000 0.0000 0.0000
-0.0051 0.5470 0.0295 1.6824 9.5866 -42.2429 3.5811 -1.8597 -19.8006 3.5811 -1.8597 -19.8006 1.7300 -2.1670 -2.8045 1.7300 -2.1670 -2.8045 -76.6277 26.5615 -33.2642 -22.3922 14.4509 -65.2806 7.8631 -2.5859 -36.3612 17.8651 21.9879 102.0498 -34.2759 -4.1151 13.2907 -9.9422 -1.0914 12.4981 29.8679 13.8159 -3.7016 -8.5335 44.7737 3.5204 -34.1444 -34.1300 -39.3665 -0.0000 0.0000 0.0000 -66.6045 -28.0825 -18.6600 35.5169 48.3234 -16.3521 -8.3846 -20.8411 -10.2175 -0.0000 0.0000 0.0000
-0.0133 0.5446 0.0249 3.3726 10.3126 -42.7520 3.9707 -2.1756 -19.3422 3.9707 -2.1756 -19.3422 1.6606 -3.0645 -3.0043 1.6606 -3.0645 -3.0043 -71.0309 28.8567 -39.6477 -17.0937 11.4396 -67.3648 13.5534 -4.3059 -35.1108 16.3716 20.2621 102.3291 -34.8177 -3.8811 12.3347 -10.0163 -1.1301 12.8426 29.1974 13.2309 -3.4604 -8.0973 43.6206 3.2449 -32.7648 -34.8582 -37.7235 -0.0000 0.0000 0.0000 -69.3442 -22.7907 -15.8735 39.7253 42.2555 -15.8942 -9.6098 -20.7339 -11.7121 -0.0000 0.0000 0.0000
-0.0210 0.5430 0.0179 4.8493 10.7949 -43.3252 4.2870 -2.3831 -18.9304 4.2870 -2.3831 -18.9304 1.6010 -3.9202 -3.1503 1.6010 -3.9202 -3.1503 -65.1573 30.0774 -45.6094 -11.9086 8.0741 -68.1710 19.1715 -5.7976 -33.3813 14.8984 18.6735 103.0130 -35.2725 -3.5320 11.0786 -10.0813 -1.1703 13.2094 28.7743 12.7379 -3.2801 -7.8557 42.6121 3.0679 -31.0079 -35.1752 -35.7004 -0.0000 0.0000 0.0000 -71.3696 -20.1533 -14.5460 42.5624 38.8105 -15.6252 -10.5393 -20.1552 -12.8697 -0.0000 0.0000 0.0000
-0.0284 0.5422 0.0075 6.1988 11.1648 -43.9286 4.5848 -2.5241 -18.5871 4.5848 -2.5241 -18.5871 1.5343 -4.7683 -3.1996 1.5343 -4.7683 -3.1996 -59.2687 30.5823 -51.3383 -7.1494 4.7968 -67.6805 24.4855 -7.0413 -31.6602 13.3325 17.0478 104.1052 -35.6000 -3.0645 9.5251 -10.1653 -1.2131 13.5753 28.6524 11.9878 -3.0720 -7.7163 41.9205 2.9597 -29.0497 -35.1269 -33.4839 -0.0000 0.0000 0.0000 -73.1288 -19.6221 -14.6179 44.9526 37.5685 -16.0199 -10.9471 -19.6488 -13.3915 -0.0000 0.0000 0.0000
-0.0353 0.5418 -0.0062 7.3649 11.4113 -44.5649 4.8508 -2.6173 -18.3632 4.8508 -2.6173 -18.3632 1.4518 -5.4704 -3.0711 1.4518 -5.4704 -3.0711 -54.0121 30.5285 -56.3341 -3.1118 2.0342 -66.3386 29.0663 -7.9955 -30.1754 11.7655 15.4559 105.5827 -35.7174 -2.5103 7.7805 -10.2557 -1.2579 13.9492 29.0022 10.8575 -2.8160 -7.7612 41.7330 2.9624 -27.2066 -34.2171 -31.4743 -0.0000 0.0000 0.0000 -74.7777 -20.3753 -15.6402 47.0759 37.9082 -17.0166 -10.9983 -19.0385 -13.4850 -0.0000 0.0000 0.0000
-0.0415 0.5415 -0.0220 8.3730 11.5242 -45.2400 5.0291 -2.6675 -18.2439 5.0291 -2.6675 -18.2439 1.3964 -5.9738 -2.7944 1.3964 -5.9738 -2.7944 -49.4441 30.0995 -60.5695 0.2654 -0.1685 -64.8267 32.6983 -8.5550 -28.6076 10.3175 13.9842 107.2852 -35.6866 -1.9223 5.9668 -10.3519 -1.3049 14.3309 29.6371 9.7150 -2.5759 -8.2174 41.7972 3.1423 -25.6565 -32.6673 -29.8456 -0.0000 0.0000 0.0000 -76.4079 -21.5237 -17.0157 49.0042 38.8740 -18.2736 -10.7795 -18.5327 -13.2429 -0.0000 0.0000 0.0000
-0.0469 0.5408 -0.0376 9.2283 11.5334 -45.9841 5.1115 -2.6986 -18.2436 5.1115 -2.6986 -18.2436 1.3753 -6.3051 -2.3863 1.3753 -6.3051 -2.3863 -45.3788 29.2531 -63.9454 3.3812 -2.0845 -63.2986 35.6434 -8.6987 -26.6206 9.0404 12.6733 109.1053 -35.4950 -1.3550 4.2320 -10.4595 -1.3543 14.7152 30.4612 8.7294 -2.3810 -8.9728 41.9105 3.4423 -24.6319 -31.0330 -28.8157 -0.0000 0.0000 0.0000 -77.9455 -22.9889 -18.6842 50.7704 40.2202 -19.7128 -10.3055 -18.2763 -12.6746 -0.0000 0.0000 0.0000
-0.0514 0.5395 -0.0512 9.9828 11.4108 -46.8857 5.0937 -2.7241 -18.3136 5.0937 -2.7241 -18.3136 1.3669 -6.4567 -1.8535 1.3669 -6.4567 -1.8535 -41.7781 28.0495 -66.4096 6.1073 -3.6590 -61.8229 37.8023 -8.5126 -24.5259 7.9500 11.5388 110.9636 -35.1633 -0.8455 2.6680 -10.5704 -1.4056 15.1072 31.1529 8.1936 -2.2877 -10.1618 41.9368 3.9030 -23.9039 -29.5448 -28.1079 -0.0000 0.0000 0.0000 -79.4369 -24.4776 -20.4307 52.3693 41.5947 -21.1578 -9.7145 -18.3045 -11.9483 -0.0000 0.0000 0.0000
-0.0551 0.5374 -0.0613 10.6709 11.1847 -48.0429 4.9779 -2.7179 -18.4114 4.9779 -2.7179 -18.4114 1.3802 -6.4987 -1.1912 1.3802 -6.4987 -1.1912 -38.5216 26.5548 -68.0635 8.5108 -4.9567 -60.3726 39.4499 -7.9976 -22.0654 6.9942 10.5463 112.9798 -34.7758 -0.3703 1.1826 -10.6986 -1.4598 15.4963 31.5634 8.3066 -2.3515 -11.7275 41.6019 4.4684 -22.8121 -28.7292 -26.9093 -0.0000 0.0000 0.0000 -80.9146 -26.1559 -22.4110 53.6759 43.2613 -22.6904 -8.8745 -18.5379 -10.9077 -0.0000 0.0000 0.0000
-0.0580 0.5348 -0.0678 11.3237 10.9048 -49.3713 4.8274 -2.6727 -18.4329 4.8274 -2.6727 -18.4329 1.3945 -6.5100 -0.5227 1.3945 -6.5100 -0.5227 -35.3197 24.8747 -69.4241 10.5593 -5.9483 -58.6924 40.8631 -7.2130 -19.2062 6.0744 9.5274 115.0299 -34.3788 0.1131 -0.3656 -10.8566 -1.5180 15.8732 31.6173 8.9283 -2.5326 -13.4040 40.9496 5.0246 -21.4162 -28.6880 -25.2817 -0.0000 0.0000 0.0000 -82.3934 -27.8350 -24.4765 54.7359 45.0078 -24.2081 -7.6390 -19.0850 -9.3720 -0.0000 0.0000 0.0000
-0.0605 0.5319 -0.0714 11.9277 10.6375 -50.6760 4.6945 -2.5984 -18.3727 4.6945 -2.5984 -18.3727 1.4056 -6.5321 0.0529 1.4056 -6.5321 0.0529 -31.9923 23.0395 -70.8221 12.1722 -6.5823 -56.6780 42.3623 -6.3973 -16.4133 5.1702 8.4186 116.9457 -33.9907 0.6101 -1.9961 -11.0453 -1.5804 16.2368 31.5391 9.6246 -2.7239 -14.9936 40.2948 5.5283 -20.0394 -28.7003 -23.6691 -0.0000 0.0000 0.0000 -83.8308 -29.4379 -26.5396 55.6734 46.7141 -25.6923 -6.3538 -19.4176 -7.7873 -0.0000 0.0000 0.0000
-0.0627 0.5290 -0.0735 12.4589 10.4350 -51.7078 4.5821 -2.5030 -18.2352 4.5821 -2.5030 -18.2352 1.4215 -6.5825 0.4435 1.4215 -6.5825 0.4435 -28.6272 21.1407 -72.3614 13.4670 -6.9527 -54.4542 43.7065 -5.4603 -13.5616 4.3117 7.2331 118.4445 -33.6499 1.1118 -3.6756 -11.2724 -1.6478 16.5814 31.4284 10.2035 -2.8778 -16.3802 39.7966 5.9643 -18.7873 -28.8001 -22.1937 -0.0000 0.0000 0.0000 -85.1816 -30.8682 -28.4811 56.6657 48.2464 -27.1486 -5.1551 -19.5898 -6.3151 -0.0000 0.0000 0.0000
-0.0649 0.5261 -0.0755 12.9045 10.3433 -52.3132 4.5192 -2.4033 -18.0994 4.5192 -2.4033 -18.0994 1.4448 -6.7349 0.6386 1.4448 -6.7349 0.6386 -25.1914 19.1357 -74.0590 14.5181 -7.1206 -52.0676 44.8620 -4.3812 -10.5882 3.4927 5.9885 119.5256 -33.3335 1.6126 -5.3828 -11.5283 -1.7196 16.9128 31.4446 10.4151 -2.9394 -17.2256 39.5482 6.2337 -17.7875 -29.0729 -21.0013 -0.0000 0.0000 0.0000 -86.3749 -32.0481 -30.1743 57.8047 49.4933 -28.5546 -4.1838 -19.6889 -5.1239 -0.0000 0.0000 0.0000
-0.0673 0.5233 -0.0781 13.2785 10.3374 -52.4441 4.5253 -2.3180 -18.0186 4.5253 -2.3180 -18.0186 1.4338 -6.9691 0.6709 1.4338 -6.9691 0.6709 -21.8799 17.0923 -75.7262 15.3929 -7.1537 -49.6450 45.6290 -3.1614 -7.5064 2.6986 4.6977 120.2683 -32.9932 2.1056 -7.1015 -11.7875 -1.7940 17.2483 31.6272 10.1726 -2.8881 -17.5500 39.6628 6.3727 -17.2552 -29.5103 -20.3471 -0.0000 0.0000 0.0000 -87.4811 -33.0950 -31.7443 59.1655 50.6522 -30.0758 -3.4937 -19.7759 -4.2777 -0.0000 0.0000 0.0000
-0.0697 0.5205 -0.0816 13.6215 10.3519 -52.4516 4.5636 -2.2608 -17.9984 4.5636 -2.2608 -17.9984 1.3862 -7.2398 0.7042 1.3862 -7.2398 0.7042 -18.9459 15.1194 -76.9952 16.2737 -7.2200 -47.6197 45.5113 -1.7766 -4.2340 1.9497 3.4398 120.9193 -32.5759 2.5531 -8.7221 -12.0404 -1.8700 17.5938 31.8666 9.7476 -2.7890 -17.6641 39.9397 6.4632 -17.0542 -30.0208 -20.0776 -0.0000 0.0000 0.0000 -88.4994 -34.2076 -33.3730 60.4169 51.9046 -31.6416 -2.8632 -19.8605 -3.5047 -0.0000 0.0000 0.0000
-0.0722 0.5179 -0.0861 13.9630 10.3403 -52.5020 4.6387 -2.2254 -17.9259 4.6387 -2.2254 -17.9259 1.2807 -7.5241 0.7130 1.2807 -7.5241 0.7130 -16.2930 13.2295 -78.0217 17.1450 -7.3012 -45.8798 44.6456 -0.4009 -0.9765 1.2320 2.1981 121.4668 -32.0841 2.9581 -10.2624 -12.2699 -1.9463 17.9609 32.1308 9.2731 -2.6758 -17.7326 40.2819 6.5489 -16.9697 -30.4382 -19.9513 -0.0000 0.0000 0.0000 -89.5211 -35.4266 -35.1499 61.4989 53.3690 -33.2949 -2.2038 -19.8884 -2.6974 -0.0000 0.0000 0.0000
-0.0747 0.5152 -0.0910 14.2927 10.2988 -52.6107 4.7403 -2.2075 -17.8082 4.7403 -2.2075 -17.8082 1.1374 -7.8029 0.6988 1.1374 -7.8029 0.6988 -13.8743 11.4249 -78.8509 17.9136 -7.3585 -44.3896 43.8240 0.7222 1.7953 0.5504 0.9916 121.9352 -31.5288 3.3184 -11.7173 -12.4766 -2.0228 18.3487 32.4087 8.8176 -2.5671 -17.8908 40.6656 6.6765 -17.0275 -30.4598 -20.0173 -0.0000 0.0000 0.0000 -90.5244 -36.6749 -36.9892 62.4087 55.0042 -35.0052 -1.5844 -19.8088 -1.9399 -0.0000 0.0000 0.0000
-0.0773 0.5127 -0.0958 14.5780 10.2745 -52.7516 4.8645 -2.1921 -17.6606 4.8645 -2.1921 -17.6606 0.9666 -8.0394 0.6821 0.9666 -8.0394 0.6821 -11.6743 9.7200 -79.5015 18.6021 -7.4005 -43.0964 43.1205 1.6524 4.1803 -0.0740 -0.1344 122.3193 -30.9680 3.6384 -13.0813 -12.6675 -2.0999 18.7515 32.7077 8.4612 -2.4870 -18.0957 40.9897 6.8126 -17.0794 -30.3521 -20.0851 -0.0000 0.0000 0.0000 -91.4313 -37.8359 -38.7227 63.1674 56.6628 -36.6783 -0.9552 -19.7484 -1.1698 -0.0000 0.0000 0.0000
-0.0798 0.5103 -0.0999 14.8107 10.2793 -52.9185 4.9698 -2.1591 -17.4806 4.9698 -2.1591 -17.4806 0.8168 -8.2310 0.6586 0.8168 -8.2310 0.6586 -9.7655 8.1953 -79.9671 19.1694 -7.4227 -42.0272 42.6801 2.3860 6.1022 -0.6048 -1.1045 122.5923 -30.4904 3.9304 -14.3514 -12.8522 -2.1783 19.1619 33.0137 8.2344 -2.4441 -18.2865 41.1820 6.9206 -16.9588 -30.1404 -19.9580 -0.0000 0.0000 0.0000 -92.2077 -38.8019 -40.2066 63.7878 58.1726 -38.1888 -0.3037 -19.7737 -0.3720 -0.0000 0.0000 0.0000
-0.0822 0.5082 -0.1030 14.9792 10.2862 -53.0725 5.0368 -2.1117 -17.2912 5.0368 -2.1117 -17.2912 0.6857 -8.3270 0.6348 0.6857 -8.3270 0.6348 -8.2318 6.9411 -80.2471 19.6019 -7.4227 -41.1622 42.2664 2.9343 7.5818 -1.0075 -1.8461 122.7560 -30.1327 4.1953 -15.4968 -13.0146 -2.2563 19.5906 33.3183 8.1447 -2.4409 -18.4834 41.2719 7.0129 -16.6893 -29.8181 -19.6635 -0.0000 0.0000 0.0000 -92.9048 -39.5995 -41.4882 64.4013 59.5583 -39.6339 0.3614 -19.8873 0.4423 -0.0000 0.0000 0.0000
-0.0845 0.5063 -0.1048 15.1076 10.2863 -53.2878 5.0481 -2.0549 -17.1307 5.0481 -2.0549 -17.1307 0.6011 -8.3343 0.6618 0.6011 -8.3343 0.6618 -7.0326 5.9335 -80.2894 19.9883 -7.4621 -40.6144 41.5729 3.3409 8.7866 -1.2882 -2.3689 122.9306 -29.8849 4.4349 -16.5111 -13.1683 -2.3351 20.0274 33.5442 8.2495 -2.4902 -18.8211 41.2371 7.1365 -16.2106 -29.4724 -19.1244 -0.0000 0.0000 0.0000 -93.4969 -40.1065 -42.4135 64.9206 60.5821 -40.7673 1.0607 -20.1234 1.2972 -0.0000 0.0000 0.0000
-0.0866 0.5045 -0.1055 15.1956 10.2999 -53.4711 5.0349 -1.9933 -16.9966 5.0349 -1.9933 -16.9966 0.5565 -8.3022 0.6909 0.5565 -8.3022 0.6909 -6.0097 5.0646 -80.2295 20.2681 -7.4907 -40.2296 40.6396 3.6636 9.8724 -1.5060 -2.7770 123.0653 -29.6887 4.6604 -17.4570 -13.3254 -2.4158 20.4635 33.7465 8.4114 -2.5555 -19.1835 41.1478 7.2589 -15.5039 -29.0440 -18.3209 -0.0000 0.0000 0.0000 -94.0150 -40.3610 -43.0331 65.5927 61.2348 -41.7478 1.6705 -20.4784 2.0401 -0.0000 0.0000 0.0000
-0.0885 0.5030 -0.1052 15.2651 10.2643 -53.6520 4.9828 -1.9388 -16.9092 4.9828 -1.9388 -16.9092 0.5487 -8.2595 0.7332 0.5487 -8.2595 0.7332 -5.0458 4.2400 -80.0701 20.3797 -7.4790 -39.9651 39.7943 3.9305 10.8315 -1.6689 -3.0880 123.2307 -29.5019 4.8649 -18.3302 -13.4788 -2.4975 20.9035 33.8754 8.6639 -2.6431 -19.6591 41.0215 7.4171 -14.7774 -28.4464 -17.5014 -0.0000 0.0000 0.0000 -94.4968 -40.3415 -43.3432 66.2872 61.5502 -42.4989 2.1867 -20.8250 2.6671 -0.0000 0.0000 0.0000
-0.0903 0.5016 -0.1045 15.2836 10.2426 -53.7351 4.9438 -1.9024 -16.9141 4.9438 -1.9024 -16.9141 0.5545 -8.2154 0.7925 0.5545 -8.2154 0.7925 -4.1022 3.4331 -79.8441 20.3924 -7.4533 -39.8147 39.2016 4.1642 11.6586 -1.8104 -3.3633 123.4253 -29.2735 5.0420 -19.1383 -13.6361 -2.5812 21.3419 33.9955 8.9090 -2.7284 -20.0202 40.9150 7.5344 -14.1678 -28.0482 -16.8050 -0.0000 0.0000 0.0000 -94.8769 -40.0661 -43.3121 67.1136 61.5244 -43.0902 2.5323 -21.1617 3.0846 -0.0000 0.0000 0.0000
-0.0921 0.5003 -0.1038 15.2728 10.2451 -53.7502 4.9274 -1.8865 -16.9688 4.9274 -1.8865 -16.9688 0.5641 -8.1807 0.8520 0.5641 -8.1807 0.8520 -3.2238 2.6845 -79.5644 20.3808 -7.4340 -39.7406 38.9155 4.3838 12.3664 -1.9611 -3.6569 123.6033 -28.9774 5.1928 -19.9064 -13.8067 -2.6677 21.7719 34.1244 9.1054 -2.8000 -20.2164 40.8295 7.5922 -13.7044 -27.8746 -16.2671 -0.0000 0.0000 0.0000 -95.1820 -39.7007 -43.1316 68.0201 61.3283 -43.6102 2.7084 -21.4417 3.2957 -0.0000 0.0000 0.0000
-0.0941 0.4993 -0.1034 15.2292 10.3056 -53.7244 4.9582 -1.8890 -17.0293 4.9582 -1.8890 -17.0293 0.5640 -8.1563 0.8931 0.5640 -8.1563 0.8931 -2.4614 2.0395 -79.2860 20.4386 -7.4394 -39.6612 38.9468 4.5719 12.8820 -2.1334 -3.9870 123.7130 -28.6151 5.3175 -20.6388 -13.9900 -2.7571 22.1939 34.2964 9.2502 -2.8599 -20.2330 40.7363 7.5797 -13.4270 -27.8818 -15.9387 -0.0000 0.0000 0.0000 -95.4009 -39.3708 -42.9279 68.9809 61.0667 -44.1189 2.7219 -21.6650 3.3093 -0.0000 0.0000 0.0000
-0.0963 0.4986 -0.1032 15.1559 10.4465 -53.6981 5.0369 -1.8999 -17.0591 5.0369 -1.8999 -17.0591 0.5573 -8.1451 0.9124 0.5573 -8.1451 0.9124 -1.8056 1.4895 -79.0379 20.5843 -7.4689 -39.5412 39.0676 4.7309 13.2825 -2.3297 -4.3545 123.7213 -28.2080 5.4215 -21.3433 -14.1935 -2.8505 22.6027 34.5046 9.3832 -2.9199 -20.1588 40.6019 7.5244 -13.2597 -27.9741 -15.7359 -0.0000 0.0000 0.0000 -95.5106 -39.0966 -42.7082 69.8845 60.7463 -44.5371 2.6280 -21.8476 3.1931 -0.0000 0.0000 0.0000
-0.0984 0.4982 -0.1031 15.0634 10.6758 -53.6317 5.1565 -1.9141 -17.0660 5.1565 -1.9141 -17.0660 0.5539 -8.1468 0.9035 0.5539 -8.1468 0.9035 -1.2394 1.0191 -78.8570 20.7790 -7.5030 -39.3575 39.1422 4.8623 13.6205 -2.5636 -4.7796 123.6051 -27.7604 5.5096 -22.0378 -14.4309 -2.9495 22.9888 34.7576 9.4391 -2.9602 -19.9408 40.4444 7.4103 -13.1242 -28.0650 -15.5708 -0.0000 0.0000 0.0000 -95.5240 -38.9219 -42.5294 70.8470 60.3771 -44.9580 2.4317 -22.0917 2.9519 -0.0000 0.0000 0.0000
-0.1007 0.4981 -0.1031 14.9900 10.9233 -53.5970 5.2750 -1.9232 -17.0342 5.2750 -1.9232 -17.0342 0.5575 -8.1611 0.8829 0.5575 -8.1611 0.8829 -0.7311 0.5999 -78.7428 20.9901 -7.5383 -39.1533 38.9582 4.9476 13.9276 -2.7984 -5.1977 123.4291 -27.3362 5.5939 -22.7187 -14.6792 -3.0515 23.3673 34.9901 9.4945 -2.9989 -19.7501 40.2505 7.3000 -13.0197 -28.0749 -15.4468 -0.0000 0.0000 0.0000 -95.5287 -38.8040 -42.4057 71.7179 60.0151 -45.3141 2.2240 -22.3431 2.6974 -0.0000 0.0000 0.0000
-0.1031 0.4980 -0.1034 14.9159 11.1975 -53.4948 5.3990 -1.9321 -17.0241 5.3990 -1.9321 -17.0241 0.5667 -8.1805 0.8566 0.5667 -8.1805 0.8566 -0.2898 0.2376 -78.7013 21.1918 -7.5707 -38.9554 38.7040 4.9837 14.1269 -3.0149 -5.5748 123.2165 -26.9580 5.6752 -23.3670 -14.9261 -3.1552 23.7460 35.2023 9.5150 -3.0248 -19.5334 40.0869 7.1868 -12.9219 -28.1217 -15.3287 -0.0000 0.0000 0.0000 -95.5275 -38.6421 -42.2306 72.6141 59.5961 -45.6397 1.9711 -22.6547 2.3880 -0.0000 0.0000 0.0000
-0.1059 0.4978 -0.1046 14.8206 11.5094 -53.2916 5.5421 -1.9378 -17.0362 5.5421 -1.9378 -17.0362 0.5810 -8.2106 0.8088 0.5810 -8.2106 0.8088 0.0854 -0.0700 -78.6954 21.3874 -7.6075 -38.7920 38.3853 5.0019 14.3039 -3.2183 -5.9202 122.9720 -26.6186 5.7601 -24.0122 -15.1663 -3.2597 24.1285 35.5171 9.4180 -3.0224 -19.0779 39.9450 6.9895 -12.6623 -28.5139 -15.0019 -0.0000 0.0000 0.0000 -95.5141 -38.4497 -42.0145 73.6580 59.0795 -45.9913 1.6384 -23.0496 1.9821 -0.0000 0.0000 0.0000
-0.1090 0.4976 -0.1076 14.7177 11.8436 -52.9790 5.7013 -1.9468 -17.0692 5.7013 -1.9468 -17.0692 0.5915 -8.2480 0.7358 0.5915 -8.2480 0.7358 0.5221 -0.4280 -78.6914 21.4754 -7.5893 -38.5558 38.1643 5.0656 14.5737 -3.4234 -6.2591 122.6807 -26.2945 5.8448 -24.6571 -15.4025 -3.3653 24.5126 35.9323 9.1966 -2.9879 -18.4450 39.8046 6.7284 -12.3276 -29.0707 -14.5792 -0.0000 0.0000 0.0000 -95.4634 -38.2475 -41.7629 74.7328 58.5312 -46.3347 1.2254 -23.5155 1.4799 -0.0000 0.0000 0.0000
-0.1124 0.4973 -0.1126 14.6350 12.0881 -52.5945 5.8237 -1.9534 -17.1312 5.8237 -1.9534 -17.1312 0.5899 -8.2706 0.6582 0.5899 -8.2706 0.6582 1.0821 -0.8864 -78.6418 21.4892 -7.5402 -38.3003 37.9033 5.1727 14.9882 -3.6448 -6.6320 122.4536 -25.9297 5.9347 -25.3779 -15.6371 -3.4724 24.8963 36.3614 8.8827 -2.9224 -17.5575 39.6083 6.3659 -11.8697 -29.9507 -13.9979 -0.0000 0.0000 0.0000 -95.4108 -38.0987 -41.5677 75.7290 58.0857 -46.7024 0.7560 -23.9683 0.9116 -0.0000 0.0000 0.0000
-0.1159 0.4973 -0.1194 14.6669 12.2600 -52.1685 5.9090 -1.9668 -17.1764 5.9090 -1.9668 -17.1764 0.5851 -8.3689 0.5426 0.5851 -8.3689 0.5426 1.8465 -1.5097 -78.5383 21.5237 -7.4554 -37.8417 37.2210 5.3188 15.7071 -3.9809 -7.2015 122.1785 -25.4374 6.0148 -26.2069 -15.9267 -3.5881 25.2414 36.7695 8.3385 -2.7757 -16.4545 39.3864 5.9249 -11.3745 -30.7852 -13.3784 -0.0000 0.0000 0.0000 -95.5664 -38.3822 -41.9770 76.9017 58.1112 -47.6092 0.3892 -24.5103 0.4684 -0.0000 0.0000 0.0000
-0.1194 0.4979 -0.1266 14.8910 12.4614 -51.6516 5.9471 -1.9888 -17.1644 5.9471 -1.9888 -17.1644 0.6232 -8.6350 0.3321 0.6232 -8.6350 0.3321 3.0333 -2.4760 -78.4433 21.5732 -7.3140 -37.0905 35.5299 5.4652 16.9464 -4.5291 -8.0884 121.5627 -24.7698 6.0618 -27.1136 -16.3748 -3.7257 25.4756 37.1557 7.4353 -2.5022 -15.3574 39.1954 5.4966 -10.9417 -31.2020 -12.8528 -0.0000 0.0000 0.0000 -95.9789 -39.2394 -43.1829 78.3516 58.6669 -49.2074 0.1039 -25.2334 0.1247 -0.0000 0.0000 0.0000
-0.1232 0.4995 -0.1332 15.3540 12.8831 -50.8320 5.9759 -2.0583 -17.0347 5.9759 -2.0583 -17.0347 0.7201 -9.1296 -0.0933 0.7201 -9.1296 -0.0933 4.9074 -4.0170 -78.5928 21.7151 -7.0723 -35.7168 31.9491 5.4129 18.7535 -5.3977 -9.3187 119.9116 -23.9172 6.0097 -27.8392 -17.0722 -3.8948 25.5282 37.4435 6.1265 -2.0780 -14.1680 38.9337 5.0304 -10.8402 -30.8637 -12.7481 -0.0000 0.0000 0.0000 -96.6600 -40.5374 -45.0690 80.1583 59.5794 -51.4408 -0.3853 -26.1151 -0.4611 -0.0000 0.0000 0.0000
-0.1272 0.5023 -0.1383 16.0527 13.8391 -49.4842 6.0761 -2.2226 -16.7368 6.0761 -2.2226 -16.7368 0.9006 -9.8373 -0.8560 0.9006 -9.8373 -0.8560 7.3729 -6.1138 -79.3087 22.5637 -6.8051 -33.1919 26.0291 4.7779 20.4632 -6.6864 -10.7629 116.3920 -22.9742 5.7924 -27.9593 -18.0973 -4.0977 25.3211 37.7711 4.1987 -1.4369 -12.5066 38.4987 4.3826 -11.1602 -29.8845 -13.1662 -0.0000 0.0000 0.0000 -97.4711 -41.6888 -46.9162 82.2560 59.9032 -53.4202 -1.7884 -27.0000 -2.1333 -0.0000 0.0000 0.0000
-0.1316 0.5062 -0.1410 16.6959 15.1591 -47.5088 6.2637 -2.4020 -16.3035 6.2637 -2.4020 -16.3035 1.1043 -10.5186 -1.9642 1.1043 -10.5186 -1.9642 10.3304 -8.7026 -80.1790 24.8953 -6.7761 -30.0266 17.6798 3.3328 21.1909 -8.2398 -11.9975 111.1417 -22.1771 5.4692 -27.3935 -19.2545 -4.3022 24.9715 38.2357 1.9146 -0.6637 -10.6086 37.8707 3.6486 -12.0397 -28.1126 -14.2859 -0.0000 0.0000 0.0000 -97.8050 -41.8863 -47.3805 83.8238 58.9930 -53.8410 -4.3239 -27.5451 -5.1474 -0.0000 0.0000 0.0000
-0.1363 0.5111 -0.1409 16.9298 16.4682 -44.7624 6.5026 -2.5086 -15.8392 6.5026 -2.5086 -15.8392 1.3045 -10.8698 -3.3027 1.3045 -10.8698 -3.3027 13.3723 -11.3870 -80.7601 29.2064 -7.0934 -26.7631 9.2304 1.6481 20.2054 -9.7941 -12.6932 104.7844 -21.6414 5.1264 -26.3637 -20.3136 -4.4845 24.6571 38.9737 -0.4554 0.1611 -8.5122 36.9346 2.8474 -13.3273 -25.7974 -15.9344 -0.0000 0.0000 0.0000 -97.4088 -41.1756 -46.3070 84.9246 57.3701 -53.1947 -7.7246 -27.3628 -9.1976 -0.0000 0.0000 0.0000
-0.1409 0.5167 -0.1383 16.3473 17.1838 -41.3197 6.7450 -2.4174 -15.4047 6.7450 -2.4174 -15.4047 1.5310 -10.6886 -4.8934 1.5310 -10.6886 -4.8934 16.9384 -14.2269 -79.9330 34.5639 -7.4179 -23.5392 3.2171 0.4925 17.4034 -11.0978 -12.9849 99.0262 -21.0523 4.9124 -25.9981 -20.9944 -4.6346 24.6396 39.9893 -2.4783 0.9019 -6.7277 36.0647 2.1924 -14.8605 -22.6663 -17.9564 -0.0000 0.0000 0.0000 -96.3119 -40.4080 -44.6812 86.2682 56.5054 -53.4479 -10.9471 -26.5728 -13.0617 -0.0000 0.0000 0.0000
-0.1439 0.5227 -0.1343 14.7275 16.7282 -37.2998 6.8835 -2.0464 -15.1021 6.8835 -2.0464 -15.1021 1.7929 -9.9055 -6.4565 1.7929 -9.9055 -6.4565 21.2629 -16.8406 -76.5180 39.2856 -7.6876 -21.3212 0.4388 0.0540 14.0220 -11.8453 -13.0326 95.5075 -20.1528 4.9495 -27.3395 -21.0381 -4.7481 25.1726 40.9592 -3.5786 1.3369 -5.0181 35.3767 1.6013 -16.2723 -19.0959 -19.9106 -0.0000 0.0000 0.0000 -94.5827 -40.5119 -43.5832 88.7864 57.6142 -56.5951 -13.2525 -25.6010 -15.8562 -0.0000 0.0000 0.0000
-0.1437 0.5282 -0.1312 12.4849 15.1897 -32.9457 6.8234 -1.4915 -14.6310 6.8234 -1.4915 -14.6310 2.1042 -8.5601 -7.7828 2.1042 -8.5601 -7.7828 26.6738 -18.6967 -69.5528 43.3348 -7.9108 -19.7459 -0.6321 -0.0604 10.9210 -12.0761 -12.6253 92.5670 -19.1769 5.0758 -29.4038 -20.6086 -4.8257 26.0978 42.1210 -4.3567 1.6783 -3.8337 35.4398 1.2254 -17.3757 -14.7017 -21.6122 -0.0000 0.0000 0.0000 -92.2606 -41.2773 -42.7912 92.6918 59.9363 -62.2938 -14.8801 -24.8083 -17.8439 -0.0000 0.0000 0.0000
-0.1381 0.5315 -0.1309 10.3540 13.3966 -28.4961 6.6242 -1.0033 -13.8654 6.6242 -1.0033 -13.8654 2.3809 -6.9361 -8.3983 2.3809 -6.9361 -8.3983 32.2242 -19.2584 -60.8548 46.7392 -7.3368 -16.8792 -0.7950 -0.0551 7.9242 -12.1353 -11.7847 88.3083 -18.3293 5.1033 -30.8833 -20.1516 -4.8887 27.0170 43.9593 -6.5923 2.6632 -3.7025 37.5176 1.2578 -17.8702 -8.8804 -22.7604 -0.0000 0.0000 0.0000 -89.7611 -41.7391 -41.5804 97.1717 61.6078 -68.1121 -16.6476 -24.1034 -20.0004 -0.0000 0.0000 0.0000
-0.1261 0.5316 -0.1324 8.7888 11.9606 -24.2811 6.3602 -0.6847 -12.9403 6.3602 -0.6847 -12.9403 2.3921 -5.1418 -7.6607 2.3921 -5.1418 -7.6607 37.1198 -18.6512 -52.1254 48.7982 -5.7410 -12.6158 -0.6060 -0.0226 4.2692 -12.2199 -10.7926 82.8539 -17.8663 5.1454 -31.9050 -19.7205 -4.9749 28.0652 46.4499 -11.3429 4.8804 -4.6173 42.5839 1.8003 -17.2624 -1.8293 -22.7110 -0.0000 0.0000 0.0000 -87.7911 -41.1476 -39.7149 100.6018 61.6877 -71.4552 -18.6274 -23.4498 -22.4127 -0.0000 0.0000 0.0000
-0.1097 0.5283 -0.1362 7.9307 11.4912 -20.1280 6.1582 -0.5846 -11.9962 6.1582 -0.5846 -11.9962 1.7884 -3.3330 -5.5051 1.7884 -3.3330 -5.5051 40.5448 -16.8700 -43.7487 49.7742 -3.0328 -6.5319 0.1841 0.0009 0.5648 -12.6933 -9.8602 75.5899 -17.3830 4.8661 -31.0666 -20.3386 -5.1525 28.1631 49.2779 -18.6577 8.6177 -5.4832 49.9376 2.5547 -15.3765 5.3361 -21.0190 -0.0000 0.0000 0.0000 -87.0199 -39.5801 -37.7183 102.4932 60.1901 -71.6611 -21.0274 -22.3819 -25.3683 -0.0000 0.0000 0.0000
-0.0918 0.5226 -0.1415 7.4170 11.7938 -15.9388 6.0857 -0.6306 -11.3290 6.0857 -0.6306 -11.3290 0.5282 -1.7900 -2.8608 0.5282 -1.7900 -2.8608 42.2112 -14.1754 -35.7115 48.5287 0.1766 0.3918 2.0162 -0.0379 -2.1537 -13.3615 -8.9506 67.5016 -16.3291 4.1098 -28.0821 -21.6800 -5.2557 26.9580 52.0616 -26.8631 13.3055 -5.2268 57.8434 2.8893 -12.7276 11.2360 -18.0475 -0.0000 0.0000 0.0000 -87.1334 -37.7452 -36.0242 103.8569 58.1702 -70.7602 -23.4613 -20.9034 -28.4178 -0.0000 0.0000 0.0000
-0.0745 0.5161 -0.1462 6.8353 12.2916 -11.5582 6.1655 -0.7152 -11.0749 6.1655 -0.7152 -11.0749 -1.0888 -0.7109 -0.3905 -1.0888 -0.7109 -0.3905 41.7450 -11.2723 -29.0207 45.5194 2.3154 5.5155 4.7332 -0.1066 -2.5793 -13.8819 -8.0371 59.9765 -14.4380 3.0172 -23.4910 -23.1898 -5.0851 24.4236 54.0411 -33.9211 17.6809 -2.6433 64.0751 1.6543 -10.1956 14.6256 -14.8066 -0.0000 0.0000 0.0000 -87.5099 -36.2412 -34.7943 105.4573 56.4192 -70.3578 -25.6059 -19.0740 -31.1807 -0.0000 0.0000 0.0000
-0.0592 0.5105 -0.1491 6.0817 12.7124 -7.1970 6.2917 -0.7842 -10.7962 6.2917 -0.7842 -10.7962 -2.8549 0.3996 1.8197 -2.8549 0.3996 1.8197 39.9449 -8.6914 -23.6208 39.6426 3.5512 9.8312 9.4838 -0.1753 -2.1130 -13.4499 -6.6361 52.3643 -11.7473 1.7818 -17.1911 -24.1311 -4.5915 21.2449 55.0917 -39.4369 21.1777 2.0585 68.3671 -1.3982 -8.2047 16.1906 -12.0595 -0.0000 0.0000 0.0000 -87.5851 -34.7335 -33.3809 106.2036 54.9546 -69.4211 -27.1859 -17.0249 -33.3193 -0.0000 0.0000 0.0000
-0.0462 0.5073 -0.1498 5.1994 13.1977 -3.1371 6.4631 -0.8435 -10.3314 6.4631 -0.8435 -10.3314 -4.8609 1.5344 4.2079 -4.8609 1.5344 4.2079 37.8642 -6.5535 -18.9525 31.7482 3.5045 12.2804 15.2494 -0.1303 -0.9733 -11.6450 -4.7929 44.6269 -8.1608 0.6882 -9.6239 -24.7980 -3.9144 17.6709 55.7118 -43.9345 24.0674 7.7785 71.3587 -5.5894 -6.5361 16.9451 -9.6667 -0.0000 0.0000 0.0000 -87.1224 -32.9680 -31.4342 105.2068 53.6209 -66.9351 -28.1571 -14.9495 -34.7546 -0.0000 0.0000 0.0000
-0.0338 0.5070 -0.1494 4.2790 13.8110 0.2833 6.6436 -0.8610 -9.6270 6.6436 -0.8610 -9.6270 -6.9724 2.4847 6.6702 -6.9724 2.4847 6.6702 36.1012 -4.7821 -14.6026 24.3617 2.7027 12.4735 19.8477 0.1494 0.8539 -8.1639 -2.7883 37.6613 -4.3714 0.0977 -2.5604 -25.2623 -3.2268 14.3279 56.3322 -47.7764 26.6814 13.5698 73.8261 -10.2141 -5.0489 17.2117 -7.4857 -0.0000 0.0000 0.0000 -86.2420 -31.0258 -29.1414 102.4525 52.4207 -63.0045 -28.5500 -13.0747 -35.4829 -0.0000 0.0000 0.0000
-0.0196 0.5089 -0.1478 3.3440 14.7438 2.9984 6.8387 -0.8352 -8.6316 6.8387 -0.8352 -8.6316 -9.1683 2.9940 9.1301 -9.1683 2.9940 9.1301 33.9741 -3.1890 -10.4131 18.6009 1.8959 11.5387 22.6834 0.4791 2.3882 -3.5474 -0.9915 31.2239 -0.6813 -0.0231 3.8802 -26.0228 -2.5719 11.0969 57.4158 -51.2766 29.4538 19.1206 76.0339 -15.0018 -3.7475 17.2550 -5.5599 -0.0000 0.0000 0.0000 -84.8750 -28.9401 -26.5524 98.0458 51.0860 -57.6393 -28.7123 -11.5080 -35.8999 -0.0000 0.0000 0.0000
-0.0022 0.5121 -0.1430 2.3715 16.1555 5.0444 7.0225 -0.7774 -7.3576 7.0225 -0.7774 -7.3576 -11.2115 3.0187 11.2326 -11.2115 3.0187 11.2326 31.3232 -1.9275 -6.8673 14.1717 1.3720 11.0035 24.6716 0.5959 2.7244 2.4518 0.5547 25.4936 2.3714 0.2026 9.7661 -26.2869 -1.9740 8.4394 59.5641 -54.3680 32.7577 21.8812 78.1601 -17.8433 -2.4425 17.0845 -3.6201 -0.0000 0.0000 0.0000 -83.0494 -26.7802 -23.8065 92.2674 49.5929 -51.3420 -28.6691 -9.9601 -36.0703 -0.0000 0.0000 0.0000
0.0165 0.5157 -0.1361 1.3767 17.8458 6.7119 7.1773 -0.6949 -6.1181 7.1773 -0.6949 -6.1181 -12.6875 2.5165 12.6379 -12.6875 2.5165 12.6379 28.5408 -1.1932 -4.6887 11.1013 1.0938 11.2195 25.2453 0.6041 2.6971 9.5776 1.8699 22.0462 4.2005 0.5259 14.2667 -25.8018 -1.4702 6.4124 62.5087 -57.0926 36.5428 21.7201 80.6813 -18.5079 -1.0271 16.2861 -1.5136 -0.0000 0.0000 0.0000 -81.1767 -24.8095 -21.3437 85.7747 47.9113 -44.8506 -28.4298 -8.3874 -36.0084 -0.0000 0.0000 0.0000
0.0358 0.5191 -0.1276 0.4910 19.4727 8.0287 7.2904 -0.6398 -5.1813 7.2904 -0.6398 -5.1813 -13.4600 1.9612 13.2839 -13.4600 1.9612 13.2839 25.6779 -0.6340 -2.7814 8.3873 0.8284 11.2621 25.5955 0.6218 2.7367 17.1965 3.2619 21.3286 4.4705 0.6810 17.3146 -24.3951 -1.0443 4.8285 65.7213 -59.3286 40.3985 18.2824 83.4487 -16.3312 0.3655 15.1510 0.5343 -0.0000 0.0000 0.0000 -78.5320 -22.6820 -18.6229 78.8394 46.4248 -38.8365 -28.2192 -7.4193 -35.8935 -0.0000 0.0000 0.0000
0.0559 0.5220 -0.1179 -0.2327 20.8498 9.1034 7.3896 -0.6202 -4.5896 7.3896 -0.6202 -4.5896 -13.7394 1.3842 13.6666 -13.7394 1.3842 13.6666 22.7391 -0.2104 -1.0465 6.6807 0.6286 10.7390 26.1941 0.6643 2.8548 24.3711 4.9687 22.7213 3.8398 0.6496 19.1968 -22.8685 -0.7568 3.7407 68.9854 -61.2276 44.2503 9.4277 86.2451 -8.8317 1.6783 14.0803 2.4351 -0.0000 0.0000 0.0000 -75.4405 -20.7409 -16.1126 72.0047 45.4094 -33.8202 -28.0415 -6.8514 -35.7592 -0.0000 0.0000 0.0000
0.0779 0.5236 -0.1089 -0.7978 22.1332 10.1584 7.4685 -0.5964 -4.0669 7.4685 -0.5964 -4.0669 -14.0508 0.5382 14.3623 -14.0508 0.5382 14.3623 19.6930 0.0046 0.0263 5.5031 0.4950 10.2713 26.7807 0.7493 3.1468 30.6746 7.1411 25.6342 2.2755 0.3951 19.7006 -21.9487 -0.7253 3.7389 72.1178 -62.9620 48.0601 -38.5174 88.5444 37.6199 3.1598 12.9201 4.5479 -0.0000 0.0000 0.0000 -72.4790 -19.1805 -14.1192 64.9777 44.7034 -29.3460 -27.5945 -5.7449 -35.3714 -0.0000 0.0000 0.0000
0.1024 0.5243 -0.1017 -1.3062 23.3872 11.3803 7.5479 -0.5633 -3.6062 7.5479 -0.5633 -3.6062 -14.5498 -0.7947 15.5737 -14.5498 -0.7947 15.5737 16.4219 0.1145 0.7934 4.8210 0.4274 10.1263 27.1254 0.7950 3.2946 35.7290 9.6237 29.2753 0.2224 0.0371 18.9231 -20.8547 -1.0398 5.6460 75.0491 -64.7928 51.9622 -122.9461 87.2532 120.6105 4.8606 11.4891 6.9282 -0.0000 0.0000 0.0000 -69.4713 -17.5794 -12.2385 57.0911 43.6137 -24.5583 -26.8814 -3.9813 -34.7492 -0.0000 0.0000 0.0000
0.1283 0.5249 -0.0964 -1.8118 24.5243 12.7966 7.5729 -0.5168 -3.1756 7.5729 -0.5168 -3.1756 -15.0733 -2.2884 16.8592 -15.0733 -2.2884 16.8592 12.6707 0.1863 1.6776 4.0302 0.3539 10.0335 28.1513 0.7753 3.0914 40.4854 12.4337 32.9133 -0.9436 -0.1492 17.9742 -19.8924 -1.5239 8.6740 77.5978 -66.8389 55.8941 -138.2030 84.5008 134.4002 7.2538 9.5289 10.2051 -0.0000 0.0000 0.0000 -66.0950 -15.4778 -10.1050 47.7953 41.5954 -19.1060 -25.6519 -1.0938 -33.6426 -0.0000 0.0000 0.0000
0.1529 0.5263 -0.0913 -2.3488 25.2172 14.4610 7.5802 -0.4939 -2.9953 7.5802 -0.4939 -2.9953 -15.3227 -3.5221 17.8440 -15.3227 -3.5221 17.8440 8.5655 0.2268 3.0277 3.1380 0.2588 9.4261 29.1801 0.5963 2.2907 45.1333 15.5481 36.3719 -0.8097 -0.1225 17.2099 -18.8776 -1.9884 11.9189 78.2984 -68.9253 58.3875 -143.5907 81.7958 138.4174 10.4838 7.4026 14.5422 -0.0000 0.0000 0.0000 -62.7752 -13.1052 -8.0175 38.0580 38.5288 -13.7465 -23.9340 2.6114 -32.0185 -0.0000 0.0000 0.0000
0.1736 0.5293 -0.0837 -3.0980 25.5160 16.5242 7.5820 -0.5005 -3.0362 7.5820 -0.5005 -3.0362 -15.2700 -4.4390 18.4541 -15.2700 -4.4390 18.4541 4.6894 0.1655 4.0414 2.3596 0.1701 8.2453 29.3081 0.2307 0.8821 49.7397 18.8175 39.3413 0.2847 0.0442 17.6354 -18.6973 -2.2500 13.6047 74.8913 -69.8247 56.2481 -139.2020 80.4631 132.5428 13.9852 6.3764 19.2466 -0.0000 0.0000 0.0000 -59.1954 -10.5764 -6.0193 29.4223 35.3538 -9.5661 -22.4215 6.1394 -30.6051 -0.0000 0.0000 0.0000
0.1895 0.5347 -0.0748 -4.1790 25.5646 18.8268 7.5462 -0.4951 -3.0813 7.5462 -0.4951 -3.0813 -14.9384 -5.1706 18.6789 -14.9384 -5.1706 18.6789 1.6294 0.0555 3.8988 1.7553 0.0994 6.4840 28.9036 -0.1628 -0.6317 53.5821 21.8240 41.7940 3.2179 0.5660 19.9454 -20.0908 -2.3709 13.3258 68.3754 -69.1237 50.1536 -131.2360 80.6526 123.8003 16.7998 4.3689 22.8204 -0.0000 0.0000 0.0000 -55.5340 -8.1631 -4.3032 23.0908 32.4554 -6.8051 -21.5845 9.1276 -29.9910 -0.0000 0.0000 0.0000
0.2023 0.5422 -0.0692 -5.6302 25.6894 21.1593 7.4850 -0.4364 -2.8405 7.4850 -0.4364 -2.8405 -14.5320 -5.8292 18.3959 -14.5320 -5.8292 18.3959 -0.8118 -0.0155 2.1826 1.4218 0.0556 4.4820 28.0827 -0.5033 -2.0122 56.2044 24.7630 44.6950 5.6684 1.1315 22.5607 -21.2749 -2.3717 12.5787 62.9518 -68.0044 44.8796 -119.0483 81.6736 111.5002 19.1718 2.0515 25.6804 -0.0000 0.0000 0.0000 -51.6912 -6.0223 -2.9193 18.5649 29.8753 -4.9934 -21.3346 11.5510 -30.0867 -0.0000 0.0000 0.0000
0.2149 0.5517 -0.0707 -7.3431 25.8239 23.2591 7.4203 -0.3499 -2.4342 7.4203 -0.3499 -2.4342 -13.9522 -6.4151 17.7694 -13.9522 -6.4151 17.7694 -2.9546 0.0194 -0.7520 1.1039 0.0234 2.4335 27.1451 -0.6938 -2.8733 57.1994 27.5387 48.4050 7.8094 1.7673 25.4670 -21.6414 -2.2665 11.8176 59.6911 -68.2725 42.5116 -108.8165 83.0899 102.1452 20.5179 0.2649 27.2082 -0.0000 0.0000 0.0000 -47.5815 -4.0726 -1.7961 15.2939 27.3722 -3.7453 -21.5635 13.5769 -30.7929 -0.0000 0.0000 0.0000
0.2301 0.5623 -0.0803 -8.8999 25.6377 24.7224 7.3187 -0.2748 -2.0793 7.3187 -0.2748 -2.0793 -13.1795 -6.4936 16.7992 -13.1795 -6.4936 16.7992 -5.4271 0.1769 -3.7306 0.9212 0.0013 0.1650 26.4474 -0.7708 -3.2795 56.9714 30.0663 52.6652 9.6585 2.4437 28.3369 -22.0680 -2.1869 11.1810 57.4173 -71.0214 42.6922 -114.2370 85.1634 109.7486 20.8382 -1.7393 27.3582 -0.0000 0.0000 0.0000 -43.7749 -2.6262 -1.0552 13.1503 25.5855 -2.9984 -21.9469 14.8274 -31.5837 -0.0000 0.0000 0.0000
0.2480 0.5730 -0.0966 -10.0186 24.9851 25.4085 7.2183 -0.2440 -2.0117 7.2183 -0.2440 -2.0117 -12.1499 -5.8698 15.5859 -12.1499 -5.8698 15.5859 -8.3930 0.4338 -5.9065 0.8350 -0.0148 -2.0327 25.1694 -0.9217 -4.1268 56.3042 32.5111 57.1706 10.5360 2.9392 31.0980 -22.4473 -2.1664 10.8856 54.0742 -75.2044 42.9143 -153.2267 86.6482 151.6760 20.2220 -2.3330 26.4866 -0.0000 0.0000 0.0000 -41.2612 -2.2727 -0.8557 12.3800 25.0316 -2.7584 -22.1805 15.0180 -31.9513 -0.0000 0.0000 0.0000
0.2663 0.5825 -0.1153 -10.8071 24.0079 25.7145 7.0932 -0.2370 -2.1315 7.0932 -0.2370 -2.1315 -10.9315 -4.9633 14.3835 -10.9315 -4.9633 14.3835 -11.2202 0.7669 -7.7957 0.2564 -0.0088 -3.9323 23.6130 -0.9543 -4.5629 55.0837 34.7853 61.9828 10.6460 3.3906 35.2460 -23.4281 -2.1039 10.1217 47.3416 -78.2532 39.2509 166.7969 86.4387 -165.9579 18.9276 0.4160 25.1488 -0.0000 0.0000 0.0000 -40.2557 -3.0580 -1.1210 13.0556 25.7625 -2.9979 -22.1938 14.5233 -31.8655 -0.0000 0.0000 0.0000
0.2815 0.5905 -0.1309 -11.3130 22.9784 25.7515 6.8868 -0.2288 -2.2514 6.8868 -0.2288 -2.2514 -9.5046 -3.8667 12.8587 -9.5046 -3.8667 12.8587 -14.3817 1.2772 -10.0975 -0.3345 0.0144 -4.9432 21.3493 -0.9376 -4.9711 52.5782 36.6254 67.6423 9.1390 3.4420 41.2069 -25.4031 -2.0215 8.9517 38.5083 -79.4077 32.3476 145.4308 85.3678 -142.7110 17.4402 3.9348 23.6239 -0.0000 0.0000 0.0000 -40.5741 -4.7242 -1.7472 15.4010 27.5211 -3.7931 -22.2539 13.0445 -31.6455 -0.0000 0.0000 0.0000
0.2911 0.5972 -0.1377 -11.4509 21.7546 25.5662 6.6309 -0.2353 -2.4294 6.6309 -0.2353 -2.4294 -7.9408 -2.4626 10.9556 -7.9408 -2.4626 10.9556 -18.6529 2.0661 -12.5315 0.4692 -0.0198 -4.8288 17.9852 -0.7648 -4.8298 49.5081 38.0156 73.5265 5.4781 2.4205 47.6499 -27.0454 -1.9081 7.9219 30.8939 -79.0519 25.6874 135.4253 84.5634 -131.4747 16.5176 7.3965 22.8242 -0.0000 0.0000 0.0000 -41.6908 -6.5963 -2.5140 19.0854 30.1195 -5.1797 -22.3952 10.3928 -31.3247 -0.0000 0.0000 0.0000
0.2957 0.6027 -0.1366 -11.3563 20.3720 25.2843 6.2828 -0.2498 -2.7182 6.2828 -0.2498 -2.7182 -6.2540 -1.0074 8.9536 -6.2540 -1.0074 8.9536 -23.5980 3.1387 -14.9440 2.5171 -0.0783 -3.5612 13.7158 -0.5978 -4.9676 45.6958 38.4394 79.2090 -0.1936 -0.0980 53.7096 -26.9519 -1.6005 6.6718 25.5799 -77.5305 20.6625 127.8640 84.1331 -123.0804 15.6036 10.3899 21.9640 -0.0000 0.0000 0.0000 -43.1539 -8.2225 -3.2564 23.6842 32.7228 -7.0452 -22.5211 7.2851 -30.9340 -0.0000 0.0000 0.0000
0.2973 0.6067 -0.1313 -11.0573 18.6815 24.9168 5.7866 -0.2710 -3.2122 5.7866 -0.2710 -3.2122 -4.5795 0.5424 7.1620 -4.5795 0.5424 7.1620 -28.8831 4.2075 -16.2358 4.7870 -0.0967 -2.3121 8.2580 -0.3819 -5.2867 40.6159 37.5418 85.1270 -7.6808 -4.2523 57.8897 -25.3480 -0.7974 3.5446 22.2351 -75.0199 17.1559 121.2460 83.8569 -115.8424 14.4917 10.9992 20.4933 -0.0000 0.0000 0.0000 -44.7743 -9.6785 -3.9946 28.9789 35.6545 -9.5014 -22.4227 3.2742 -30.1420 -0.0000 0.0000 0.0000
0.2971 0.6104 -0.1241 -10.6749 16.6965 24.5243 5.2172 -0.2944 -3.9561 5.2172 -0.2944 -3.9561 -2.8041 2.0576 5.3913 -2.8041 2.0576 5.3913 -33.8625 4.9970 -16.3142 6.1223 -0.0635 -1.1866 2.3877 -0.1174 -5.6292 34.3185 35.0632 91.3084 -16.7204 -9.3726 58.3063 -21.2838 0.2785 -1.4820 20.2246 -71.9483 14.7524 114.7763 83.5886 -108.8144 13.4634 10.4462 18.9875 -0.0000 0.0000 0.0000 -46.2965 -10.9440 -4.6906 34.5110 38.8171 -12.4908 -21.8356 -1.3909 -28.6929 -0.0000 0.0000 0.0000
0.2952 0.6148 -0.1150 -10.3644 14.7242 24.1778 4.6224 -0.2852 -4.6517 4.6224 -0.2852 -4.6517 -1.2507 3.1971 3.9020 -1.2507 3.1971 3.9020 -37.8755 5.4752 -15.8675 6.0469 -0.0270 -0.5120 -1.6429 0.0739 -5.1505 27.4597 30.5975 96.4587 -25.9305 -13.5601 54.6234 -15.0332 0.7975 -6.0389 18.2165 -69.2519 12.6345 110.3926 82.8981 -103.5880 12.8003 10.1129 18.0231 -0.0000 0.0000 0.0000 -47.2812 -11.6665 -5.1211 39.2242 41.5255 -15.3869 -20.7631 -5.7432 -26.7617 -0.0000 0.0000 0.0000
0.2908 0.6204 -0.1048 -9.9355 12.4884 23.7835 4.1397 -0.3072 -6.0368 4.1397 -0.3072 -6.0368 0.1890 4.4249 2.4634 0.1890 4.4249 2.4634 -42.8767 5.3537 -13.5801 4.0134 0.0037 0.1057 -3.2469 0.1188 -4.1911 22.2743 26.0681 99.2433 -33.0612 -15.9140 50.4362 -9.1126 0.6378 -7.9905 17.1286 -65.9306 11.1568 103.4698 82.2080 -95.7697 12.2597 8.5565 17.1054 -0.0000 0.0000 0.0000 -47.9542 -12.2259 -5.4541 43.4447 44.2811 -18.4153 -19.2528 -9.6003 -24.4266 -0.0000 0.0000 0.0000
0.2822 0.6277 -0.0945 -9.3350 10.0121 23.4374 3.4825 -0.2797 -7.7864 3.4825 -0.2797 -7.7864 1.5198 5.6441 1.0711 1.5198 5.6441 1.0711 -48.3429 4.4737 -9.9477 0.8186 0.0039 0.5399 -2.0599 0.0416 -2.3150 19.6422 23.1313 99.5443 -38.2844 -16.9015 46.3448 -6.0341 0.3514 -6.6597 17.1731 -61.5305 10.2727 90.7285 81.5459 -82.2672 11.2058 7.0712 15.5080 -0.0000 0.0000 0.0000 -48.3523 -12.6907 -5.7158 47.5244 47.1222 -21.7360 -17.8180 -12.3981 -22.3631 -0.0000 0.0000 0.0000
0.2685 0.6359 -0.0860 -8.6819 7.6797 22.8235 2.6587 -0.1283 -9.5880 2.6587 -0.1283 -9.5880 2.3646 6.6950 0.3757 2.3646 6.6950 0.3757 -53.4143 3.0054 -5.9696 -3.0897 -0.0360 1.3360 -0.5313 0.0075 -1.6273 18.8549 21.4201 97.4401 -41.9527 -17.2982 43.2820 -5.0875 0.1397 -3.1438 17.7457 -57.0545 9.7007 76.7784 80.3559 -67.5658 9.2227 6.5358 12.7362 -0.0000 0.0000 0.0000 -48.5300 -13.3896 -6.0578 51.2674 49.5888 -24.9964 -16.8334 -13.6520 -21.0309 -0.0000 0.0000 0.0000
0.2491 0.6441 -0.0810 -8.1692 5.8576 21.5005 1.8418 0.1518 -11.3645 1.8418 0.1518 -11.3645 3.3354 7.5756 -0.6904 3.3354 7.5756 -0.6904 -58.3831 1.3355 -2.3903 -7.5872 -0.1253 1.8902 -0.3060 0.0053 -1.9944 17.9624 18.8643 92.8548 -44.7267 -17.5651 41.1642 -6.0908 -0.0202 0.3793 19.4522 -53.2753 9.8276 65.9397 78.9372 -56.2149 6.1965 6.3773 8.5585 -0.0000 0.0000 0.0000 -48.3481 -14.8623 -6.7013 55.1062 51.9388 -28.5172 -16.4407 -14.5050 -20.4742 -0.0000 0.0000 0.0000
0.2246 0.6505 -0.0795 -7.8418 4.6820 19.2523 1.1946 0.5172 -13.0995 1.1946 0.5172 -13.0995 4.9118 7.9818 -3.2429 4.9118 7.9818 -3.2429 -63.5495 0.2441 -0.3940 -12.4559 -0.2229 2.0427 -1.3683 0.0430 -3.5986 15.8301 14.7760 86.0079 -46.5629 -18.2217 40.8811 -7.8201 -0.1299 1.9009 22.2246 -50.4481 10.5727 58.3786 77.7055 -48.4557 2.5148 5.7572 3.4636 -0.0000 0.0000 0.0000 -47.7301 -17.1251 -7.6220 58.9864 54.1798 -32.2719 -16.5188 -15.5846 -20.4833 -0.0000 0.0000 0.0000
0.1957 0.6542 -0.0799 -7.6127 4.1543 16.1636 0.8317 0.8704 -14.6037 0.8317 0.8704 -14.6037 6.8025 7.5260 -7.0685 6.8025 7.5260 -7.0685 -68.5654 0.2905 -0.4262 -17.4519 -0.1515 0.9868 -2.1569 0.1137 -6.0367 12.2142 9.9468 78.2440 -48.4787 -19.6412 42.0595 -8.2357 -0.1036 1.4387 25.3229 -48.5836 11.5795 53.7197 76.8418 -43.7713 -1.0747 4.4698 -1.4696 -0.0000 0.0000 0.0000 -46.6482 -19.8540 -8.6308 62.4110 56.4080 -35.9934 -16.7574 -17.1105 -20.6546 -0.0000 0.0000 0.0000
0.1632 0.6556 -0.0776 -7.3578 3.8199 12.6229 0.6830 1.1937 -16.2184 0.6830 1.1937 -16.2184 8.2829 6.1491 -11.1912 8.2829 6.1491 -11.1912 -73.4851 1.2642 -1.6934 -22.5479 0.3587 -1.7991 -0.4385 0.0308 -8.0402 8.2155 5.9596 71.8706 -51.9910 -21.4192 42.3968 -7.1872 -0.0411 0.6544 28.9160 -45.8238 12.4388 46.1193 75.8920 -36.7273 -4.1300 1.1685 -5.5462 -0.0000 0.0000 0.0000 -44.9968 -22.6695 -9.4919 65.4965 58.8079 -39.8483 -16.9094 -19.0622 -20.6873 -0.0000 0.0000 0.0000
0.1286 0.6553 -0.0689 -7.0529 3.6752 9.4913 0.5681 1.4636 -17.3550 0.5681 1.4636 -17.3550 8.8135 4.6078 -13.7165 8.8135 4.6078 -13.7165 -77.1391 3.0472 -3.8207 -26.6236 1.3824 -5.8378 3.5900 -0.2434 -7.7548 5.5541 3.7346 67.8121 -55.2914 -21.9835 40.6905 -6.4945 0.0054 -0.0943 32.2130 -41.1955 12.3875 34.3406 73.6390 -26.0484 -5.7756 -2.4663 -7.6126 -0.0000 0.0000 0.0000 -42.8823 -25.3699 -10.1032 68.7670 61.2425 -44.0990 -17.3241 -21.3892 -21.0102 -0.0000 0.0000 0.0000
0.0941 0.6540 -0.0531 -6.7132 3.6491 7.0853 0.4740 1.6852 -17.9969 0.4740 1.6852 -17.9969 8.8798 3.4865 -14.9595 8.8798 3.4865 -14.9595 -79.7499 5.3262 -6.3738 -29.7969 2.6671 -10.0009 5.3880 -0.3549 -7.5307 4.3519 2.8298 66.0523 -57.3562 -20.7605 37.0299 -6.8927 -0.0741 1.2309 34.2510 -35.7172 11.3391 24.6875 69.6740 -17.3197 -5.9738 -5.1925 -7.7718 -0.0000 0.0000 0.0000 -40.6445 -28.0811 -10.5830 72.4610 63.4839 -48.7668 -18.1042 -23.5300 -21.7818 -0.0000 0.0000 0.0000
0.0633 0.6522 -0.0347 -6.4274 3.8917 5.3223 0.4947 1.8522 -18.3644 0.4947 1.8522 -18.3644 8.7940 2.5185 -15.6341 8.7940 2.5185 -15.6341 -81.2106 8.0318 -9.3636 -32.0512 4.1593 -14.4108 5.3677 -0.3753 -7.9930 3.7032 2.3842 65.5384 -58.0498 -18.4780 32.6772 -8.2947 -0.2193 3.0243 35.4275 -29.5717 9.6380 17.9118 64.3516 -11.3248 -4.7524 -6.6852 -6.1417 -0.0000 0.0000 0.0000 -38.3964 -31.0366 -11.0449 77.0812 65.4393 -54.2058 -19.3717 -25.3482 -23.1474 -0.0000 0.0000 0.0000
0.0375 0.6503 -0.0176 -5.9838 4.3900 3.8684 0.5146 1.9722 -18.6155 0.5146 1.9722 -18.6155 8.7310 1.5724 -16.0885 8.7310 1.5724 -16.0885 -81.7794 11.0985 -12.8038 -33.6535 5.8511 -19.1829 4.3759 -0.3745 -9.7791 3.2443 2.0505 64.5804 -58.8649 -15.9862 27.9508 -9.0531 -0.3590 4.5328 35.5177 -24.1430 7.8366 14.5354 58.8610 -8.2306 -2.3164 -6.5980 -2.9957 -0.0000 0.0000 0.0000 -35.9957 -33.4687 -11.1580 80.2735 66.8246 -58.1683 -20.9998 -26.4413 -24.9815 -0.0000 0.0000 0.0000
0.0176 0.6466 -0.0053 -5.1242 4.9282 2.4444 0.3780 2.0657 -18.8549 0.3780 2.0657 -18.8549 8.5817 0.6489 -16.2587 8.5817 0.6489 -16.2587 -81.7942 14.0393 -16.1823 -35.2855 7.7274 -23.9776 2.5948 -0.3199 -14.0526 3.0576 1.8383 62.0239 -60.2700 -13.7889 23.5324 -8.5495 -0.4546 6.0762 34.2641 -20.5087 6.3836 13.9340 54.6022 -7.2183 0.3474 -4.8440 0.4529 -0.0000 0.0000 0.0000 -33.3604 -34.7158 -10.7013 79.7492 67.9332 -58.7382 -22.6039 -26.6835 -26.8480 -0.0000 0.0000 0.0000
0.0038 0.6438 0.0017 -3.8426 5.5107 1.0417 0.0993 2.0699 -18.9623 0.0993 2.0699 -18.9623 8.2422 -0.2160 -16.0875 8.2422 -0.2160 -16.0875 -81.3308 16.8259 -19.5363 -36.4520 9.5953 -28.5991 0.2623 -0.0483 -20.8661 3.0212 1.7112 59.0467 -61.3296 -11.6956 19.6005 -7.7245 -0.4872 7.2069 31.8655 -19.2587 5.5459 15.0649 52.5129 -7.4638 2.6495 -1.8514 3.5045 -0.0000 0.0000 0.0000 -30.5668 -34.6864 -9.7552 74.6719 68.7488 -55.1103 -24.0494 -26.4200 -28.5700 -0.0000 0.0000 0.0000
-0.0005 0.6443 0.0026 -2.2574 5.8230 -0.2296 -0.3201 2.0039 -19.0823 -0.3201 2.0039 -19.0823 7.7049 -0.9598 -15.7682 7.7049 -0.9598 -15.7682 -81.4466 18.7830 -21.7518 -37.6473 11.5837 -33.1411 -2.1281 0.5278 -27.8540 3.3508 1.7849 56.0786 -61.2499 -9.9766 16.7746 -6.6903 -0.4463 7.6241 28.5484 -18.8496 4.8365 17.0390 51.6031 -8.2844 4.3279 0.9488 5.8051 -0.0000 0.0000 0.0000 -27.6422 -33.3899 -8.4398 65.7132 68.9149 -47.8037 -25.2191 -26.0578 -29.9777 -0.0000 0.0000 0.0000
-0.0003 0.6491 0.0037 -0.5903 5.8836 -1.5177 -0.7723 1.9075 -19.1263 -0.7723 1.9075 -19.1263 7.0621 -1.6379 -15.4644 7.0621 -1.6379 -15.4644 -83.0560 20.7887 -23.4042 -40.3879 13.8128 -36.4556 -4.2499 1.2813 -33.5433 3.8798 1.9793 54.0437 -59.5997 -8.8109 15.3231 -6.0550 -0.3811 7.1959 24.3314 -20.5100 4.4671 20.9469 53.7942 -10.7143 5.2331 3.0603 7.0970 -0.0000 0.0000 0.0000 -25.0400 -31.0289 -7.0549 55.0957 68.0462 -38.7993 -26.1758 -25.0078 -31.2086 -0.0000 0.0000 0.0000
-0.0001 0.6573 0.0091 0.8123 5.8206 -2.8800 -1.0920 1.8212 -19.0348 -1.0920 1.8212 -19.0348 6.4256 -2.2387 -15.1849 6.4256 -2.2387 -15.1849 -85.4425 23.5243 -25.4130 -43.4765 16.0212 -38.8812 -5.4866 1.8493 -37.2307 4.2068 2.1126 53.3163 -56.7824 -8.2002 15.1093 -5.5137 -0.2903 6.0235 19.8387 -24.0163 4.2605 26.5600 59.3492 -15.3190 5.4483 4.1757 7.4336 -0.0000 0.0000 0.0000 -23.0271 -28.2077 -5.8597 45.8053 66.1533 -30.7695 -27.1041 -23.1602 -32.5019 -0.0000 0.0000 0.0000
-0.0027 0.6673 0.0186 1.8405 5.5373 -4.4422 -1.2935 1.7789 -18.8396 -1.2935 1.7789 -18.8396 5.9673 -2.6457 -14.9678 5.9673 -2.6457 -14.9678 -88.1358 27.1726 -28.0365 -47.8095 18.1810 -39.6980 -5.6592 2.0047 -38.9869 4.6905 2.3411 53.0293 -53.7500 -7.8096 15.3419 -4.3430 -0.1734 4.5708 15.6793 -29.1491 4.1006 35.1288 67.6213 -23.9375 5.0157 4.9230 6.8726 -0.0000 0.0000 0.0000 -21.3743 -24.8204 -4.7560 38.3514 63.4548 -24.2691 -28.0627 -20.6312 -33.9284 -0.0000 0.0000 0.0000
-0.0086 0.6777 0.0285 2.5097 5.0122 -6.1071 -1.4348 1.7774 -18.5601 -1.4348 1.7774 -18.5601 5.6234 -2.8272 -14.7374 5.6234 -2.8272 -14.7374 -90.8149 31.2107 -30.7909 -52.9116 20.4337 -39.8196 -4.1104 1.4286 -38.3160 6.0301 2.9832 52.6124 -50.3302 -7.7326 16.3713 -3.0908 -0.0991 3.6705 12.3761 -34.1891 3.8195 48.7270 76.2210 -39.1117 3.7041 5.9918 5.1076 -0.0000 0.0000 0.0000 -19.8347 -21.5662 -3.8144 32.8048 60.9831 -19.6672 -28.7762 -18.4698 -35.0432 -0.0000 0.0000 0.0000
-0.0193 0.6868 0.0379 2.8520 4.3798 -7.5721 -1.4794 1.7622 -18.2719 -1.4794 1.7622 -18.2719 5.3053 -2.7677 -14.4536 5.3053 -2.7677 -14.4536 -91.7476 35.0403 -34.0492 -54.4569 22.8410 -42.8684 -0.2920 0.0946 -35.8831 8.3486 4.1801 53.1335 -46.0936 -7.6907 17.9559 -2.1221 -0.0433 2.3358 9.9934 -37.7572 3.4250 75.8400 82.6411 -68.8144 1.8546 7.4714 2.5800 -0.0000 0.0000 0.0000 -18.1615 -19.5049 -3.1471 28.8138 59.7966 -16.8043 -29.1124 -17.3220 -35.5921 -0.0000 0.0000 0.0000
-0.0338 0.6923 0.0442 3.0219 3.6595 -8.7034 -1.4576 1.7065 -18.1565 -1.4576 1.7065 -18.1565 4.9110 -2.5716 -14.1408 4.9110 -2.5716 -14.1408 -90.8959 38.1963 -37.6457 -51.3871 24.5190 -48.6112 4.4045 -1.2796 -32.3867 11.5888 5.8623 53.5488 -41.3413 -7.5546 19.8516 -2.2482 -0.0298 1.5201 8.1409 -38.8916 2.8784 116.2614 84.8402 -111.5395 -0.1731 8.7183 -0.2426 -0.0000 0.0000 0.0000 -16.4407 -18.6194 -2.7133 25.6025 59.6649 -14.8476 -28.6985 -16.9280 -35.1476 -0.0000 0.0000 0.0000
-0.0488 0.6959 0.0448 3.1634 3.1219 -9.5580 -1.3704 1.5731 -18.0522 -1.3704 1.5731 -18.0522 4.4897 -2.4026 -13.9592 4.4897 -2.4026 -13.9592 -85.5698 41.4746 -44.4971 -42.2845 24.8684 -59.3804 9.0411 -2.3083 -28.5911 15.5102 7.8591 53.5324 -35.7977 -6.9381 21.2613 -3.2733 -0.0602 2.1062 6.7317 -38.9674 2.3841 143.0264 84.4952 -139.5818 -1.6213 9.4843 -2.2831 -0.0000 0.0000 0.0000 -14.8988 -18.6327 -2.4576 22.9782 60.3429 -13.4778 -27.5458 -16.7305 -33.7888 -0.0000 0.0000 0.0000
-0.0591 0.6978 0.0375 3.3395 3.0085 -10.0529 -1.1733 1.3475 -17.8392 -1.1733 1.3475 -17.8392 4.0954 -2.3073 -13.8609 4.0954 -2.3073 -13.8609 -74.3933 43.7815 -55.7961 -26.6536 20.1129 -73.6406 13.8047 -2.9631 -24.1202 19.6075 9.8749 53.1249 -29.2912 -5.6774 21.4875 -4.9086 -0.1780 4.1509 5.9024 -38.9146 2.0868 147.8569 84.3151 -144.6978 -2.3742 9.7182 -3.3479 -0.0000 0.0000 0.0000 -13.7546 -19.6297 -2.3906 21.4470 61.4100 -12.8337 -26.0920 -16.6580 -32.0466 -0.0000 0.0000 0.0000
-0.0677 0.6977 0.0262 3.4858 3.0307 -10.1984 -0.9318 1.1090 -17.5460 -0.9318 1.1090 -17.5460 3.7307 -2.1860 -13.7729 3.7307 -2.1860 -13.7729 -59.5781 43.1431 -69.2605 -10.5684 9.4081 -83.3181 17.6075 -2.9125 -18.6431 23.8504 11.7001 51.7600 -22.4433 -4.1512 20.7047 -6.6065 -0.3831 6.6294 5.7272 -38.9593 2.0273 140.3462 84.8048 -136.9096 -2.3535 9.6699 -3.3179 -0.0000 0.0000 0.0000 -12.9628 -21.4253 -2.4624 21.2497 63.1010 -13.1413 -24.8339 -16.6528 -30.5274 -0.0000 0.0000 0.0000
-0.0750 0.6951 0.0130 3.6476 3.0860 -9.9628 -0.6735 0.8525 -17.1867 -0.6735 0.8525 -17.1867 3.3491 -2.0411 -13.7761 3.3491 -2.0411 -13.7761 -44.7564 39.1312 -81.6026 4.4946 -4.1140 -84.9314 19.1657 -1.9438 -11.4759 27.7701 13.1093 49.8595 -15.8165 -2.6149 18.6614 -7.5958 -0.5885 8.8471 6.0090 -39.1747 2.1399 119.6077 85.5604 -115.6720 -1.8859 9.3587 -2.6537 -0.0000 0.0000 0.0000 -12.4246 -23.9643 -2.6468 22.5326 65.6842 -14.6547 -23.7809 -17.0606 -29.2078 -0.0000 0.0000 0.0000
-0.0816 0.6905 -0.0003 3.9397 3.3747 -9.3793 -0.3027 0.4965 -16.7332 -0.3027 0.4965 -16.7332 2.8629 -1.7966 -13.6527 2.8629 -1.7966 -13.6527 -30.8952 31.4464 -91.0649 21.5624 -17.0998 -76.5839 17.7872 -0.7196 -4.5963 31.2109 14.0346 47.5661 -9.8849 -1.4061 16.1533 -7.3542 -0.6344 9.8476 6.3785 -39.6530 2.3018 87.5233 85.5903 -83.1251 -1.4047 8.8230 -1.9702 -0.0000 0.0000 0.0000 -12.1866 -26.8232 -2.9162 25.2096 68.4554 -17.2998 -23.5690 -17.5472 -28.8987 -0.0000 0.0000 0.0000
-0.0878 0.6848 -0.0118 4.4257 3.8560 -8.5568 0.1608 0.0508 -16.3027 0.1608 0.0508 -16.3027 2.1810 -1.4368 -13.1095 2.1810 -1.4368 -13.1095 -18.6921 20.9874 -96.7547 39.1681 -23.0270 -59.5870 15.2128 0.0451 0.3375 33.9447 14.4678 45.1637 -4.8189 -0.5953 14.0769 -6.4748 -0.5474 9.6546 6.5161 -40.2018 2.3869 61.2602 84.5732 -56.6070 -1.3722 8.4271 -1.9199 -0.0000 0.0000 0.0000 -12.3740 -29.3433 -3.2515 28.7648 70.5767 -20.5726 -24.3513 -17.7570 -29.8202 -0.0000 0.0000 0.0000
-0.0936 0.6791 -0.0205 5.0304 4.4608 -7.6086 0.6689 -0.4250 -15.8838 0.6689 -0.4250 -15.8838 1.2632 -0.8816 -11.6991 1.2632 -0.8816 -11.6991 -6.5626 7.5251 -97.8364 52.3653 -20.1406 -39.7185 12.5964 0.4535 4.1068 36.4547 14.6586 42.6692 -0.0461 -0.0050 12.2742 -5.3313 -0.4140 8.8749 6.5436 -40.8802 2.4410 47.2514 83.3514 -42.5517 -1.6203 8.3729 -2.2663 -0.0000 0.0000 0.0000 -12.9043 -31.2943 -3.6285 32.5121 72.0158 -23.9293 -25.6237 -18.0044 -31.3243 -0.0000 0.0000 0.0000
-0.0985 0.6742 -0.0267 5.5702 5.0257 -6.5063 1.1579 -0.8346 -15.4743 1.1579 -0.8346 -15.4743 0.0708 -0.1134 -9.1851 0.0708 -0.1134 -9.1851 6.8203 -7.1081 -92.3728 55.6969 -12.7653 -23.9093 9.9804 0.6610 7.5598 40.1078 15.1090 39.9329 4.7956 0.4747 11.3002 -4.6379 -0.3598 8.8666 6.6723 -41.5087 2.5309 38.1685 82.3702 -33.6840 -1.9563 9.0991 -2.7483 -0.0000 0.0000 0.0000 -13.6519 -32.5696 -4.0055 36.2262 72.7024 -27.0708 -27.0087 -17.8008 -33.0117 -0.0000 0.0000 0.0000
-0.1025 0.6701 -0.0312 5.9023 5.5776 -5.0718 1.5767 -1.1243 -15.0499 1.5767 -1.1243 -15.0499 -1.2844 0.6745 -5.9211 -1.2844 0.6745 -5.9211 22.7753 -18.6681 -78.4340 51.5736 -7.3100 -15.0635 8.2620 0.7577 10.4613 45.5765 15.9532 36.8906 10.1650 1.0103 11.3226 -3.5196 -0.3039 9.8666 6.9897 -42.2557 2.7039 31.1869 81.7059 -27.1374 -1.9621 9.8755 -2.7698 -0.0000 0.0000 0.0000 -14.6324 -33.5697 -4.4355 40.9745 72.7475 -30.7738 -28.3810 -17.7080 -34.6675 -0.0000 0.0000 0.0000
-0.1052 0.6667 -0.0353 5.9746 6.1042 -3.1040 1.9308 -1.3110 -14.6334 1.9308 -1.3110 -14.6334 -2.5226 1.2043 -2.9975 -2.5226 1.2043 -2.9975 39.4595 -22.8438 -58.7882 47.8844 -5.7437 -12.8918 5.5150 0.6802 14.0527 53.0910 16.9593 33.2335 15.2087 1.6105 12.0198 -0.4331 -0.0436 11.4946 7.2327 -43.2063 2.8673 26.6530 81.2156 -22.9596 -1.5855 10.0361 -2.2405 -0.0000 0.0000 0.0000 -15.8167 -34.4773 -4.9361 46.9434 72.2390 -35.1635 -29.4909 -17.7863 -35.9839 -0.0000 0.0000 0.0000
-0.1064 0.6650 -0.0402 5.7947 6.6676 -0.6707 2.3306 -1.4526 -14.1635 2.3306 -1.4526 -14.1635 -3.6171 1.6115 -0.8918 -3.6171 1.6115 -0.8918 51.3630 -20.0627 -40.3929 48.8729 -5.8889 -12.9165 0.3557 0.0531 16.9678 61.8851 17.7932 29.2676 19.6596 2.2197 12.7593 1.6808 0.1838 12.4778 7.0997 -44.3878 2.8996 24.6584 80.6122 -21.0068 -0.9751 9.7612 -1.3756 -0.0000 0.0000 0.0000 -16.9604 -35.1255 -5.4035 52.6658 71.1416 -38.9844 -30.7219 -17.7460 -37.4565 -0.0000 0.0000 0.0000
-0.1055 0.6646 -0.0460 5.4100 6.9984 2.2099 2.6949 -1.5565 -13.7145 2.6949 -1.5565 -13.7145 -4.6155 2.1976 0.4888 -4.6155 2.1976 0.4888 56.6385 -14.5577 -26.6690 53.3565 -5.6455 -11.2086 -6.4339 -0.9410 16.6249 70.3971 18.4001 25.8634 23.4951 2.6766 12.8195 2.3481 0.2687 13.0535 6.0621 -45.6268 2.5519 26.2645 79.7030 -22.0391 -0.2694 9.3125 -0.3790 -0.0000 0.0000 0.0000 -18.0854 -35.1192 -5.7661 57.4567 69.5499 -41.6740 -32.0373 -17.4174 -39.0663 -0.0000 0.0000 0.0000
-0.1022 0.6656 -0.0518 4.9601 7.0414 5.1471 2.9890 -1.6409 -13.3012 2.9890 -1.6409 -13.3012 -5.5684 2.8740 1.5927 -5.5684 2.8740 1.5927 57.6115 -9.5804 -17.3298 57.9527 -3.8415 -6.9311 -12.2914 -1.2712 11.7650 77.2327 18.9346 23.5844 26.3774 2.8351 12.0560 0.4311 0.0506 13.3925 4.0591 -46.7073 1.7532 29.1826 78.4135 -23.9786 0.6152 9.2642 0.8653 -0.0000 0.0000 0.0000 -19.1246 -34.3513 -5.9613 60.3007 67.6877 -42.5611 -33.0081 -16.9749 -40.2823 -0.0000 0.0000 0.0000
-0.0958 0.6683 -0.0557 4.5356 6.7717 7.8364 3.2469 -1.7262 -12.8631 3.2469 -1.7262 -12.8631 -6.3950 3.5771 2.4856 -6.3950 3.5771 2.4856 56.6796 -5.5071 -10.1918 59.9620 -0.7904 -1.3701 -14.8385 -0.4392 3.3720 82.6981 19.5256 22.1253 28.8228 2.8614 11.1025 -1.8874 -0.2257 13.6357 1.3712 -48.0002 0.6105 32.3901 77.2387 -26.1243 1.7252 10.5120 2.4450 -0.0000 0.0000 0.0000 -19.8406 -32.5874 -5.8530 61.4078 66.0063 -42.1828 -33.4569 -15.9559 -40.9657 -0.0000 0.0000 0.0000
-0.0864 0.6738 -0.0554 4.1609 6.5696 10.1601 3.4601 -1.7774 -12.3127 3.4601 -1.7774 -12.3127 -6.9215 4.0318 3.1972 -6.9215 4.0318 3.1972 54.4045 -2.6489 -5.1512 58.1210 2.0321 3.6560 -11.1141 0.4057 -4.1681 86.3173 20.4063 21.7306 31.7465 3.1131 10.9175 -4.0921 -0.4884 13.6078 -1.6709 -49.2121 -0.7653 34.6355 76.3764 -27.5610 3.0738 12.2513 4.4047 -0.0000 0.0000 0.0000 -20.2660 -29.9382 -5.4716 60.2696 64.3636 -40.1342 -33.2242 -15.2659 -40.7920 -0.0000 0.0000 0.0000
-0.0740 0.6834 -0.0487 3.7832 6.5699 12.0452 3.6724 -1.7868 -11.7316 3.6724 -1.7868 -11.7316 -7.0373 4.2375 3.4051 -7.0373 4.2375 3.4051 51.6089 -0.8510 -1.7598 53.4895 3.7903 7.5134 -3.6899 0.2905 -8.9985 88.6841 21.3755 21.8603 34.8866 3.8413 12.1838 -6.2378 -0.7359 13.4431 -4.3371 -49.3236 -1.9921 33.4947 75.1894 -26.0896 4.4700 13.9682 6.4776 -0.0000 0.0000 0.0000 -20.2356 -26.2745 -4.7698 55.8881 62.3447 -35.5836 -32.2421 -15.4015 -39.5997 -0.0000 0.0000 0.0000
-0.0595 0.6977 -0.0350 3.3150 6.7230 13.3734 3.9292 -1.7630 -11.2254 3.9292 -1.7630 -11.2254 -6.8772 4.3117 3.0439 -6.8772 4.3117 3.0439 48.9969 0.0250 0.0548 47.2876 4.2356 9.6563 4.5336 -0.4214 -10.6151 89.9661 22.3355 22.3484 38.3042 5.2470 15.0317 -9.3713 -1.0841 13.1688 -5.7926 -47.5790 -2.5553 28.1903 72.8717 -21.0027 5.7101 14.9798 8.3297 -0.0000 0.0000 0.0000 -19.5305 -21.7064 -3.7797 48.6203 59.5694 -28.9926 -30.7104 -16.4904 -37.6145 -0.0000 0.0000 0.0000
-0.0442 0.7154 -0.0151 2.7158 6.7968 14.3931 4.1451 -1.7059 -10.8836 4.1451 -1.7059 -10.8836 -6.5162 4.3848 2.2444 -6.5162 4.3848 2.2444 46.6435 0.2519 0.5843 40.8865 3.8261 10.2408 12.1826 -1.1122 -10.3938 90.4831 23.3139 23.1234 41.7238 7.4068 19.2785 -11.6946 -1.3240 12.8741 -5.9247 -43.7134 -2.3783 21.9470 68.9174 -15.1583 6.5132 14.8340 9.4889 -0.0000 0.0000 0.0000 -18.2712 -16.4803 -2.6682 40.3096 55.6299 -21.9179 -28.9636 -18.4448 -35.2699 -0.0000 0.0000 0.0000
-0.0295 0.7348 0.0074 1.9384 6.5513 15.1776 4.3498 -1.6182 -10.6653 4.3498 -1.6182 -10.6653 -6.1008 4.5621 1.2967 -6.1008 4.5621 1.2967 44.6677 0.3515 0.8555 34.5720 3.2461 10.4050 18.4428 -1.6166 -9.9332 90.3865 24.4279 24.2685 44.6669 10.2462 24.6220 -13.6987 -1.4854 12.3193 -5.0947 -37.7772 -1.7442 16.8429 63.1809 -10.4045 6.8056 14.0657 9.8615 -0.0000 0.0000 0.0000 -16.8211 -11.2289 -1.6655 32.8498 50.7061 -15.9032 -27.1849 -20.4869 -32.9028 -0.0000 0.0000 0.0000
-0.0163 0.7528 0.0284 1.0754 5.8904 15.6891 4.5672 -1.5440 -10.5276 4.5672 -1.5440 -10.5276 -5.7053 4.9621 0.4006 -5.7053 4.9621 0.4006 42.7750 0.6356 1.6229 29.0775 2.7091 10.4192 22.8548 -2.0553 -10.1425 89.8034 25.5208 25.6056 46.2684 13.3899 30.7255 -14.7518 -1.5002 11.5506 -4.1376 -31.8276 -1.1802 14.0078 57.4223 -7.6994 6.8638 13.4935 9.9073 -0.0000 0.0000 0.0000 -15.2962 -6.3959 -0.8597 27.0918 45.7451 -11.6067 -25.7271 -21.7758 -31.0252 -0.0000 0.0000 0.0000
-0.0050 0.7671 0.0451 0.2509 4.9367 15.9036 4.7276 -1.4991 -10.5065 4.7276 -1.4991 -10.5065 -5.2390 5.5112 -0.4492 -5.2390 5.5112 -0.4492 40.9510 1.1639 3.1164 24.1934 2.3242 10.8136 26.7090 -2.5850 -10.8581 88.7840 26.5320 27.0804 46.5926 16.5359 37.2964 -14.7795 -1.2738 9.7980 -3.6338 -27.3394 -0.8841 13.3655 53.6139 -6.7763 7.1777 13.1522 10.3353 -0.0000 0.0000 0.0000 -13.9292 -2.2767 -0.2782 22.8800 41.5030 -8.7691 -24.5737 -22.5623 -29.5725 -0.0000 0.0000 0.0000
0.0045 0.7768 0.0574 -0.4895 3.8771 15.8611 4.8580 -1.4863 -10.5867 4.8580 -1.4863 -10.5867 -4.7707 6.2022 -1.1630 -4.7707 6.2022 -1.1630 38.9335 1.7448 4.9337 20.3169 1.9721 10.9739 28.9293 -2.9784 -11.5098 86.5235 27.9754 29.6515 44.5939 19.2724 44.9837 -14.5026 -0.9126 7.1628 -3.5136 -24.0840 -0.7498 13.4289 50.9292 -6.4178 7.9521 13.1718 11.4483 -0.0000 0.0000 0.0000 -12.9233 0.9729 0.1102 19.9202 38.0989 -6.9399 -23.6878 -22.7651 -28.5002 -0.0000 0.0000 0.0000
0.0122 0.7826 0.0667 -1.2020 2.9135 15.6446 4.9665 -1.4933 -10.6714 4.9665 -1.4933 -10.6714 -4.1315 6.8944 -1.9378 -4.1315 6.8944 -1.9378 36.8295 2.1045 6.3152 17.7312 1.6579 10.5992 29.3392 -3.0861 -11.7504 82.9256 29.6747 33.3793 40.1326 20.7212 53.1760 -13.9009 -0.5376 4.4076 -3.4409 -21.4081 -0.6506 13.4813 48.6335 -6.1143 9.0964 12.9236 13.0673 -0.0000 0.0000 0.0000 -12.2448 3.3379 0.3581 18.0102 35.5142 -5.8106 -23.0941 -22.5479 -27.8160 -0.0000 0.0000 0.0000
0.0189 0.7861 0.0748 -1.8695 2.1831 15.4181 5.0122 -1.5062 -10.7512 5.0122 -1.5062 -10.7512 -3.2650 7.3964 -2.8407 -3.2650 7.3964 -2.8407 34.8491 2.1070 6.7064 16.4597 1.4644 10.0995 28.1511 -3.0072 -11.9532 78.4363 31.5070 38.1363 33.5262 19.9374 60.5284 -12.9803 -0.2780 2.4432 -3.1374 -18.9608 -0.5240 13.2389 46.5143 -5.7106 10.3120 11.8198 14.6979 -0.0000 0.0000 0.0000 -11.8295 4.8189 0.4995 17.0556 33.9129 -5.2353 -22.6502 -22.2756 -27.3139 -0.0000 0.0000 0.0000
0.0250 0.7889 0.0834 -2.4969 1.5687 15.2577 4.9926 -1.4974 -10.7577 4.9926 -1.4974 -10.7577 -2.1314 7.7342 -3.8678 -2.1314 7.7342 -3.8678 33.2418 1.9937 6.6721 15.6856 1.2955 9.3846 26.0770 -2.8144 -12.1102 72.9579 33.1523 43.8568 26.3947 17.3159 65.9948 -12.5106 -0.0989 0.9025 -2.6524 -16.4405 -0.3832 12.7661 44.5740 -5.2504 11.1922 10.5719 15.8191 -0.0000 0.0000 0.0000 -11.6463 5.8319 0.5953 16.9208 33.2807 -5.0910 -22.1212 -21.7551 -26.7325 -0.0000 0.0000 0.0000
0.0301 0.7909 0.0943 -3.1443 1.0932 15.1222 4.9199 -1.4710 -10.7364 4.9199 -1.4710 -10.7364 -0.8698 7.8860 -4.9307 -0.8698 7.8860 -4.9307 32.0317 1.7747 6.1771 15.1000 1.1567 8.7109 23.7633 -2.5894 -12.2622 67.0437 34.2486 49.8872 20.0817 13.9159 69.1530 -12.2734 0.0338 -0.3144 -1.9937 -14.2796 -0.2498 12.1752 43.1434 -4.8289 11.5047 9.5775 16.1583 -0.0000 0.0000 0.0000 -11.7544 6.0456 0.6229 17.5693 33.4111 -5.3108 -21.4004 -20.7187 -25.9675 -0.0000 0.0000 0.0000
0.0342 0.7924 0.1078 -3.8544 0.7117 14.9818 4.8507 -1.4505 -10.8039 4.8507 -1.4505 -10.8039 0.3675 7.9041 -6.1150 0.3675 7.9041 -6.1150 31.1885 1.6395 5.8696 14.4779 1.0856 8.5312 22.3079 -2.4732 -12.4955 61.6371 34.5750 55.1022 15.3719 10.9919 70.9747 -12.0292 0.1887 -1.7912 -1.2357 -12.7425 -0.1380 11.7213 42.6521 -4.5897 11.3209 8.6605 15.8138 -0.0000 0.0000 0.0000 -12.2609 4.9767 0.5349 19.0237 34.4831 -5.9534 -20.3324 -19.7363 -24.7734 -0.0000 0.0000 0.0000
0.0375 0.7935 0.1237 -4.7063 0.3591 14.8618 4.8668 -1.4381 -11.0035 4.8668 -1.4381 -11.0035 1.2295 7.9411 -7.0454 1.2295 7.9411 -7.0454 30.4068 1.5804 5.8110 13.7794 1.0282 8.4941 20.7144 -2.3053 -12.5645 56.8083 34.3121 59.4399 11.8551 8.6442 72.1040 -11.8487 0.3282 -3.1617 -0.1563 -11.1104 -0.0152 11.2002 42.3332 -4.3486 10.7488 8.6427 15.0177 -0.0000 0.0000 0.0000 -13.2478 2.0477 0.2378 21.0617 35.9529 -6.9035 -18.8460 -18.5265 -23.0824 -0.0000 0.0000 0.0000
0.0401 0.7944 0.1414 -5.7451 -0.0137 14.7651 5.0063 -1.4360 -11.2668 5.0063 -1.4360 -11.2668 1.6171 8.0881 -7.4289 1.6171 8.0881 -7.4289 29.5183 1.5698 5.9538 12.8089 0.9457 8.4107 20.0171 -2.2161 -12.5087 52.8438 33.6081 62.5808 9.1013 6.7924 73.4175 -11.4313 0.4374 -4.3678 1.2362 -9.1936 0.0994 10.6355 41.6877 -4.0594 9.8352 8.5026 13.7359 -0.0000 0.0000 0.0000 -14.4233 -2.0408 -0.2583 23.4463 37.5051 -8.0597 -17.0523 -17.0170 -21.0229 -0.0000 0.0000 0.0000
0.0422 0.7952 0.1596 -6.9104 -0.3593 14.7323 5.2684 -1.4517 -11.5633 5.2684 -1.4517 -11.5633 1.7256 8.2897 -7.6292 1.7256 8.2897 -7.6292 28.4756 1.5699 6.1815 11.6208 0.8605 8.4408 19.9446 -2.2094 -12.5170 49.5211 32.5521 64.6692 6.8331 5.2125 74.6474 -10.8056 0.4822 -5.0947 2.8384 -6.8040 0.1688 10.0685 40.4288 -3.7156 8.8621 7.5597 12.3131 -0.0000 0.0000 0.0000 -15.5750 -6.6261 -0.9072 26.0870 39.4025 -9.4842 -15.2341 -15.5317 -18.9047 -0.0000 0.0000 0.0000
0.0443 0.7960 0.1767 -8.0498 -0.6530 14.7502 5.5858 -1.4777 -11.8462 5.5858 -1.4777 -11.8462 1.8320 8.4387 -8.0998 1.8320 8.4387 -8.0998 27.3693 1.5841 6.4991 10.2943 0.7589 8.4103 20.7310 -2.2986 -12.5182 46.5807 31.2810 66.0782 4.9562 3.8405 75.5296 -9.9342 0.4783 -5.4991 4.2565 -4.5061 0.1675 9.7558 39.0640 -3.4682 7.9315 6.2691 10.9418 -0.0000 0.0000 0.0000 -16.4231 -10.4494 -1.5120 28.6122 41.5534 -11.0524 -13.5973 -14.3461 -16.9643 -0.0000 0.0000 0.0000
0.0466 0.7966 0.1907 -9.1041 -0.8741 14.7635 5.9186 -1.5146 -12.1220 5.9186 -1.5146 -12.1220 2.0431 8.5304 -9.0391 2.0431 8.5304 -9.0391 26.1538 1.6144 6.9422 8.9678 0.6581 8.3778 21.9137 -2.4367 -12.5379 43.4184 29.6590 67.2483 3.4025 2.6687 76.2106 -8.7285 0.4548 -5.9540 5.2866 -2.7683 0.1278 9.7752 37.9020 -3.3637 7.0803 5.0713 9.7042 -0.0000 0.0000 0.0000 -17.0582 -13.3527 -2.0114 31.0586 43.6417 -12.6972 -12.4475 -13.2020 -15.6085 -0.0000 0.0000 0.0000
0.0493 0.7970 0.2007 -9.9833 -1.0095 14.7502 6.2210 -1.5580 -12.3890 6.2210 -1.5580 -12.3890 2.4074 8.5253 -10.3497 2.4074 8.5253 -10.3497 24.8358 1.6502 7.4845 7.8795 0.5737 8.3154 22.9130 -2.5457 -12.5136 40.0026 27.5979 68.0185 2.1330 1.7006 77.1270 -7.2102 0.3950 -6.2628 5.8743 -1.7032 0.0874 9.9975 37.0677 -3.3593 6.3161 3.7038 8.5934 -0.0000 0.0000 0.0000 -17.4792 -15.1692 -2.3453 33.4711 45.5121 -14.3772 -11.6191 -12.6953 -14.6044 -0.0000 0.0000 0.0000
0.0523 0.7972 0.2068 -10.6897 -1.0772 14.7052 6.4858 -1.5955 -12.6453 6.4858 -1.5955 -12.6453 2.8152 8.4189 -11.7752 2.8152 8.4189 -11.7752 23.5411 1.6862 8.0792 7.2056 0.5224 8.2831 22.9929 -2.5240 -12.3635 36.4629 25.2142 68.3530 1.0136 0.8255 78.3213 -5.6118 0.2992 -6.0997 6.1921 -1.0391 0.0562 10.2983 36.6361 -3.4176 5.7590 2.7601 7.7966 -0.0000 0.0000 0.0000 -18.0875 -17.1905 -2.7563 36.3118 47.3305 -16.3564 -11.1680 -12.3952 -14.0569 -0.0000 0.0000 0.0000
0.0556 0.7973 0.2107 -11.2707 -1.1056 14.6472 6.7323 -1.6168 -12.8625 6.7323 -1.6168 -12.8625 3.0941 8.2835 -12.8549 3.0941 8.2835 -12.8549 22.3567 1.7067 8.6207 6.6666 0.4827 8.2732 23.0839 -2.4853 -12.1264 32.8821 22.6412 68.3064 -0.3426 -0.2864 79.7871 -3.7635 0.1788 -5.4388 6.3652 -0.6026 0.0335 10.4968 36.2453 -3.4441 5.3424 1.4329 7.1826 -0.0000 0.0000 0.0000 -18.9660 -19.6219 -3.3091 40.0030 49.2564 -18.9472 -11.1420 -12.1757 -14.0371 -0.0000 0.0000 0.0000
0.0591 0.7971 0.2143 -11.7302 -1.0942 14.5868 6.9698 -1.6219 -13.0216 6.9698 -1.6219 -13.0216 3.2047 8.1516 -13.6162 3.2047 8.1516 -13.6162 21.2498 1.6798 8.9368 6.3108 0.4621 8.3681 23.1199 -2.4129 -11.7569 29.6676 20.1638 67.7508 -1.8202 -1.5630 81.3053 -2.3144 0.0837 -4.1429 6.4788 -0.1007 0.0057 10.4886 35.7374 -3.3899 5.0451 -0.0436 6.7318 -0.0000 0.0000 0.0000 -20.1328 -22.4235 -4.0306 44.4285 51.0128 -22.0512 -11.6856 -11.6442 -14.7519 -0.0000 0.0000 0.0000
0.0629 0.7965 0.2186 -12.1029 -1.0955 14.5132 7.2003 -1.6011 -13.1121 7.2003 -1.6011 -13.1121 3.0829 8.0715 -14.0242 3.0829 8.0715 -14.0242 20.2388 1.6010 8.9529 6.1589 0.4648 8.6242 23.1260 -2.3081 -11.2462 27.1256 18.0971 66.8614 -3.2463 -2.8536 82.6305 -1.6081 0.0368 -2.6237 6.6269 0.4631 -0.0268 10.2266 35.3080 -3.2625 4.8197 -1.1955 6.3939 -0.0000 0.0000 0.0000 -21.4478 -25.3356 -4.8750 48.7342 52.0270 -24.9285 -12.7817 -10.3618 -16.2163 -0.0000 0.0000 0.0000
0.0670 0.7957 0.2226 -12.4182 -1.1168 14.3416 7.4394 -1.5683 -13.1413 7.4394 -1.5683 -13.1413 2.7593 8.1074 -14.0128 2.7593 8.1074 -14.0128 19.3030 1.4885 8.7363 6.2375 0.4993 9.1444 23.0390 -2.1936 -10.7330 25.0816 16.3858 65.8260 -4.4872 -4.0305 83.8569 -1.4864 0.0172 -1.3287 6.8334 1.0496 -0.0627 9.6747 35.0867 -3.0650 4.7796 -1.5582 6.3294 -0.0000 0.0000 0.0000 -22.7810 -28.2306 -5.8004 51.8825 52.0671 -26.7331 -14.3360 -7.9338 -18.3680 -0.0000 0.0000 0.0000
0.0715 0.7947 0.2264 -12.6731 -1.1392 14.0360 7.6833 -1.5279 -13.0928 7.6833 -1.5279 -13.0928 2.2852 8.2491 -13.5138 2.2852 8.2491 -13.5138 18.4327 1.3583 8.3566 6.4371 0.5570 9.8806 22.7624 -2.0762 -10.2876 23.4586 14.9977 64.7488 -5.5630 -5.0984 85.0022 -1.5302 0.0059 -0.4395 7.1074 1.6840 -0.1046 8.7267 35.0011 -2.7564 4.9629 -1.2626 6.5816 -0.0000 0.0000 0.0000 -23.8347 -30.6383 -6.6175 53.2524 51.1778 -27.0001 -15.9748 -4.8451 -20.7366 -0.0000 0.0000 0.0000
0.0762 0.7945 0.2277 -12.9448 -1.1520 13.5431 7.9621 -1.4823 -12.9630 7.9621 -1.4823 -12.9630 1.7228 8.4703 -12.6177 1.7228 8.4703 -12.6177 17.6466 1.2412 7.9834 6.7032 0.6295 10.7172 22.1149 -1.9636 -10.0232 22.1242 13.8611 63.7420 -6.4723 -6.0412 86.0459 -1.5003 -0.0008 0.0607 7.3642 1.8298 -0.1178 7.5336 35.3172 -2.4014 5.3582 -0.5551 7.1304 -0.0000 0.0000 0.0000 -24.5948 -32.7649 -7.3336 53.8762 50.0779 -26.7076 -17.6815 -1.6176 -23.2798 -0.0000 0.0000 0.0000
0.0810 0.7960 0.2237 -13.2824 -1.2623 12.8405 8.2683 -1.4363 -12.8319 8.2683 -1.4363 -12.8319 1.1318 8.7795 -11.5524 1.1318 8.7795 -11.5524 17.0044 1.1753 7.8499 6.9228 0.6991 11.5190 21.4522 -1.8984 -9.9975 21.1459 13.0004 62.8016 -7.0566 -6.7147 87.1489 -1.3176 -0.0042 0.3637 7.6174 1.6296 -0.1085 6.1994 35.8276 -2.0057 5.9614 -0.1127 7.9500 -0.0000 0.0000 0.0000 -25.1058 -34.6180 -7.9388 54.9512 49.5327 -26.9823 -19.3794 0.9612 -25.8108 -0.0000 0.0000 0.0000
0.0853 0.7994 0.2122 -13.6787 -1.4877 11.8632 8.5811 -1.3970 -12.7288 8.5811 -1.3970 -12.7288 0.5824 9.1593 -10.5931 0.5824 9.1593 -10.5931 16.4644 1.1603 8.0069 7.1545 0.7668 12.2199 20.6214 -1.8601 -10.1985 20.6131 12.4351 61.8514 -7.1980 -7.0120 88.4966 -1.2771 -0.0053 0.4738 7.9014 1.4305 -0.0988 4.7422 36.0570 -1.5442 6.5095 -0.1565 8.6777 -0.0000 0.0000 0.0000 -25.3031 -36.0452 -8.3541 56.6804 49.7140 -28.0581 -20.9899 2.6550 -28.1615 -0.0000 0.0000 0.0000
0.0889 0.8042 0.1930 -14.0969 -1.8914 10.6834 8.8664 -1.3691 -12.6384 8.8664 -1.3691 -12.6384 0.1242 9.6578 -9.8978 0.1242 9.6578 -9.8978 16.0173 1.1818 8.3853 7.4177 0.8235 12.6527 19.5668 -1.8235 -10.5462 20.5450 12.1204 60.7230 -6.8758 -6.8902 90.1199 -1.4562 -0.0062 0.4854 8.0197 0.6273 -0.0440 3.4566 35.9428 -1.1215 6.6134 -1.1037 8.7740 -0.0000 0.0000 0.0000 -25.5494 -37.2479 -8.7388 59.2969 50.4699 -30.0341 -22.3037 3.5629 -30.0305 -0.0000 0.0000 0.0000
0.0915 0.8091 0.1680 -14.5385 -2.4126 9.4299 9.1232 -1.3516 -12.5192 9.1232 -1.3516 -12.5192 -0.1848 10.2323 -9.4965 -0.1848 10.2323 -9.4965 15.6676 1.2184 8.8382 7.6875 0.8630 12.7919 18.3532 -1.7664 -10.9025 20.7762 11.9317 59.3707 -6.3068 -6.5277 91.9758 -1.7049 -0.0044 0.2972 7.9589 -0.9176 0.0638 2.7131 36.0721 -0.8836 6.1092 -2.4547 8.0523 -0.0000 0.0000 0.0000 -26.2640 -38.5744 -9.3346 63.3725 51.7827 -33.3586 -23.0372 3.6989 -31.0188 -0.0000 0.0000 0.0000
0.0931 0.8133 0.1421 -14.9687 -2.9399 8.3800 9.3544 -1.3453 -12.3626 9.3544 -1.3453 -12.3626 -0.2989 10.7598 -9.4364 -0.2989 10.7598 -9.4364 15.3830 1.2373 9.1423 7.9648 0.8864 12.6807 17.1440 -1.6836 -11.1350 21.0553 11.7533 57.9603 -5.8189 -6.1927 93.5714 -1.8438 -0.0033 0.2034 7.7966 -2.9360 0.2001 2.6696 36.9109 -0.8911 5.0633 -4.2901 6.6164 -0.0000 0.0000 0.0000 -27.8013 -40.0744 -10.3151 69.2953 53.1247 -38.1201 -22.9676 3.0631 -30.8252 -0.0000 0.0000 0.0000
0.0941 0.8164 0.1194 -15.4706 -3.3808 7.6736 9.6134 -1.3430 -12.1668 9.6134 -1.3430 -12.1668 -0.2586 11.1977 -9.5240 -0.2586 11.1977 -9.5240 15.1438 1.2245 9.1923 8.1531 0.8906 12.4477 15.7867 -1.5525 -11.1627 21.2806 11.5481 56.5810 -5.6072 -6.0946 94.7789 -1.8088 -0.0037 0.2355 7.7002 -5.1468 0.3466 3.1461 38.2812 -1.0922 3.7865 -5.5929 4.9188 -0.0000 0.0000 0.0000 -30.7375 -41.8317 -11.9934 77.0981 53.7958 -44.0191 -22.5957 2.3068 -30.2191 -0.0000 0.0000 0.0000
0.0949 0.8186 0.1034 -16.1427 -3.7692 7.3266 9.9361 -1.3430 -12.0238 9.9361 -1.3430 -12.0238 -0.1063 11.5200 -9.7404 -0.1063 11.5200 -9.7404 14.9573 1.1867 9.0216 8.1693 0.8811 12.2911 14.1408 -1.3544 -10.8877 21.5522 11.3936 55.3209 -5.5707 -6.1412 95.5871 -1.7307 -0.0087 0.5786 7.8981 -6.7038 0.4633 3.8194 39.5889 -1.3751 2.7578 -5.9838 3.5765 -0.0000 0.0000 0.0000 -35.5228 -43.8355 -14.6880 86.5855 53.5415 -50.8428 -21.8794 1.7565 -29.1980 -0.0000 0.0000 0.0000
0.0956 0.8207 0.0945 -17.0018 -4.0800 7.2081 10.3276 -1.3408 -11.9425 10.3276 -1.3408 -11.9425 0.1025 11.7144 -10.0295 0.1025 11.7144 -10.0295 14.8235 1.1378 8.7298 7.9137 0.8538 12.2961 12.1804 -1.0994 -10.2765 21.8912 11.3361 54.3334 -5.6235 -6.2418 95.9771 -1.7415 -0.0173 1.1368 8.5334 -6.8846 0.5143 4.2543 39.8572 -1.5431 2.0913 -5.7023 2.7158 -0.0000 0.0000 0.0000 -41.9155 -45.7410 -18.3549 96.3751 52.3753 -57.6040 -20.7236 1.4841 -27.6446 -0.0000 0.0000 0.0000
0.0963 0.8234 0.0907 -17.9374 -4.3377 7.2105 10.7374 -1.3426 -11.8946 10.7374 -1.3426 -11.8946 0.3471 11.8227 -10.3921 0.3471 11.8227 -10.3921 14.7000 1.0757 8.3249 7.4221 0.8081 12.4101 10.0223 -0.8250 -9.3881 22.2929 11.3605 53.5704 -5.6641 -6.2925 96.0280 -1.8933 -0.0305 1.8483 9.3766 -6.4560 0.5300 4.3564 38.8460 -1.5367 1.6539 -5.3862 2.1510 -0.0000 0.0000 0.0000 -49.3644 -47.0785 -22.6421 105.2843 50.6123 -63.5464 -19.1535 1.0731 -25.5288 -0.0000 0.0000 0.0000
0.0968 0.8269 0.0896 -18.9793 -4.4875 7.2705 11.1887 -1.3603 -11.8760 11.1887 -1.3603 -11.8760 0.6186 11.7914 -10.8594 0.6186 11.7914 -10.8594 14.5676 1.0071 7.8672 6.6055 0.7381 12.7376 7.6201 -0.5532 -8.2921 22.6393 11.4233 53.0983 -5.7284 -6.3543 95.9413 -2.0914 -0.0452 2.4775 10.4837 -5.8840 0.5403 4.2037 37.3547 -1.4216 1.3782 -5.3561 1.7927 -0.0000 0.0000 0.0000 -57.3922 -47.7350 -27.2299 113.4626 48.7012 -69.1966 -16.4880 0.1301 -21.9130 -0.0000 0.0000 0.0000
0.0967 0.8309 0.0887 -20.1066 -4.5291 7.4031 11.6792 -1.3978 -11.8929 11.6792 -1.3978 -11.8929 0.9189 11.6055 -11.4566 0.9189 11.6055 -11.4566 14.2896 0.9259 7.3762 5.7136 0.6633 13.2337 5.1662 -0.3221 -7.1303 22.8074 11.4591 52.8950 -5.8473 -6.4631 95.7384 -2.2927 -0.0629 3.1438 11.7490 -5.5509 0.5716 4.0903 36.0762 -1.3325 1.1644 -6.1771 1.5089 -0.0000 0.0000 0.0000 -64.3482 -47.5228 -30.9614 120.5996 47.1690 -74.8592 -12.5410 -1.3835 -16.5791 -0.0000 0.0000 0.0000
0.0959 0.8349 0.0875 -21.3251 -4.5081 7.5580 12.1868 -1.4449 -11.9446 12.1868 -1.4449 -11.9446 1.2371 11.3236 -12.1384 1.2371 11.3236 -12.1384 13.9001 0.8497 6.9623 4.8415 0.5884 13.8502 2.8633 -0.1525 -6.0963 22.8865 11.4790 52.8123 -5.9734 -6.5891 95.6226 -2.4711 -0.0814 3.7723 13.1359 -5.4121 0.6236 4.0532 35.0181 -1.2791 1.1093 -6.9263 1.4326 -0.0000 0.0000 0.0000 -69.7902 -46.7345 -33.5408 126.0804 46.2092 -79.9774 -8.4751 -3.0400 -11.1318 -0.0000 0.0000 0.0000
0.0944 0.8387 0.0874 -22.6749 -4.5270 7.7489 12.6907 -1.4980 -12.0693 12.6907 -1.4980 -12.0693 1.6594 10.9660 -13.0446 1.6594 10.9660 -13.0446 13.4493 0.7998 6.7757 4.2334 0.5368 14.4470 0.4615 -0.0210 -5.2104 23.1033 11.5469 52.6412 -6.0011 -6.6309 95.7201 -2.5419 -0.0983 4.4286 14.7391 -5.3042 0.6865 4.0588 34.1144 -1.2458 1.2131 -7.2505 1.5642 -0.0000 0.0000 0.0000 -73.6470 -45.7234 -35.0406 129.5008 46.1311 -84.1575 -4.9769 -4.6287 -6.4933 -0.0000 0.0000 0.0000
0.0923 0.8424 0.0892 -24.0985 -4.5985 8.0610 13.1827 -1.5477 -12.2288 13.1827 -1.5477 -12.2288 2.1582 10.5582 -14.0822 2.1582 10.5582 -14.0822 12.9147 0.7622 6.7270 3.9881 0.5194 14.8349 -1.5601 0.0613 -4.5016 23.4407 11.6296 52.2905 -6.0814 -6.7404 95.8969 -2.4025 -0.1070 5.0981 16.4612 -5.0765 0.7348 4.1611 33.2173 -1.2417 1.3073 -7.2162 1.6860 -0.0000 0.0000 0.0000 -76.2957 -44.6643 -35.7647 131.0097 46.8309 -87.0910 -2.1018 -5.9924 -2.7257 -0.0000 0.0000 0.0000
0.0902 0.8461 0.0934 -25.5145 -4.7344 8.5531 13.6589 -1.5968 -12.4162 13.6589 -1.5968 -12.4162 2.7055 10.1264 -15.1795 2.7055 10.1264 -15.1795 12.3288 0.7287 6.7391 4.1045 0.5395 14.9706 -2.9537 0.1030 -3.9925 23.8281 11.6927 51.7751 -6.3104 -6.9989 95.9364 -2.0489 -0.1029 5.7495 18.2050 -4.6145 0.7397 4.3349 32.1910 -1.2514 1.2862 -7.2248 1.6587 -0.0000 0.0000 0.0000 -77.9480 -43.5661 -35.8334 130.7390 47.9109 -88.1999 -0.1922 -7.2748 -0.2478 -0.0000 0.0000 0.0000
0.0882 0.8496 0.0995 -26.8735 -4.9014 9.2636 14.1357 -1.6539 -12.6247 14.1357 -1.6539 -12.6247 3.2466 9.6464 -16.3048 3.2466 9.6464 -16.3048 11.7525 0.6898 6.6947 4.3395 0.5712 14.9894 -3.9143 0.1244 -3.6378 24.1638 11.7112 51.2002 -6.7680 -7.4909 95.8196 -1.4848 -0.0815 6.2856 19.9596 -3.9636 0.6977 4.4968 30.9875 -1.2472 1.1339 -7.2416 1.4622 -0.0000 0.0000 0.0000 -79.5000 -42.3249 -35.6934 129.4766 48.7188 -87.6315 1.2209 -8.1620 1.5679 -0.0000 0.0000 0.0000
0.0867 0.8528 0.1066 -28.1685 -5.0488 10.0918 14.6399 -1.7200 -12.8232 14.6399 -1.7200 -12.8232 3.7332 9.1584 -17.3336 3.7332 9.1584 -17.3336 11.2008 0.6480 6.6007 4.5621 0.5975 14.9160 -4.6766 0.1372 -3.3579 24.3179 11.6310 50.6014 -7.5729 -8.3369 95.5160 -0.7462 -0.0445 6.8313 21.6233 -3.2915 0.6287 4.7054 29.7427 -1.2501 0.8915 -7.2258 1.1497 -0.0000 0.0000 0.0000 -80.6766 -40.9879 -35.2194 127.7013 49.6250 -86.5591 1.9058 -8.4240 2.4445 -0.0000 0.0000 0.0000
0.0858 0.8556 0.1131 -29.3575 -5.1580 10.8604 15.1356 -1.7960 -13.0221 15.1356 -1.7960 -13.0221 4.1564 8.6391 -18.3806 4.1564 8.6391 -18.3806 10.7543 0.6259 6.6419 4.6455 0.6027 14.7772 -5.4457 0.1487 -3.1267 24.3447 11.4698 49.9323 -8.5916 -9.4037 95.1891 -0.0558 -0.0036 7.4138 23.0914 -2.7487 0.5616 4.9376 28.6711 -1.2626 0.6866 -7.1261 0.8859 -0.0000 0.0000 0.0000 -81.5186 -39.6224 -34.4999 125.5311 50.9454 -85.5740 1.7556 -8.4853 2.2513 -0.0000 0.0000 0.0000
0.0852 0.8583 0.1181 -30.4589 -5.3328 11.4720 15.5851 -1.8774 -13.2547 15.5851 -1.8774 -13.2547 4.5168 8.1532 -19.4322 4.5168 8.1532 -19.4322 10.4294 0.6321 6.9178 4.7110 0.6010 14.5334 -6.5905 0.1682 -2.9212 24.4706 11.3163 49.1093 -9.6687 -10.5419 94.9735 0.5323 0.0371 7.9812 24.4089 -2.3664 0.5119 5.1011 27.7380 -1.2603 0.4800 -7.0581 0.6195 -0.0000 0.0000 0.0000 -81.7640 -38.4062 -33.5575 122.7395 52.9623 -84.7648 0.4690 -8.1697 0.6024 -0.0000 0.0000 0.0000
0.0847 0.8611 0.1208 -31.7944 -5.3550 11.9116 16.1667 -1.9478 -13.4535 16.1667 -1.9478 -13.4535 4.9052 7.5106 -20.5928 4.9052 7.5106 -20.5928 10.1160 0.6506 7.3403 4.7198 0.5889 14.2162 -7.8469 0.1852 -2.6995 24.5306 11.1322 48.2905 -11.1860 -12.1077 94.5631 0.6824 0.0495 8.3057 25.8944 -2.4072 0.5535 5.2086 27.0313 -1.2528 0.2996 -6.9984 0.3868 -0.0000 0.0000 0.0000 -81.3185 -37.2673 -32.3034 118.7503 55.9585 -83.8095 -0.7337 -7.9711 -0.9431 -0.0000 0.0000 0.0000
0.0840 0.8641 0.1216 -33.4676 -5.0542 12.2293 16.9392 -1.9881 -13.5583 16.9392 -1.9881 -13.5583 5.3516 6.5983 -21.8139 5.3516 6.5983 -21.8139 9.7622 0.6726 7.8638 4.6636 0.5663 13.8404 -8.9993 0.1920 -2.4397 24.2855 10.8532 47.6439 -13.4396 -14.2626 93.4367 0.0328 0.0024 8.2604 27.6557 -2.9888 0.7358 5.2614 26.5226 -1.2408 0.1458 -7.0577 0.1882 -0.0000 0.0000 0.0000 -80.3949 -36.1720 -30.8544 113.1691 59.7846 -82.1306 -1.5934 -7.5249 -2.0521 -0.0000 0.0000 0.0000
0.0826 0.8672 0.1213 -35.4557 -4.1059 12.4573 17.9300 -1.9799 -13.3507 17.9300 -1.9799 -13.3507 5.8859 5.4129 -22.8627 5.8859 5.4129 -22.8627 9.3546 0.6810 8.3091 4.4099 0.5092 13.1674 -9.9374 0.2028 -2.3329 23.4254 10.3588 47.2317 -16.8432 -17.1490 91.0462 -1.4930 -0.0978 7.4958 29.6373 -4.2968 1.1372 5.2597 26.1334 -1.2216 0.0813 -7.0934 0.1050 -0.0000 0.0000 0.0000 -79.4870 -34.8755 -29.2748 104.9576 63.2948 -77.5025 -2.4941 -7.2696 -3.2156 -0.0000 0.0000 0.0000
0.0806 0.8704 0.1210 -37.6152 -2.4063 12.6537 19.0734 -1.9090 -12.6568 19.0734 -1.9090 -12.6568 6.5297 4.1130 -23.4590 6.5297 4.1130 -23.4590 8.8977 0.6650 8.5309 3.9565 0.4224 12.1820 -10.7713 0.2301 -2.4403 21.7571 9.5570 47.0160 -21.5785 -20.5007 86.9987 -3.6402 -0.1885 5.9253 31.7076 -6.3224 1.7971 5.2261 25.9371 -1.2043 0.1560 -6.9806 0.2014 -0.0000 0.0000 0.0000 -78.8676 -33.6058 -27.8936 94.8277 65.9104 -70.3951 -3.8352 -7.1909 -4.9458 -0.0000 0.0000 0.0000
0.0780 0.8734 0.1215 -39.7497 -0.0949 12.8388 20.2111 -1.7727 -11.5138 20.2111 -1.7727 -11.5138 7.2560 2.8360 -23.5480 7.2560 2.8360 -23.5480 8.4729 0.6373 8.5872 3.4051 0.3240 10.8676 -11.6442 0.2940 -2.8830 19.5264 8.4920 46.6776 -27.5920 -23.7411 81.1287 -5.6585 -0.2060 4.1675 33.7035 -8.7902 2.6673 5.2118 25.9386 -1.2011 0.4036 -6.5225 0.5222 -0.0000 0.0000 0.0000 -78.5554 -32.1203 -26.4970 82.7430 66.9307 -60.4142 -5.9745 -7.0316 -7.7073 -0.0000 0.0000 0.0000
0.0753 0.8762 0.1234 -41.5750 2.2384 13.0526 21.1069 -1.5892 -10.2144 21.1069 -1.5892 -10.2144 7.9036 1.8928 -23.0650 7.9036 1.8928 -23.0650 8.2630 0.6091 8.4171 2.8724 0.2403 9.5639 -12.4685 0.3908 -3.5759 17.3338 7.4348 46.1713 -34.2481 -26.0000 73.6906 -7.0942 -0.1763 2.8435 35.3994 -11.0015 3.5207 5.2305 25.9276 -1.2049 0.7802 -5.7741 1.0129 -0.0000 0.0000 0.0000 -78.2574 -30.5740 -25.0718 70.7654 66.1791 -49.6689 -8.6740 -6.2025 -11.2246 -0.0000 0.0000 0.0000
0.0729 0.8785 0.1269 -43.1151 4.1838 13.2891 21.7650 -1.4104 -9.0833 21.7650 -1.4104 -9.0833 8.3267 1.3047 -22.2933 8.3267 1.3047 -22.2933 8.3242 0.5928 8.1322 2.3564 0.1756 8.5235 -13.1307 0.5011 -4.3519 15.6045 6.5977 45.6288 -40.5640 -26.8344 65.6853 -8.0167 -0.1541 2.1982 36.8562 -12.6142 4.2182 5.2767 25.7492 -1.2069 1.2499 -4.8338 1.6299 -0.0000 0.0000 0.0000 -77.6868 -29.3788 -23.8401 59.3153 64.5772 -39.5783 -10.9114 -4.7182 -14.2061 -0.0000 0.0000 0.0000
0.0711 0.8803 0.1318 -44.3614 5.5226 13.5267 22.2248 -1.2787 -8.3576 22.2248 -1.2787 -8.3576 8.4932 0.9304 -21.5997 8.4932 0.9304 -21.5997 8.6138 0.6044 8.0125 1.9101 0.1323 7.9263 -13.7165 0.6021 -5.0031 14.3909 6.0151 45.1906 -45.6079 -26.1910 57.9102 -8.8732 -0.1522 1.9617 38.0271 -13.4889 4.6672 5.3929 25.5089 -1.2216 1.8545 -3.6162 2.4321 -0.0000 0.0000 0.0000 -76.7247 -27.9360 -22.2757 48.3750 62.2121 -30.3273 -11.9741 -2.3286 -15.7609 -0.0000 0.0000 0.0000
0.0701 0.8816 0.1376 -45.3979 6.4443 13.7311 22.5920 -1.1935 -7.9397 22.5920 -1.1935 -7.9397 8.5288 0.5973 -21.1428 8.5288 0.5973 -21.1428 8.9977 0.6397 8.1172 1.5372 0.0998 7.4319 -14.2206 0.6975 -5.5870 13.3913 5.5367 44.7728 -49.0803 -24.4581 50.7881 -9.8038 -0.1457 1.6985 38.9599 -13.8662 4.9259 5.5452 25.2634 -1.2436 2.5986 -2.3825 3.4283 -0.0000 0.0000 0.0000 -75.3031 -25.8641 -20.0926 39.0466 59.0547 -22.7117 -12.3832 0.2704 -16.5076 -0.0000 0.0000 0.0000
0.0698 0.8825 0.1434 -46.2428 7.0587 13.8888 22.9053 -1.1451 -7.7477 22.9053 -1.1451 -7.7477 8.4943 0.2625 -20.8906 8.4943 0.2625 -20.8906 9.3775 0.6807 8.2845 1.2288 0.0778 7.2484 -14.6117 0.7660 -5.9691 12.2781 5.0374 44.4864 -50.9168 -22.1795 44.7545 -10.6262 -0.0920 0.9887 39.6919 -13.9805 5.0678 5.6731 25.1475 -1.2663 3.4409 -1.2362 4.5649 -0.0000 0.0000 0.0000 -73.6930 -23.5711 -17.7728 31.8767 55.6732 -17.1515 -12.3904 2.8554 -16.7403 -0.0000 0.0000 0.0000
0.0699 0.8830 0.1483 -46.9675 7.6149 13.9723 23.2013 -1.1113 -7.6083 23.2013 -1.1113 -7.6083 8.4853 -0.1167 -20.7939 8.4853 -0.1167 -20.7939 9.6970 0.7205 8.4781 0.9628 0.0607 7.2109 -14.9174 0.8283 -6.3204 10.9143 4.4536 44.2943 -51.4591 -19.7025 39.6328 -11.3062 -0.0335 0.3388 40.3170 -14.1428 5.2148 5.7141 25.1482 -1.2755 4.3004 -0.1711 5.7351 -0.0000 0.0000 0.0000 -72.0214 -21.2328 -15.5161 26.2875 52.0640 -13.0133 -12.5234 5.4369 -17.1587 -0.0000 0.0000 0.0000
0.0702 0.8835 0.1518 -47.5334 8.0633 14.0358 23.4342 -1.0853 -7.5077 23.4342 -1.0853 -7.5077 8.5183 -0.4833 -20.7500 8.5183 -0.4833 -20.7500 10.0528 0.7495 8.5065 0.6583 0.0428 7.4351 -15.2827 0.8849 -6.5885 9.4214 3.8169 44.0332 -51.3446 -17.3035 35.1310 -11.7560 -0.0066 0.0645 40.8087 -14.2305 5.3171 5.6772 25.0718 -1.2633 5.0923 0.8325 6.8253 -0.0000 0.0000 0.0000 -70.5799 -19.5027 -13.8703 21.8678 48.5056 -9.9483 -12.5966 8.1028 -17.5248 -0.0000 0.0000 0.0000
0.0703 0.8842 0.1532 -47.9305 8.4452 14.0199 23.5963 -1.0770 -7.4894 23.5963 -1.0770 -7.4894 8.5899 -0.8962 -20.8560 8.5899 -0.8962 -20.8560 10.4395 0.7773 8.4936 0.3531 0.0240 7.7878 -15.9117 0.9555 -6.8292 7.9149 3.1807 43.7335 -50.6174 -15.1869 31.4876 -12.1491 -0.0427 0.4017 41.1616 -14.3412 5.4093 5.5715 24.7949 -1.2256 5.6761 1.5232 7.6343 -0.0000 0.0000 0.0000 -69.6844 -18.9460 -13.2506 18.2577 45.4378 -7.6982 -12.0275 10.7753 -17.0130 -0.0000 0.0000 0.0000
0.0700 0.8855 0.1516 -48.2408 8.7783 13.9275 23.7148 -1.0784 -7.5337 23.7148 -1.0784 -7.5337 8.6959 -1.3457 -21.0898 8.6959 -1.3457 -21.0898 10.8713 0.8131 8.5290 0.0604 0.0043 8.1939 -17.1651 1.0696 -7.0779 6.4396 2.5603 43.3287 -49.4814 -13.3959 28.5948 -12.4374 -0.0989 0.9080 41.4588 -14.3890 5.4702 5.4458 24.4029 -1.1784 6.0517 1.9960 8.1590 -0.0000 0.0000 0.0000 -69.1444 -18.9966 -13.1545 15.4996 42.5864 -6.0723 -11.1137 13.4795 -16.0065 -0.0000 0.0000 0.0000
0.0695 0.8873 0.1467 -48.4572 9.1257 13.7469 23.7896 -1.0879 -7.6048 23.7896 -1.0879 -7.6048 8.8333 -1.8921 -21.5348 8.8333 -1.8921 -21.5348 11.2735 0.8641 8.7382 -0.1895 -0.0139 8.3821 -19.4118 1.2619 -7.3679 5.0122 1.9493 42.4834 -48.4652 -11.8182 25.9000 -12.9040 -0.2265 2.0022 41.6588 -14.5198 5.5495 5.3326 23.8309 -1.1260 6.2211 2.2615 8.3989 -0.0000 0.0000 0.0000 -68.9043 -19.4779 -13.4312 13.5950 40.8434 -5.0823 -9.9960 15.4226 -14.5989 -0.0000 0.0000 0.0000
0.0685 0.8898 0.1384 -48.5971 9.6199 13.3837 23.8415 -1.1131 -7.7070 23.8415 -1.1131 -7.7070 8.9378 -2.5685 -22.1986 8.9378 -2.5685 -22.1986 11.6187 0.9404 9.2228 -0.4381 -0.0319 8.3397 -22.6580 1.5228 -7.5901 3.6046 1.3601 41.3330 -47.6528 -10.3308 23.1377 -13.8312 -0.4475 3.6880 41.8122 -14.9507 5.7388 5.1754 23.2800 -1.0668 6.3203 2.6108 8.5484 -0.0000 0.0000 0.0000 -68.5929 -19.5482 -13.4025 12.3698 39.1585 -4.4146 -8.8640 17.0636 -13.1067 -0.0000 0.0000 0.0000
0.0672 0.8925 0.1276 -48.6636 10.2918 12.8319 23.8691 -1.1394 -7.7316 23.8691 -1.1394 -7.7316 9.0001 -3.2334 -22.8795 9.0001 -3.2334 -22.8795 11.8738 1.0357 9.9347 -0.6819 -0.0475 7.9754 -26.5741 1.8545 -7.8415 2.2517 0.8146 39.7717 -47.0231 -8.9430 20.3803 -15.4746 -0.7880 5.7945 41.9621 -15.7206 6.0611 4.9630 22.9324 -1.0073 6.4280 3.1971 8.7214 -0.0000 0.0000 0.0000 -68.0107 -18.9352 -12.8381 11.7005 37.7331 -4.0107 -8.0001 18.0664 -11.9227 -0.0000 0.0000 0.0000
0.0656 0.8952 0.1160 -48.6781 11.0362 12.1967 23.8745 -1.1554 -7.6482 23.8745 -1.1554 -7.6482 9.0541 -3.7807 -23.4209 9.0541 -3.7807 -23.4209 12.0755 1.1291 10.6451 -0.9356 -0.0609 7.4529 -30.6421 2.2318 -8.1338 1.0345 0.3526 37.6413 -46.5716 -7.6031 17.5537 -17.7001 -1.2506 8.0189 42.1379 -16.6519 6.4538 4.7248 22.7799 -0.9523 6.6380 4.0775 9.0492 -0.0000 0.0000 0.0000 -67.1201 -17.8392 -11.8881 11.1832 36.5137 -3.6996 -7.3320 18.3531 -10.9542 -0.0000 0.0000 0.0000
0.0639 0.8975 0.1055 -48.6329 11.7979 11.5189 23.8552 -1.1617 -7.4776 23.8552 -1.1617 -7.4776 9.1175 -4.1979 -23.7832 9.1175 -4.1979 -23.7832 12.2404 1.2128 11.2742 -1.2083 -0.0736 6.9702 -34.2917 2.6192 -8.4757 -0.0944 -0.0300 35.2436 -45.8277 -6.4995 15.3010 -19.8908 -1.7034 9.6919 42.3592 -17.6328 6.8782 4.4477 22.8787 -0.9004 6.9275 5.1944 9.5018 -0.0000 0.0000 0.0000 -66.1058 -16.6828 -10.9002 10.6439 35.5171 -3.4177 -6.8730 18.2848 -10.2652 -0.0000 0.0000 0.0000
0.0622 0.8990 0.0978 -48.5668 12.4371 10.9188 23.8212 -1.1542 -7.2599 23.8212 -1.1542 -7.2599 9.2108 -4.4346 -23.9239 9.2108 -4.4346 -23.9239 12.4312 1.2784 11.6974 -1.5357 -0.0896 6.6797 -37.0347 2.9584 -8.8174 -1.0588 -0.3138 33.0162 -44.9655 -5.7888 13.9302 -21.2755 -1.9960 10.5978 42.6066 -18.3510 7.2082 4.1707 23.2698 -0.8591 7.2878 6.3675 10.0617 -0.0000 0.0000 0.0000 -65.0951 -15.8484 -10.1534 9.9086 34.8588 -3.1178 -6.6200 17.9772 -9.8655 -0.0000 0.0000 0.0000
0.0606 0.8998 0.0937 -48.4811 12.9002 10.4565 23.7723 -1.1353 -7.0397 23.7723 -1.1353 -7.0397 9.3166 -4.5904 -24.0017 9.3166 -4.5904 -24.0017 12.6397 1.3308 11.9733 -1.9156 -0.1104 6.5934 -39.1610 3.2501 -9.1202 -1.8791 -0.5226 31.0820 -44.0723 -5.3453 13.1577 -21.9283 -2.1499 11.0639 42.8002 -18.8019 7.4249 3.9400 23.7684 -0.8295 7.6571 7.5391 10.6426 -0.0000 0.0000 0.0000 -64.3148 -15.6439 -9.8723 9.0929 34.8153 -2.8563 -6.4654 17.3459 -9.5906 -0.0000 0.0000 0.0000
0.0593 0.8999 0.0923 -48.3966 13.3013 10.1018 23.7246 -1.1113 -6.8315 23.7246 -1.1113 -6.8315 9.4258 -4.7130 -24.0362 9.4258 -4.7130 -24.0362 12.8435 1.3844 12.2541 -2.3095 -0.1315 6.5191 -40.8399 3.5228 -9.4440 -2.5820 -0.6834 29.6451 -43.1847 -5.1270 12.9081 -22.1083 -2.1886 11.1688 42.9415 -19.1219 7.5806 3.7365 24.3308 -0.8058 8.0461 8.6511 11.2561 -0.0000 0.0000 0.0000 -63.6352 -15.6130 -9.7241 8.2239 34.6643 -2.5705 -6.4180 16.8470 -9.4856 -0.0000 0.0000 0.0000
0.0583 0.8996 0.0927 -48.3155 13.6531 9.8076 23.6820 -1.0849 -6.6377 23.6820 -1.0849 -6.6377 9.5303 -4.7874 -24.0031 9.5303 -4.7874 -24.0031 13.0629 1.4387 12.5162 -2.6713 -0.1488 6.3763 -42.2347 3.7757 -9.7561 -3.1684 -0.8063 28.5488 -42.3463 -5.0677 13.0354 -22.2659 -2.2060 11.1760 43.0375 -19.3514 7.6918 3.5692 24.9407 -0.7896 8.3660 9.5273 11.7645 -0.0000 0.0000 0.0000 -62.7277 -15.0050 -9.1790 7.3652 34.2030 -2.2689 -6.4298 16.4848 -9.4780 -0.0000 0.0000 0.0000
0.0575 0.8991 0.0933 -48.2594 13.9657 9.5306 23.6599 -1.0529 -6.4381 23.6599 -1.0529 -6.4381 9.6243 -4.8386 -23.9403 9.6243 -4.8386 -23.9403 13.3248 1.4870 12.6788 -2.9889 -0.1612 6.1731 -43.4345 3.9943 -10.0070 -3.6175 -0.8882 27.5812 -41.6611 -5.0517 13.2268 -22.4816 -2.2173 11.1229 43.1282 -19.5230 7.7791 3.4016 25.4383 -0.7680 8.6348 9.9891 12.1758 -0.0000 0.0000 0.0000 -61.6194 -13.9443 -8.3422 6.4796 33.4078 -1.9463 -6.3593 16.0434 -9.3446 -0.0000 0.0000 0.0000
0.0567 0.8986 0.0939 -48.1816 14.2742 9.2273 23.6417 -1.0222 -6.2381 23.6417 -1.0222 -6.2381 9.7002 -4.8412 -23.7994 9.7002 -4.8412 -23.7994 13.6589 1.5379 12.7886 -3.3143 -0.1721 5.9434 -44.5553 4.1926 -10.2113 -3.9935 -0.9445 26.6020 -41.1294 -5.0945 13.5248 -22.6342 -2.2172 11.0459 43.2183 -19.6859 7.8631 3.1957 25.7885 -0.7318 8.8160 10.2459 12.4503 -0.0000 0.0000 0.0000 -60.4625 -12.5929 -7.3580 5.6340 32.3485 -1.6353 -6.1934 15.6646 -9.0769 -0.0000 0.0000 0.0000
0.0560 0.8979 0.0947 -48.0959 14.6087 8.8885 23.6390 -0.9965 -6.0507 23.6390 -0.9965 -6.0507 9.7538 -4.7683 -23.5435 9.7538 -4.7683 -23.5435 14.0366 1.6086 13.0113 -3.7133 -0.1878 5.7899 -45.5723 4.3722 -10.3847 -4.2919 -0.9767 25.6297 -40.8621 -5.1504 13.7688 -22.8013 -2.2244 10.9988 43.3170 -19.8225 7.9385 2.9736 26.1631 -0.6911 8.9512 10.3502 12.6487 -0.0000 0.0000 0.0000 -59.3693 -11.3256 -6.4702 4.8086 31.1960 -1.3431 -6.0284 15.5207 -8.8266 -0.0000 0.0000 0.0000
0.0551 0.8971 0.0963 -47.9964 14.9339 8.5774 23.6413 -0.9727 -5.8729 23.6413 -0.9727 -5.8729 9.7960 -4.6587 -23.2465 9.7960 -4.6587 -23.2465 14.4509 1.7005 13.3529 -4.0730 -0.2060 5.7893 -46.0643 4.4752 -10.5023 -4.5610 -0.9974 24.6580 -40.6319 -5.1870 13.9505 -22.6609 -2.1891 10.8934 43.3903 -19.9260 7.9954 2.7740 26.5848 -0.6555 9.0723 10.3290 12.8173 -0.0000 0.0000 0.0000 -58.4017 -10.6563 -5.9676 4.1600 30.5461 -1.1364 -5.8088 15.2821 -8.4913 -0.0000 0.0000 0.0000
0.0541 0.8961 0.0984 -47.8325 15.1557 8.3465 23.6170 -0.9591 -5.7669 23.6170 -0.9591 -5.7669 9.8186 -4.5146 -22.9531 9.8186 -4.5146 -22.9531 14.8935 1.8064 13.7549 -4.2871 -0.2235 5.9653 -44.8898 4.3177 -10.4282 -4.8094 -1.0191 23.9139 -40.1079 -5.1488 14.0435 -21.7962 -2.0637 10.6884 43.3395 -19.9798 8.0071 2.6612 27.0760 -0.6409 9.1319 10.1571 12.8874 -0.0000 0.0000 0.0000 -57.5552 -10.6201 -5.8447 4.1139 30.3703 -1.1170 -5.7779 14.8189 -8.4190 -0.0000 0.0000 0.0000
0.0531 0.8947 0.1007 -47.6074 15.2204 8.2271 23.5608 -0.9597 -5.7533 23.5608 -0.9597 -5.7533 9.8377 -4.3678 -22.7499 9.8377 -4.3678 -22.7499 15.3898 1.9106 14.0706 -4.2375 -0.2336 6.3076 -41.8706 3.8672 -10.0862 -5.0739 -1.0552 23.4830 -39.0593 -5.0028 14.0426 -20.5770 -1.8695 10.2722 43.1674 -19.8811 7.9321 2.6078 27.5221 -0.6388 9.0378 9.9198 12.7364 -0.0000 0.0000 0.0000 -56.4402 -10.5840 -5.6914 4.4857 30.3663 -1.2179 -6.2389 14.2130 -9.0513 -0.0000 0.0000 0.0000
0.0522 0.8931 0.1020 -47.2405 15.0691 8.2306 23.4464 -0.9822 -5.8632 23.4464 -0.9822 -5.8632 9.8561 -4.2125 -22.6679 9.8561 -4.2125 -22.6679 15.9672 1.9948 14.1524 -3.6740 -0.2172 6.7635 -36.8785 3.1529 -9.4373 -5.3230 -1.0980 23.2959 -37.0375 -4.7148 14.0135 -18.9194 -1.5913 9.5288 42.8166 -20.0225 7.9183 2.7328 28.2505 -0.6878 8.7178 9.4245 12.2498 -0.0000 0.0000 0.0000 -55.0095 -10.6275 -5.5450 5.9704 30.4958 -1.6289 -6.6169 13.0567 -9.5238 -0.0000 0.0000 0.0000
0.0519 0.8910 0.1011 -46.6338 14.8293 8.3049 23.2494 -1.0295 -6.0727 23.2494 -1.0295 -6.0727 9.8657 -4.0775 -22.6828 9.8657 -4.0775 -22.6828 16.5674 2.0481 13.9987 -2.4202 -0.1546 7.3101 -30.5758 2.3678 -8.6471 -5.5213 -1.1414 23.3437 -34.0135 -4.3669 14.2111 -17.1022 -1.2719 8.4438 42.1719 -20.5603 8.0009 3.0387 29.2239 -0.7924 8.2204 8.6566 11.4994 -0.0000 0.0000 0.0000 -53.3206 -10.7602 -5.4144 8.6742 30.6514 -2.3814 -6.5660 11.2552 -9.3403 -0.0000 0.0000 0.0000
0.0523 0.8883 0.0971 -45.7524 14.5993 8.3593 22.9698 -1.1052 -6.3819 22.9698 -1.1052 -6.3819 9.8292 -3.9541 -22.7486 9.8292 -3.9541 -22.7486 17.0803 2.0822 13.8002 -0.5286 -0.0366 7.9171 -24.2919 1.6979 -7.8773 -5.5409 -1.1583 23.5982 -30.2183 -4.0437 14.8989 -15.3888 -0.9760 7.2145 41.1031 -21.3830 8.0975 3.5515 30.3392 -0.9632 7.7047 7.7353 10.7210 -0.0000 0.0000 0.0000 -51.5555 -11.1631 -5.4042 12.2889 30.6594 -3.3807 -6.1942 9.2694 -8.7035 -0.0000 0.0000 0.0000
0.0534 0.8848 0.0900 -44.5704 14.3315 8.3509 22.5974 -1.2218 -6.8551 22.5974 -1.2218 -6.8551 9.6883 -3.7905 -22.8178 9.6883 -3.7905 -22.8178 17.5362 2.1159 13.6547 1.7048 0.1272 8.5325 -19.3344 1.2284 -7.2023 -5.2481 -1.1218 24.1154 -26.0046 -3.7524 16.1483 -13.6410 -0.7186 6.0026 39.5546 -22.6375 8.2332 4.3496 31.8483 -1.2416 7.2515 6.7820 10.0358 -0.0000 0.0000 0.0000 -49.9238 -11.8662 -5.5392 16.1033 30.7750 -4.4590 -5.9341 7.6086 -8.2558 -0.0000 0.0000 0.0000
0.0549 0.8804 0.0813 -43.1026 13.9188 8.2606 22.1247 -1.3935 -7.5539 22.1247 -1.3935 -7.5539 9.3993 -3.5476 -22.8701 9.3993 -3.5476 -22.8701 18.0055 2.1606 13.5753 4.0356 0.3203 9.0709 -15.7602 0.9038 -6.5233 -4.4897 -0.9924 24.9174 -21.6155 -3.4482 17.9209 -11.5264 -0.5130 5.0791 37.5667 -24.1464 8.3214 5.4316 33.8086 -1.6518 6.8800 5.7639 9.4673 -0.0000 0.0000 0.0000 -48.3526 -12.8072 -5.7686 19.9230 30.9036 -5.5589 -6.1792 6.1945 -8.5256 -0.0000 0.0000 0.0000
0.0563 0.8753 0.0733 -41.4675 13.3532 8.1009 21.5704 -1.6088 -8.4194 21.5704 -1.6088 -8.4194 8.9767 -3.2490 -22.9263 8.9767 -3.2490 -22.9263 18.5370 2.2198 13.5410 6.1939 0.5143 9.4839 -13.8480 0.7072 -5.8189 -3.1393 -0.7197 25.8181 -17.4264 -3.0781 19.8875 -9.4791 -0.3798 4.5789 35.3536 -25.4651 8.2377 6.5623 35.7045 -2.1156 6.5741 4.8496 9.0007 -0.0000 0.0000 0.0000 -46.7602 -13.7887 -5.9847 22.7744 31.5224 -6.5068 -6.5612 4.4690 -8.9640 -0.0000 0.0000 0.0000
0.0572 0.8699 0.0673 -39.6774 12.7017 7.9391 20.9191 -1.8470 -9.3347 20.9191 -1.8470 -9.3347 8.4896 -2.9567 -23.0231 8.4896 -2.9567 -23.0231 19.1317 2.2904 13.5293 8.0909 0.6863 9.6811 -13.0048 0.5920 -5.1902 -1.3447 -0.3181 26.6173 -13.5839 -2.6057 21.6218 -7.4616 -0.2910 4.4608 32.9878 -26.4393 7.9577 7.6630 37.5165 -2.6059 6.2918 3.8793 8.5687 -0.0000 0.0000 0.0000 -45.2642 -15.0423 -6.3013 25.3757 32.4957 -7.5079 -6.5024 2.9642 -8.8110 -0.0000 0.0000 0.0000
0.0572 0.8645 0.0643 -37.6872 11.9830 7.8419 20.1408 -2.0876 -10.1891 20.1408 -2.0876 -10.1891 8.0074 -2.6587 -23.1394 8.0074 -2.6587 -23.1394 19.7154 2.3313 13.3573 9.8887 0.8432 9.7237 -12.7780 0.5245 -4.6815 0.9382 0.2251 26.9851 -10.1025 -2.0435 22.8156 -5.6626 -0.2500 5.0525 30.4203 -26.6326 7.3641 8.5797 38.7738 -3.0241 5.9702 2.9545 8.0906 -0.0000 0.0000 0.0000 -43.8177 -16.6747 -6.7461 28.1692 33.8578 -8.7340 -6.2851 1.9207 -8.4698 -0.0000 0.0000 0.0000
0.0563 0.8593 0.0642 -35.4460 11.3107 7.6771 19.2284 -2.3134 -10.8761 19.2284 -2.3134 -10.8761 7.5296 -2.3325 -23.2290 7.5296 -2.3325 -23.2290 20.1979 2.3424 13.0959 11.5993 0.9714 9.5423 -12.5751 0.4895 -4.4405 3.6682 0.8765 26.8695 -7.0967 -1.4757 23.4652 -3.9531 -0.2136 6.1842 27.6542 -25.9855 6.5006 9.1518 39.3047 -3.2743 5.6829 2.3568 7.6772 -0.0000 0.0000 0.0000 -42.2117 -17.8041 -6.9196 30.8149 34.4411 -9.7643 -6.6753 1.7441 -8.9863 -0.0000 0.0000 0.0000
0.0547 0.8541 0.0668 -33.0607 10.6467 7.3880 18.2440 -2.5313 -11.4379 18.2440 -2.5313 -11.4379 6.9985 -1.9630 -23.2875 6.9985 -1.9630 -23.2875 20.5400 2.3289 12.8015 12.9692 1.0514 9.2304 -11.9815 0.4690 -4.4669 6.4680 1.5266 26.5341 -4.8574 -1.0121 23.5275 -2.2100 -0.1393 7.2145 24.8149 -25.1580 5.6209 9.6032 39.6445 -3.4687 5.3298 2.1364 7.1923 -0.0000 0.0000 0.0000 -40.7494 -18.1175 -6.7775 33.2074 34.3883 -10.5435 -8.0450 1.9026 -10.8347 -0.0000 0.0000 0.0000
0.0527 0.8487 0.0724 -30.5986 10.0600 6.8461 17.2114 -2.7237 -11.8372 17.2114 -2.7237 -11.8372 6.4685 -1.5896 -23.3175 6.4685 -1.5896 -23.3175 20.8225 2.2901 12.4170 14.4742 1.1215 8.8142 -10.9864 0.4629 -4.8105 9.6436 2.2331 26.0189 -2.4839 -0.5109 23.2403 -0.4060 -0.0289 8.1519 22.0584 -24.2105 4.7876 9.8699 40.2932 -3.6288 5.0977 2.2286 6.8827 -0.0000 0.0000 0.0000 -38.6319 -17.5399 -6.1903 34.8060 33.1308 -10.6530 -10.0865 2.1453 -13.5911 -0.0000 0.0000 0.0000
0.0506 0.8427 0.0814 -28.0629 9.6464 6.0181 16.1585 -2.8712 -12.0349 16.1585 -2.8712 -12.0349 5.9156 -1.3470 -23.3241 5.9156 -1.3470 -23.3241 21.0443 2.2264 11.9446 16.4563 1.2056 8.3229 -9.7248 0.4667 -5.4823 13.4555 3.0383 25.3410 -0.0466 -0.0094 22.7094 0.8792 0.0688 8.9423 19.4383 -23.0712 4.0042 9.7360 41.0411 -3.6517 5.1236 2.2905 6.9201 -0.0000 0.0000 0.0000 -35.7611 -15.6850 -5.0887 34.8967 31.2852 -10.0591 -11.4643 1.5629 -15.3912 -0.0000 0.0000 0.0000
0.0485 0.8361 0.0936 -25.5230 9.4796 5.0054 15.1253 -2.9662 -12.0343 15.1253 -2.9662 -12.0343 5.4378 -1.2778 -23.2653 5.4378 -1.2778 -23.2653 21.2742 2.1538 11.4311 18.9988 1.2934 7.7183 -8.6665 0.4881 -6.4343 17.7398 3.9063 24.6533 1.9428 0.3768 21.9529 1.2449 0.1053 9.6722 16.9659 -21.5217 3.2473 9.1301 41.5087 -3.4662 5.3884 1.8361 7.2598 -0.0000 0.0000 0.0000 -32.5662 -12.8213 -3.7595 33.2966 28.8898 -8.8093 -11.9556 0.2712 -15.9408 -0.0000 0.0000 0.0000
0.0466 0.8294 0.1081 -22.9911 9.4165 4.0204 14.1134 -3.0014 -11.8943 14.1134 -3.0014 -11.8943 5.1011 -1.2451 -23.0929 5.1011 -1.2451 -23.0929 21.5679 2.0463 10.7131 22.8744 1.3972 6.8982 -7.9447 0.5221 -7.5075 22.5626 4.7982 23.7230 3.6226 0.6703 20.9599 1.3304 0.1230 10.5612 14.5215 -19.3156 2.4841 8.2694 41.2384 -3.1161 5.7708 0.7351 7.7297 -0.0000 0.0000 0.0000 -29.3062 -9.5802 -2.5104 30.2298 26.4698 -7.2696 -11.7581 -1.6489 -15.5295 -0.0000 0.0000 0.0000
0.0449 0.8231 0.1236 -20.4247 9.3919 3.1533 13.0752 -2.9726 -11.6595 13.0752 -2.9726 -11.6595 4.9324 -1.1815 -22.6986 4.9324 -1.1815 -22.6986 22.1670 1.9342 9.8503 28.4624 1.4155 5.5771 -7.7271 0.5645 -8.3437 27.6303 5.6177 22.5671 4.7576 0.8401 20.0163 1.5878 0.1594 11.4683 11.9882 -16.7377 1.7699 7.4228 40.2230 -2.7214 6.1849 -0.6842 8.2237 -0.0000 0.0000 0.0000 -26.5992 -6.3510 -1.5027 26.1270 24.0898 -5.6689 -11.3887 -3.6555 -14.8989 -0.0000 0.0000 0.0000
0.0430 0.8176 0.1391 -18.0322 9.3128 2.4406 12.0906 -2.9024 -11.4156 12.0906 -2.9024 -11.4156 4.8505 -1.1149 -22.1965 4.8505 -1.1149 -22.1965 23.0273 1.8511 9.0690 35.2689 1.1783 3.7057 -8.0817 0.6221 -8.7885 32.4533 6.2200 21.1497 5.3639 0.9162 19.3734 1.9025 0.2041 12.2434 9.6447 -14.5696 1.2358 6.7415 38.9720 -2.3878 6.3253 -2.1273 8.3500 -0.0000 0.0000 0.0000 -24.7964 -3.8280 -0.8418 21.8776 22.7319 -4.4497 -11.4233 -5.5215 -14.8144 -0.0000 0.0000 0.0000
0.0403 0.8128 0.1543 -15.9762 9.1642 1.9096 11.1895 -2.7779 -11.1863 11.1895 -2.7779 -11.1863 4.8996 -0.9751 -21.6061 4.8996 -0.9751 -21.6061 24.3662 1.7869 8.2628 44.3202 0.4073 1.0001 -9.3426 0.7156 -8.7414 37.2835 6.7195 19.7438 6.1350 1.0255 18.9615 2.2366 0.2548 12.9942 7.7428 -12.4978 0.8491 6.1173 37.5492 -2.0812 6.1584 -3.1019 8.0915 -0.0000 0.0000 0.0000 -23.6475 -2.2697 -0.4752 18.2291 21.6854 -3.5201 -12.4430 -6.6190 -16.0496 -0.0000 0.0000 0.0000
0.0366 0.8088 0.1693 -14.3155 8.9680 1.6417 10.4121 -2.6296 -11.0192 10.4121 -2.6296 -11.0192 4.9504 -0.9141 -21.2071 4.9504 -0.9141 -21.2071 26.2989 1.5972 6.8293 54.4402 -1.3070 -2.5407 -11.3887 0.7356 -7.3674 42.1321 7.2044 18.5641 7.1201 1.1808 18.8086 2.6394 0.3151 13.6133 6.4811 -10.3156 0.5856 5.4512 36.1147 -1.7784 5.8622 -3.4642 7.6894 -0.0000 0.0000 0.0000 -22.7352 -1.2713 -0.2556 15.0620 20.8323 -2.7843 -13.7124 -7.0192 -17.6454 -0.0000 0.0000 0.0000
0.0311 0.8052 0.1838 -13.0419 8.7604 1.6519 9.7130 -2.4790 -10.9796 9.7130 -2.4790 -10.9796 4.9900 -0.8639 -20.9174 4.9900 -0.8639 -20.9174 28.8602 1.1237 4.3649 63.2987 -4.1670 -6.7555 -13.9625 0.5398 -4.4061 47.0026 7.7916 17.8013 8.1154 1.3594 18.9879 3.0758 0.3780 14.0085 5.9110 -8.1271 0.4203 4.7254 34.8757 -1.4850 5.6203 -3.3599 7.3762 -0.0000 0.0000 0.0000 -21.8928 -0.4767 -0.0922 12.3230 19.9786 -2.1786 -14.6796 -7.0110 -18.8820 -0.0000 0.0000 0.0000
0.0236 0.8016 0.1978 -12.0899 8.5671 1.9289 9.1404 -2.3285 -11.0219 9.1404 -2.3285 -11.0219 4.9829 -0.7678 -20.7056 4.9829 -0.7678 -20.7056 31.5500 0.1635 0.5787 69.2908 -7.8573 -11.3511 -15.6751 0.0196 -0.1423 51.8470 8.5122 17.4090 8.9344 1.5279 19.3715 3.4143 0.4208 14.0469 5.8426 -5.9796 0.3054 4.0442 33.7046 -1.2255 5.6209 -2.9799 7.3905 -0.0000 0.0000 0.0000 -21.2253 -0.0018 -0.0003 10.2062 19.4487 -1.7535 -15.3204 -6.8552 -19.7137 -0.0000 0.0000 0.0000
0.0136 0.7975 0.2104 -11.2354 8.4168 2.3185 8.5377 -2.1807 -11.2245 8.5377 -2.1807 -11.2245 4.9087 -0.6999 -20.2819 4.9087 -0.6999 -20.2819 34.4448 -1.4822 -4.7791 70.7829 -11.4342 -16.0426 -14.5733 -0.5298 4.1414 56.6746 9.5465 17.6034 10.0293 1.7881 20.1692 3.4845 0.4070 13.3186 6.1262 -4.4719 0.2394 3.3805 32.9536 -1.0001 5.8269 -2.6440 7.6736 -0.0000 0.0000 0.0000 -20.9908 -0.1690 -0.0313 9.0726 19.5987 -1.5702 -15.8375 -6.7796 -20.3805 -0.0000 0.0000 0.0000
0.0006 0.7928 0.2218 -10.4465 8.1922 2.5862 7.9255 -2.0907 -11.7450 7.9255 -2.0907 -11.7450 4.7173 -0.9399 -20.0878 4.7173 -0.9399 -20.0878 37.1262 -3.7217 -11.0520 69.3611 -13.9023 -19.9861 -12.2268 -0.6639 6.1926 60.9972 10.9371 18.4636 12.1285 2.2499 20.9440 3.2623 0.3489 12.2068 6.8100 -3.8823 0.2311 2.6376 33.4915 -0.7938 5.9471 -2.2218 7.8478 -0.0000 0.0000 0.0000 -21.1700 -0.8136 -0.1520 8.9478 20.6041 -1.6296 -16.2479 -7.2167 -20.8634 -0.0000 0.0000 0.0000
-0.0156 0.7870 0.2319 -9.8090 7.8598 2.7153 7.4259 -2.0597 -12.5055 7.4259 -2.0597 -12.5055 4.3428 -1.2607 -19.9422 4.3428 -1.2607 -19.9422 38.5084 -6.4300 -18.2712 67.0476 -16.0922 -24.0905 -9.9426 -0.5877 6.7489 64.5099 12.8225 20.1921 15.1044 2.9111 21.6990 2.8143 0.2600 10.5560 7.8212 -3.5206 0.2407 1.9615 34.7463 -0.6137 5.7507 -1.5820 7.6129 -0.0000 0.0000 0.0000 -21.7223 -1.6566 -0.3179 9.9360 21.7816 -1.9163 -16.5683 -8.1744 -21.1819 -0.0000 0.0000 0.0000
-0.0348 0.7802 0.2418 -9.3260 7.3035 2.7021 7.0104 -2.0787 -13.5393 7.0104 -2.0787 -13.5393 3.7767 -1.3445 -19.7754 3.7767 -1.3445 -19.7754 38.1882 -9.5852 -27.2300 64.4729 -18.1257 -28.3892 -7.7758 -0.4538 6.6701 67.1902 14.9558 22.3552 19.1536 3.7696 22.0733 2.5578 0.1985 8.8724 9.2588 -2.7367 0.2216 1.3531 36.0373 -0.4402 5.4314 -0.6050 7.2260 -0.0000 0.0000 0.0000 -22.2859 -2.1948 -0.4324 11.5957 22.5957 -2.3242 -16.7937 -9.5108 -21.3443 -0.0000 0.0000 0.0000
-0.0563 0.7729 0.2510 -8.9661 6.6292 2.6074 6.6040 -2.0626 -14.5819 6.6040 -2.0626 -14.5819 3.0698 -1.0422 -19.4082 3.0698 -1.0422 -19.4082 34.7151 -12.8196 -39.5383 60.9195 -20.6072 -34.3553 -5.5126 -0.4146 8.5948 69.0256 16.9424 24.4430 24.4427 5.0934 23.2082 2.3045 0.1393 6.9169 10.9460 -1.6069 0.1540 1.0804 37.1414 -0.3630 5.1355 -0.0055 6.8536 -0.0000 0.0000 0.0000 -22.7132 -2.6136 -0.5250 13.7013 23.6301 -2.8792 -17.0022 -11.4085 -21.4352 -0.0000 0.0000 0.0000
-0.0792 0.7655 0.2567 -8.7304 5.8806 2.4938 6.2354 -1.9882 -15.4495 6.2354 -1.9882 -15.4495 2.4050 -0.3646 -18.9837 2.4050 -0.3646 -18.9837 25.7897 -13.9384 -56.1993 56.9582 -23.5414 -42.0253 -0.2277 -0.0260 13.0153 69.7153 18.6534 26.5355 31.1631 7.3103 25.8054 0.4389 0.0183 4.7865 12.5619 -0.8451 0.0930 1.4244 38.4553 -0.4968 4.9028 0.5918 6.5634 -0.0000 0.0000 0.0000 -23.1033 -3.3534 -0.6856 16.3725 25.5590 -3.7377 -17.3355 -13.4116 -21.6738 -0.0000 0.0000 0.0000
-0.1026 0.7575 0.2539 -8.5317 5.0669 2.1705 5.7760 -1.8358 -16.2576 5.7760 -1.8358 -16.2576 1.9370 0.4312 -18.5051 1.9370 0.4312 -18.5051 9.9257 -8.2303 -79.2863 48.3436 -26.6396 -55.6230 10.7610 1.3820 14.5948 69.4412 20.1158 28.7141 39.3680 11.3608 31.0769 -2.4592 0.0055 -0.2575 13.9914 -0.2445 0.0300 2.0850 39.6003 -0.7507 4.7241 1.0379 6.3391 -0.0000 0.0000 0.0000 -23.4090 -4.1859 -0.8676 19.3124 27.9500 -4.8493 -17.9357 -14.8246 -22.2918 -0.0000 0.0000 0.0000
-0.1260 0.7485 0.2431 -8.3762 4.1735 1.6030 5.1812 -1.5770 -17.0332 5.1812 -1.5770 -17.0332 1.8155 1.0316 -18.1986 1.8155 1.0316 -18.1986 -10.5625 11.8797 -96.7607 20.9697 -18.1443 -81.5758 22.3968 0.3482 1.7585 67.6424 22.2123 32.6611 46.0722 17.4024 39.5892 -3.2198 0.2306 -8.1910 15.4077 -1.6096 0.2177 3.1290 42.9445 -1.2311 4.1821 2.4472 5.6542 -0.0000 0.0000 0.0000 -23.4701 -5.6310 -1.1706 22.1198 31.4694 -6.3043 -18.5037 -15.7219 -22.9106 -0.0000 0.0000 0.0000
-0.1495 0.7381 0.2269 -8.1683 3.4317 0.8890 4.5219 -1.2515 -17.5576 4.5219 -1.2515 -17.5576 2.0181 1.2768 -18.1006 2.0181 1.2768 -18.1006 -31.7738 32.9362 -92.1717 -5.5039 5.4961 -89.9196 18.9937 -2.5695 -15.2715 62.4395 25.4371 40.8492 43.3446 22.3085 52.7792 2.5107 -0.3430 -15.5564 16.7923 -4.9380 0.7293 4.6777 48.3327 -2.0999 3.0063 4.5711 4.1127 -0.0000 0.0000 0.0000 -23.3844 -8.0583 -1.6703 24.8054 36.4459 -8.2821 -19.0143 -16.5632 -23.4605 -0.0000 0.0000 0.0000
-0.1734 0.7265 0.2110 -7.7946 3.0315 0.1045 3.8232 -0.9087 -17.6760 3.8232 -0.9087 -17.6760 2.4871 1.1630 -18.2019 2.4871 1.1630 -18.2019 -47.3480 39.5995 -78.7826 -21.4093 19.4066 -84.2618 10.6595 -1.9150 -20.3141 51.7097 28.3320 55.0261 30.3921 20.0215 66.0382 13.1294 -1.5707 -13.5857 18.4174 -9.0323 1.4673 6.3423 54.0089 -3.2346 1.3959 6.9442 1.9360 -0.0000 0.0000 0.0000 -23.0509 -9.9598 -2.0359 26.9229 40.7554 -10.1620 -19.4433 -16.8917 -23.9544 -0.0000 0.0000 0.0000
-0.1977 0.7150 0.2006 -7.2983 3.0328 -0.5924 3.0637 -0.5434 -17.3539 3.0637 -0.5434 -17.3539 3.1629 0.7587 -18.5133 3.1629 0.7587 -18.5133 -48.7128 37.5569 -73.8176 -24.1902 21.4824 -83.0321 8.6375 -1.3028 -17.1230 35.4654 26.2507 72.1986 16.1112 11.7592 72.0802 19.0141 -0.4389 -2.6201 20.3888 -12.6292 2.2800 7.9121 58.3283 -4.4202 -0.1898 8.0606 -0.2650 -0.0000 0.0000 0.0000 -22.3251 -11.2317 -2.2231 28.4617 43.8986 -11.6713 -20.3137 -16.8813 -25.0163 -0.0000 0.0000 0.0000
-0.2220 0.7055 0.1987 -6.6984 3.5265 -1.1145 2.2704 -0.1907 -16.5764 2.2704 -0.1907 -16.5764 4.0034 0.3991 -18.6147 4.0034 0.3991 -18.6147 -43.5243 32.9961 -73.1447 -18.9878 17.8841 -86.5111 7.6662 -0.7323 -10.8976 18.2350 17.0605 86.1274 4.4856 3.1689 70.4651 14.7090 1.0885 8.4184 22.4837 -15.1639 3.0311 8.7401 60.5460 -5.1083 -1.2314 8.7396 -1.7262 -0.0000 0.0000 0.0000 -21.2662 -11.2225 -2.1135 29.1727 45.2046 -12.3660 -21.8272 -16.3894 -26.9079 -0.0000 0.0000 0.0000
-0.2460 0.6992 0.2044 -5.9296 4.4128 -1.5768 1.3884 0.1260 -15.6007 1.3884 0.1260 -15.6007 4.9551 0.3083 -18.1219 4.9551 0.3083 -18.1219 -38.9174 29.9000 -74.1607 -13.8408 13.7123 -89.4606 6.0466 -0.2506 -4.7428 5.0717 5.1941 91.3681 -4.4435 -2.9408 66.9805 8.6324 0.9940 13.1127 24.2195 -15.7922 3.4090 7.6980 59.7488 -4.4265 -1.4709 9.4985 -2.0716 -0.0000 0.0000 0.0000 -20.1352 -9.2495 -1.6457 28.6100 43.9982 -11.7635 -23.8065 -15.0699 -29.4608 -0.0000 0.0000 0.0000
-0.2690 0.6966 0.2135 -5.0292 5.5010 -1.9260 0.3267 0.4488 -14.5107 0.3267 0.4488 -14.5107 6.0271 0.5744 -16.8544 6.0271 0.5744 -16.8544 -35.9284 28.4858 -76.1141 -9.7272 9.7103 -89.8995 5.5649 -0.0549 -1.1292 -4.1998 -4.2012 90.0182 -11.5873 -7.2564 64.0059 5.3981 0.6885 14.5274 25.5634 -16.4225 3.7500 6.2931 57.8923 -3.4830 -1.2423 11.2633 -1.7692 -0.0000 0.0000 0.0000 -18.9436 -6.6397 -1.1090 27.2354 41.6513 -10.5295 -26.1352 -12.9832 -32.5536 -0.0000 0.0000 0.0000
-0.2908 0.6962 0.2199 -4.0252 6.2558 -2.1268 -0.9057 0.7872 -13.6401 -0.9057 0.7872 -13.6401 6.8961 1.2428 -15.0132 6.8961 1.2428 -15.0132 -35.3362 29.3446 -78.8401 -9.5868 9.3794 -88.7411 7.5052 0.0871 1.3283 -11.8197 -10.7775 84.6848 -18.4599 -11.7016 64.4708 5.3376 0.7001 14.9344 26.3648 -17.1503 4.0456 5.6317 55.7919 -2.9831 -1.0969 13.6564 -1.5870 -0.0000 0.0000 0.0000 -17.8958 -4.3321 -0.6824 26.0074 39.7770 -9.5514 -28.6644 -11.5789 -35.8314 -0.0000 0.0000 0.0000
-0.3107 0.6960 0.2224 -3.0207 6.5142 -2.2188 -2.1369 1.1080 -13.0632 -2.1369 1.1080 -13.0632 7.3535 2.0366 -13.1907 7.3535 2.0366 -13.1907 -37.6371 32.1320 -80.4007 -14.3360 13.3274 -85.7834 9.8929 0.3290 3.7995 -18.5743 -14.8600 77.1437 -26.2343 -17.5089 66.9177 6.8435 0.9108 15.1452 26.7546 -17.7785 4.2603 5.5827 53.9131 -2.8409 -1.2640 16.1071 -1.8604 -0.0000 0.0000 0.0000 -16.9300 -2.1675 -0.3226 24.9205 38.1774 -8.7456 -30.9772 -10.6215 -38.7921 -0.0000 0.0000 0.0000
-0.3282 0.6955 0.2203 -2.1174 6.0829 -2.1831 -3.2892 1.4408 -12.8974 -3.2892 1.4408 -12.8974 7.4721 2.7721 -12.0821 7.4721 2.7721 -12.0821 -43.8729 36.9990 -79.4383 -25.7576 21.1750 -78.5334 14.6373 0.1909 1.4862 -25.0756 -16.7991 67.1662 -38.0121 -27.4149 70.6069 9.7604 1.2944 15.0727 26.8603 -17.8862 4.3040 6.0006 52.4865 -2.9603 -1.5577 17.5644 -2.3172 -0.0000 0.0000 0.0000 -16.0002 -1.0277 -0.1444 24.3863 37.6711 -8.4313 -33.1457 -10.1294 -41.5043 -0.0000 0.0000 0.0000
-0.3430 0.6950 0.2155 -1.2265 5.2960 -2.0399 -4.2733 1.7762 -13.0321 -4.2733 1.7762 -13.0321 7.2019 3.4038 -11.3077 7.2019 3.4038 -11.3077 -54.1416 42.0346 -73.8687 -41.7827 27.1601 -64.6563 17.3317 -0.6822 -4.4737 -31.7755 -16.7754 54.7718 -67.1368 -42.5134 60.7588 14.5910 2.1774 16.8868 26.6626 -17.5555 4.1911 6.3089 51.6813 -3.0577 -1.5119 17.9786 -2.2561 -0.0000 0.0000 0.0000 -15.1781 -0.7710 -0.1027 24.2577 38.0862 -8.4848 -34.9021 -9.7102 -43.6996 -0.0000 0.0000 0.0000
-0.3546 0.6953 0.2094 -0.1442 4.4587 -1.8285 -5.1096 2.0630 -13.2669 -5.1096 2.0630 -13.2669 6.6462 3.8581 -10.8033 6.6462 3.8581 -10.8033 -66.4031 45.0312 -64.7032 -55.8416 26.9249 -48.6197 16.7657 -1.4867 -10.0637 -37.4634 -14.8673 42.0904 -120.6822 -30.7569 17.8026 7.6482 2.0291 29.6786 26.0555 -17.4844 4.0755 6.1632 51.7375 -2.9908 -0.8520 18.1804 -1.2734 -0.0000 0.0000 0.0000 -14.6343 -0.9283 -0.1192 24.1700 39.0383 -8.6808 -36.0523 -8.7181 -45.2629 -0.0000 0.0000 0.0000
-0.3630 0.6971 0.2025 1.1256 3.7324 -1.5555 -5.8308 2.2743 -13.4839 -5.8308 2.2743 -13.4839 6.0548 4.1419 -10.4775 6.0548 4.1419 -10.4775 -77.6994 45.3655 -54.8504 -63.4955 22.7451 -36.0148 12.7196 -1.7612 -15.7034 -41.1255 -11.7534 30.6865 -131.8614 18.4886 -8.3163 -20.1464 -5.9684 32.7093 25.1935 -17.8936 4.0298 5.3175 52.5193 -2.6248 0.3117 18.5692 0.4672 -0.0000 0.0000 0.0000 -14.3339 -1.0856 -0.1365 23.8531 39.9431 -8.7786 -36.5887 -6.6330 -46.2965 -0.0000 0.0000 0.0000
-0.3689 0.7011 0.1956 2.4898 2.8642 -1.2749 -6.4505 2.4374 -13.7863 -6.4505 2.4374 -13.7863 5.4343 4.3525 -10.3316 5.4343 4.3525 -10.3316 -86.9868 43.7694 -45.8944 -66.0819 17.9046 -27.2295 7.0604 -1.2446 -19.9712 -42.9920 -8.5658 21.5335 -91.4652 51.7720 -50.6300 -47.4097 -4.1056 9.3341 24.1932 -18.4737 3.9923 4.0321 53.6556 -2.0399 1.5945 19.2125 2.4019 -0.0000 0.0000 0.0000 -14.2451 -0.9473 -0.1184 23.3170 40.6317 -8.7367 -36.7030 -4.4642 -46.8551 -0.0000 0.0000 0.0000
-0.3722 0.7071 0.1888 3.7541 1.9490 -1.0492 -6.9795 2.5861 -14.1173 -6.9795 2.5861 -14.1173 4.9456 4.4255 -10.3165 4.9456 4.4255 -10.3165 -92.5044 40.4244 -38.8269 -65.5097 14.6473 -22.5949 2.2045 -0.4426 -22.7013 -43.7714 -6.8001 16.8260 -66.9382 49.1405 -69.3336 -50.7170 1.8541 -3.9109 23.2290 -18.9942 3.9386 2.3397 54.7641 -1.2120 2.7650 19.8199 4.1843 -0.0000 0.0000 0.0000 -14.1307 -0.9015 -0.1117 22.5596 41.2542 -8.5871 -36.4508 -2.4329 -46.9554 -0.0000 0.0000 0.0000
-0.3747 0.7140 0.1830 4.7931 1.0685 -0.8703 -7.4299 2.7405 -14.4297 -7.4299 2.7405 -14.4297 4.6679 4.3601 -10.5879 4.6679 4.3601 -10.5879 -93.7730 36.9254 -34.7163 -63.0763 13.3978 -21.6686 -0.7692 0.1704 -24.9791 -44.4347 -6.4182 15.6324 -66.2089 45.5369 -65.5412 -50.4750 2.9915 -6.3415 22.3461 -19.1649 3.8197 0.6191 55.6026 -0.3264 3.5681 20.0386 5.4081 -0.0000 0.0000 0.0000 -13.8877 -1.0351 -0.1261 21.6514 41.8575 -8.3654 -35.9103 -1.0711 -46.5702 -0.0000 0.0000 0.0000
-0.3776 0.7206 0.1794 5.5740 0.5081 -0.7441 -7.7423 2.9029 -14.7818 -7.7423 2.9029 -14.7818 4.5895 4.1936 -10.7244 4.5895 4.1936 -10.7244 -92.6617 34.0845 -32.6208 -60.2805 12.8773 -21.9982 -1.3210 0.3026 -25.8031 -44.9557 -6.5949 15.8546 -69.2988 42.3706 -58.5668 -47.8339 3.0513 -6.8736 21.5022 -18.9888 3.6377 -0.9239 55.9334 0.4906 4.0691 19.8601 6.1579 -0.0000 0.0000 0.0000 -13.4661 -1.1734 -0.1385 20.5965 41.9702 -7.9734 -35.2715 -0.7746 -45.8396 -0.0000 0.0000 0.0000
-0.3815 0.7268 0.1788 6.1564 0.3668 -0.6570 -7.9284 3.0513 -15.0899 -7.9284 3.0513 -15.0899 4.7128 3.9473 -10.7233 4.7128 3.9473 -10.7233 -90.6728 32.1036 -31.7478 -57.0101 11.9553 -21.8266 -0.5225 0.1237 -26.6431 -45.5351 -6.8364 16.1994 -70.1444 39.1915 -53.7754 -43.5629 3.0245 -7.5598 20.6558 -18.8930 3.4734 -2.4591 56.1367 1.3114 4.6449 19.4995 7.0082 -0.0000 0.0000 0.0000 -12.8886 -0.9990 -0.1128 19.3541 41.4216 -7.3777 -34.5793 -1.3056 -44.8707 -0.0000 0.0000 0.0000
-0.3864 0.7322 0.1815 6.5680 0.5664 -0.6103 -7.9910 3.1866 -15.4153 -7.9910 3.1866 -15.4153 4.9662 3.6928 -10.4337 4.9662 3.6928 -10.4337 -88.3109 30.7508 -31.6255 -53.5104 10.7522 -21.1466 1.6495 -0.3897 -26.5799 -45.9468 -6.7565 15.8545 -66.1444 36.2803 -53.4150 -42.6815 1.9182 -4.9072 19.8826 -18.8348 3.3303 -4.1550 56.2671 2.2224 5.3220 19.0013 7.9971 -0.0000 0.0000 0.0000 -12.1649 -0.2760 -0.0294 17.9062 40.1509 -6.5906 -33.8280 -2.0425 -43.7903 -0.0000 0.0000 0.0000
-0.3920 0.7367 0.1859 6.9000 0.8917 -0.5857 -8.0160 3.2954 -15.7212 -8.0160 3.2954 -15.7212 5.2237 3.5925 -9.7708 5.2237 3.5925 -9.7708 -86.3682 29.6488 -31.4968 -50.3109 9.5203 -20.1102 4.7315 -1.0237 -24.4037 -45.8327 -6.3237 14.8892 -59.5912 32.9812 -54.6778 -47.7237 -0.8269 1.8693 19.1374 -18.9185 3.2176 -5.8682 56.5548 3.1587 6.0769 18.2569 9.0773 -0.0000 0.0000 0.0000 -11.4967 0.6193 0.0623 16.5586 38.6221 -5.8380 -33.2000 -2.8766 -42.8493 -0.0000 0.0000 0.0000
-0.3979 0.7402 0.1903 7.1865 1.1573 -0.6200 -8.0817 3.4022 -15.9636 -8.0817 3.4022 -15.9636 5.3950 3.7006 -8.5837 5.3950 3.7006 -8.5837 -85.0206 28.4173 -30.8824 -47.6998 8.2722 -18.5794 7.2553 -1.4063 -21.9113 -45.2296 -5.8425 13.9681 -54.4544 29.2618 -53.8036 -51.7176 -3.6400 7.5017 18.3441 -18.9543 3.0879 -7.4812 57.0284 4.0684 6.8158 17.6089 10.1286 -0.0000 0.0000 0.0000 -10.9699 1.4393 0.1382 15.4118 37.2732 -5.2256 -32.6679 -3.4914 -42.0736 -0.0000 0.0000 0.0000
-0.4033 0.7426 0.1934 7.4565 1.2301 -0.6978 -8.2084 3.5143 -16.1268 -8.2084 3.5143 -16.1268 5.4152 4.0246 -7.0045 5.4152 4.0246 -7.0045 -84.4849 26.9918 -29.6087 -45.6278 7.1768 -16.9589 9.0832 -1.5643 -19.5038 -44.5845 -5.5134 13.3973 -50.1569 25.7990 -52.1532 -54.6788 -6.9035 13.3088 17.6025 -19.3780 3.0285 -9.2239 58.0207 5.1227 7.4012 17.1626 10.9596 -0.0000 0.0000 0.0000 -10.6237 2.0246 0.1883 14.5128 36.4578 -4.8026 -32.1774 -4.1153 -41.3511 -0.0000 0.0000 0.0000
-0.4074 0.7443 0.1941 7.7073 1.1935 -0.8044 -8.3556 3.6005 -16.1861 -8.3556 3.6005 -16.1861 5.2425 4.4967 -5.1437 5.2425 4.4967 -5.1437 -84.3439 25.4456 -27.9909 -43.8514 6.3589 -15.7149 9.9875 -1.5071 -17.1207 -44.0497 -5.3796 13.2488 -48.1664 22.7772 -48.5177 -52.6950 -8.2512 16.5725 17.0590 -20.5550 3.1155 -11.4889 59.4824 6.5790 7.9050 17.0421 11.6925 -0.0000 0.0000 0.0000 -10.4196 2.1077 0.1922 13.8756 36.2312 -4.5593 -31.7614 -4.9453 -40.6879 -0.0000 0.0000 0.0000
-0.4112 0.7453 0.1925 7.9295 0.9533 -0.9007 -8.6045 3.6686 -16.0136 -8.6045 3.6686 -16.0136 4.9787 5.0893 -3.2504 4.9787 5.0893 -3.2504 -84.5795 23.8668 -26.1606 -42.2998 5.4744 -14.0899 9.4352 -1.3519 -16.2722 -43.4465 -5.2589 13.1507 -46.8858 20.3182 -44.9047 -50.2263 -9.4410 19.9831 16.5231 -21.0430 3.0895 -13.9594 60.2900 8.1333 8.4963 17.2505 12.5826 -0.0000 0.0000 0.0000 -10.2396 1.8975 0.1700 13.4041 36.7758 -4.4740 -31.4412 -5.8704 -40.1316 -0.0000 0.0000 0.0000
-0.4151 0.7456 0.1899 8.1213 0.5383 -0.9722 -8.9535 3.7231 -15.6353 -8.9535 3.7231 -15.6353 4.7341 5.7187 -1.5060 4.7341 5.7187 -1.5060 -84.6800 22.3350 -24.4488 -40.5386 4.6641 -12.5857 8.8999 -1.2030 -15.3662 -42.7956 -5.2312 13.2993 -46.9106 18.3372 -40.8098 -45.8820 -9.6636 22.5883 16.0624 -21.6123 3.0853 -16.2881 60.9233 9.6221 8.8536 18.1140 13.1935 -0.0000 0.0000 0.0000 -9.9711 1.4642 0.1277 12.9312 38.0082 -4.4703 -31.0393 -6.5206 -39.5255 -0.0000 0.0000 0.0000
-0.4192 0.7455 0.1869 8.4021 0.0706 -1.0042 -9.4120 3.7349 -15.0927 -9.4120 3.7349 -15.0927 4.5481 6.3091 -0.0106 4.5481 6.3091 -0.0106 -84.3589 21.0390 -23.1633 -38.3325 3.9545 -11.3448 9.0996 -1.0838 -13.5560 -42.1894 -5.2885 13.6539 -47.8419 16.7143 -36.6476 -41.3113 -10.0519 26.2628 15.7025 -23.0636 3.2231 -18.7331 61.8670 11.2908 8.9808 19.3885 13.5128 -0.0000 0.0000 0.0000 -9.7153 0.7744 0.0658 12.4750 39.6111 -4.5081 -30.5339 -7.0047 -38.8219 -0.0000 0.0000 0.0000
-0.4236 0.7456 0.1838 8.8568 -0.3287 -1.0436 -9.9405 3.6883 -14.4908 -9.9405 3.6883 -14.4908 4.4307 6.7544 1.2244 4.4307 6.7544 1.2244 -83.4953 20.0818 -22.4434 -35.5290 3.3489 -10.4269 9.1164 -0.9207 -11.5103 -41.7664 -5.4766 14.2908 -49.2168 15.2133 -32.5111 -36.4594 -10.0341 29.8497 15.4192 -25.5993 3.5232 -21.4014 63.6587 13.3801 8.4684 21.4427 12.9560 -0.0000 0.0000 0.0000 -9.5761 0.1282 0.0107 11.9362 41.3451 -4.5178 -29.8311 -6.6874 -38.0048 -0.0000 0.0000 0.0000
-0.4282 0.7462 0.1801 9.5782 -0.5437 -1.0725 -10.5166 3.5930 -13.9490 -10.5166 3.5930 -13.9490 4.3704 6.9924 2.2283 4.3704 6.9924 2.2283 -82.1531 19.4318 -22.2267 -32.1582 2.8368 -9.8197 8.8361 -0.7227 -9.3327 -41.5974 -5.8389 15.2940 -50.6134 13.7613 -28.6330 -31.6578 -9.5402 32.8014 15.6670 -30.4206 4.2844 -26.5060 66.3788 17.5163 7.7226 23.7351 12.0517 -0.0000 0.0000 0.0000 -9.7187 -0.6018 -0.0512 11.4374 42.9786 -4.5155 -29.0427 -6.2237 -37.1012 -0.0000 0.0000 0.0000
-0.4331 0.7481 0.1749 10.5139 -0.5300 -1.0868 -11.0948 3.4728 -13.5507 -11.0948 3.4728 -13.5507 4.3198 7.0430 3.0914 4.3198 7.0430 3.0914 -80.5343 18.9790 -22.3256 -28.5724 2.3434 -9.1842 7.8531 -0.5371 -7.8122 -41.6328 -6.3478 16.5963 -51.8712 12.2737 -24.9326 -26.7737 -8.5854 35.0104 16.9513 -36.5916 5.6414 -36.2979 69.0144 25.3989 7.4423 25.7674 11.8310 -0.0000 0.0000 0.0000 -10.1302 -1.6848 -0.1493 11.0799 44.2413 -4.5155 -28.4077 -6.4904 -36.2700 -0.0000 0.0000 0.0000
-0.4383 0.7515 0.1673 11.5805 -0.4325 -1.0729 -11.7171 3.3568 -13.2117 -11.7171 3.3568 -13.2117 4.3037 7.0274 3.8777 4.3037 7.0274 3.8777 -78.8627 18.5321 -22.4433 -25.6538 1.8413 -8.0740 6.0309 -0.4156 -7.8763 -41.5582 -6.8338 17.8846 -52.6682 10.9801 -21.9779 -22.4315 -7.4592 36.3953 19.2655 -42.3186 7.5171 -49.4165 69.9790 35.7029 7.7705 26.9540 12.4896 -0.0000 0.0000 0.0000 -10.7880 -2.7701 -0.2616 10.9612 44.9636 -4.5477 -28.0441 -7.5176 -35.6616 -0.0000 0.0000 0.0000
-0.4438 0.7562 0.1570 12.7012 -0.3318 -0.9837 -12.3749 3.2747 -12.9467 -12.3749 3.2747 -12.9467 4.3951 7.0281 4.5609 4.3951 7.0281 4.5609 -77.3198 18.0414 -22.4483 -23.3599 1.4423 -6.9688 4.0584 -0.2943 -8.2925 -41.2299 -7.2676 19.1651 -53.2646 9.8153 -19.4327 -18.5268 -6.2101 36.7938 22.4796 -47.5614 10.0092 -63.1990 69.2808 46.0542 8.7518 28.0957 14.2154 -0.0000 0.0000 0.0000 -11.6387 -3.8315 -0.3906 11.1693 45.1151 -4.6518 -27.8426 -8.7545 -35.2290 -0.0000 0.0000 0.0000
-0.4499 0.7619 0.1448 13.9246 -0.2559 -0.7651 -13.0843 3.2080 -12.6919 -13.0843 3.2080 -12.6919 4.5509 7.1025 5.1565 4.5509 7.1025 5.1565 -76.0311 17.5419 -22.3300 -21.5091 1.1385 -5.9890 2.3877 -0.1764 -8.4500 -40.7532 -7.5507 20.1478 -53.4299 9.0749 -17.9219 -15.6188 -5.2878 37.2160 26.3561 -51.6285 12.9237 -75.3434 67.2304 54.3408 10.2112 29.1167 16.7380 -0.0000 0.0000 0.0000 -12.6829 -4.8292 -0.5370 11.6306 44.6805 -4.7933 -27.9318 -9.7572 -35.1937 -0.0000 0.0000 0.0000
-0.4565 0.7679 0.1322 15.2327 -0.2387 -0.4141 -13.8214 3.1368 -12.4338 -13.8214 3.1368 -12.4338 4.7375 7.2812 5.5755 4.7375 7.2812 5.5755 -75.0627 16.9109 -21.9042 -20.1551 0.9332 -5.2474 0.9994 -0.0717 -8.2023 -40.2208 -7.6191 20.6138 -53.1858 8.9209 -17.7139 -13.8895 -4.7894 37.8980 30.6183 -54.2605 15.9688 -85.6383 64.6138 60.7362 11.5153 30.2163 19.0691 -0.0000 0.0000 0.0000 -13.7430 -5.5591 -0.6704 12.0178 43.9559 -4.8651 -28.3304 -9.6257 -35.7031 -0.0000 0.0000 0.0000
-0.4637 0.7742 0.1204 16.5833 -0.2289 0.0688 -14.5588 3.0470 -12.1632 -14.5588 3.0470 -12.1632 4.8456 7.5734 5.9081 4.8456 7.5734 5.9081 -74.4100 16.1129 -21.1226 -19.2728 0.8040 -4.7326 -0.0187 0.0013 -7.6644 -39.7143 -7.4374 20.4042 -52.5685 9.2688 -18.6419 -13.1592 -4.6824 39.0344 35.4187 -55.9511 19.2528 -94.4886 61.5863 65.6096 12.5352 31.0402 20.9187 -0.0000 0.0000 0.0000 -14.7148 -5.9642 -0.7708 12.2575 43.0624 -4.8517 -29.1040 -8.7592 -36.7836 -0.0000 0.0000 0.0000
-0.4711 0.7803 0.1109 17.8393 -0.1493 0.6563 -15.2038 2.9281 -11.8944 -15.2038 2.9281 -11.8944 4.7965 7.9255 6.2058 4.7965 7.9255 6.2058 -73.8092 15.2264 -20.1851 -18.6389 0.7578 -4.6152 -0.3721 0.0217 -6.6690 -39.3873 -7.2199 19.9927 -52.1088 9.5721 -19.4356 -12.3734 -4.5382 40.1581 41.2319 -56.7550 22.9740 -103.0062 58.2829 70.0611 13.1898 31.2911 22.0543 -0.0000 0.0000 0.0000 -15.3424 -6.0270 -0.8125 12.0779 41.7371 -4.6191 -29.8654 -7.3046 -37.9484 -0.0000 0.0000 0.0000
-0.4784 0.7861 0.1043 18.9013 0.0567 1.2800 -15.6645 2.7904 -11.6640 -15.6645 2.7904 -11.6640 4.5439 8.2425 6.5155 4.5439 8.2425 6.5155 -73.0935 14.4117 -19.3600 -18.3051 0.7533 -4.6733 0.0184 -0.0009 -5.5936 -39.3135 -7.0299 19.5144 -51.8602 9.7068 -19.8118 -11.5789 -4.3278 40.8775 48.0209 -57.2407 27.3240 -110.8028 54.9960 74.0750 13.2142 30.7053 21.9553 -0.0000 0.0000 0.0000 -15.5229 -5.7399 -0.7830 11.3508 40.0546 -4.1493 -30.3164 -5.8142 -38.7488 -0.0000 0.0000 0.0000
-0.4850 0.7914 0.1006 19.6759 0.3812 1.9389 -15.8885 2.6500 -11.4873 -15.8885 2.6500 -11.4873 4.1389 8.4684 6.8339 4.1389 8.4684 6.8339 -72.3317 13.7701 -18.7598 -17.9783 0.7987 -5.0458 0.5372 -0.0204 -4.3545 -39.4085 -6.9977 19.3767 -52.1758 9.4315 -19.1264 -10.3434 -3.8522 40.7662 55.0239 -57.7189 32.0306 -117.3871 52.2174 77.7266 12.6602 29.9540 20.8820 -0.0000 0.0000 0.0000 -15.2885 -5.2233 -0.7015 10.2913 38.2255 -3.5747 -30.3421 -4.5160 -38.9991 -0.0000 0.0000 0.0000
-0.4904 0.7961 0.0996 20.2680 0.7565 2.6827 -15.9303 2.5159 -11.3692 -15.9303 2.5159 -11.3692 3.6258 8.6214 7.0772 3.6258 8.6214 7.0772 -71.6582 13.3354 -18.3944 -17.3242 0.8491 -5.5690 0.7380 -0.0212 -3.2935 -39.6424 -7.0430 19.3779 -52.6174 9.0173 -18.1233 -9.1144 -3.3559 40.3589 61.3768 -58.3444 36.6610 -122.7375 50.3486 81.4539 11.6250 29.1755 19.0418 -0.0000 0.0000 0.0000 -14.8770 -4.5184 -0.5902 9.1375 36.4582 -3.0151 -30.0800 -3.5918 -38.8305 -0.0000 0.0000 0.0000
-0.4946 0.7998 0.1013 20.7604 1.1061 3.4925 -15.8778 2.4044 -11.3254 -15.8778 2.4044 -11.3254 3.1145 8.7248 7.1923 3.1145 8.7248 7.1923 -71.0542 13.0648 -18.2225 -16.1545 0.8789 -6.1869 0.4645 -0.0098 -2.4115 -39.8748 -7.1619 19.5772 -53.1089 8.5407 -16.9952 -7.9234 -2.8670 39.7332 66.8712 -59.2829 41.1842 -126.8957 49.4054 85.2609 10.1911 28.7494 16.6429 -0.0000 0.0000 0.0000 -14.4726 -3.6818 -0.4677 8.0969 34.8846 -2.5478 -29.7002 -3.0250 -38.4525 -0.0000 0.0000 0.0000
-0.4977 0.8023 0.1054 21.1662 1.3929 4.2887 -15.8120 2.3197 -11.3035 -15.8120 2.3197 -11.3035 2.7118 8.8074 7.2689 2.7118 8.8074 7.2689 -70.4393 12.8568 -18.1363 -14.6880 0.8512 -6.5975 0.2145 -0.0030 -1.6261 -39.9485 -7.2177 19.6886 -53.4918 8.1585 -16.1095 -6.9648 -2.4841 39.2197 71.8742 -60.5972 45.9105 -130.1382 49.1252 89.0313 8.4745 28.6765 13.8482 -0.0000 0.0000 0.0000 -14.1707 -2.7115 -0.3371 7.3536 33.5616 -2.2203 -29.4572 -2.8685 -38.1742 -0.0000 0.0000 0.0000
-0.4997 0.8038 0.1112 21.4813 1.5951 4.9906 -15.7691 2.2558 -11.2597 -15.7691 2.2558 -11.2597 2.4709 8.8533 7.2933 2.4709 8.8533 7.2933 -69.6328 12.6889 -18.1669 -12.6991 0.7913 -7.1018 0.6965 -0.0015 -0.2440 -39.8134 -7.2604 19.8746 -53.8118 7.7743 -15.2528 -6.1960 -2.1735 38.6302 77.3493 -62.0180 51.3858 -133.0100 48.9066 92.5805 6.7654 28.9314 11.0965 -0.0000 0.0000 0.0000 -13.9086 -1.5310 -0.1868 6.8104 32.2403 -1.9704 -29.3062 -2.6643 -38.0196 -0.0000 0.0000 0.0000
-0.5011 0.8043 0.1178 21.7174 1.7361 5.5540 -15.7450 2.2025 -11.1668 -15.7450 2.2025 -11.1668 2.3487 8.8409 7.2755 2.3487 8.8409 7.2755 -68.6465 12.4798 -18.1969 -10.3733 0.6725 -7.3983 1.5587 0.0195 1.4344 -39.5260 -7.2838 20.0915 -54.0817 7.2994 -14.2462 -5.5724 -1.9140 37.8877 83.5400 -63.1731 57.5501 -135.6713 48.4897 95.7389 5.1590 29.3526 8.5056 -0.0000 0.0000 0.0000 -13.6112 -0.2701 -0.0322 6.2635 31.0288 -1.7403 -29.2726 -2.4718 -38.0104 -0.0000 0.0000 0.0000
-0.5018 0.8044 0.1244 21.8675 1.8305 5.9759 -15.7132 2.1599 -11.0449 -15.7132 2.1599 -11.0449 2.3015 8.7605 7.1984 2.3015 8.7605 7.1984 -67.3904 12.2764 -18.3240 -8.0347 0.5568 -7.9155 2.4287 0.0667 3.1448 -39.2065 -7.3051 20.3235 -54.3071 6.7853 -13.1860 -5.0058 -1.6820 37.1255 90.0993 -63.8271 63.9163 -138.1409 47.7803 98.3816 3.6370 29.8566 6.0317 -0.0000 0.0000 0.0000 -13.2920 0.9150 0.1066 5.7090 29.9559 -1.5285 -29.2992 -2.1775 -38.0949 -0.0000 0.0000 0.0000
-0.5019 0.8043 0.1302 21.9962 1.8804 6.3288 -15.6979 2.1230 -10.8867 -15.6979 2.1230 -10.8867 2.2209 8.6494 7.1045 2.2209 8.6494 7.1045 -65.8836 12.1380 -18.6368 -5.9523 0.4423 -8.4923 3.0060 0.1193 4.5451 -38.8977 -7.3270 20.5546 -54.4743 6.2309 -12.0718 -4.2727 -1.4072 36.4441 96.0221 -64.1322 69.6789 -140.1392 47.0897 100.4703 2.2517 30.4391 3.7591 -0.0000 0.0000 0.0000 -13.0763 1.8801 0.2155 5.2686 29.1000 -1.3684 -29.3748 -1.8567 -38.2464 -0.0000 0.0000 0.0000
-0.5015 0.8042 0.1346 22.2170 1.9202 6.6598 -15.7397 2.0888 -10.7186 -15.7397 2.0888 -10.7186 2.0724 8.5329 7.0628 2.0724 8.5329 7.0628 -64.2672 12.0741 -19.1148 -4.6242 0.3730 -9.2191 3.3493 0.1610 5.5010 -38.6065 -7.4015 20.9253 -54.6389 5.6026 -10.8222 -3.1580 -1.0171 35.6956 100.7289 -64.3321 74.4157 -141.5799 46.5792 102.0224 0.9722 31.0282 1.6338 -0.0000 0.0000 0.0000 -13.0167 2.5892 0.2954 4.8394 28.5540 -1.2322 -29.4803 -1.5365 -38.4361 -0.0000 0.0000 0.0000
-0.5005 0.8044 0.1375 22.6048 1.9320 6.9706 -15.8859 2.0476 -10.4984 -15.8859 2.0476 -10.4984 1.9117 8.4366 7.1177 1.9117 8.4366 7.1177 -62.6726 12.0581 -19.6814 -3.8330 0.3290 -9.8070 3.2976 0.1780 6.1790 -38.2328 -7.4632 21.3137 -54.8401 4.9802 -9.5831 -1.7388 -0.5485 35.0133 104.3349 -64.5595 78.2499 -142.0280 46.2659 102.3082 -0.0978 31.5485 -0.1654 -0.0000 0.0000 0.0000 -13.1628 3.1526 0.3638 4.3592 28.1757 -1.0945 -29.5973 -1.4487 -38.5995 -0.0000 0.0000 0.0000
-0.4991 0.8050 0.1390 23.1748 1.8966 7.2449 -16.1316 1.9915 -10.2192 -16.1316 1.9915 -10.2192 1.7317 8.3848 7.2667 1.7317 8.3848 7.2667 -61.2858 12.0947 -20.2779 -2.8986 0.2600 -10.2496 3.0584 0.1893 7.0824 -37.7277 -7.4609 21.6075 -54.9994 4.4550 -8.5465 -0.6335 -0.1968 34.5103 106.8469 -64.8022 81.0796 -141.3681 46.0819 101.0157 -0.8694 31.9645 -1.4766 -0.0000 0.0000 0.0000 -13.5299 3.6785 0.4365 3.8296 27.8262 -0.9490 -29.7019 -1.6484 -38.6959 -0.0000 0.0000 0.0000
-0.4975 0.8060 0.1394 23.8578 1.8109 7.4948 -16.4290 1.9212 -9.8946 -16.4290 1.9212 -9.8946 1.5487 8.3707 7.4219 1.5487 8.3707 7.4219 -60.2524 12.1519 -20.7887 -1.6148 0.1474 -10.4303 2.5618 0.1838 8.2063 -37.1191 -7.4525 21.9552 -55.1169 3.9586 -7.5774 0.1353 0.0415 34.1084 108.4037 -65.0898 83.0117 -140.1103 46.0300 98.9874 -1.4193 32.0267 -2.4119 -0.0000 0.0000 0.0000 -14.0213 4.1894 0.5154 3.2244 27.4545 -0.7878 -29.7860 -2.1076 -38.7206 -0.0000 0.0000 0.0000
-0.4960 0.8075 0.1389 24.5398 1.6991 7.7188 -16.7052 1.8458 -9.5942 -16.7052 1.8458 -9.5942 1.4115 8.3975 7.5013 1.4115 8.3975 7.5013 -59.4581 12.2254 -21.2430 -0.1767 0.0167 -10.8172 2.2535 0.1935 9.8120 -36.5462 -7.4506 22.3098 -55.2240 3.5940 -6.8652 0.5793 0.1763 33.8589 109.2814 -65.3427 84.2102 -139.0388 45.8965 97.1674 -1.8098 32.0358 -3.0758 -0.0000 0.0000 0.0000 -14.5043 4.6824 0.5962 2.5858 27.0336 -0.6217 -29.8243 -2.6046 -38.6814 -0.0000 0.0000 0.0000
-0.4951 0.8093 0.1377 25.1238 1.5311 7.8847 -16.9303 1.7805 -9.3743 -16.9303 1.7805 -9.3743 1.3123 8.4539 7.5271 1.3123 8.4539 7.5271 -58.7293 12.2854 -21.6570 1.6365 -0.1613 -11.2582 1.9248 0.1943 11.5296 -36.0962 -7.4513 22.6020 -55.3241 3.4423 -6.5619 0.7414 0.2253 33.8075 109.6091 -65.5808 84.8167 -138.8031 45.6768 96.5071 -2.1213 32.4699 -3.6230 -0.0000 0.0000 0.0000 -14.9113 5.1862 0.6791 2.0329 26.4712 -0.4782 -29.7624 -2.6245 -38.6001 -0.0000 0.0000 0.0000
-0.4947 0.8114 0.1360 25.5717 1.2633 7.9875 -17.1012 1.7321 -9.2511 -17.1012 1.7321 -9.2511 1.2411 8.5437 7.5030 1.2411 8.5437 7.5030 -58.0262 12.2743 -21.9442 3.5753 -0.3700 -11.8142 1.3090 0.1516 13.2130 -35.8239 -7.4901 22.8966 -55.3782 3.4214 -6.5147 0.8091 0.2455 33.7647 109.4309 -65.8415 84.9132 -139.5408 45.3723 97.2035 -2.4267 33.2993 -4.1851 -0.0000 0.0000 0.0000 -15.1140 5.6924 0.7558 1.4551 25.9086 -0.3347 -29.5843 -2.0609 -38.4747 -0.0000 0.0000 0.0000
-0.4950 0.8135 0.1339 25.8818 0.8547 8.0350 -17.2396 1.6951 -9.1509 -17.2396 1.6951 -9.1509 1.2032 8.6951 7.4092 1.2032 8.6951 7.4092 -57.3137 12.1661 -22.0688 6.2603 -0.6797 -12.3817 -0.5194 -0.0668 14.6622 -35.6579 -7.5382 23.1515 -55.3360 3.4411 -6.5580 0.8278 0.2506 33.6879 109.0310 -66.1730 84.8528 -140.8444 45.1025 98.8437 -2.7760 34.3369 -4.8478 -0.0000 0.0000 0.0000 -15.1409 6.2045 0.8254 0.9035 25.4317 -0.2039 -29.3151 -1.0796 -38.3084 -0.0000 0.0000 0.0000
-0.4959 0.8156 0.1313 26.1287 0.3006 8.0368 -17.3755 1.6581 -9.0296 -17.3755 1.6581 -9.0296 1.1968 8.9104 7.2136 1.1968 8.9104 7.2136 -56.4769 11.9634 -22.0797 9.6602 -1.0986 -12.9463 -3.1280 -0.4350 15.8298 -35.5603 -7.6071 23.4247 -55.1701 3.4428 -6.5843 0.8693 0.2621 33.5533 108.5572 -66.6482 84.8708 -142.2319 45.0461 100.9630 -3.2013 35.3284 -5.6601 -0.0000 0.0000 0.0000 -15.0964 6.7636 0.8973 0.4171 25.0797 -0.0928 -29.0119 0.1299 -38.1409 -0.0000 0.0000 0.0000
-0.4974 0.8177 0.1279 26.3594 -0.3438 8.0176 -17.5192 1.6139 -8.8514 -17.5192 1.6139 -8.8514 1.2416 9.1687 6.8639 1.2416 9.1687 6.8639 -55.4819 11.6731 -21.9982 12.9910 -1.5661 -13.6901 -5.7103 -0.8410 16.7429 -35.4821 -7.7152 23.8034 -54.9224 3.3032 -6.3511 1.1759 0.3514 33.2797 108.2191 -67.4468 85.3799 -143.3875 45.5137 103.4744 -3.7318 35.8746 -6.6437 -0.0000 0.0000 0.0000 -15.0779 7.2553 0.9615 0.0544 24.8787 -0.0120 -28.7215 1.2926 -37.9830 -0.0000 0.0000 0.0000
-0.4994 0.8196 0.1237 26.5768 -0.9832 8.0121 -17.6530 1.5602 -8.6374 -17.6530 1.5602 -8.6374 1.3362 9.4440 6.4152 1.3362 9.4440 6.4152 -54.3042 11.3255 -21.8845 15.2276 -1.9765 -14.7064 -7.1217 -1.1055 17.6261 -35.4468 -7.8371 24.1946 -54.6986 3.1549 -6.0955 1.7758 0.5259 32.9885 108.1474 -68.4450 86.3789 -144.2827 46.3378 106.0505 -4.2369 36.0941 -7.5631 -0.0000 0.0000 0.0000 -15.0556 7.6000 1.0058 -0.2152 24.8619 0.0474 -28.4986 2.2313 -37.8716 -0.0000 0.0000 0.0000
-0.5015 0.8212 0.1192 26.7961 -1.4884 8.0065 -17.7838 1.5006 -8.4050 -17.7838 1.5006 -8.4050 1.4724 9.6991 5.9173 1.4724 9.6991 5.9173 -52.9004 10.9356 -21.7820 15.9632 -2.2468 -15.9226 -7.3386 -1.1841 18.3082 -35.4842 -7.9500 24.5069 -54.4824 2.9153 -5.6591 2.6849 0.7852 32.5969 108.3000 -69.4759 87.6423 -144.9111 47.4122 108.4918 -4.7223 36.0403 -8.4217 -0.0000 0.0000 0.0000 -15.0726 7.7038 1.0207 -0.3853 24.8814 0.0850 -28.3553 3.0263 -37.8371 -0.0000 0.0000 0.0000
-0.5036 0.8223 0.1157 27.0212 -1.8104 8.0149 -17.9158 1.4374 -8.1583 -17.9158 1.4374 -8.1583 1.6199 9.9157 5.4472 1.6199 9.9157 5.4472 -51.4379 10.5539 -21.7094 15.6154 -2.3901 -17.3006 -6.9250 -1.1480 18.8036 -35.5749 -8.0717 24.8061 -54.2223 2.5250 -4.9296 3.8442 1.1031 32.0108 108.5578 -70.3371 88.8305 -145.4725 48.6207 110.9478 -5.0688 35.6256 -8.9890 -0.0000 0.0000 0.0000 -15.1380 7.5534 1.0051 -0.5033 24.9657 0.1114 -28.2460 3.5761 -37.8009 -0.0000 0.0000 0.0000
-0.5054 0.8226 0.1143 27.2667 -1.9604 8.0073 -18.0596 1.3726 -7.9011 -18.0596 1.3726 -7.9011 1.7551 10.0922 5.0548 1.7551 10.0922 5.0548 -49.9812 10.1908 -21.6598 14.8171 -2.4824 -18.9203 -6.1357 -1.0374 19.1767 -35.6809 -8.1760 25.0406 -53.8904 2.0003 -3.9340 5.0237 1.4041 31.2126 108.7528 -70.9048 89.6380 -145.6413 50.1204 113.0567 -5.1753 35.5362 -9.1667 -0.0000 0.0000 0.0000 -15.2660 7.4053 0.9938 -0.5606 25.1750 0.1252 -28.2667 3.6287 -37.8378 -0.0000 0.0000 0.0000
-0.5067 0.8221 0.1155 27.5757 -2.0085 7.9671 -18.2289 1.3039 -7.6467 -18.2289 1.3039 -7.6467 1.8508 10.2250 4.7674 1.8508 10.2250 4.7674 -48.4772 9.8841 -21.7434 13.9509 -2.5604 -20.7024 -4.5973 -0.7872 19.4239 -35.7909 -8.2818 25.2747 -53.5097 1.4302 -2.8365 6.2350 1.6908 30.3192 108.5934 -71.1446 89.7233 -145.3148 52.0439 114.7901 -4.8138 36.3052 -8.6145 -0.0000 0.0000 0.0000 -15.4664 7.4687 1.0156 -0.5963 25.5093 0.1350 -28.4324 3.2248 -37.9747 -0.0000 0.0000 0.0000
-0.5075 0.8206 0.1193 27.9557 -1.9706 7.8985 -18.4243 1.2359 -7.4129 -18.4243 1.2359 -7.4129 1.9165 10.3428 4.5369 1.9165 10.3428 4.5369 -46.9013 9.5721 -21.8491 13.3249 -2.7095 -22.8909 -2.5731 -0.4471 19.7098 -35.8752 -8.3713 25.4780 -53.0393 0.8079 -1.6190 7.3140 1.9179 29.3512 108.2405 -71.2231 89.4344 -145.0753 54.6803 117.3644 -4.0928 37.6337 -7.4613 -0.0000 0.0000 0.0000 -15.7470 7.6724 1.0626 -0.6195 25.8723 0.1423 -28.7114 2.5533 -38.2064 -0.0000 0.0000 0.0000
-0.5078 0.8183 0.1252 28.3390 -1.8946 7.7959 -18.6039 1.1785 -7.2272 -18.6039 1.1785 -7.2272 1.9317 10.4423 4.3948 1.9317 10.4423 4.3948 -45.3935 9.2419 -21.8753 13.6204 -3.0013 -24.7455 -0.5080 -0.0863 19.2895 -35.9675 -8.4175 25.5464 -52.5560 0.2632 -0.5331 8.2001 2.0956 28.6271 107.8545 -71.2995 89.1091 -143.2614 58.5135 118.6834 -3.2215 40.0693 -6.0902 -0.0000 0.0000 0.0000 -16.0525 7.9485 1.1226 -0.6353 26.2179 0.1480 -29.0381 1.5802 -38.4421 -0.0000 0.0000 0.0000
-0.5078 0.8152 0.1322 28.7021 -1.8104 7.6590 -18.7643 1.1376 -7.0915 -18.7643 1.1376 -7.0915 1.8940 10.5661 4.3519 1.8940 10.5661 4.3519 -44.0023 8.8771 -21.7493 14.8108 -3.4477 -26.0745 1.6056 0.2612 18.4767 -36.0270 -8.3619 25.3393 -52.1267 -0.1739 0.3556 8.7421 2.2031 28.2400 107.6104 -71.4999 89.0643 -138.4587 63.5029 116.9940 -2.2552 43.9813 -4.5571 -0.0000 0.0000 0.0000 -16.3943 8.1692 1.1787 -0.5941 26.6126 0.1405 -29.4521 0.0332 -38.6833 -0.0000 0.0000 0.0000
-0.5076 0.8116 0.1395 29.1275 -1.7391 7.4560 -18.9334 1.1193 -7.0351 -18.9334 1.1193 -7.0351 1.7878 10.7128 4.4066 1.7878 10.7128 4.4066 -42.7062 8.5064 -21.5409 16.9904 -4.0261 -26.4839 3.4300 0.5165 17.1222 -36.1359 -8.2244 24.8564 -51.8030 -0.3663 0.7543 8.9102 2.2522 28.3192 107.2061 -71.9658 89.1311 -129.1852 69.2380 110.9399 -1.1710 49.2574 -2.6470 -0.0000 0.0000 0.0000 -16.8972 8.2548 1.2282 -0.4732 27.2691 0.1148 -29.9415 -2.1524 -38.9083 -0.0000 0.0000 0.0000
-0.5070 0.8078 0.1465 29.6728 -1.7295 7.1461 -19.1315 1.1205 -7.0370 -19.1315 1.1205 -7.0370 1.6150 10.8806 4.5294 1.6150 10.8806 4.5294 -41.3442 8.1257 -21.3223 19.6930 -4.5594 -25.8361 5.1099 0.6857 15.2762 -36.2936 -8.0209 24.1482 -51.6805 -0.1227 0.2533 8.7179 2.2543 28.9460 105.9644 -72.7687 88.6781 -101.4750 74.4615 85.8237 0.4141 57.4402 1.2149 -0.0000 0.0000 0.0000 -17.6288 8.2889 1.2875 -0.2521 28.2373 0.0634 -30.5202 -4.6929 -39.1906 -0.0000 0.0000 0.0000
-0.5064 0.8043 0.1527 30.3306 -1.8031 6.7456 -19.3520 1.1305 -7.0531 -19.3520 1.1305 -7.0531 1.3904 11.0648 4.6769 1.3904 11.0648 4.6769 -39.7599 7.7757 -21.2883 22.1661 -4.8226 -24.2646 6.9178 0.8010 13.1945 -36.4363 -7.7931 23.3841 -51.7109 0.5160 -1.0648 8.3523 2.2279 29.8240 103.1152 -73.8622 86.8773 -55.4849 72.2736 42.0188 1.8671 67.7506 11.9271 -0.0000 0.0000 0.0000 -18.5538 8.2673 1.3527 0.0217 29.3903 -0.0057 -31.0844 -6.9770 -39.5053 -0.0000 0.0000 0.0000
-0.5058 0.8014 0.1576 31.0189 -1.8906 6.3215 -19.5573 1.1448 -7.0694 -19.5573 1.1448 -7.0694 1.1623 11.2556 4.7711 1.1623 11.2556 4.7711 -37.8451 7.4518 -21.5114 23.8860 -4.8227 -22.5196 8.0686 0.8382 11.8427 -36.4600 -7.6030 22.8118 -51.7996 1.3769 -2.8352 8.0188 2.2051 30.7068 98.2913 -75.1232 83.2890 -28.9870 62.2608 17.7470 2.9706 71.2107 40.2228 -0.0000 0.0000 0.0000 -19.5788 8.1242 1.4040 0.3273 30.4972 -0.0892 -31.5271 -8.5395 -39.7926 -0.0000 0.0000 0.0000
-0.5055 0.7993 0.1612 31.6170 -1.9816 5.9457 -19.7098 1.1495 -7.0339 -19.7098 1.1495 -7.0339 1.0058 11.4677 4.7111 1.0058 11.4677 4.7111 -35.5549 7.1280 -21.9861 24.9035 -4.5773 -20.5184 7.8559 0.7442 10.8066 -36.2414 -7.4579 22.5272 -51.8461 2.1760 -4.4749 7.7926 2.1934 31.3985 92.1289 -76.4273 78.5058 -16.4639 51.0449 7.9028 27.7362 48.1488 57.0694 -0.0000 0.0000 0.0000 -20.4949 7.8988 1.4302 0.5957 31.3843 -0.1673 -31.7734 -9.3469 -39.9630 -0.0000 0.0000 0.0000
-0.5057 0.7980 0.1637 32.0445 -2.0787 5.6115 -19.7945 1.1442 -6.9606 -19.7945 1.1442 -6.9606 0.9458 11.6963 4.5042 0.9458 11.6963 4.5042 -33.0267 6.7584 -22.5280 25.6077 -4.3429 -18.9439 6.9375 0.6234 10.2567 -35.7290 -7.3951 22.6754 -51.7227 2.6241 -5.4104 7.6411 2.1664 31.6165 85.2626 -77.5492 72.9640 -9.0741 41.9541 3.4852 41.9543 20.1979 60.4077 -0.0000 0.0000 0.0000 -21.1651 7.6646 1.4340 0.7991 32.0307 -0.2294 -31.8726 -9.7943 -40.0121 -0.0000 0.0000 0.0000
-0.5063 0.7970 0.1662 32.3492 -2.1724 5.2857 -19.8395 1.1276 -6.8566 -19.8395 1.1276 -6.8566 0.9582 11.9192 4.1812 0.9582 11.9192 4.1812 -30.4293 6.3510 -23.0593 26.3320 -4.1854 -17.7569 6.0764 0.5156 9.6916 -35.0960 -7.4363 23.2260 -51.3540 2.6579 -5.5252 7.5296 2.1079 31.2400 78.5253 -78.3739 67.3548 -3.2429 35.8433 1.0490 44.7292 3.3534 58.4287 -0.0000 0.0000 0.0000 -21.6266 7.5302 1.4403 0.9509 32.4973 -0.2771 -31.9122 -10.1406 -40.0050 -0.0000 0.0000 0.0000
-0.5074 0.7961 0.1694 32.6248 -2.2253 4.9501 -19.8792 1.0988 -6.7340 -19.8792 1.0988 -6.7340 1.0169 12.1029 3.8107 1.0169 12.1029 3.8107 -28.0111 5.9485 -23.5332 27.6384 -4.1324 -16.6880 5.5949 0.4210 8.6005 -34.5084 -7.6007 24.1441 -50.6458 2.3607 -4.9865 7.4217 2.0152 30.3443 73.5733 -78.9448 63.2476 1.6701 31.6632 -0.4736 43.8288 -7.5855 54.7669 -0.0000 0.0000 0.0000 -21.9763 7.5670 1.4713 1.0605 32.7601 -0.3117 -31.9849 -10.4662 -40.0415 -0.0000 0.0000 0.0000
-0.5086 0.7951 0.1737 32.9240 -2.1129 4.5886 -19.9111 1.0703 -6.6787 -19.9111 1.0703 -6.6787 1.0715 12.1592 3.4738 1.0715 12.1592 3.4738 -25.8994 5.6021 -24.0240 29.7257 -4.0906 -15.3281 6.4842 0.3789 6.6813 -34.1877 -7.8843 25.2612 -49.4615 1.8586 -4.0338 7.1254 1.8478 29.0428 68.7065 -79.2617 59.0261 6.2828 27.9037 -1.5623 41.7010 -13.2616 51.1481 -0.0000 0.0000 0.0000 -22.2996 7.6715 1.5142 1.1440 32.7865 -0.3365 -32.1118 -10.7176 -40.1557 -0.0000 0.0000 0.0000
-0.5098 0.7943 0.1787 33.2711 -1.8424 4.2289 -19.9411 1.0482 -6.7052 -19.9411 1.0482 -6.7052 1.0941 12.0670 3.2388 1.0941 12.0670 3.2388 -24.0669 5.3377 -24.6697 31.9937 -3.9299 -13.6486 8.4978 0.3453 4.6449 -34.1856 -8.2218 26.3108 -47.9822 1.4932 -3.3544 6.5025 1.6172 27.9063 64.0336 -79.3963 54.8660 9.9971 24.3876 -2.1656 40.0944 -16.1020 48.7652 -0.0000 0.0000 0.0000 -22.6881 7.8013 1.5674 1.2434 32.6027 -0.3636 -32.2190 -10.8911 -40.2582 -0.0000 0.0000 0.0000
-0.5108 0.7937 0.1838 33.6459 -1.3900 3.8917 -19.9540 1.0308 -6.8167 -19.9540 1.0308 -6.8167 1.0945 11.8591 3.1480 1.0945 11.8591 3.1480 -22.1736 5.0628 -25.4280 34.3136 -3.5966 -11.6136 9.9529 0.2537 2.9130 -34.3883 -8.5265 27.0894 -46.3080 1.3415 -3.1362 5.3833 1.3019 27.1733 59.0473 -79.4609 50.4104 13.3663 20.8825 -2.4740 38.5194 -17.2822 46.7279 -0.0000 0.0000 0.0000 -23.1123 7.8146 1.6002 1.3308 32.3051 -0.3854 -32.2528 -10.9880 -40.2839 -0.0000 0.0000 0.0000
-0.5114 0.7936 0.1885 34.0225 -0.8069 3.5597 -19.9479 1.0161 -6.9723 -19.9479 1.0161 -6.9723 1.0831 11.5803 3.1701 1.0831 11.5803 3.1701 -20.0562 4.6877 -26.0650 36.7882 -3.1768 -9.5334 11.3119 0.1654 1.6698 -34.5581 -8.7826 27.7350 -44.6707 1.2598 -3.0657 4.1239 0.9741 26.5684 53.6419 -79.4536 45.5797 16.2967 17.3084 -2.4969 36.8777 -16.7682 44.8857 -0.0000 0.0000 0.0000 -23.5638 7.6516 1.5983 1.4077 31.9862 -0.4035 -32.1438 -11.0468 -40.1426 -0.0000 0.0000 0.0000
-0.5117 0.7939 0.1923 34.3838 -0.2389 3.2302 -19.9384 0.9957 -7.0885 -19.9384 0.9957 -7.0885 1.0592 11.3249 3.2555 1.0592 11.3249 3.2555 -17.4267 4.1302 -26.4792 38.6305 -2.6255 -7.4815 12.2579 0.1291 1.2022 -34.5265 -8.9370 28.2316 -43.4028 1.2219 -3.0696 3.0005 0.6912 25.9402 48.5373 -79.3494 41.0090 18.8045 14.0671 -2.3408 35.0703 -16.6520 42.7730 -0.0000 0.0000 0.0000 -24.0144 7.3805 1.5718 1.4558 31.7249 -0.4137 -31.8979 -11.0558 -39.8431 -0.0000 0.0000 0.0000
-0.5118 0.7947 0.1951 34.7413 0.2348 2.9056 -19.9353 0.9624 -7.1156 -19.9353 0.9624 -7.1156 1.0181 11.1452 3.3989 1.0181 11.1452 3.3989 -14.3786 3.4199 -26.6297 39.5952 -1.9631 -5.4497 12.2990 0.1319 1.2237 -34.2523 -9.0111 28.6892 -42.6714 1.1173 -2.8598 2.4827 0.5517 25.0548 44.7531 -79.2797 37.6652 20.8882 11.6601 -2.1565 33.3585 -18.1921 40.5213 -0.0000 0.0000 0.0000 -24.4657 7.1148 1.5444 1.4774 31.5540 -0.4175 -31.5972 -11.0436 -39.4803 -0.0000 0.0000 0.0000
-0.5117 0.7960 0.1969 35.0684 0.6535 2.5916 -19.9035 0.9215 -7.0979 -19.9035 0.9215 -7.0979 0.9428 10.9997 3.5497 0.9428 10.9997 3.5497 -10.9150 2.5800 -26.5251 39.4369 -1.2227 -3.4105 11.9056 0.1315 1.2615 -33.9586 -9.0767 29.1441 -42.1635 0.9713 -2.5192 2.3422 0.5006 24.1244 41.1751 -79.0291 34.4263 22.7529 9.3535 -1.8860 31.6444 -19.9815 38.2490 -0.0000 0.0000 0.0000 -24.8951 6.8358 1.5106 1.4810 31.3646 -0.4158 -31.2373 -10.9565 -39.0567 -0.0000 0.0000 0.0000
-0.5114 0.7980 0.1974 35.3619 1.0124 2.3151 -19.8457 0.8722 -7.0151 -19.8457 0.8722 -7.0151 0.8325 10.9146 3.7226 0.8325 10.9146 3.7226 -7.0829 1.6530 -26.2419 37.5843 -0.5649 -1.6601 11.6685 0.1186 1.1608 -33.7794 -9.1343 29.4797 -41.6303 0.8584 -2.2576 2.2311 0.4619 23.3895 38.9678 -78.7388 32.3760 24.0508 7.5250 -1.6052 29.9961 -22.6986 35.9600 -0.0000 0.0000 0.0000 -25.3201 6.5623 1.4756 1.4875 31.0457 -0.4132 -30.7410 -10.7485 -38.4850 -0.0000 0.0000 0.0000
-0.5110 0.8007 0.1965 35.6191 1.4362 2.0821 -19.7426 0.8233 -6.9606 -19.7426 0.8233 -6.9606 0.7131 10.8282 3.9527 0.7131 10.8282 3.9527 -3.2860 0.7502 -25.7139 34.7800 -0.0559 -0.1785 11.7042 0.0755 0.7368 -33.8190 -9.2004 29.6494 -40.8039 0.8334 -2.2405 1.7635 0.3606 23.1119 37.9688 -78.3860 31.3385 24.8565 5.8703 -1.2948 28.7565 -24.3740 34.3062 -0.0000 0.0000 0.0000 -25.7272 6.2040 1.4181 1.5065 30.5858 -0.4120 -30.1697 -10.3950 -37.8423 -0.0000 0.0000 0.0000
-0.5105 0.8038 0.1942 35.8515 1.9058 1.8991 -19.6218 0.7806 -6.9597 -19.6218 0.7806 -6.9597 0.6108 10.7148 4.2011 0.6108 10.7148 4.2011 0.0978 -0.0217 -25.0517 31.7013 0.2703 0.9519 12.4879 0.0127 0.1158 -33.9945 -9.2461 29.6346 -39.6713 0.8830 -2.4474 0.9023 0.1847 23.1373 38.4015 -78.0346 31.5163 25.1388 4.5274 -1.0100 28.0647 -25.1033 33.4132 -0.0000 0.0000 0.0000 -26.1134 5.7740 1.3401 1.5339 30.0196 -0.4113 -29.6114 -9.9874 -37.2213 -0.0000 0.0000 0.0000
-0.5099 0.8074 0.1904 36.0853 2.3373 1.7593 -19.5110 0.7419 -6.9924 -19.5110 0.7419 -6.9924 0.5697 10.5954 4.4025 0.5697 10.5954 4.4025 2.9028 -0.6264 -24.3478 28.6967 0.4601 1.7985 13.6324 -0.0583 -0.4874 -34.1594 -9.2511 29.5048 -38.2992 0.9643 -2.7765 -0.1922 -0.0397 23.3255 39.7196 -77.6694 32.4261 25.0140 3.5230 -0.7817 27.7646 -25.1180 33.0601 -0.0000 0.0000 0.0000 -26.4848 5.2703 1.2411 1.5291 29.4565 -0.4020 -29.1119 -9.5478 -36.6748 -0.0000 0.0000 0.0000
-0.5093 0.8111 0.1854 36.3160 2.6709 1.6584 -19.4163 0.7058 -7.0352 -19.4163 0.7058 -7.0352 0.5872 10.4789 4.5206 0.5872 10.4789 4.5206 4.9238 -1.0331 -23.6858 26.0392 0.5451 2.3569 14.9004 -0.1296 -0.9913 -34.2333 -9.2077 29.3076 -36.9378 1.0520 -3.1491 -1.0213 -0.2129 23.5473 40.4233 -77.2873 32.8043 24.9019 2.5964 -0.5734 27.4792 -24.9106 32.7487 -0.0000 0.0000 0.0000 -26.8384 4.7223 1.1273 1.4762 28.9854 -0.3816 -28.7145 -9.0496 -36.2605 -0.0000 0.0000 0.0000
-0.5085 0.8144 0.1801 36.5379 2.8727 1.5956 -19.3458 0.6699 -7.0437 -19.3458 0.6699 -7.0437 0.6341 10.3808 4.5480 0.6341 10.3808 4.5480 6.2770 -1.2796 -23.0232 23.9475 0.5903 2.7830 15.9971 -0.2121 -1.5092 -34.2335 -9.1180 29.0328 -35.6536 1.1179 -3.4753 -1.4898 -0.3154 23.9042 40.1954 -76.8742 32.3863 24.9662 1.7129 -0.3792 27.0166 -24.7704 32.2214 -0.0000 0.0000 0.0000 -27.1632 4.2315 1.0227 1.3868 28.7153 -0.3550 -28.4518 -8.6178 -36.0012 -0.0000 0.0000 0.0000
-0.5077 0.8169 0.1756 36.7234 2.9998 1.5489 -19.2751 0.6370 -7.0254 -19.2751 0.6370 -7.0254 0.6811 10.3029 4.5277 0.6811 10.3029 4.5277 7.1723 -1.4234 -22.4224 22.2725 0.5886 2.9892 16.7586 -0.2744 -1.8627 -34.2305 -9.0041 28.6863 -34.5715 1.1636 -3.7379 -1.5148 -0.3261 24.2987 39.0760 -76.5132 31.2654 25.3136 0.8053 -0.1808 26.3696 -24.7223 31.4666 -0.0000 0.0000 0.0000 -27.4644 3.7225 0.9100 1.2829 28.5123 -0.3260 -28.1787 -8.0849 -35.7433 -0.0000 0.0000 0.0000
-0.5067 0.8183 0.1728 36.8735 3.0427 1.5064 -19.2154 0.6075 -6.9628 -19.2154 0.6075 -6.9628 0.7116 10.2418 4.5165 0.7116 10.2418 4.5165 7.6531 -1.4830 -21.9027 21.1511 0.6049 3.2391 17.2257 -0.3333 -2.2001 -34.2052 -8.8604 28.2665 -33.8276 1.2049 -3.9608 -1.2267 -0.2698 24.8042 37.7081 -76.2100 29.9844 25.7070 0.0304 -0.0069 25.7284 -24.8257 30.7018 -0.0000 0.0000 0.0000 -27.7344 3.3818 0.8351 1.2251 28.5206 -0.3114 -28.0373 -7.7046 -35.6251 -0.0000 0.0000 0.0000
-0.5057 0.8185 0.1726 36.9785 3.0276 1.4442 -19.1599 0.5841 -6.8860 -19.1599 0.5841 -6.8860 0.6877 10.1693 4.5773 0.6877 10.1693 4.5773 7.9519 -1.5164 -21.5601 20.2458 0.6198 3.4707 17.5198 -0.3727 -2.4182 -34.1932 -8.7137 27.8249 -33.3631 1.2527 -4.1786 -0.8407 -0.1879 25.1929 36.5288 -75.9007 28.8677 26.0765 -0.6029 0.1396 25.3213 -24.7957 30.2260 -0.0000 0.0000 0.0000 -27.9439 3.2806 0.8164 1.2146 28.6871 -0.3106 -28.0410 -7.6470 -35.6382 -0.0000 0.0000 0.0000
-0.5048 0.8177 0.1745 37.0446 2.9446 1.3637 -19.1126 0.5661 -6.8068 -19.1126 0.5661 -6.8068 0.6460 10.0978 4.6889 0.6460 10.0978 4.6889 8.1919 -1.5448 -21.3248 19.4495 0.6500 3.7913 17.6802 -0.3966 -2.5496 -34.1611 -8.5842 27.4521 -33.1130 1.3197 -4.4372 -0.5011 -0.1135 25.5132 35.8725 -75.5618 28.1703 26.2983 -1.0332 0.2414 25.1249 -24.5840 30.0164 -0.0000 0.0000 0.0000 -28.0781 3.4101 0.8529 1.2181 28.9453 -0.3144 -28.1294 -7.8313 -35.7202 -0.0000 0.0000 0.0000
-0.5042 0.8162 0.1777 37.0682 2.8635 1.2741 -19.0587 0.5529 -6.7568 -19.0587 0.5529 -6.7568 0.6160 10.0148 4.8132 0.6160 10.0148 4.8132 8.4472 -1.5846 -21.2128 18.6631 0.6583 4.0045 17.7338 -0.3854 -2.4700 -34.1480 -8.4903 27.1724 -32.9682 1.4028 -4.7382 -0.2321 -0.0530 25.7400 35.4655 -75.1839 27.6606 26.4853 -1.4479 0.3408 25.0083 -24.1309 29.9254 -0.0000 0.0000 0.0000 -28.1253 3.6494 0.9144 1.2049 29.1503 -0.3133 -28.2334 -8.1601 -35.7996 -0.0000 0.0000 0.0000
-0.5038 0.8147 0.1811 37.0477 2.7188 1.1923 -19.0116 0.5417 -6.7092 -19.0116 0.5417 -6.7092 0.6394 9.9637 4.8858 0.6394 9.9637 4.8858 8.6827 -1.6291 -21.2144 18.0270 0.6557 4.1319 17.6023 -0.3461 -2.2354 -34.1287 -8.3977 26.9016 -32.8711 1.4967 -5.0708 -0.0907 -0.0210 26.0162 35.2856 -74.7433 27.3067 26.5427 -1.7424 0.4110 24.7849 -24.1812 29.6565 -0.0000 0.0000 0.0000 -28.0713 3.9979 0.9998 1.1470 29.3469 -0.3003 -28.3413 -8.6352 -35.8622 -0.0000 0.0000 0.0000
-0.5037 0.8133 0.1838 36.9743 2.5583 1.1141 -18.9423 0.5385 -6.7466 -18.9423 0.5385 -6.7466 0.7335 9.9184 4.8526 0.7335 9.9184 4.8526 8.9276 -1.6840 -21.3233 17.4814 0.6308 4.1011 17.3458 -0.2535 -1.6619 -34.1857 -8.3271 26.6371 -32.7749 1.6599 -5.6402 -0.1131 -0.0266 26.4279 35.1959 -74.2915 27.0217 26.4723 -1.9933 0.4689 24.8945 -23.2567 29.8809 -0.0000 0.0000 0.0000 -27.9546 4.2312 1.0536 1.0442 29.3756 -0.2737 -28.3066 -8.9644 -35.7707 -0.0000 0.0000 0.0000
-0.5037 0.8122 0.1859 36.8374 2.3907 1.0491 -18.8495 0.5409 -6.8259 -18.8495 0.5409 -6.8259 0.8795 9.8837 4.7248 0.8795 9.8837 4.7248 9.1869 -1.7402 -21.4091 17.1131 0.5986 3.9767 16.8507 -0.1453 -0.9812 -34.2689 -8.2514 26.3368 -32.6889 1.8542 -6.3170 -0.2944 -0.0705 26.9447 35.4240 -73.8421 26.9887 26.2727 -2.1713 0.5068 25.4493 -20.8379 30.7973 -0.0000 0.0000 0.0000 -27.7681 4.4290 1.0953 0.9483 29.4064 -0.2489 -28.2661 -9.2908 -35.6728 -0.0000 0.0000 0.0000
-0.5036 0.8111 0.1878 36.6492 2.2708 1.0170 -18.7283 0.5468 -6.9307 -18.7283 0.5468 -6.9307 1.0025 9.8458 4.5872 1.0025 9.8458 4.5872 9.5945 -1.8144 -21.3705 16.7885 0.5649 3.8268 16.3964 -0.0427 -0.2963 -34.4016 -8.1499 25.9201 -32.5761 2.0434 -6.9852 -0.5401 -0.1325 27.5609 35.7627 -73.4213 27.0538 26.0633 -2.3357 0.5407 26.1971 -17.1892 32.1098 -0.0000 0.0000 0.0000 -27.5501 4.5747 1.1221 0.9157 29.4526 -0.2407 -28.2398 -9.6735 -35.5847 -0.0000 0.0000 0.0000
-0.5033 0.8102 0.1895 36.4321 2.2625 1.0302 -18.5869 0.5569 -7.0809 -18.5869 0.5569 -7.0809 1.0933 9.7875 4.4472 1.0933 9.7875 4.4472 10.2806 -1.9199 -21.1027 16.6140 0.5398 3.6959 16.0173 0.0414 0.2940 -34.5875 -8.0349 25.4237 -32.3991 2.1801 -7.4944 -0.9814 -0.2468 28.2289 36.4068 -72.9799 27.3429 25.8082 -2.5162 0.5766 27.0139 -12.9311 33.6328 -0.0000 0.0000 0.0000 -27.3323 4.6602 1.1337 0.9629 29.5419 -0.2539 -28.2501 -10.1274 -35.5317 -0.0000 0.0000 0.0000
-0.5028 0.8096 0.1903 36.2286 2.4555 1.0978 -18.4216 0.5652 -7.2855 -18.4216 0.5652 -7.2855 1.1456 9.6882 4.3363 1.1456 9.6882 4.3363 11.3411 -2.0826 -20.7469 16.2846 0.4905 3.4275 15.9014 0.1352 0.9682 -34.8681 -7.9360 24.9116 -32.1401 2.2407 -7.7673 -1.6263 -0.4167 28.7416 37.1683 -72.3345 27.6177 25.5666 -3.1083 0.7054 27.6438 -7.9189 35.1055 -0.0000 0.0000 0.0000 -27.1532 4.6918 1.1336 1.1039 29.5334 -0.2910 -28.2460 -10.5368 -35.4679 -0.0000 0.0000 0.0000
-0.5022 0.8096 0.1889 36.0229 2.6649 1.2020 -18.2416 0.5647 -7.4381 -18.2416 0.5647 -7.4381 1.1785 9.6398 4.2088 1.1785 9.6398 4.2088 12.7735 -2.3044 -20.3724 16.2803 0.4244 2.9663 15.7875 0.1984 1.4310 -35.1450 -7.8574 24.4710 -31.8397 2.2231 -7.7831 -2.2101 -0.5734 29.0874 38.1565 -72.0073 28.2140 25.1623 -3.2270 0.7204 27.7001 -5.5645 35.5312 -0.0000 0.0000 0.0000 -26.9995 4.6478 1.1164 1.2542 29.4309 -0.3294 -28.1861 -10.9869 -35.3306 -0.0000 0.0000 0.0000
-0.5016 0.8104 0.1839 35.7275 2.8284 1.3378 -18.0066 0.5587 -7.5251 -18.0066 0.5587 -7.5251 1.1999 9.6830 4.0971 1.1999 9.6830 4.0971 14.7031 -2.5794 -19.7968 16.9862 0.3958 2.6500 15.1755 0.2013 1.5110 -35.3640 -7.8534 24.3023 -31.5318 2.1036 -7.4411 -2.5275 -0.6538 29.0038 40.2160 -72.3493 29.9734 24.1810 -2.1700 0.4649 27.6020 -5.1186 35.4777 -0.0000 0.0000 0.0000 -26.7931 4.2549 1.0138 1.3447 29.3121 -0.3517 -28.0136 -11.6853 -35.0217 -0.0000 0.0000 0.0000
-0.5011 0.8115 0.1754 35.2419 2.8976 1.4883 -17.6791 0.5516 -7.5295 -17.6791 0.5516 -7.5295 1.2368 9.8282 3.9771 1.2368 9.8282 3.9771 17.0373 -2.8717 -19.0003 18.4840 0.4284 2.6322 13.8105 0.0937 0.7739 -35.4720 -7.9678 24.5691 -31.1648 1.8212 -6.5240 -2.4463 -0.6167 28.2948 43.9309 -73.3672 33.4457 22.3897 0.2882 -0.0570 27.4382 -6.0837 35.1244 -0.0000 0.0000 0.0000 -26.3935 3.4675 0.8133 1.3450 29.3161 -0.3518 -27.8243 -12.7663 -34.6424 -0.0000 0.0000 0.0000
-0.5008 0.8123 0.1649 34.5630 2.8333 1.6390 -17.2502 0.5428 -7.4752 -17.2502 0.5428 -7.4752 1.3544 10.0407 3.6733 1.3544 10.0407 3.6733 19.6199 -3.1866 -18.2775 20.6254 0.5273 2.8972 11.3212 -0.0266 -0.2680 -35.4751 -8.1709 25.1752 -30.7559 1.4585 -5.2997 -2.0675 -0.4992 27.1441 49.0431 -74.7970 38.4531 20.0474 3.7178 -0.6574 27.0572 -7.7345 34.4047 -0.0000 0.0000 0.0000 -25.7779 2.4296 0.5560 1.2745 29.4944 -0.3355 -27.6620 -13.9526 -34.2865 -0.0000 0.0000 0.0000
-0.5008 0.8127 0.1540 33.7784 2.5975 1.7658 -16.7512 0.5375 -7.5095 -16.7512 0.5375 -7.5095 1.6839 10.1950 2.9195 1.6839 10.1950 2.9195 22.9235 -3.6479 -17.8516 22.9103 0.5221 2.5763 7.8751 -0.0725 -1.0533 -35.4253 -8.5098 26.2258 -30.2261 1.0958 -4.0560 -1.7596 -0.4038 25.8505 56.5863 -76.3311 45.8634 16.6437 8.6015 -1.2605 27.0026 -10.2342 33.9829 -0.0000 0.0000 0.0000 -25.0613 1.4126 0.3140 1.2322 29.8820 -0.3288 -27.6155 -15.0686 -34.0844 -0.0000 0.0000 0.0000
-0.5010 0.8126 0.1444 33.0624 2.2337 1.9227 -16.2274 0.5239 -7.6712 -16.2274 0.5239 -7.6712 2.1437 10.2717 1.7606 2.1437 10.2717 1.7606 26.8572 -4.3654 -18.1392 23.8330 0.2600 1.2319 4.6980 -0.0444 -1.0812 -35.4488 -8.9667 27.5680 -29.5378 0.8088 -3.0672 -1.7786 -0.3911 24.7994 66.0443 -77.5046 55.1011 11.9359 14.2121 -1.4933 28.2551 -11.3172 35.3683 -0.0000 0.0000 0.0000 -24.4528 0.7679 0.1664 1.4152 30.5205 -0.3861 -27.8859 -15.9934 -34.2916 -0.0000 0.0000 0.0000
-0.5017 0.8129 0.1361 32.4812 1.7707 1.9827 -15.6848 0.4910 -8.0295 -15.6848 0.4910 -8.0295 2.6590 10.0728 0.1550 2.6590 10.0728 0.1550 31.4546 -5.4496 -19.1855 24.9267 -0.3320 -1.5021 1.0545 0.0015 0.1641 -35.7518 -9.5612 29.0734 -28.4851 0.6293 -2.4789 -2.1337 -0.4538 24.0097 78.5133 -78.4418 67.4075 5.9288 22.7275 -1.1926 25.3041 -10.7336 31.8228 -0.0000 0.0000 0.0000 -24.0198 0.5408 0.1150 1.7312 30.7581 -0.4762 -28.2381 -16.2566 -34.6816 -0.0000 0.0000 0.0000
-0.5029 0.8143 0.1279 31.9116 1.2955 1.7830 -15.0553 0.4341 -8.6827 -15.0553 0.4341 -8.6827 3.1452 9.4290 -1.7577 3.1452 9.4290 -1.7577 36.3691 -6.7823 -20.4514 27.3805 -1.3332 -5.4692 -3.3396 -0.0822 2.8186 -36.5336 -10.3586 30.7113 -26.8373 0.4793 -2.0087 -2.9815 -0.6070 23.0090 94.3023 -78.7895 83.0409 -1.6140 35.9893 0.5243 -3.0706 21.1140 -4.6951 -0.0000 0.0000 0.0000 -23.6291 0.4420 0.0925 2.0221 30.4149 -0.5497 -28.4048 -15.8557 -34.9343 -0.0000 0.0000 0.0000
-0.5046 0.8171 0.1185 31.1883 0.7341 1.1367 -14.2938 0.3493 -9.5725 -14.2938 0.3493 -9.5725 3.6177 8.3021 -3.8229 3.6177 8.3021 -3.8229 41.6678 -8.3083 -21.6111 30.5570 -2.5982 -9.4913 -7.6041 -0.3798 5.7107 -37.7660 -11.3722 32.4603 -24.6118 0.2980 -1.3660 -4.2131 -0.8034 21.5832 108.8986 -78.3524 97.5007 -15.3590 53.3858 7.7571 -13.1451 51.5450 -30.9061 -0.0000 0.0000 0.0000 -23.0848 0.3924 0.0801 2.0950 29.3376 -0.5485 -28.1523 -14.9339 -34.7507 -0.0000 0.0000 0.0000
-0.5067 0.8213 0.1066 30.1947 0.0636 -0.0075 -13.4241 0.2440 -10.5352 -13.4241 0.2440 -10.5352 4.0438 6.6749 -6.0299 4.0438 6.6749 -6.0299 46.7074 -9.9330 -22.7585 33.7801 -4.0056 -13.1397 -11.5669 -0.8990 8.8584 -39.1547 -12.5386 34.3323 -22.2392 0.1524 -0.7756 -5.2950 -0.9248 19.8007 118.2863 -77.5900 106.7584 -48.4531 68.0447 33.7942 -13.0612 44.2844 -26.2021 -0.0000 0.0000 0.0000 -22.2009 0.2499 0.0490 1.8669 27.5604 -0.4579 -27.4036 -13.4335 -34.0411 -0.0000 0.0000 0.0000
-0.5090 0.8257 0.0928 28.8719 -0.7229 -1.6246 -12.4872 0.1465 -11.4083 -12.4872 0.1465 -11.4083 4.3215 4.8284 -8.0817 4.3215 4.8284 -8.0817 50.9871 -11.7790 -24.4136 35.9296 -5.2775 -16.1797 -14.2556 -1.4465 11.5287 -40.4214 -13.8100 36.4178 -20.0365 0.0840 -0.4756 -5.4603 -0.8653 17.9968 123.1259 -76.8456 111.3582 -94.9173 68.0187 72.6533 -11.2925 33.1773 -19.3299 -0.0000 0.0000 0.0000 -20.9308 -0.0206 -0.0038 1.4344 25.6796 -0.3269 -26.3753 -11.9467 -32.9816 -0.0000 0.0000 0.0000
-0.5111 0.8296 0.0787 27.4009 -1.6096 -3.5708 -11.5992 0.0743 -12.0223 -11.5992 0.0743 -12.0223 4.4821 3.5045 -9.4124 4.4821 3.5045 -9.4124 54.5378 -13.8799 -26.5733 36.6846 -5.8136 -17.4151 -15.2077 -1.7603 13.1296 -41.3318 -15.0649 38.6377 -18.2196 0.0503 -0.3135 -4.4975 -0.6500 16.4405 123.7852 -76.3854 111.6534 -108.2712 62.3818 79.8876 -9.6115 25.9600 -15.2847 -0.0000 0.0000 0.0000 -19.5374 -0.5339 -0.0919 0.9813 24.3859 -0.2120 -25.2132 -10.8382 -31.6972 -0.0000 0.0000 0.0000
-0.5128 0.8326 0.0655 25.9052 -2.4945 -5.7025 -10.7784 0.0182 -12.4665 -10.7784 0.0182 -12.4665 4.6080 2.7183 -10.1075 4.6080 2.7183 -10.1075 57.6651 -16.6142 -29.7096 36.1191 -5.4701 -16.6702 -14.1845 -1.6743 13.3961 -42.0118 -16.4556 41.2701 -16.5215 0.0637 -0.4391 -2.3206 -0.3111 15.2692 121.3887 -76.1031 108.7110 -107.7240 58.2211 74.6545 -8.0054 21.2568 -12.2322 -0.0000 0.0000 0.0000 -18.1614 -1.2834 -0.2051 0.5680 23.6695 -0.1190 -23.9488 -10.0917 -30.2279 -0.0000 0.0000 0.0000
-0.5138 0.8344 0.0541 24.5660 -3.5247 -7.8211 -10.1448 -0.0075 -12.9020 -10.1448 -0.0075 -12.9020 4.7337 2.4913 -10.3036 4.7337 2.4913 -10.3036 60.1213 -19.6618 -33.3362 37.9365 -5.1016 -14.7703 -13.3115 -1.5270 13.0299 -42.3698 -17.9906 44.4343 -14.9085 0.0666 -0.5088 0.5114 0.0630 14.0440 116.2319 -76.1742 103.1213 -106.5766 55.1483 70.0074 -6.3892 17.5630 -9.4931 -0.0000 0.0000 0.0000 -17.0058 -1.9000 -0.2841 0.1648 23.6484 -0.0345 -22.6800 -9.6533 -28.7045 -0.0000 0.0000 0.0000
-0.5140 0.8356 0.0445 23.4273 -4.7345 -9.7022 -9.7376 0.0265 -13.2135 -9.7376 0.0265 -13.2135 4.8969 2.7243 -10.1629 4.8969 2.7243 -10.1629 61.2387 -22.9927 -37.9297 41.4200 -5.4734 -14.4119 -12.8481 -1.4199 12.5610 -42.1512 -19.4468 47.9433 -13.5909 -0.0075 0.0631 3.7939 0.4156 12.5000 108.6378 -76.7906 95.6384 -104.8782 53.3687 66.3347 -5.0618 15.2492 -7.3994 -0.0000 0.0000 0.0000 -16.1385 -2.1906 -0.3106 -0.2414 23.9979 0.0513 -21.5777 -9.2944 -27.3713 -0.0000 0.0000 0.0000
-0.5131 0.8365 0.0358 22.4748 -5.9845 -11.1036 -9.6004 0.1607 -13.2945 -9.6004 0.1607 -13.2945 5.0327 3.2349 -10.0434 5.0327 3.2349 -10.0434 59.5046 -26.5317 -44.8282 43.6098 -6.8514 -17.0196 -12.2544 -1.4244 13.2108 -41.2968 -20.5603 51.4030 -12.4211 -0.1505 1.3826 7.2017 0.6610 10.4751 99.5388 -77.9153 87.4087 -103.1661 53.1973 64.5354 -4.3976 14.2472 -6.3850 -0.0000 0.0000 0.0000 -15.5342 -2.2484 -0.3067 -0.4439 24.2500 0.0954 -20.7749 -8.7007 -26.4334 -0.0000 0.0000 0.0000
-0.5109 0.8373 0.0272 21.5915 -7.0155 -12.2540 -9.6077 0.3908 -13.0692 -9.6077 0.3908 -13.0692 5.1952 3.7433 -10.1928 5.1952 3.7433 -10.1928 53.3124 -30.2753 -56.6411 44.1664 -8.8440 -21.5830 -10.3601 -1.5301 16.7585 -40.3175 -21.1685 53.9523 -11.2557 -0.3199 3.2453 10.7180 0.7777 8.2758 88.9645 -79.1474 78.1321 -101.3069 53.8968 63.6065 -3.6237 15.8112 -5.3203 -0.0000 0.0000 0.0000 -15.1234 -2.2771 -0.3023 -0.4974 24.5066 0.1080 -20.3393 -8.2309 -25.9386 -0.0000 0.0000 0.0000
-0.5074 0.8378 0.0182 20.7803 -7.6021 -13.5570 -9.6734 0.6641 -12.7081 -9.6734 0.6641 -12.7081 5.3953 4.0522 -10.6294 5.3953 4.0522 -10.6294 41.4792 -32.4391 -75.0651 41.4650 -10.3353 -26.8751 -5.8891 -1.0860 20.8789 -39.7968 -21.3843 55.0955 -10.1212 -0.4722 5.3281 14.3249 0.8598 6.8338 77.8501 -80.0782 68.3227 -98.2859 55.2575 62.3626 -3.6727 17.1124 -5.4433 -0.0000 0.0000 0.0000 -14.9306 -2.8287 -0.3707 -0.3003 24.5230 0.0653 -20.0307 -7.7200 -25.6067 -0.0000 0.0000 0.0000
-0.5028 0.8380 0.0090 19.9942 -7.6696 -15.1474 -9.7076 0.9312 -12.3602 -9.7076 0.9312 -12.3602 5.5463 4.0020 -11.2371 5.5463 4.0020 -11.2371 23.7646 -27.1418 -97.8445 36.6463 -11.0092 -32.4503 2.7829 0.6262 25.3597 -39.9041 -21.5772 55.3908 -8.9261 -0.5689 7.2787 17.9893 1.0338 6.5243 68.6331 -80.5651 60.0996 -94.3914 57.1391 60.9067 -4.4803 16.6624 -6.6170 -0.0000 0.0000 0.0000 -14.8208 -4.1002 -0.5335 0.0243 24.6525 -0.0053 -19.6774 -7.5264 -25.1820 -0.0000 0.0000 0.0000
-0.4974 0.8375 0.0007 19.2877 -7.4829 -16.9128 -9.7542 1.1857 -12.1568 -9.7542 1.1857 -12.1568 5.6278 3.6218 -11.9380 5.6278 3.6218 -11.9380 9.9343 -15.0149 -113.1909 30.7244 -11.7222 -40.9759 16.2612 3.7975 26.1279 -40.3161 -21.8709 55.5175 -7.8612 -0.6047 8.7835 21.3924 1.3475 7.1253 60.1748 -80.7558 52.4600 -91.4922 59.2552 60.5462 -5.7343 13.5000 -8.2805 -0.0000 0.0000 0.0000 -14.7604 -5.7581 -0.7464 0.3323 25.0351 -0.0738 -19.1617 -7.6503 -24.5167 -0.0000 0.0000 0.0000
-0.4918 0.8363 -0.0052 18.7160 -7.0443 -18.4734 -9.7762 1.4083 -12.1111 -9.7762 1.4083 -12.1111 5.6731 3.0102 -12.5486 5.6731 3.0102 -12.5486 0.5171 -0.8773 -118.9667 23.2170 -10.9232 -49.9182 27.4858 5.0253 20.3444 -40.7389 -22.2658 55.8483 -7.0951 -0.6146 9.8885 24.4124 1.7851 8.2385 51.8702 -81.1444 45.2163 -90.4981 61.8847 62.3249 -7.6877 8.4453 -10.7428 -0.0000 0.0000 0.0000 -14.6787 -7.6389 -0.9853 0.5471 25.8326 -0.1255 -18.6559 -8.0629 -23.8342 -0.0000 0.0000 0.0000
-0.4862 0.8344 -0.0077 18.2505 -6.4525 -19.5161 -9.8047 1.6212 -12.1700 -9.8047 1.6212 -12.1700 5.7666 2.4532 -12.9829 5.7666 2.4532 -12.9829 -7.8752 12.7569 -116.7551 17.2884 -9.3259 -56.4286 33.0852 3.2036 10.7570 -40.8948 -22.6337 56.4504 -6.5724 -0.6119 10.6264 26.7151 2.1897 9.2032 42.0543 -81.9704 36.9372 -91.0992 65.0396 66.0402 -9.9980 3.9436 -13.6030 -0.0000 0.0000 0.0000 -14.6345 -9.4579 -1.2172 0.8346 26.9350 -0.1999 -18.3118 -8.6304 -23.3421 -0.0000 0.0000 0.0000
-0.4810 0.8319 -0.0079 17.7635 -5.8333 -20.2631 -9.8208 1.8342 -12.1890 -9.8208 1.8342 -12.1890 5.9677 2.0092 -13.2436 5.9677 2.0092 -13.2436 -16.9789 23.3857 -108.4003 12.3815 -7.6065 -63.0041 33.4263 0.3148 1.0484 -40.7972 -22.8237 56.9863 -6.2427 -0.6054 11.0682 28.3862 2.5633 10.1105 28.6166 -82.4313 25.1865 -91.0126 68.2878 69.2317 -11.7845 1.1245 -15.7827 -0.0000 0.0000 0.0000 -14.5781 -10.8642 -1.3937 1.0888 28.0751 -0.2722 -18.1689 -9.3740 -23.0882 -0.0000 0.0000 0.0000
-0.4760 0.8289 -0.0082 17.4790 -5.0214 -20.5281 -9.8797 2.0232 -12.2487 -9.8797 2.0232 -12.2487 6.2731 1.6468 -13.4447 6.2731 1.6468 -13.4447 -24.0207 27.6586 -98.3305 12.0948 -7.9961 -66.8284 29.8188 -0.8838 -3.3186 -40.5617 -23.0173 57.7090 -5.9410 -0.5823 11.1860 29.4206 2.8615 10.8689 11.7616 -82.3208 10.2906 -91.7686 71.3704 73.0547 -13.3785 -0.8860 -17.7225 -0.0000 0.0000 0.0000 -14.7170 -12.0511 -1.5620 1.4633 29.1547 -0.3806 -18.3542 -10.2200 -23.2380 -0.0000 0.0000 0.0000
-0.4708 0.8253 -0.0117 17.4196 -3.8754 -20.2853 -9.9493 2.1904 -12.4354 -9.9493 2.1904 -12.4354 6.6411 1.3352 -13.5472 6.6411 1.3352 -13.5472 -28.2099 28.2281 -90.0385 14.4827 -10.1399 -69.8478 25.7251 -1.2039 -5.2687 -40.3870 -23.2270 58.3905 -5.7005 -0.5520 11.0527 29.9024 3.1020 11.5796 -6.3668 -80.9202 -5.4316 -91.8539 74.6042 76.3992 -14.5364 -2.2129 -19.1200 -0.0000 0.0000 0.0000 -14.8630 -13.7586 -1.8032 1.8773 30.2388 -0.5073 -18.6630 -11.1641 -23.5320 -0.0000 0.0000 0.0000
-0.4654 0.8211 -0.0197 17.4862 -2.3973 -19.5778 -9.9551 2.3497 -12.8539 -9.9551 2.3497 -12.8539 7.0172 1.0440 -13.5166 7.0172 1.0440 -13.5166 -29.3475 27.6050 -86.3467 15.6643 -11.3538 -71.7088 24.0649 -1.5676 -7.3450 -40.3944 -23.5044 58.9783 -5.5412 -0.5104 10.5171 30.0115 3.3271 12.3673 -19.4526 -77.5211 -15.6716 -88.2899 78.4785 76.8078 -14.9420 -3.1420 -19.5621 -0.0000 0.0000 0.0000 -14.9103 -16.3199 -2.1499 2.3748 31.4835 -0.6695 -19.0409 -12.1109 -23.9102 -0.0000 0.0000 0.0000
-0.4598 0.8162 -0.0315 17.5349 -1.0862 -18.7218 -9.8841 2.5417 -13.4835 -9.8841 2.5417 -13.4835 7.2620 0.7587 -13.3234 7.2620 0.7587 -13.3234 -29.3263 27.2913 -85.7111 15.7649 -11.8071 -73.5093 22.8863 -1.7707 -8.7312 -40.5247 -23.7858 59.4085 -5.6366 -0.4987 10.1035 30.0851 3.5339 13.0965 -25.1507 -72.3780 -18.5379 -69.9276 82.8619 63.3622 -16.5891 -4.0141 -21.6094 -0.0000 0.0000 0.0000 -15.0951 -19.2843 -2.5791 3.0773 33.1086 -0.9149 -19.4577 -13.1294 -24.3274 -0.0000 0.0000 0.0000
-0.4544 0.8106 -0.0441 17.2867 -0.2532 -18.0782 -9.6812 2.7969 -14.1714 -9.6812 2.7969 -14.1714 7.3474 0.5124 -12.9759 7.3474 0.5124 -12.9759 -30.7793 28.5724 -85.5449 11.1319 -9.1577 -78.8275 22.4866 -2.1653 -10.8608 -40.4742 -23.9198 59.7614 -6.1466 -0.5235 9.7264 30.2028 3.7572 13.8603 -25.1186 -66.0832 -16.4901 -8.4913 84.5040 7.7159 -17.7642 -3.2366 -23.2077 -0.0000 0.0000 0.0000 -15.3706 -21.9971 -3.0047 4.2140 34.8384 -1.3227 -19.8280 -14.3308 -24.6670 -0.0000 0.0000 0.0000
-0.4498 0.8047 -0.0527 16.7248 -0.1694 -17.9445 -9.4443 3.1222 -14.7163 -9.4443 3.1222 -14.7163 7.2860 0.3551 -12.5516 7.2860 0.3551 -12.5516 -34.4865 31.2371 -84.0177 1.7991 -1.6448 -84.8683 22.5483 -2.7758 -13.8589 -40.0596 -23.8206 60.1042 -7.0246 -0.5903 9.5943 30.5097 4.0742 14.8616 -21.5543 -59.5268 -12.4246 30.2393 79.3063 -25.2453 -17.5274 -1.7309 -23.0667 -0.0000 0.0000 0.0000 -15.7249 -23.7170 -3.3218 5.6344 36.6236 -1.8660 -20.2321 -15.5559 -25.0440 -0.0000 0.0000 0.0000
-0.4462 0.7986 -0.0534 16.0756 -0.4899 -18.0498 -9.2680 3.4789 -15.0867 -9.2680 3.4789 -15.0867 7.1714 0.3174 -12.1344 7.1714 0.3174 -12.1344 -39.0719 34.0988 -81.6735 -8.2438 7.7713 -86.6088 22.3869 -3.5211 -17.6579 -39.3352 -23.5513 60.5070 -8.1812 -0.7179 10.0127 30.6789 4.2934 15.5627 -16.7115 -53.3429 -8.4393 40.2218 73.7784 -30.7329 -15.4529 0.9911 -20.6403 -0.0000 0.0000 0.0000 -16.3445 -24.2987 -3.5416 7.3836 38.4622 -2.5789 -20.8775 -16.8596 -25.7048 -0.0000 0.0000 0.0000
-0.4435 0.7925 -0.0451 15.6474 -0.3019 -18.2638 -9.0138 3.7543 -15.4977 -9.0138 3.7543 -15.4977 7.0930 0.2408 -11.5844 7.0930 0.2408 -11.5844 -42.5478 36.1468 -79.9352 -15.6673 14.5910 -85.8783 21.3853 -3.7898 -19.8768 -39.0641 -23.1122 59.9171 -9.7558 -0.9241 10.7969 30.4769 4.5511 16.5983 -11.6693 -47.9986 -5.2098 42.6520 69.4438 -30.2780 -10.7512 5.3455 -14.7367 -0.0000 0.0000 0.0000 -17.2262 -24.7504 -3.8069 9.3029 40.2438 -3.4149 -21.6500 -18.2253 -26.5081 -0.0000 0.0000 0.0000
-0.4412 0.7863 -0.0288 15.3858 0.7381 -18.4577 -8.5465 3.9180 -16.0651 -8.5465 3.9180 -16.0651 7.0936 0.0498 -10.8516 7.0936 0.0498 -10.8516 -45.3709 37.9459 -78.8724 -22.7762 20.3453 -83.3931 20.6521 -3.9830 -21.6096 -39.3956 -22.5455 58.2147 -11.5065 -1.1380 11.2591 29.8629 4.9748 18.5047 -5.6596 -43.3297 -2.2497 39.4990 65.9625 -26.2305 -5.4936 10.4279 -7.7764 -0.0000 0.0000 0.0000 -18.3468 -25.3953 -4.1677 11.6261 42.0963 -4.4872 -22.8448 -19.3072 -27.8410 -0.0000 0.0000 0.0000
-0.4380 0.7794 -0.0084 15.3262 2.1901 -18.6873 -7.9505 4.0136 -16.7407 -7.9505 4.0136 -16.7407 7.0953 -0.2740 -9.9821 7.0953 -0.2740 -9.9821 -46.8658 38.8615 -78.2839 -26.5433 23.4906 -82.7918 20.2414 -3.9892 -22.0802 -40.0258 -21.8131 55.7609 -13.3490 -1.3285 11.3161 28.8902 5.5118 21.1695 1.1384 -39.1379 0.4047 31.2646 62.4084 -19.2391 -2.4925 14.0637 -3.6157 -0.0000 0.0000 0.0000 -20.0426 -26.0936 -4.6898 14.6674 43.8684 -5.9336 -24.2172 -20.0215 -29.4137 -0.0000 0.0000 0.0000
-0.4326 0.7716 0.0116 15.2232 4.0496 -18.9768 -7.1060 4.0835 -17.5197 -7.1060 4.0835 -17.5197 6.9994 -0.7292 -8.8968 6.9994 -0.7292 -8.8968 -46.1816 38.4842 -78.6163 -27.0614 25.0961 -85.5318 20.2854 -3.8216 -21.1276 -40.7428 -20.9496 52.9374 -15.2474 -1.4420 10.7426 27.3403 6.0804 24.6361 8.3097 -34.9137 2.6173 21.2332 58.2744 -11.9304 0.1710 16.9941 0.2533 -0.0000 0.0000 0.0000 -22.1242 -27.0100 -5.3767 18.6358 45.2115 -7.8165 -25.3803 -20.6359 -30.7371 -0.0000 0.0000 0.0000
-0.4241 0.7625 0.0281 15.0218 5.9176 -19.2384 -6.0448 4.1886 -18.3190 -6.0448 4.1886 -18.3190 6.7976 -1.3000 -7.7109 6.7976 -1.3000 -7.7109 -43.5139 36.8619 -79.7249 -24.2235 24.8661 -91.5467 20.8864 -3.5865 -19.2807 -41.8702 -20.2669 50.0828 -16.5736 -1.4265 9.7705 25.2518 6.5262 28.5598 15.1093 -30.7901 4.1828 12.0240 53.6558 -6.0978 2.2620 19.1963 3.4066 -0.0000 0.0000 0.0000 -24.7532 -28.1745 -6.3038 23.5610 46.4820 -10.2359 -26.2511 -21.2110 -31.7101 -0.0000 0.0000 0.0000
-0.4121 0.7518 0.0390 14.7048 7.5834 -19.4435 -4.8298 4.3561 -19.0286 -4.8298 4.3561 -19.0286 6.5024 -1.9511 -6.5540 6.5024 -1.9511 -6.5540 -39.9103 34.6117 -81.2685 -18.5267 21.8068 -99.4911 21.6119 -3.2479 -16.8976 -43.3485 -19.6770 47.1491 -17.3320 -1.3545 8.8694 22.5978 6.6523 32.4371 20.9560 -27.0423 5.0928 4.8942 49.1273 -2.2381 3.7289 20.4903 5.6721 -0.0000 0.0000 0.0000 -28.0158 -29.7170 -7.5734 29.5555 47.5359 -13.2529 -26.6548 -21.7642 -32.1271 -0.0000 0.0000 0.0000
-0.3971 0.7397 0.0442 14.4363 9.1621 -19.6733 -3.4989 4.5004 -19.6320 -3.4989 4.5004 -19.6320 6.1439 -2.6760 -5.4899 6.1439 -2.6760 -5.4899 -35.4994 31.8782 -83.4798 -10.9672 14.8943 -107.4108 22.1904 -2.7885 -14.1499 -45.1204 -19.0708 44.0301 -17.8771 -1.3266 8.4197 19.4187 6.2970 35.6439 25.4440 -24.2565 5.5551 0.1991 45.7007 -0.0839 4.7133 21.0024 7.1971 -0.0000 0.0000 0.0000 -31.9298 -31.6613 -9.2752 36.1262 48.2837 -16.6325 -26.8093 -22.3058 -32.2493 -0.0000 0.0000 0.0000
-0.3804 0.7264 0.0455 14.2270 10.5285 -19.9732 -2.2317 4.6196 -20.0095 -2.2317 4.6196 -20.0095 5.8984 -3.3642 -4.6517 5.8984 -3.3642 -4.6517 -32.3149 29.8352 -85.1990 -7.0349 10.2836 -111.3252 21.8728 -2.7066 -13.9404 -46.7183 -18.3363 40.9805 -17.9876 -1.2799 8.0735 15.8223 5.5419 38.4066 29.1675 -21.9838 5.7860 -2.7666 42.9341 1.0881 4.6261 20.6873 7.0463 -0.0000 0.0000 0.0000 -36.3588 -33.5841 -11.3186 42.9643 48.7967 -20.2424 -27.1229 -22.3909 -32.6106 -0.0000 0.0000 0.0000
-0.3628 0.7123 0.0451 14.1853 11.6319 -20.3817 -1.2031 4.7049 -20.1025 -1.2031 4.7049 -20.1025 5.8725 -3.9627 -4.1466 5.8725 -3.9627 -4.1466 -30.4579 28.7220 -86.4856 -5.8941 8.8526 -112.7463 20.9748 -2.8367 -15.2371 -47.9245 -17.6149 38.4393 -17.6770 -1.1955 7.6773 11.9087 4.3890 40.3470 32.2404 -20.1570 5.8814 -4.6365 40.8139 1.7257 3.8422 19.9503 5.8191 -0.0000 0.0000 0.0000 -41.2501 -35.3219 -13.6668 49.8049 49.0582 -23.9225 -27.5035 -22.1399 -33.0891 -0.0000 0.0000 0.0000
-0.3449 0.6979 0.0445 14.3476 12.6390 -20.8641 -0.5292 4.7327 -19.9050 -0.5292 4.7327 -19.9050 5.9782 -4.3433 -3.9246 5.9782 -4.3433 -3.9246 -29.5069 28.1801 -87.2504 -6.0456 9.1379 -113.0863 19.9787 -2.9301 -16.5234 -48.4223 -16.9286 36.6244 -17.3826 -1.1179 7.3033 8.2654 3.1268 41.3867 34.5366 -18.4581 5.7831 -5.5538 38.9729 1.9666 2.7818 18.8996 4.1796 -0.0000 0.0000 0.0000 -46.2871 -36.8409 -16.2041 56.0345 49.1084 -27.3269 -27.7118 -21.9820 -33.3536 -0.0000 0.0000 0.0000
-0.3270 0.6831 0.0440 14.6687 13.5550 -21.2938 -0.2188 4.7233 -19.4964 -0.2188 4.7233 -19.4964 6.2340 -4.4890 -3.8759 6.2340 -4.4890 -3.8759 -29.4549 28.2461 -87.4953 -6.9251 10.3678 -112.5991 19.1297 -2.9942 -17.6326 -48.4962 -16.3174 35.3115 -17.0181 -1.0445 6.9732 5.3454 2.0611 42.1473 36.1153 -16.8707 5.5362 -5.5361 37.5572 1.8836 1.3219 17.5947 1.9670 -0.0000 0.0000 0.0000 -51.3026 -37.9042 -18.7281 61.3566 48.9958 -30.2545 -27.6923 -21.9768 -33.3311 -0.0000 0.0000 0.0000
-0.3091 0.6677 0.0427 15.0400 14.3190 -21.4871 -0.2570 4.7044 -18.9321 -0.2570 4.7044 -18.9321 6.5636 -4.4287 -3.9474 6.5636 -4.4287 -3.9474 -30.4641 29.0936 -87.2411 -8.4890 12.4075 -111.3530 17.6727 -3.0078 -19.1713 -47.9220 -15.6526 34.3721 -16.8518 -0.9744 6.5710 3.5835 1.4020 42.7223 37.3084 -15.6213 5.3027 -4.7812 36.7139 1.5873 -0.4539 16.2917 -0.6689 -0.0000 0.0000 0.0000 -56.5629 -38.7586 -21.4330 66.3823 48.8994 -33.1276 -27.4688 -21.8067 -33.0865 -0.0000 0.0000 0.0000
-0.2916 0.6515 0.0399 15.2844 15.2435 -21.4273 -0.4491 4.6568 -18.3125 -0.4491 4.6568 -18.3125 6.8967 -4.2316 -4.0129 6.8967 -4.2316 -4.0129 -31.1426 29.6169 -86.9840 -8.6215 12.4689 -110.7882 16.5313 -2.9830 -20.3231 -46.7133 -14.8346 33.5522 -17.0504 -0.9034 6.0216 2.8892 1.1483 43.3430 38.5944 -14.9690 5.2676 -3.8389 36.4557 1.2646 -2.3009 14.8056 -3.3550 -0.0000 0.0000 0.0000 -61.9201 -39.6584 -24.4131 71.2846 48.7843 -36.0237 -27.3676 -21.3253 -33.0222 -0.0000 0.0000 0.0000
-0.2748 0.6346 0.0354 15.3620 16.2043 -21.0959 -0.6854 4.5942 -17.7868 -0.6854 4.5942 -17.7868 7.2049 -3.9550 -4.1125 7.2049 -3.9550 -4.1125 -31.6939 29.8946 -86.4868 -7.8086 11.2843 -110.7248 15.6131 -2.9615 -21.3553 -45.0521 -14.0102 33.0055 -17.5391 -0.7999 5.1816 2.9938 1.2172 44.2443 40.1471 -14.7372 5.4112 -2.8633 36.1114 0.9336 -4.1012 13.4935 -5.9247 -0.0000 0.0000 0.0000 -67.3038 -40.5117 -27.6049 76.2578 48.6902 -39.1046 -27.4978 -20.4672 -33.2771 -0.0000 0.0000 0.0000
-0.2589 0.6175 0.0291 15.2792 17.5504 -20.5642 -0.9249 4.4929 -17.3170 -0.9249 4.4929 -17.3170 7.3719 -3.5272 -3.7934 7.3719 -3.5272 -3.7934 -31.4020 29.3412 -85.9261 -4.5047 6.6803 -112.0477 16.1734 -3.0274 -21.0711 -42.9359 -13.0498 32.4328 -18.0764 -0.6367 4.0010 3.1793 1.3267 45.2926 42.2752 -15.1962 5.9047 -2.2307 35.5168 0.7145 -5.3505 12.9782 -7.7002 -0.0000 0.0000 0.0000 -72.7991 -41.3793 -31.1178 81.4247 48.2471 -42.1482 -28.0044 -19.0817 -34.0466 -0.0000 0.0000 0.0000
-0.2447 0.5997 0.0205 15.0550 19.0816 -19.9196 -1.2274 4.3859 -16.9486 -1.2274 4.3859 -16.9486 7.3046 -2.9143 -3.0299 7.3046 -2.9143 -3.0299 -30.5693 28.1820 -85.1365 0.0326 -0.0492 -113.0168 17.5710 -3.0937 -19.8221 -40.3790 -12.0626 32.0618 -18.6321 -0.4382 2.6708 3.2446 1.3699 45.7704 44.8215 -16.0573 6.6581 -1.9056 34.4664 0.5911 -6.0863 13.1776 -8.7689 -0.0000 0.0000 0.0000 -78.0736 -41.9915 -34.5708 86.1926 47.3797 -44.6392 -28.6491 -17.4528 -35.0208 -0.0000 0.0000 0.0000
-0.2338 0.5805 0.0082 14.7923 20.6545 -19.1920 -1.7034 4.2794 -16.6076 -1.7034 4.2794 -16.6076 6.9337 -2.1122 -1.6679 6.9337 -2.1122 -1.6679 -29.8299 27.0178 -84.0979 3.8251 -5.7008 -112.3025 19.1360 -3.2901 -19.3381 -37.7719 -11.0898 31.6851 -18.9825 -0.2705 1.6177 3.2767 1.3800 45.6665 47.3916 -16.9305 7.4744 -1.7442 32.7936 0.5133 -6.5892 13.9707 -9.5427 -0.0000 0.0000 0.0000 -83.0111 -42.4194 -37.9051 90.3293 46.5483 -46.7879 -29.4055 -15.7185 -36.1561 -0.0000 0.0000 0.0000
-0.2283 0.5590 -0.0086 14.3565 21.6605 -18.0829 -2.3699 4.2406 -16.2828 -2.3699 4.2406 -16.2828 6.2566 -0.9702 0.1356 6.2566 -0.9702 0.1356 -31.6461 27.6167 -81.8657 1.5303 -2.2373 -111.2596 18.0246 -3.6489 -22.7121 -35.2838 -10.0985 31.0533 -18.9326 -0.2145 1.2861 3.9114 1.6190 44.9583 49.6030 -17.2335 8.0111 -1.4994 30.5865 0.4100 -7.4774 14.5552 -10.8685 -0.0000 0.0000 0.0000 -88.1975 -43.1486 -41.9298 95.3766 46.7337 -50.7803 -29.8123 -14.2617 -36.8460 -0.0000 0.0000 0.0000
-0.2288 0.5354 -0.0268 13.4970 22.6128 -16.2968 -3.1325 4.2539 -15.8025 -3.1325 4.2539 -15.8025 5.4765 0.3680 2.2838 5.4765 0.3680 2.2838 -35.1548 28.9814 -78.4176 -4.4202 6.1588 -108.6910 14.7019 -3.5675 -27.1430 -32.7338 -8.8421 29.4977 -18.0166 -0.2146 1.3534 4.5578 1.8622 44.4293 51.4495 -16.8237 8.1506 -0.9380 27.4115 0.2288 -8.6166 14.7829 -12.5375 -0.0000 0.0000 0.0000 -94.3666 -45.0913 -48.2702 103.0717 48.3368 -58.9232 -30.0801 -13.0888 -37.3359 -0.0000 0.0000 0.0000
-0.2348 0.5103 -0.0432 12.0079 23.5532 -13.4404 -3.8303 4.2955 -15.2141 -3.8303 4.2955 -15.2141 4.6203 1.8148 4.5278 4.6203 1.8148 4.5278 -39.7501 30.3920 -73.8396 -12.5626 15.8032 -103.1657 9.3637 -2.5724 -30.6626 -30.3470 -7.4548 27.0154 -15.9793 -0.2128 1.5158 5.3506 2.1953 44.5909 53.1632 -16.2274 8.1604 0.0527 23.5924 -0.0110 -10.0243 15.3465 -14.6322 -0.0000 0.0000 0.0000 -100.6325 -47.5133 -55.8890 113.5131 50.1860 -71.0864 -30.2046 -11.7624 -37.6802 -0.0000 0.0000 0.0000
-0.2445 0.4837 -0.0548 9.9672 24.6902 -9.5846 -4.3105 4.3169 -14.7059 -4.3105 4.3169 -14.7059 3.4480 3.0345 7.0613 3.4480 3.0345 7.0613 -43.2518 30.7101 -69.4169 -19.2401 21.5974 -96.7486 4.8151 -1.3751 -31.8611 -28.1869 -6.0764 23.8739 -13.2818 -0.1743 1.4971 6.3594 2.6584 45.3386 55.1871 -16.3898 8.6087 1.1135 20.1528 -0.1979 -11.4564 16.2493 -16.8144 -0.0000 0.0000 0.0000 -106.0142 -49.1913 -62.5660 124.3280 50.1508 -83.0896 -30.3771 -9.3053 -38.2631 -0.0000 0.0000 0.0000
-0.2560 0.4588 -0.0594 7.5428 26.1108 -5.1698 -4.4891 4.3222 -14.4875 -4.4891 4.3222 -14.4875 2.0658 3.7795 9.6171 2.0658 3.7795 9.6171 -43.5252 29.6924 -67.1676 -20.4218 21.8982 -94.0880 2.5774 -0.7093 -30.7695 -26.0245 -4.8109 20.6051 -10.5970 -0.1089 1.1737 6.8200 2.8872 45.8495 57.8160 -17.9579 9.9733 1.9803 17.9040 -0.3120 -12.7933 17.5855 -18.9403 -0.0000 0.0000 0.0000 -109.0588 -49.4250 -65.7165 131.9763 48.0246 -90.0011 -30.5728 -5.6637 -39.0918 -0.0000 0.0000 0.0000
-0.2667 0.4377 -0.0567 4.9663 27.6911 -0.6417 -4.3692 4.3066 -14.6801 -4.3692 4.3066 -14.6801 0.5451 4.0887 11.9550 0.5451 4.0887 11.9550 -40.8130 27.9439 -67.5486 -15.8701 17.4547 -95.5221 2.5783 -0.6774 -29.4382 -23.9559 -3.8054 17.7989 -8.5228 -0.0634 0.8509 6.6873 2.8458 46.0653 60.9364 -20.5183 12.1557 2.4258 16.9072 -0.3606 -13.9979 20.1572 -21.1095 -0.0000 0.0000 0.0000 -110.4319 -48.8866 -66.3993 137.3791 45.1978 -93.7142 -30.4866 -1.9885 -39.6232 -0.0000 0.0000 0.0000
-0.2751 0.4206 -0.0496 2.5008 28.8734 3.6191 -4.0035 4.2798 -15.3012 -4.0035 4.2798 -15.3012 -0.9301 4.4341 13.8393 -0.9301 4.4341 13.8393 -38.5404 26.6018 -68.1328 -11.1567 12.7253 -97.5697 2.3978 -0.6109 -28.5815 -22.0074 -3.0599 15.6423 -7.3943 -0.0629 0.9736 6.6212 2.8391 46.3813 64.1985 -23.3925 14.7981 2.5426 17.0900 -0.3821 -14.9797 23.4181 -23.1757 -0.0000 0.0000 0.0000 -110.4712 -48.4589 -65.9169 141.8982 42.7246 -97.1195 -29.9770 0.2859 -39.3972 -0.0000 0.0000 0.0000
-0.2813 0.4071 -0.0416 0.2133 29.8773 7.4294 -3.5230 4.2076 -16.0094 -3.5230 4.2076 -16.0094 -2.3629 4.7040 15.6896 -2.3629 4.7040 15.6896 -36.6478 25.5906 -68.8808 -6.7985 7.9740 -99.1239 2.4684 -0.6193 -28.1671 -20.1173 -2.4319 13.6473 -6.7531 -0.0746 1.2646 6.3775 2.7993 47.3619 67.2696 -25.7775 17.3115 2.5223 17.2244 -0.3821 -15.4259 26.9806 -24.6260 -0.0000 0.0000 0.0000 -110.5343 -48.3253 -65.8152 145.8236 40.3814 -100.2123 -29.5312 1.7493 -39.1054 -0.0000 0.0000 0.0000
-0.2861 0.3962 -0.0357 -1.8875 31.0257 10.7602 -3.0071 4.0724 -16.6689 -3.0071 4.0724 -16.6689 -3.3234 4.8859 16.8880 -3.3234 4.8859 16.8880 -34.7400 24.7783 -70.1562 -3.1201 3.7040 -99.7879 2.9414 -0.7320 -27.9429 -18.4912 -1.9691 12.0529 -6.4679 -0.0771 1.3651 6.1575 2.8115 49.0498 70.1589 -27.7611 19.6904 2.4407 17.3728 -0.3729 -15.5034 30.3025 -25.5752 -0.0000 0.0000 0.0000 -111.1459 -48.0658 -66.0949 148.7537 38.0194 -101.8684 -29.2232 2.8562 -38.9234 -0.0000 0.0000 0.0000
-0.2895 0.3878 -0.0306 -3.7130 32.2591 13.4152 -2.4342 3.8854 -17.3694 -2.4342 3.8854 -17.3694 -3.7030 5.0792 17.1343 -3.7030 5.0792 17.1343 -32.6762 23.7864 -71.3911 -0.1049 0.1242 -99.6565 3.9226 -0.9748 -27.9025 -17.6085 -1.7973 11.5654 -6.5933 -0.0714 1.2394 6.0380 2.8665 50.7594 72.8118 -29.3998 21.8981 2.4287 17.6228 -0.3765 -15.5876 32.4217 -26.3067 -0.0000 0.0000 0.0000 -112.1325 -47.5261 -66.3996 150.4621 36.0184 -101.9207 -29.0865 4.1713 -39.0059 -0.0000 0.0000 0.0000
-0.2917 0.3812 -0.0273 -5.3184 33.8131 15.4321 -1.9203 3.6908 -17.9926 -1.9203 3.6908 -17.9926 -3.9165 5.0556 16.7056 -3.9165 5.0556 16.7056 -29.9957 22.2854 -72.6465 2.9952 -3.5032 -98.9438 5.2843 -1.3058 -27.7434 -17.1584 -1.7789 11.7510 -6.7152 -0.0514 0.8767 5.3371 2.6170 52.2165 75.3706 -30.9786 24.1661 2.5724 18.0336 -0.4083 -15.7917 33.3468 -26.9248 -0.0000 0.0000 0.0000 -112.1613 -47.1839 -66.0023 151.2068 34.9615 -101.6342 -28.9708 5.5170 -39.1283 -0.0000 0.0000 0.0000
-0.2928 0.3753 -0.0258 -6.9055 35.4814 17.0816 -1.3777 3.5018 -18.5801 -1.3777 3.5018 -18.5801 -4.2825 4.9361 16.0825 -4.2825 4.9361 16.0825 -27.0577 20.4099 -73.6052 6.7281 -7.6657 -97.4733 7.0393 -1.7107 -27.2881 -16.8840 -1.8341 12.3113 -6.9700 -0.0252 0.4137 4.4594 2.2575 53.6831 77.8509 -32.2421 26.2788 2.7160 18.4155 -0.4403 -16.1087 34.1970 -27.7262 -0.0000 0.0000 0.0000 -112.0283 -47.0035 -65.6467 151.4384 34.3121 -100.9873 -29.2250 6.0991 -39.5808 -0.0000 0.0000 0.0000
-0.2932 0.3713 -0.0256 -8.5442 37.1357 18.5468 -0.8314 3.3564 -19.1190 -0.8314 3.3564 -19.1190 -5.0740 4.5393 16.0052 -5.0740 4.5393 16.0052 -24.1551 18.3640 -74.1377 11.2852 -12.3615 -95.2491 8.6793 -2.0168 -26.1172 -16.6309 -1.8838 12.8360 -7.3003 0.0069 -0.1079 3.5675 1.8643 55.1710 80.2458 -33.2650 28.2621 2.8793 18.7118 -0.4745 -16.4684 34.8873 -28.5646 -0.0000 0.0000 0.0000 -111.8941 -46.9056 -65.3931 151.1967 33.8400 -99.6628 -29.9263 6.0469 -40.4836 -0.0000 0.0000 0.0000
-0.2935 0.3690 -0.0254 -10.2313 38.5429 19.9639 -0.2961 3.2622 -19.5787 -0.2961 3.2622 -19.5787 -6.7069 3.6496 17.5393 -6.7069 3.6496 17.5393 -21.7084 16.4664 -74.0787 15.8414 -16.5926 -92.6893 9.5834 -2.0992 -24.6577 -16.2533 -1.8382 12.8206 -7.5092 0.0372 -0.5671 2.8636 1.5569 57.0574 82.7925 -34.4001 30.5256 3.0945 18.9728 -0.5172 -16.8380 35.3821 -29.3645 -0.0000 0.0000 0.0000 -112.4294 -46.6876 -65.6469 150.5083 33.1277 -96.9870 -31.0332 6.2074 -41.9565 -0.0000 0.0000 0.0000
-0.2937 0.3681 -0.0239 -11.9716 39.8500 21.3817 0.1727 3.2636 -19.9774 0.1727 3.2636 -19.9774 -8.6541 2.0996 19.8703 -8.6541 2.0996 19.8703 -19.6716 14.7989 -73.6710 19.3430 -19.5900 -90.7411 9.9668 -2.0823 -23.5461 -15.6189 -1.7148 12.4546 -7.6563 0.0637 -0.9522 2.0208 1.1389 58.8090 84.5483 -34.6207 31.6386 3.0160 18.8829 -0.5017 -17.0482 34.9656 -29.5692 -0.0000 0.0000 0.0000 -114.1843 -45.6997 -66.1417 149.2934 31.7548 -92.0216 -32.8160 6.2189 -44.2631 -0.0000 0.0000 0.0000
-0.2936 0.3680 -0.0199 -13.8067 41.0488 22.6744 0.5853 3.3177 -20.2099 0.5853 3.3177 -20.2099 -10.5689 0.1054 22.0388 -10.5689 0.1054 22.0388 -18.1070 13.3968 -72.7849 21.3527 -21.3862 -90.0920 9.8484 -1.9957 -22.8584 -14.9441 -1.5714 11.9388 -7.6845 0.0766 -1.1400 0.8590 0.4937 59.7740 85.3909 -33.8026 31.3205 2.7546 18.3547 -0.4451 -16.9982 33.7647 -29.0668 -0.0000 0.0000 0.0000 -116.6731 -44.1481 -66.6537 147.7695 29.9162 -85.5187 -34.7672 6.5919 -46.8564 -0.0000 0.0000 0.0000
-0.2934 0.3685 -0.0140 -15.7478 42.1120 23.8608 0.9051 3.3913 -20.2098 0.9051 3.3913 -20.2098 -12.5840 -2.3230 23.7523 -12.5840 -2.3230 23.7523 -17.1064 12.3078 -71.2727 20.9754 -21.5048 -91.4612 9.6801 -1.9892 -23.1732 -14.3089 -1.4186 11.2654 -7.4857 0.0666 -1.0174 -0.6464 -0.3709 59.6962 85.4843 -32.1894 29.8606 2.5016 17.3801 -0.3824 -16.7561 32.4131 -28.2263 -0.0000 0.0000 0.0000 -118.7646 -42.9993 -67.2943 146.5663 28.2776 -79.9758 -36.2858 7.1848 -48.9428 -0.0000 0.0000 0.0000
-0.2934 0.3691 -0.0069 -17.8288 43.0922 25.0376 1.1779 3.4431 -20.0100 1.1779 3.4431 -20.0100 -14.6584 -5.0619 25.1085 -14.6584 -5.0619 25.1085 -16.2172 11.2644 -69.3805 19.4225 -20.4005 -92.8711 10.5570 -2.2916 -24.4298 -13.6015 -1.2374 10.3480 -7.2041 0.0463 -0.7361 -2.1704 -1.2314 59.1335 85.1736 -30.2162 27.8716 2.3127 16.2762 -0.3308 -16.1806 31.5619 -27.0267 -0.0000 0.0000 0.0000 -120.8097 -42.1544 -68.3199 145.5589 26.7330 -74.9504 -37.6341 8.2250 -50.9302 -0.0000 0.0000 0.0000
-0.2940 0.3694 -0.0002 -20.1759 43.9661 26.3095 1.4057 3.4462 -19.7513 1.4057 3.4462 -19.7513 -16.4761 -7.9030 26.1034 -16.4761 -7.9030 26.1034 -15.1116 10.1467 -67.5891 18.7835 -19.6259 -92.5604 11.6033 -2.6501 -25.6494 -12.7688 -1.0705 9.5451 -6.9057 0.0297 -0.4919 -3.4638 -1.9176 57.9291 85.4229 -28.2682 26.1733 1.8612 15.2732 -0.2496 -15.6341 31.1652 -26.0228 -0.0000 0.0000 0.0000 -122.8211 -41.4652 -69.5645 144.5928 25.1195 -69.8254 -38.5832 10.4699 -52.7626 -0.0000 0.0000 0.0000
-0.2958 0.3689 0.0045 -22.8712 44.6204 27.8568 1.6747 3.3205 -19.5128 1.6747 3.3205 -19.5128 -17.8585 -10.4637 27.0250 -17.8585 -10.4637 27.0250 -13.9605 9.0532 -65.7749 18.5877 -18.7625 -90.5459 13.1118 -3.1185 -26.6507 -11.9787 -0.9484 9.0213 -6.5636 0.0311 -0.5427 -4.3416 -2.3676 57.1932 87.1051 -27.0911 25.8016 1.1679 14.7156 -0.1508 -15.2533 31.0909 -25.3821 -0.0000 0.0000 0.0000 -124.8855 -40.8497 -71.0243 143.5313 23.2158 -63.8880 -38.7936 14.8151 -54.3621 -0.0000 0.0000 0.0000
-0.2993 0.3653 0.0049 -25.6472 44.9311 29.6100 1.8946 3.0829 -19.2777 1.8946 3.0829 -19.2777 -18.8055 -12.7374 28.0713 -18.8055 -12.7374 28.0713 -13.0416 8.1259 -63.7158 18.7203 -17.6836 -86.6820 15.2574 -3.7190 -27.2510 -11.4493 -0.8660 8.6220 -5.8920 0.0431 -0.8375 -4.7672 -2.5853 56.9229 89.1839 -25.7084 25.3567 0.0351 13.8633 -0.0043 -14.9089 30.7789 -24.7380 -0.0000 0.0000 0.0000 -126.6599 -40.3110 -72.3144 142.6963 21.1825 -57.9696 -38.3142 20.2278 -55.6286 -0.0000 0.0000 0.0000
-0.3045 0.3602 -0.0015 -27.9950 44.8666 31.2370 1.9880 2.7546 -19.0079 1.9880 2.7546 -19.0079 -19.2269 -14.1439 29.0529 -19.2269 -14.1439 29.0529 -13.1050 7.7952 -61.3481 14.9641 -13.1129 -82.3801 12.9007 -3.0531 -26.5273 -11.3044 -0.8172 8.2425 -5.1126 0.0588 -1.3168 -4.5677 -2.4905 57.1838 90.9223 -24.2443 24.6259 -0.7812 12.3957 0.0848 -14.6243 30.1914 -24.1250 -0.0000 0.0000 0.0000 -128.3343 -39.8586 -73.6608 141.8105 19.3431 -52.4217 -37.8003 25.1788 -56.9579 -0.0000 0.0000 0.0000
-0.3102 0.3555 -0.0178 -29.5609 44.3153 32.4955 1.7605 2.4734 -18.6304 1.7605 2.4734 -18.6304 -19.2945 -14.8273 30.0230 -19.2945 -14.8273 30.0230 -13.9908 7.8128 -58.1923 7.3776 -5.7029 -75.3774 9.1785 -1.7429 -21.4606 -11.2306 -0.7685 7.8043 -4.2732 0.0801 -2.1473 -3.5185 -1.9552 58.1114 92.8953 -23.3239 24.4976 -1.1509 9.9794 0.1005 -13.6916 31.1097 -22.8344 -0.0000 0.0000 0.0000 -129.9566 -39.4875 -75.1156 140.8808 18.0407 -48.1515 -36.5347 29.8101 -57.3996 -0.0000 0.0000 0.0000
-0.3156 0.3516 -0.0380 -30.0132 43.3941 33.1641 0.9808 2.3568 -18.0761 0.9808 2.3568 -18.0761 -18.9562 -14.8315 30.6401 -18.9562 -14.8315 30.6401 -15.4688 7.9960 -54.4608 -3.5053 2.1312 -62.5883 9.3636 -0.1941 -2.3695 -10.8055 -0.6722 7.0987 -3.5631 0.1055 -3.3906 -1.4048 -0.8018 59.4273 95.6817 -23.6198 26.0063 -2.0053 7.2277 0.1267 -10.7527 35.8449 -19.0300 -0.0000 0.0000 0.0000 -131.4058 -39.6566 -77.2289 140.3648 18.0769 -47.6348 -34.6765 32.6425 -56.2404 -0.0000 0.0000 0.0000
-0.3204 0.3490 -0.0576 -29.6010 42.1961 33.3318 -0.2929 2.3913 -17.3640 -0.2929 2.3913 -17.3640 -18.5168 -14.5799 30.9103 -18.5168 -14.5799 30.9103 -17.0101 8.1724 -51.0697 -12.6470 4.7560 -41.0867 16.4573 4.5109 30.4699 -9.9285 -0.5317 6.1157 -3.0275 0.1256 -4.7493 1.6474 0.9618 60.5555 99.2995 -25.3201 29.6203 -3.2732 5.2032 0.1488 -6.5727 43.5115 -13.1296 -0.0000 0.0000 0.0000 -132.5200 -40.5638 -80.0786 140.7552 19.4586 -51.3674 -32.8815 33.0048 -53.7950 -0.0000 0.0000 0.0000
-0.3246 0.3476 -0.0717 -28.8860 40.9821 33.3365 -1.6293 2.4277 -16.6838 -1.6293 2.4277 -16.6838 -18.1643 -14.0639 30.9557 -18.1643 -14.0639 30.9557 -17.9622 8.0777 -48.1459 -13.8581 1.8907 -15.4642 22.4292 7.1490 34.9756 -9.2128 -0.4246 5.2667 -2.7560 0.1504 -6.2479 5.0411 2.9846 61.2352 103.1056 -28.0866 34.9744 -4.5414 5.0420 0.2001 -2.5153 50.4318 -5.8527 -0.0000 0.0000 0.0000 -132.9995 -42.4485 -83.5398 142.1461 21.8103 -58.6596 -30.8813 31.9389 -50.2508 -0.0000 0.0000 0.0000
-0.3282 0.3471 -0.0766 -28.2472 40.0017 33.3988 -2.7797 2.3933 -16.1640 -2.7797 2.3933 -16.1640 -18.0166 -13.5165 30.8884 -18.0166 -13.5165 30.8884 -17.8117 7.5289 -45.5537 -6.4166 -0.1836 3.2745 23.2176 5.8905 28.1207 -9.0607 -0.3668 4.6268 -2.4873 0.1654 -7.6076 8.0769 4.7811 61.1920 107.1899 -31.0215 41.2485 -6.1142 6.1478 0.3287 0.8072 57.2472 2.3492 -0.0000 0.0000 0.0000 -132.9428 -45.0359 -87.1930 144.5737 24.1789 -67.6925 -28.6530 30.7300 -46.3234 -0.0000 0.0000 0.0000
-0.3317 0.3469 -0.0723 -27.8566 39.5534 33.6301 -3.5533 2.2807 -16.0131 -3.5533 2.2807 -16.0131 -18.0673 -13.0691 30.8079 -18.0673 -13.0691 30.8079 -16.9209 6.7690 -43.3644 -1.1720 -0.1232 11.9983 22.1128 4.6468 23.4603 -9.4630 -0.3597 4.3437 -2.3248 0.1753 -8.6248 10.1760 5.9772 60.7719 110.8138 -33.0522 46.5562 -7.9267 7.5553 0.5242 2.9918 62.5878 11.5192 -0.0000 0.0000 0.0000 -132.6410 -47.8099 -90.6107 146.8872 26.0772 -75.8354 -27.2364 29.3245 -43.5794 -0.0000 0.0000 0.0000
-0.3355 0.3448 -0.0620 -27.7643 39.5599 33.9868 -4.0249 2.1244 -16.1631 -4.0249 2.1244 -16.1631 -18.1899 -12.8679 30.7706 -18.1899 -12.8679 30.7706 -15.3593 5.8434 -41.4624 2.0014 0.2675 15.2221 21.9632 4.3018 21.9084 -10.1391 -0.3946 4.4454 -2.1875 0.1790 -9.3539 11.4655 6.6655 60.2328 114.5745 -34.0422 50.9666 -10.1929 8.4609 0.7560 4.3453 66.7497 24.0700 -0.0000 0.0000 0.0000 -132.4847 -50.2508 -93.6295 148.5751 27.4384 -81.9023 -25.9917 28.8805 -41.5220 -0.0000 0.0000 0.0000
-0.3395 0.3431 -0.0523 -27.9965 39.8254 34.3689 -4.2965 1.9671 -16.4024 -4.2965 1.9671 -16.4024 -18.1510 -12.7601 30.7083 -18.1510 -12.7601 30.7083 -13.9215 5.0585 -39.7808 3.2236 0.4431 15.6509 22.6097 4.3938 21.7260 -10.7893 -0.4423 4.6807 -2.0755 0.1775 -9.7773 12.0513 6.9436 59.7764 118.5835 -34.0472 54.5422 -13.0667 8.9006 1.0214 6.0993 67.3234 35.6890 -0.0000 0.0000 0.0000 -132.8183 -51.9366 -96.2396 149.5943 28.2137 -85.5249 -25.5208 28.3753 -40.6158 -0.0000 0.0000 0.0000
-0.3431 0.3417 -0.0494 -28.4904 40.2235 34.7309 -4.4711 1.8352 -16.6451 -4.4711 1.8352 -16.6451 -17.8672 -12.8182 30.7089 -17.8672 -12.8182 30.7089 -12.3169 4.2456 -37.9176 6.1987 0.9510 17.4278 18.9427 3.0919 18.3785 -10.9990 -0.4692 4.8707 -2.0519 0.1767 -9.8421 12.0096 6.9311 59.8598 122.3538 -33.5920 57.4916 -15.6308 9.8659 1.3575 8.5154 65.8287 41.3588 -0.0000 0.0000 0.0000 -133.7828 -52.5881 -98.3712 150.0282 28.3648 -86.7038 -25.8213 27.8708 -40.8789 -0.0000 0.0000 0.0000
-0.3462 0.3397 -0.0503 -29.2150 40.6043 35.0262 -4.5175 1.7188 -16.8752 -4.5175 1.7188 -16.8752 -17.4544 -12.8761 30.7416 -17.4544 -12.8761 30.7416 -10.4644 3.3737 -35.6549 10.1313 1.8732 20.8991 12.2876 1.3793 12.7613 -10.7859 -0.4868 5.1536 -2.4039 0.2057 -9.7786 11.7455 6.8266 60.2153 125.2798 -32.8309 59.3082 -17.6666 11.6309 1.8136 10.4161 63.5716 41.4137 -0.0000 0.0000 0.0000 -135.2617 -52.4474 -100.2433 150.0802 28.0848 -86.2167 -26.2972 27.7150 -41.5340 -0.0000 0.0000 0.0000
-0.3488 0.3379 -0.0531 -30.1246 40.9508 35.2390 -4.4825 1.6078 -17.0279 -4.4825 1.6078 -17.0279 -16.9187 -12.9055 30.7831 -16.9187 -12.9055 30.7831 -8.3925 2.4919 -33.0236 13.9215 2.9824 24.0731 4.8265 0.2937 6.9601 -10.2053 -0.4882 5.4632 -3.0843 0.2641 -9.7852 11.4278 6.7164 60.7784 128.2718 -32.0420 61.2757 -19.6879 14.3989 2.5113 11.3299 61.6282 39.5990 -0.0000 0.0000 0.0000 -137.3701 -51.2455 -101.7400 149.8577 27.1964 -83.8662 -26.4196 28.6779 -42.0885 -0.0000 0.0000 0.0000
-0.3511 0.3380 -0.0546 -31.2153 41.2333 35.4028 -4.3678 1.5010 -17.0766 -4.3678 1.5010 -17.0766 -16.2882 -12.8667 30.7819 -16.2882 -12.8667 30.7819 -6.0061 1.5905 -29.6401 15.4287 3.4601 25.1398 -1.7620 -0.0285 1.8547 -9.3507 -0.4682 5.7201 -3.8345 0.3354 -9.9950 12.2816 7.3108 61.4030 130.2401 -30.9055 61.5965 -21.4854 16.7107 3.1923 10.8968 61.3665 37.6287 -0.0000 0.0000 0.0000 -139.3071 -50.1549 -103.2095 149.7105 26.2399 -81.4659 -26.4213 29.7870 -42.5369 -0.0000 0.0000 0.0000
-0.3534 0.3422 -0.0521 -32.2663 41.4383 35.6210 -4.2585 1.4038 -17.0463 -4.2585 1.4038 -17.0463 -15.7699 -12.8667 30.7597 -15.7699 -12.8667 30.7597 -4.2351 1.0683 -28.3032 18.1560 4.5308 27.8119 -5.5440 0.0319 -0.6586 -8.3407 -0.4166 5.7082 -4.7839 0.4283 -10.2270 11.5173 6.8159 61.1234 130.9075 -29.7604 60.3816 -22.4563 17.7672 3.5545 9.1740 63.2728 36.0423 -0.0000 0.0000 0.0000 -140.1553 -50.5829 -105.0210 149.4390 26.3011 -81.0727 -26.4079 30.0829 -42.6388 -0.0000 0.0000 0.0000
-0.3559 0.3506 -0.0453 -33.1368 41.5612 35.9047 -4.2120 1.3303 -16.9539 -4.2120 1.3303 -16.9539 -15.4153 -12.8341 30.7129 -15.4153 -12.8341 30.7129 -2.7417 0.7003 -28.6517 19.9558 5.5856 30.9957 -5.0403 -0.0229 0.5195 -7.2149 -0.3358 5.3222 -5.7339 0.5270 -10.4933 8.3373 4.8400 60.2135 129.9320 -28.5307 57.1280 -22.6020 16.8024 3.3811 6.8384 65.9735 34.1923 -0.0000 0.0000 0.0000 -139.6276 -53.1016 -107.3111 148.7043 27.9456 -83.2307 -27.6188 27.6563 -43.4813 -0.0000 0.0000 0.0000
-0.3586 0.3598 -0.0374 -33.7419 41.6150 36.3006 -4.3254 1.2928 -16.8093 -4.3254 1.2928 -16.8093 -15.2361 -12.8984 30.6730 -15.2361 -12.8984 30.6730 -0.7941 0.2106 -29.7080 19.9725 6.1802 34.0904 -1.2466 -0.0480 4.4134 -5.8437 -0.2302 4.5084 -6.4604 0.6087 -10.7530 3.2205 1.8156 58.8178 128.0862 -27.3652 53.1396 -22.3078 14.6029 2.8943 4.3439 68.8274 32.2671 -0.0000 0.0000 0.0000 -137.9796 -56.9816 -109.4308 147.5779 30.6903 -86.6918 -28.6506 24.7284 -43.8943 -0.0000 0.0000 0.0000
-0.3613 0.3663 -0.0322 -34.1763 41.4834 36.8921 -4.6070 1.3093 -16.5772 -4.6070 1.3093 -16.5772 -15.2293 -13.0211 30.5594 -15.2293 -13.0211 30.5594 1.9947 -0.5444 -30.5277 16.7756 5.4218 35.6061 5.1393 0.4606 10.2360 -4.2031 -0.1226 3.3398 -6.7782 0.6595 -11.1023 -2.7406 -1.5007 57.4020 125.6757 -26.1044 48.6290 -21.8057 11.1974 2.1635 2.3180 71.0956 30.6194 -0.0000 0.0000 0.0000 -136.0026 -60.3002 -110.3602 146.3854 33.0553 -88.9822 -29.0018 23.0028 -43.7929 -0.0000 0.0000 0.0000
-0.3640 0.3678 -0.0315 -34.5487 41.2086 37.5917 -4.9737 1.3496 -16.2961 -4.9737 1.3496 -16.2961 -15.2576 -13.1550 30.4018 -15.2576 -13.1550 30.4018 5.3718 -1.4380 -29.9526 10.2935 3.1355 33.8047 10.4663 1.3842 15.0271 -2.5034 -0.0466 2.1312 -6.6323 0.6732 -11.5785 -7.2673 -3.9543 57.0579 123.6989 -25.0463 45.0875 -21.1928 7.9377 1.4873 1.4203 72.0494 29.1522 -0.0000 0.0000 0.0000 -135.9323 -60.4533 -110.4304 146.1298 32.9107 -88.2568 -28.4282 23.7927 -43.2428 -0.0000 0.0000 0.0000
-0.3663 0.3638 -0.0357 -35.1189 40.8022 38.4156 -5.2578 1.4070 -16.0036 -5.2578 1.4070 -16.0036 -15.2115 -13.2503 30.1910 -15.2115 -13.2503 30.1910 8.0870 -1.9494 -27.0645 2.9877 0.7313 27.5010 11.4516 1.5883 15.7422 -1.0678 -0.0108 1.1567 -5.9471 0.6291 -12.0668 -6.8022 -3.8554 59.0486 121.5003 -23.8992 41.4039 -19.9544 4.5056 0.7930 0.5844 72.9923 28.2066 -0.0000 0.0000 0.0000 -137.8205 -57.3825 -109.6567 147.0146 30.0316 -84.3534 -27.4262 26.6307 -42.8043 -0.0000 0.0000 0.0000
-0.3681 0.3556 -0.0432 -35.8029 40.3092 39.3897 -5.4492 1.4781 -15.7568 -5.4492 1.4781 -15.7568 -15.1406 -13.2662 29.9468 -15.1406 -13.2662 29.9468 9.7869 -2.2277 -25.5894 -0.1662 -0.0356 24.1881 11.7832 1.6249 15.6499 0.0444 0.0001 0.3614 -5.2426 0.5798 -12.6123 -4.8274 -2.8213 60.5872 119.2637 -22.7902 37.9629 -18.3343 1.5835 0.2555 0.1227 73.5176 27.4199 -0.0000 0.0000 0.0000 -138.9177 -54.4264 -107.8398 147.6856 27.2580 -79.8512 -26.2520 29.8610 -42.3098 -0.0000 0.0000 0.0000
-0.3691 0.3465 -0.0509 -36.5158 39.7720 40.3611 -5.5072 1.5281 -15.5611 -5.5072 1.5281 -15.5611 -15.0582 -13.1298 29.6996 -15.0582 -13.1298 29.6996 10.6871 -2.3637 -24.8761 -1.7297 -0.3374 22.0758 11.9761 1.6162 15.3171 0.7316 -0.0012 -0.1902 -4.6945 0.5376 -13.0580 -2.1613 -1.2779 61.1841 117.3053 -21.7470 35.0048 -16.7350 -0.6076 -0.0894 0.3199 73.2758 26.6749 -0.0000 0.0000 0.0000 -138.8890 -52.8767 -105.9570 147.8688 25.5894 -76.5166 -25.7932 31.4978 -42.2959 -0.0000 0.0000 0.0000
-0.3696 0.3394 -0.0559 -37.2035 39.2376 41.1542 -5.4147 1.5259 -15.3905 -5.4147 1.5259 -15.3905 -14.9945 -12.8732 29.4814 -14.9945 -12.8732 29.4814 11.1265 -2.4283 -24.5516 -2.6940 -0.4871 20.4928 12.3130 1.6224 14.9559 0.9442 -0.0037 -0.4515 -4.3129 0.5018 -13.2669 0.5838 0.3428 60.8384 116.7648 -21.6319 34.4815 -15.2210 -1.0456 -0.1397 0.5667 72.9715 26.6017 -0.0000 0.0000 0.0000 -138.6334 -51.7475 -104.2049 147.9757 24.2509 -73.6413 -24.9172 33.2984 -41.7269 -0.0000 0.0000 0.0000
-0.3697 0.3350 -0.0580 -37.9010 38.6643 41.7878 -5.2043 1.4754 -15.2109 -5.2043 1.4754 -15.2109 -14.9537 -12.5421 29.2996 -14.9537 -12.5421 29.2996 11.4864 -2.4805 -24.2963 -3.5745 -0.6060 19.2393 12.7000 1.6661 14.8881 0.8548 -0.0036 -0.4788 -4.0823 0.4762 -13.3024 2.8694 1.6609 60.1196 117.0794 -22.1983 35.5549 -13.6723 0.0569 0.0068 0.9975 72.4382 26.7857 -0.0000 0.0000 0.0000 -138.0304 -51.2323 -102.6824 148.0213 23.3098 -71.4965 -23.8508 34.9642 -40.7989 -0.0000 0.0000 0.0000
-0.3694 0.3315 -0.0589 -38.4910 38.1459 42.1153 -4.9389 1.3849 -15.0232 -4.9389 1.3849 -15.0232 -14.9957 -12.2212 29.1781 -14.9957 -12.2212 29.1781 11.9159 -2.5396 -23.9824 -4.4379 -0.7156 18.3108 13.1349 1.7463 15.0817 0.5581 -0.0012 -0.2486 -4.0316 0.4697 -13.2858 4.7383 2.7016 59.3623 118.2413 -23.4947 38.3499 -11.8619 2.0540 0.2134 1.3756 72.0131 27.7002 -0.0000 0.0000 0.0000 -137.3688 -51.0917 -101.5446 148.0131 22.7516 -70.1343 -22.6888 36.3520 -39.5697 -0.0000 0.0000 0.0000
-0.3688 0.3284 -0.0601 -39.0127 37.6829 42.2504 -4.6478 1.2757 -14.8452 -4.6478 1.2757 -14.8452 -15.0751 -11.9339 29.1013 -15.0751 -11.9339 29.1013 12.3618 -2.5703 -23.4068 -5.3242 -0.8140 17.3741 13.8997 1.9137 15.6034 0.1454 0.0001 0.1126 -4.0582 0.4707 -13.2264 6.4262 3.6069 58.5745 119.2026 -24.6468 40.8488 -10.0159 4.2681 0.3742 1.7887 71.5879 28.9187 -0.0000 0.0000 0.0000 -136.8067 -50.9050 -100.4986 148.0315 22.1654 -68.7301 -21.7817 37.7096 -38.7310 -0.0000 0.0000 0.0000
-0.3680 0.3259 -0.0624 -39.4167 37.3184 42.1999 -4.3954 1.1513 -14.6759 -4.3954 1.1513 -14.6759 -15.1597 -11.7393 29.0877 -15.1597 -11.7393 29.0877 12.8245 -2.6105 -22.9219 -6.1335 -0.9065 16.7991 14.5637 2.0684 16.0826 -0.3630 -0.0015 0.4735 -3.9466 0.4545 -13.1342 8.0164 4.4411 57.9173 120.8214 -25.9743 44.2102 -8.5657 6.4488 0.4835 2.4349 70.9833 30.8945 -0.0000 0.0000 0.0000 -136.4278 -50.6932 -99.6864 147.9878 21.7277 -67.5664 -21.5576 38.5464 -38.7818 -0.0000 0.0000 0.0000
-0.3671 0.3243 -0.0664 -39.6485 37.0945 41.9439 -4.2202 1.0216 -14.5348 -4.2202 1.0216 -14.5348 -15.1876 -11.6668 29.1564 -15.1876 -11.6668 29.1564 13.2144 -2.6464 -22.5553 -6.7289 -0.9853 16.6419 15.0213 2.1816 16.4357 -0.9202 -0.0069 0.8551 -3.7713 0.4276 -12.9333 9.4822 5.1939 57.3464 122.2035 -26.8142 46.7121 -7.8095 7.9267 0.5419 3.4669 70.0029 32.9521 -0.0000 0.0000 0.0000 -136.4326 -50.2485 -99.1244 147.7961 21.4568 -66.5565 -21.3539 39.5922 -38.9931 -0.0000 0.0000 0.0000
-0.3659 0.3232 -0.0716 -39.6635 36.9742 41.4167 -4.1216 0.8971 -14.3944 -4.1216 0.8971 -14.3944 -15.1193 -11.5687 29.2563 -15.1193 -11.5687 29.2563 13.5020 -2.6791 -22.3484 -7.0628 -1.0509 16.9062 15.0815 2.2049 16.5424 -1.5061 -0.0170 1.2942 -3.5333 0.3924 -12.6704 10.6444 5.7769 56.8817 123.1968 -27.1623 48.1462 -7.6020 9.0175 0.6003 5.0201 68.4217 34.6230 -0.0000 0.0000 0.0000 -137.0784 -49.0553 -98.5088 147.3476 20.9646 -64.5569 -21.3930 41.5046 -40.1694 -0.0000 0.0000 0.0000
-0.3641 0.3220 -0.0770 -39.4500 36.9798 40.7958 -4.1496 0.8001 -14.2632 -4.1496 0.8001 -14.2632 -15.0011 -11.5797 29.4571 -15.0011 -11.5797 29.4571 13.6631 -2.6939 -22.2084 -7.5720 -1.1411 17.1166 14.8575 2.1706 16.5338 -1.9424 -0.0275 1.6192 -3.2684 0.3559 -12.4264 11.5785 6.2486 56.5937 122.5123 -26.3030 46.1485 -8.3007 9.4421 0.6867 6.5448 66.8116 35.8756 -0.0000 0.0000 0.0000 -137.6936 -47.7679 -97.7043 146.8526 20.4765 -62.5061 -21.8431 43.4003 -42.2082 -0.0000 0.0000 0.0000
-0.3616 0.3201 -0.0814 -39.0059 37.1169 40.1800 -4.3243 0.7562 -14.1698 -4.3243 0.7562 -14.1698 -14.9094 -11.7477 29.7228 -14.9094 -11.7477 29.7228 13.7472 -2.6775 -21.9435 -7.9836 -1.2062 17.1567 14.3828 2.0861 16.4213 -2.0607 -0.0337 1.8751 -3.1433 0.3410 -12.3810 12.2758 6.6136 56.4974 120.1547 -24.5180 41.3656 -9.5367 8.8450 0.7393 7.1693 65.8800 35.4187 -0.0000 0.0000 0.0000 -137.7936 -46.6366 -96.3214 146.4436 20.1052 -60.9083 -22.8290 44.3578 -44.6873 -0.0000 0.0000 0.0000
-0.3582 0.3173 -0.0839 -38.5533 37.2807 39.7637 -4.5419 0.7434 -14.1391 -4.5419 0.7434 -14.1391 -14.7872 -12.0104 29.9956 -14.7872 -12.0104 29.9956 13.6981 -2.6205 -21.5629 -8.9813 -1.2933 16.3556 14.8537 2.2404 17.0620 -1.8171 -0.0329 2.0760 -3.1919 0.3482 -12.4490 12.8346 6.8984 56.3721 116.4418 -21.8206 34.5657 -10.9941 7.4541 0.7184 7.5680 65.0002 34.3670 -0.0000 0.0000 0.0000 -137.1622 -45.8350 -94.2860 146.3562 19.7755 -59.9302 -24.5051 43.9650 -47.3908 -0.0000 0.0000 0.0000
-0.3538 0.3143 -0.0847 -38.2410 37.4369 39.5174 -4.7265 0.7343 -14.1253 -4.7265 0.7343 -14.1253 -14.5840 -12.4018 30.2075 -14.5840 -12.4018 30.2075 13.5405 -2.5712 -21.4092 -10.1451 -1.3771 15.4206 15.9064 2.5695 18.2393 -1.3831 -0.0269 2.2298 -3.2967 0.3613 -12.5068 13.3209 7.1241 56.1223 113.2223 -19.7470 29.5853 -11.6570 6.0704 0.6202 7.8585 63.7614 32.2462 -0.0000 0.0000 0.0000 -136.1246 -45.1912 -91.8760 146.3852 19.5012 -59.2714 -26.6173 42.3441 -49.8231 -0.0000 0.0000 0.0000
-0.3484 0.3116 -0.0849 -38.0346 37.5771 39.4167 -4.8944 0.7277 -14.1276 -4.8944 0.7277 -14.1276 -14.3443 -12.9501 30.3755 -14.3443 -12.9501 30.3755 13.3299 -2.5291 -21.3947 -10.5420 -1.3865 14.9441 17.0453 2.9301 19.3706 -0.7787 -0.0162 2.3853 -3.4435 0.3784 -12.5399 13.5764 7.2031 55.7375 110.6909 -18.3161 26.2553 -12.0652 4.6789 0.4947 7.7917 62.2212 28.7890 -0.0000 0.0000 0.0000 -134.7702 -44.9098 -89.5481 146.3080 19.6248 -59.4690 -28.2435 40.7534 -51.3842 -0.0000 0.0000 0.0000
-0.3404 0.3101 -0.0818 -37.9019 37.6670 39.4048 -5.0164 0.7072 -14.1243 -5.0164 0.7072 -14.1243 -13.9934 -13.4171 30.4327 -13.9934 -13.4171 30.4327 13.0439 -2.4950 -21.5694 -9.8846 -1.3289 15.2776 17.9218 3.2262 20.2515 -0.1184 -0.0027 2.5893 -3.5365 0.3860 -12.4541 13.4794 7.0860 55.3029 109.0874 -17.2211 24.0082 -12.9861 3.0507 0.3473 7.4664 60.4528 24.9446 -0.0000 0.0000 0.0000 -133.2844 -44.7963 -87.3214 145.8791 20.0945 -59.9993 -29.9669 38.9161 -52.9026 -0.0000 0.0000 0.0000
-0.3300 0.3106 -0.0790 -37.7824 37.8080 39.6067 -5.1277 0.6927 -14.1512 -5.1277 0.6927 -14.1512 -13.5949 -13.9107 30.4450 -13.5949 -13.9107 30.4450 12.7693 -2.4785 -21.8834 -8.4415 -1.2009 16.1652 17.8848 3.2467 20.4199 0.4427 0.0107 2.7677 -3.4036 0.3661 -12.2763 13.1243 6.8668 55.0887 108.0108 -16.2466 22.2337 -14.7857 1.0014 0.1299 7.2591 58.6318 22.1976 -0.0000 0.0000 0.0000 -131.7185 -44.4534 -84.7157 144.8826 20.8191 -60.2761 -31.5255 37.3692 -54.3326 -0.0000 0.0000 0.0000
-0.3169 0.3127 -0.0803 -37.3734 38.1548 39.8034 -5.2589 0.6635 -14.3022 -5.2589 0.6635 -14.3022 -13.3140 -14.4190 30.5095 -13.3140 -14.4190 30.5095 12.3476 -2.4192 -22.0901 -6.0013 -0.9436 17.8546 16.9324 2.9288 19.4903 1.0862 0.0287 3.0247 -3.1999 0.3344 -11.9294 12.6754 6.6406 55.1603 109.0257 -16.8978 23.5377 -18.5629 0.2250 0.0368 6.8728 57.4536 19.9950 -0.0000 0.0000 0.0000 -129.0181 -44.4056 -81.1304 143.6131 22.2640 -61.8193 -33.0810 34.7524 -55.0879 -0.0000 0.0000 0.0000
-0.2994 0.3171 -0.0885 -36.7371 38.6641 39.9625 -5.3279 0.5960 -14.5524 -5.3279 0.5960 -14.5524 -13.2258 -14.8382 30.5658 -13.2258 -14.8382 30.5658 11.7435 -2.3113 -22.1953 -3.7634 -0.6474 19.5152 16.0651 2.5587 17.9849 1.8363 0.0543 3.3863 -2.7394 0.2688 -11.2067 12.0832 6.3225 55.1146 112.2714 -19.0592 28.0897 -24.4768 1.9826 0.4301 7.1315 56.4490 19.9245 -0.0000 0.0000 0.0000 -124.8117 -44.6754 -76.3470 141.8005 24.5925 -64.3775 -34.1396 31.2571 -54.7114 -0.0000 0.0000 0.0000
-0.2769 0.3247 -0.1025 -35.8855 39.2420 39.9203 -5.2668 0.4765 -14.7950 -5.2668 0.4765 -14.7950 -13.3398 -15.0352 30.5125 -13.3398 -15.0352 30.5125 10.8189 -2.1341 -22.2549 -1.9369 -0.3596 21.0322 15.5920 2.2165 16.0845 2.5968 0.0852 3.7575 -1.8784 0.1640 -9.9784 11.3268 5.8665 54.6501 117.6180 -22.6776 36.6520 -30.9219 6.9905 1.9357 7.6465 55.5539 20.6443 -0.0000 0.0000 0.0000 -118.8961 -45.2031 -70.3875 139.5111 27.7261 -67.5772 -34.5727 26.9506 -53.2585 -0.0000 0.0000 0.0000
-0.2485 0.3378 -0.1179 -34.8573 39.6910 39.5717 -5.0742 0.2698 -15.0132 -5.0742 0.2698 -15.0132 -13.6226 -15.1802 30.6317 -13.6226 -15.1802 30.6317 9.4322 -1.8483 -22.1269 -0.3148 -0.0630 22.6310 15.6055 1.8900 13.7277 3.4427 0.1233 4.0996 -0.5055 0.0365 -8.2633 10.2287 5.1506 53.3634 125.3286 -26.9998 49.8231 -36.6753 14.9771 4.9894 8.0902 55.9533 22.1342 -0.0000 0.0000 0.0000 -110.1253 -45.9301 -62.4816 136.3961 31.6027 -70.5568 -35.4218 20.5617 -51.8645 -0.0000 0.0000 0.0000
-0.2164 0.3559 -0.1279 -33.5468 40.1682 39.0869 -4.9363 -0.0258 -15.2277 -4.9363 -0.0258 -15.2277 -13.7789 -15.2455 30.9795 -13.7789 -15.2455 30.9795 7.7979 -1.5178 -21.9975 0.7948 0.1693 24.0488 15.9273 1.6093 11.4663 5.0318 0.2035 4.6279 1.9480 -0.0958 -5.6310 7.9395 3.7578 50.6020 132.3801 -30.5926 63.5824 -40.6929 22.6561 8.4972 8.4889 57.7037 24.8368 -0.0000 0.0000 0.0000 -97.7933 -45.6116 -51.4634 129.7447 36.5962 -70.3711 -36.3769 13.9214 -50.9317 -0.0000 0.0000 0.0000
-0.1840 0.3765 -0.1277 -32.3147 40.5414 38.7157 -4.8204 -0.3362 -15.3577 -4.8204 -0.3362 -15.3577 -13.7219 -15.3462 31.4468 -13.7219 -15.3462 31.4468 6.3959 -1.2321 -21.7868 1.0890 0.2391 24.7678 16.2246 1.3930 9.7494 7.3410 0.3473 5.4102 5.1192 -0.1199 -2.6819 4.2129 1.8036 46.3387 136.4448 -32.7825 72.7256 -43.6221 26.8372 10.9078 8.7767 59.8678 28.3055 -0.0000 0.0000 0.0000 -83.8615 -43.1606 -39.1174 118.5972 41.1649 -64.6203 -36.8590 10.0954 -50.4481 -0.0000 0.0000 0.0000
-0.1539 0.3972 -0.1159 -30.9990 40.9819 38.2681 -4.8337 -0.6531 -15.4645 -4.8337 -0.6531 -15.4645 -13.4475 -15.5846 32.1203 -13.4475 -15.5846 32.1203 5.3881 -1.0175 -21.3721 0.7294 0.1619 25.0345 16.3786 1.1900 8.2550 10.5751 0.6267 6.7633 7.9766 0.0003 0.0049 -0.3018 -0.1141 41.4158 139.1673 -34.4992 79.6685 -46.1055 29.7248 12.8867 8.8310 62.0729 32.1561 -0.0000 0.0000 0.0000 -67.1488 -37.4806 -25.3814 100.2735 44.2100 -51.8760 -37.2835 8.2570 -50.4926 -0.0000 0.0000 0.0000
-0.1284 0.4154 -0.1007 -30.3101 41.4356 38.2857 -4.7585 -0.8848 -15.4889 -4.7585 -0.8848 -15.4889 -12.9915 -16.0142 32.7279 -12.9915 -16.0142 32.7279 4.8964 -0.9057 -20.9479 0.1200 0.0262 24.6180 15.9122 1.0173 7.2697 14.3109 1.0925 8.6859 10.0249 0.1896 2.1619 -5.6450 -1.8441 36.1578 139.2271 -35.1587 80.8968 -49.4143 30.2941 14.1993 9.3825 62.1100 34.1363 -0.0000 0.0000 0.0000 -56.9762 -32.1925 -17.8005 84.9338 44.0674 -40.6512 -36.7824 9.4813 -50.1814 -0.0000 0.0000 0.0000
-0.1100 0.4263 -0.0897 -30.1018 41.5899 38.5929 -4.5493 -1.0056 -15.3016 -4.5493 -1.0056 -15.3016 -12.5625 -16.2155 32.9198 -12.5625 -16.2155 32.9198 4.9360 -0.9025 -20.7108 -0.6430 -0.1325 23.2948 15.2735 0.8891 6.6238 18.1423 1.8392 11.4819 11.5178 0.3846 3.8124 -10.6451 -2.9802 31.2014 139.0541 -35.7750 81.6855 -52.5822 32.2687 16.2670 11.2435 58.8503 34.1904 -0.0000 0.0000 0.0000 -54.4831 -30.7297 -16.1047 78.5516 44.0452 -36.6066 -35.4423 11.6614 -49.0514 -0.0000 0.0000 0.0000
-0.0973 0.4309 -0.0878 -30.1109 40.9299 39.0133 -4.3117 -1.0420 -14.8324 -4.3117 -1.0420 -14.8324 -12.0839 -16.0401 32.8443 -12.0839 -16.0401 32.8443 5.1514 -0.9354 -20.5697 -1.0034 -0.1863 21.0359 14.5799 0.7662 5.9839 22.2320 2.8967 14.6655 12.4825 0.5574 5.0932 -14.2297 -3.4238 26.9308 140.1519 -36.6792 84.8870 -55.4535 36.8494 19.8634 13.7019 53.1293 33.6019 -0.0000 0.0000 0.0000 -56.8519 -32.1805 -17.7483 79.1364 45.4151 -38.1500 -34.1375 12.4104 -47.5532 -0.0000 0.0000 0.0000
-0.0884 0.4314 -0.0939 -29.8484 39.4553 39.6055 -4.2506 -1.0344 -14.0259 -4.2506 -1.0344 -14.0259 -11.5538 -15.2239 32.2371 -11.5538 -15.2239 32.2371 5.2752 -0.9750 -20.9298 -0.9633 -0.1520 17.9383 13.9168 0.6953 5.6923 27.2427 4.2182 17.2831 13.1609 0.7376 6.3871 -16.1747 -3.3971 23.5760 140.9920 -38.0423 88.4496 -58.7244 42.5879 24.7362 16.0075 45.4537 32.5961 -0.0000 0.0000 0.0000 -62.6474 -34.5296 -21.4208 83.5784 47.4014 -42.8449 -32.5944 12.6838 -45.5908 -0.0000 0.0000 0.0000
-0.0795 0.4312 -0.1012 -29.4582 37.2784 40.4507 -4.1170 -1.0637 -13.0490 -4.1170 -1.0637 -13.0490 -11.1761 -13.8387 31.1582 -11.1761 -13.8387 31.1582 4.8783 -0.9271 -21.5082 -0.9169 -0.1171 14.5556 13.5362 0.6794 5.7198 32.3932 5.7094 19.4826 13.3893 0.8124 6.9133 -16.9833 -3.1168 20.6545 140.1333 -39.1648 88.8970 -62.7238 46.2466 29.1766 17.6151 37.7391 31.6204 -0.0000 0.0000 0.0000 -69.2884 -36.5558 -25.7127 90.8891 49.4409 -50.1198 -30.6890 12.9313 -43.1174 -0.0000 0.0000 0.0000
-0.0681 0.4316 -0.1031 -28.6710 35.0615 41.3832 -3.9171 -1.1800 -12.1441 -3.9171 -1.1800 -12.1441 -11.0133 -12.2773 29.8995 -11.0133 -12.2773 29.8995 3.9366 -0.7661 -22.0167 -0.8181 -0.0827 11.5432 13.8422 0.6578 5.4151 37.2439 7.4256 21.8009 12.6675 0.7407 6.6656 -18.9014 -3.0250 18.0270 139.9419 -40.8465 91.2151 -66.4200 50.0019 33.9520 18.8018 30.6794 30.9855 -0.0000 0.0000 0.0000 -70.5785 -35.9978 -25.9000 93.0383 50.7755 -53.1696 -29.5781 12.0161 -41.3967 -0.0000 0.0000 0.0000
-0.0518 0.4347 -0.0971 -28.0334 33.1906 42.7693 -3.4845 -1.3234 -11.5404 -3.4845 -1.3234 -11.5404 -11.0305 -11.0532 28.7598 -11.0305 -11.0532 28.7598 2.6120 -0.5110 -22.1349 -0.3378 -0.0264 8.9521 14.6039 0.6273 4.8925 41.4273 9.6507 25.1692 11.4456 0.6076 6.0570 -21.4448 -3.0241 15.8716 138.2141 -42.0116 90.3379 -70.5902 50.4706 36.9026 19.9379 24.6275 30.9759 -0.0000 0.0000 0.0000 -68.3267 -33.6117 -23.1677 89.8960 51.2660 -51.1849 -28.8046 11.1068 -40.1410 -0.0000 0.0000 0.0000
-0.0308 0.4404 -0.0839 -27.5013 31.7734 44.2166 -2.8373 -1.4599 -11.2294 -2.8373 -1.4599 -11.2294 -11.2928 -10.2183 27.8239 -11.2928 -10.2183 27.8239 1.4208 -0.2779 -22.1352 0.3412 0.0210 7.0335 15.1283 0.5234 3.9397 44.5029 12.4693 29.9001 10.9058 0.5963 6.2406 -24.4798 -2.8873 13.2529 137.0611 -43.3149 90.5501 -74.7525 51.6808 40.6038 20.6810 18.3516 30.5456 -0.0000 0.0000 0.0000 -62.8366 -29.4572 -18.2450 80.5822 50.7784 -43.8364 -28.5499 9.8517 -39.5103 -0.0000 0.0000 0.0000
-0.0063 0.4478 -0.0679 -26.8334 30.5782 45.2130 -2.1585 -1.5611 -10.9548 -2.1585 -1.5611 -10.9548 -11.4922 -9.8087 27.2845 -11.4922 -9.8087 27.2845 0.7889 -0.1524 -21.8712 1.0007 0.0505 5.7825 15.4279 0.3721 2.7463 46.7533 15.7905 35.5749 11.5829 0.8253 8.1232 -27.9451 -2.7321 10.9488 139.3296 -45.7705 97.4346 -79.9499 57.6255 49.5120 20.5324 11.8087 29.0263 -0.0000 0.0000 0.0000 -55.9746 -24.0798 -12.9331 67.5319 48.9920 -33.8850 -28.5051 8.3250 -39.1114 -0.0000 0.0000 0.0000
0.0177 0.4542 -0.0529 -26.2720 29.5462 46.1154 -1.4265 -1.5740 -10.3674 -1.4265 -1.5740 -10.3674 -11.6315 -9.7443 26.6951 -11.6315 -9.7443 26.6951 0.6655 -0.1306 -22.2016 1.8247 0.0787 4.9395 15.7031 0.1637 1.1868 48.4878 19.5906 41.9504 11.8565 1.0467 10.0543 -30.0867 -2.7222 10.1042 143.0297 -48.3658 106.6676 -87.6998 65.0482 62.9802 19.4211 5.6990 26.5185 -0.0000 0.0000 0.0000 -49.2928 -18.0945 -8.3569 54.2603 45.4749 -24.2383 -28.1926 7.7388 -38.5725 -0.0000 0.0000 0.0000
0.0387 0.4607 -0.0431 -26.1630 28.6853 46.8926 -0.6115 -1.4873 -9.5290 -0.6115 -1.4873 -9.5290 -11.6575 -10.0273 26.0660 -11.6575 -10.0273 26.0660 1.0529 -0.2134 -22.9136 2.8045 0.0992 4.0496 15.5758 -0.0024 -0.0178 48.6926 23.2796 48.9545 11.6580 1.2177 11.8854 -31.4468 -2.4151 8.5640 145.2970 -49.9350 112.2730 -97.0289 70.1208 76.8725 17.8230 1.4756 23.8273 -0.0000 0.0000 0.0000 -44.9688 -14.0722 -5.8488 45.8513 42.7215 -18.7851 -27.8746 7.1437 -38.0280 -0.0000 0.0000 0.0000
0.0559 0.4670 -0.0427 -26.3584 28.2264 47.4726 0.0710 -1.3172 -8.5814 0.0710 -1.3172 -8.5814 -11.5932 -10.6119 25.3670 -11.5932 -10.6119 25.3670 2.1729 -0.4607 -23.9368 3.8744 0.1098 3.2465 14.8306 -0.1345 -1.0335 47.1442 26.4916 56.6943 10.6838 1.3355 14.2097 -33.0816 -1.9432 6.5367 145.5673 -50.9511 113.9233 -102.7319 72.1780 84.7289 16.8038 -0.3623 22.2734 -0.0000 0.0000 0.0000 -42.9871 -12.5755 -4.9688 39.2215 41.1244 -15.2254 -27.7649 5.9712 -37.6446 -0.0000 0.0000 0.0000
0.0699 0.4725 -0.0524 -26.6824 28.0525 47.9777 0.4440 -1.1197 -7.7395 0.4440 -1.1197 -7.7395 -11.3102 -11.2970 24.7302 -11.3102 -11.2970 24.7302 4.2150 -0.9301 -24.8758 4.7191 0.0825 2.0025 13.9663 -0.2243 -1.8308 44.1622 28.7648 64.5945 9.3646 1.4244 17.2599 -33.2269 -0.3805 1.2753 143.2992 -51.7564 111.2746 -100.6942 71.6570 82.1172 16.6414 -0.6443 22.0298 -0.0000 0.0000 0.0000 -42.4725 -12.5963 -4.9118 33.1407 39.8398 -12.3087 -27.1675 5.4401 -36.7565 -0.0000 0.0000 0.0000
0.0825 0.4775 -0.0705 -26.7563 28.1675 48.1089 0.4560 -0.9437 -7.0542 0.4560 -0.9437 -7.0542 -10.8914 -11.8474 24.2275 -10.8914 -11.8474 24.2275 6.9300 -1.5833 -25.7103 5.0294 0.0161 0.3667 12.6016 -0.2716 -2.4594 40.8384 30.0178 71.5230 8.0653 1.4325 20.1118 -32.0384 1.7872 -6.2192 142.8267 -53.9042 113.0428 -99.6351 73.7331 83.2068 16.1772 -1.1072 21.3728 -0.0000 0.0000 0.0000 -43.1424 -13.5355 -5.3723 27.4387 38.6875 -9.7969 -25.7840 5.8315 -35.0123 -0.0000 0.0000 0.0000
0.0951 0.4849 -0.0921 -26.2590 28.3477 47.6365 0.2042 -0.8119 -6.4165 0.2042 -0.8119 -6.4165 -10.3638 -12.2363 23.9235 -10.3638 -12.2363 23.9235 9.6880 -2.2558 -26.1573 4.7355 -0.0327 -0.7900 11.6315 -0.2669 -2.6200 36.2452 30.4420 79.4764 6.7601 1.2876 21.5442 -29.7148 3.4080 -12.7968 146.4787 -57.7282 122.6979 -107.7435 79.5808 97.5352 15.7001 -1.4502 20.7136 -0.0000 0.0000 0.0000 -44.8052 -14.7629 -6.1137 22.7362 37.7467 -7.8638 -23.8056 6.8579 -32.5771 -0.0000 0.0000 0.0000
0.1012 0.4919 -0.1104 -25.5253 28.4330 47.1778 -0.0288 -0.6726 -5.5083 -0.0288 -0.6726 -5.5083 -9.9244 -12.5452 23.4481 -9.9244 -12.5452 23.4481 11.7739 -2.8548 -27.1714 4.4507 -0.0479 -1.2330 11.6390 -0.2682 -2.6314 29.3922 28.7209 88.6179 5.0741 0.9588 21.3882 -26.6910 4.3461 -18.1753 148.5479 -61.3954 129.2525 -120.3538 83.6002 114.6695 16.0722 -1.0485 21.2415 -0.0000 0.0000 0.0000 -46.0531 -15.0911 -6.4446 18.8232 36.2238 -6.2066 -21.7170 8.8654 -30.1249 -0.0000 0.0000 0.0000
0.1028 0.5000 -0.1168 -24.9220 28.2693 46.7908 -0.1334 -0.4910 -4.2499 -0.1334 -0.4910 -4.2499 -9.5270 -12.9801 22.8243 -9.5270 -12.9801 22.8243 12.8785 -3.3089 -28.7101 4.9949 -0.0518 -1.1869 11.9454 -0.2207 -2.1093 21.4889 24.1919 96.9541 3.2442 0.5852 20.4448 -23.5200 4.7190 -22.3910 144.9107 -64.0750 126.3925 -116.2751 84.7451 111.4649 17.1031 -0.0918 22.6962 -0.0000 0.0000 0.0000 -46.6622 -14.7908 -6.4084 16.0694 34.6030 -5.0353 -20.0856 10.8450 -28.2392 -0.0000 0.0000 0.0000
0.1076 0.5131 -0.1085 -24.6209 27.9322 46.6934 -0.1251 -0.2881 -2.7807 -0.1251 -0.2881 -2.7807 -9.3059 -13.4278 21.9092 -9.3059 -13.4278 21.9092 13.0031 -3.5852 -30.7121 6.2321 -0.0325 -0.5976 12.2845 -0.1380 -1.2827 14.1339 17.4582 102.1646 1.3207 0.2263 19.4411 -20.5764 4.6797 -25.3725 129.6766 -64.3468 106.5014 -83.1140 79.8457 73.1383 18.9372 1.4544 25.2934 -0.0000 0.0000 0.0000 -47.1128 -14.3542 -6.2848 13.5873 32.7461 -4.0092 -18.8674 12.4817 -26.8311 -0.0000 0.0000 0.0000
0.1253 0.5339 -0.0853 -24.5336 27.6206 46.8015 -0.1869 -0.1050 -1.2194 -0.1869 -0.1050 -1.2194 -9.2213 -13.7524 20.6687 -9.2213 -13.7524 20.6687 12.7277 -3.7457 -32.6809 7.7573 -0.0203 -0.2990 12.7897 -0.0687 -0.6133 7.8243 10.0257 104.1170 -0.9360 -0.1557 18.8920 -17.2664 4.3976 -28.3835 110.8459 -58.7927 78.5235 -68.4633 67.2684 48.7075 20.9549 3.7904 28.2825 -0.0000 0.0000 0.0000 -47.5467 -13.1021 -5.7918 12.3391 30.3943 -3.3639 -18.2408 13.9175 -26.1985 -0.0000 0.0000 0.0000
0.1632 0.5614 -0.0529 -24.4853 26.9358 47.6808 -0.2382 0.0077 0.1109 -0.2382 0.0077 0.1109 -9.2485 -13.5158 19.1474 -9.2485 -13.5158 19.1474 12.3306 -3.8886 -34.8919 8.8923 -0.0669 -0.8610 13.4874 0.0101 0.0851 3.3182 4.2270 103.7457 -3.1020 -0.4998 18.3017 -14.2464 3.9315 -30.7153 97.1595 -56.7843 62.9886 -67.6705 61.0582 43.1393 22.1359 4.2457 29.9165 -0.0000 0.0000 0.0000 -47.1345 -11.9528 -5.2293 11.8510 29.5477 -3.1358 -17.8250 15.1918 -25.8313 -0.0000 0.0000 0.0000
0.2206 0.5905 -0.0157 -24.4140 25.8332 49.3207 -0.2311 0.0621 1.0975 -0.2311 0.0621 1.0975 -9.3042 -12.7442 17.4576 -9.3042 -12.7442 17.4576 11.9985 -4.0679 -37.3437 9.4367 -0.1437 -1.7404 14.1283 0.1016 0.8201 -0.4468 -0.5550 102.3306 -4.4987 -0.6831 17.2608 -11.4187 3.3078 -32.2181 81.1285 -56.7674 49.6443 -65.4355 59.3448 40.2077 22.7754 2.8353 30.5369 -0.0000 0.0000 0.0000 -45.5953 -11.9066 -5.0194 10.4801 31.1153 -2.9253 -17.3427 16.0710 -25.2971 -0.0000 0.0000 0.0000
0.2780 0.6129 0.0223 -24.3606 24.4839 51.5237 -0.1782 0.0940 1.9968 -0.1782 0.0940 1.9968 -9.2717 -11.6555 15.5169 -9.2717 -11.6555 15.5169 12.1150 -4.5119 -40.7324 9.2319 -0.1812 -2.2437 14.2581 0.1442 1.1531 -3.9730 -4.7093 99.7040 -5.5211 -0.7969 16.4136 -8.3176 2.5047 -33.4665 63.0264 -54.6701 35.1698 -58.7381 58.6990 35.1194 22.7587 1.0447 30.2397 -0.0000 0.0000 0.0000 -43.1330 -13.0836 -5.1904 8.1292 34.4246 -2.5221 -16.9558 16.6016 -24.8343 -0.0000 0.0000 0.0000
0.3235 0.6264 0.0547 -24.3121 23.1352 53.8472 -0.1262 0.1153 2.9529 -0.1262 0.1153 2.9529 -9.0736 -10.5519 13.4835 -9.0736 -10.5519 13.4835 12.5668 -5.1994 -44.8191 8.7990 -0.1682 -2.1859 13.5013 0.1016 0.8582 -7.3667 -8.2026 96.1655 -6.1647 -0.8576 15.8254 -4.4104 1.3732 -34.5739 50.7811 -51.6182 25.8554 -51.4192 58.9983 30.4748 22.4865 -1.0992 29.5736 -0.0000 0.0000 0.0000 -40.3870 -14.9003 -5.5072 5.5885 38.1938 -1.9362 -16.7969 17.3655 -24.7399 -0.0000 0.0000 0.0000
0.3444 0.6283 0.0760 -24.2281 22.1365 55.6742 -0.0682 0.1278 4.0424 -0.0682 0.1278 4.0424 -8.8739 -9.5437 11.5106 -8.8739 -9.5437 11.5106 13.2374 -6.0057 -48.6536 8.1090 -0.1498 -2.1127 12.2790 0.0186 0.1725 -10.5763 -10.9551 92.0274 -7.3187 -1.0099 15.6928 0.5436 -0.1746 -35.6111 47.9703 -49.1750 23.0142 -47.4925 58.8475 27.8707 23.3463 -5.1007 30.1197 -0.0000 0.0000 0.0000 -38.2925 -15.8621 -5.5382 3.8503 40.2842 -1.4127 -16.9446 18.4269 -25.1476 -0.0000 0.0000 0.0000
0.3418 0.6225 0.0875 -24.0849 21.7591 56.3850 -0.2857 0.0955 5.2357 -0.2857 0.0955 5.2357 -8.5778 -8.8433 9.9545 -8.5778 -8.8433 9.9545 14.1502 -6.7812 -51.0351 7.5822 -0.1563 -2.3586 10.8541 -0.0676 -0.7111 -13.8154 -13.3788 88.1431 -9.2834 -1.2789 15.6543 5.4024 -1.7690 -36.2404 54.4184 -48.8463 26.2831 -47.9500 57.3061 27.3159 24.2547 -9.3332 30.7037 -0.0000 0.0000 0.0000 -37.7749 -13.9514 -4.7941 4.3113 38.3963 -1.5018 -17.4401 19.6932 -26.1161 -0.0000 0.0000 0.0000
0.3240 0.6150 0.0878 -23.8698 21.4392 56.7389 -0.6729 0.0071 6.1002 -0.6729 0.0071 6.1002 -8.0995 -8.2857 8.9418 -8.0995 -8.2857 8.9418 15.0818 -7.3817 -51.9588 7.3383 -0.1914 -2.9833 9.5680 -0.0999 -1.1938 -16.6659 -15.3088 85.0760 -11.7191 -1.6116 15.6070 8.6862 -2.8467 -36.2322 56.8100 -49.3249 27.8908 -49.8788 56.8053 28.2303 23.5547 -10.0050 29.7497 -0.0000 0.0000 0.0000 -37.6645 -10.7084 -3.6616 6.2355 35.1336 -1.9758 -18.0874 20.6777 -27.2717 -0.0000 0.0000 0.0000
0.3019 0.6111 0.0787 -23.5876 21.1461 56.5870 -1.2681 -0.1224 6.4260 -1.2681 -0.1224 6.4260 -7.3851 -7.9852 8.7061 -7.3851 -7.9852 8.7061 15.9767 -7.6870 -51.1640 7.5038 -0.2351 -3.5842 8.7039 -0.1127 -1.4813 -18.9389 -16.8203 83.1079 -14.2398 -1.9371 15.4161 10.5813 -3.4158 -35.6966 58.7202 -50.5749 29.7666 -52.2753 57.0371 29.8599 23.3455 -11.1939 29.3462 -0.0000 0.0000 0.0000 -37.5512 -7.8498 -2.6723 7.8664 32.2932 -2.2807 -18.8059 20.4640 -28.2839 -0.0000 0.0000 0.0000
0.2849 0.6124 0.0596 -23.2550 20.8470 56.0064 -2.0452 -0.2663 6.4884 -2.0452 -0.2663 6.4884 -6.4873 -7.9020 8.9645 -6.4873 -7.9020 8.9645 16.8074 -7.8041 -49.5660 8.1492 -0.2711 -3.8043 8.3372 -0.1463 -2.0070 -20.6105 -17.8659 81.6856 -16.9199 -2.2509 15.0484 11.2810 -3.5563 -34.8989 60.4181 -51.2613 31.2142 -54.2707 56.7762 30.9625 23.2284 -12.4028 29.0590 -0.0000 0.0000 0.0000 -37.2094 -5.4080 -1.8217 9.0401 29.8424 -2.4136 -19.7346 19.0025 -29.3212 -0.0000 0.0000 0.0000
0.2766 0.6142 0.0308 -22.9537 20.4894 55.1989 -2.7839 -0.3977 6.3037 -2.7839 -0.3977 6.3037 -5.5764 -7.9125 9.5238 -5.5764 -7.9125 9.5238 17.6467 -7.8965 -47.9438 9.1006 -0.2677 -3.3627 8.5362 -0.1822 -2.4416 -21.4603 -18.4317 81.1408 -19.6922 -2.5024 14.3451 11.6613 -3.5833 -34.0616 61.4582 -53.8781 33.6179 -54.0019 59.3742 32.3959 22.3406 -13.4129 27.8524 -0.0000 0.0000 0.0000 -37.1074 -3.5225 -1.1826 10.8162 27.9532 -2.6996 -20.9437 16.8809 -30.6012 -0.0000 0.0000 0.0000
0.2706 0.6094 -0.0098 -22.7249 20.1662 54.2258 -3.2276 -0.4757 5.8683 -3.2276 -0.4757 5.8683 -4.9519 -7.9238 10.2907 -4.9519 -7.9238 10.2907 18.3759 -7.9565 -46.5314 9.9887 -0.2079 -2.3784 9.4547 -0.2037 -2.4633 -21.4308 -18.6851 82.0082 -22.3609 -2.6387 13.2926 12.2386 -3.6863 -33.4149 61.9556 -59.3495 37.7689 -51.0460 65.9346 34.4139 21.1118 -14.3983 26.2380 -0.0000 0.0000 0.0000 -37.5897 -2.5872 -0.8806 13.4020 26.8241 -3.2096 -22.2034 14.5583 -31.8863 -0.0000 0.0000 0.0000
0.2687 0.5982 -0.0566 -22.4878 20.0222 53.0628 -3.3759 -0.4762 5.1788 -3.3759 -0.4762 5.1788 -4.6994 -7.9686 11.2671 -4.6994 -7.9686 11.2671 18.9109 -7.8982 -45.0293 10.7344 -0.1126 -1.1985 10.6923 -0.1867 -1.9954 -21.3523 -19.3244 84.1707 -24.1319 -2.5592 11.9309 11.7224 -3.5206 -33.3331 61.9769 -68.0897 44.1732 -42.7766 76.3883 34.2525 19.8592 -15.1760 24.6238 -0.0000 0.0000 0.0000 -38.6180 -2.8527 -0.9997 16.9703 27.0927 -4.1171 -23.2350 12.5612 -32.9023 -0.0000 0.0000 0.0000
0.2703 0.5816 -0.1044 -22.0392 19.8394 51.4548 -3.1248 -0.3716 4.1552 -3.1248 -0.3716 4.1552 -4.8069 -8.0006 12.5671 -4.8069 -8.0006 12.5671 18.7659 -7.5876 -43.7308 12.2703 -0.0305 -0.2834 11.9893 -0.0446 -0.4244 -20.8044 -20.0453 87.8250 -25.8166 -2.4274 10.5633 11.5032 -3.4238 -33.0540 63.1216 -78.4753 53.2814 32.8040 86.8802 -31.1514 18.6932 -15.0971 23.1995 -0.0000 0.0000 0.0000 -40.0489 -4.1254 -1.5041 21.3691 28.8712 -5.5611 -23.9608 10.6775 -33.5125 -0.0000 0.0000 0.0000
0.2736 0.5626 -0.1464 -21.3046 19.4569 49.2829 -2.4815 -0.2079 2.8844 -2.4815 -0.2079 2.8844 -5.1549 -7.8882 13.9668 -5.1549 -7.8882 13.9668 17.4507 -6.9223 -43.0177 15.3477 -0.0439 -0.3260 13.7294 0.2840 2.3591 -19.0198 -20.0669 93.1293 -27.8124 -2.3961 9.6562 10.7489 -3.1634 -32.7153 80.9383 -87.3760 78.3564 114.2173 78.8109 -103.5824 17.9485 -13.9400 22.3858 -0.0000 0.0000 0.0000 -41.6620 -6.0781 -2.3145 25.6454 31.5855 -7.3668 -24.0929 9.0153 -33.3644 -0.0000 0.0000 0.0000
0.2755 0.5452 -0.1778 -20.3241 18.8808 46.7423 -1.6376 -0.0786 1.7347 -1.6376 -0.0786 1.7347 -5.6037 -7.5263 15.0487 -5.6037 -7.5263 15.0487 14.3963 -5.7431 -43.3221 20.4527 -0.2392 -1.3261 15.8649 0.7537 5.4050 -15.7367 -18.3293 98.8324 -29.9261 -2.7531 10.2757 7.5145 -2.2440 -33.2131 -151.2588 -86.7889 -149.6755 122.5688 72.9083 -106.8787 17.5701 -11.7840 22.1104 -0.0000 0.0000 0.0000 -43.0174 -8.0364 -3.1714 28.8657 34.3115 -9.0853 -23.7149 7.6904 -32.6073 -0.0000 0.0000 0.0000
0.2730 0.5324 -0.1955 -19.2871 18.0319 44.1981 -0.6733 -0.0124 0.7452 -0.6733 -0.0124 0.7452 -6.0732 -6.8440 15.6279 -6.0732 -6.8440 15.6279 9.3573 -3.8389 -44.5382 27.6506 -0.6639 -2.6972 18.8693 1.2980 7.7995 -10.9793 -14.1175 104.3665 -32.4632 -3.6653 12.5440 2.0862 -0.6265 -33.4267 -144.5095 -84.1117 -140.9395 126.1411 69.3265 -107.3968 16.6199 -9.2135 21.1522 -0.0000 0.0000 0.0000 -44.3155 -9.9081 -4.0433 31.4985 36.9053 -10.7516 -23.1871 6.3726 -31.6663 -0.0000 0.0000 0.0000
0.2648 0.5249 -0.2019 -18.3839 17.0382 41.9237 0.3282 -0.0014 -0.1412 0.3282 -0.0014 -0.1412 -6.3960 -5.7082 15.4589 -6.3960 -5.7082 15.4589 2.5234 -1.0815 -46.3932 36.2789 -1.5746 -4.8039 23.0713 1.8450 9.0218 -4.9587 -6.8789 108.4588 -35.2258 -5.5720 17.4297 -5.6264 1.6186 -32.0767 -150.1099 -83.2243 -146.5476 128.1609 67.4103 -107.8475 15.0000 -6.6199 19.3249 -0.0000 0.0000 0.0000 -45.9102 -11.9225 -5.0648 34.2872 39.3975 -12.6046 -22.7140 4.9161 -30.7906 -0.0000 0.0000 0.0000
0.2521 0.5201 -0.2022 -17.5756 16.3819 40.0548 1.2143 -0.0274 -0.8879 1.2143 -0.0274 -0.8879 -6.5065 -4.1915 14.4327 -6.5065 -4.1915 14.4327 -5.8129 2.6294 -48.6494 44.9967 -3.1284 -7.5441 28.0629 1.9903 7.9521 1.7465 2.4554 109.1564 -36.5338 -8.5638 25.5607 -15.4825 3.8875 -28.0356 -161.3109 -82.9090 -158.8943 130.2151 66.2147 -109.1277 13.0859 -4.3263 17.0527 -0.0000 0.0000 0.0000 -48.0729 -13.9126 -6.2294 38.3527 41.8581 -15.1522 -22.4515 3.6007 -30.2313 -0.0000 0.0000 0.0000
0.2382 0.5147 -0.2023 -16.4485 15.6485 38.3595 2.0080 -0.1012 -1.8463 2.0080 -0.1012 -1.8463 -6.0709 -2.1859 12.8011 -6.0709 -2.1859 12.8011 -14.6186 6.9613 -50.7395 51.0494 -5.3324 -11.1400 33.9913 1.3894 4.5436 9.8829 12.9703 105.4870 -34.4575 -11.8979 37.1479 -23.6878 4.4218 -20.8619 -175.6399 -82.8926 -175.0632 132.9709 65.3791 -111.7229 11.4098 -2.3726 15.0186 -0.0000 0.0000 0.0000 -50.6696 -15.2544 -7.2553 43.7855 44.2444 -18.5553 -22.4150 1.9692 -29.9309 -0.0000 0.0000 0.0000
0.2229 0.5068 -0.2004 -14.9355 14.4470 36.6066 2.6812 -0.2701 -3.2797 2.6812 -0.2701 -3.2797 -4.9861 0.1347 10.6849 -4.9861 0.1347 10.6849 -23.5726 11.5929 -51.8858 53.9144 -8.1802 -16.0066 38.8497 -0.3660 -1.0378 19.8030 22.4216 97.2595 -27.7902 -13.2508 50.3026 -28.2401 3.0472 -12.0715 168.3205 -82.7142 166.7455 135.9408 65.1195 -115.2769 10.0626 -0.9263 13.3471 -0.0000 0.0000 0.0000 -53.6834 -16.0794 -8.1769 50.7563 46.8276 -23.2157 -22.3272 -0.2327 -29.4914 -0.0000 0.0000 0.0000
0.2072 0.4954 -0.1969 -13.3453 12.8919 34.7603 3.0387 -0.5042 -4.9346 3.0387 -0.5042 -4.9346 -3.4183 2.3476 8.2301 -3.4183 2.3476 8.2301 -31.8923 15.4742 -50.8624 53.6914 -11.9151 -23.3000 41.4654 -3.2359 -8.5353 31.3429 29.0843 85.5143 -17.7859 -10.7494 62.0356 -30.0493 0.9340 -3.4787 153.1818 -82.0670 149.3620 138.7329 64.8859 -118.7186 8.9096 0.0647 11.8820 -0.0000 0.0000 0.0000 -56.6793 -16.6022 -8.9988 58.6460 49.3303 -28.9272 -21.9914 -2.7130 -28.7138 -0.0000 0.0000 0.0000
0.1921 0.4818 -0.1928 -12.0124 11.0572 32.9263 3.0724 -0.7162 -6.6457 3.0724 -0.7162 -6.6457 -1.8861 4.3045 6.0823 -1.8861 4.3045 6.0823 -39.2284 17.3339 -46.3168 48.5757 -16.6526 -35.9379 41.0929 -6.6313 -17.5731 44.2358 32.6399 71.5402 -6.8389 -4.7475 69.5030 -28.8195 -1.3408 5.2150 142.3223 -81.1121 136.5271 140.8031 64.0507 -120.6992 7.7151 0.5574 10.3190 -0.0000 0.0000 0.0000 -59.3134 -17.0574 -9.7610 66.8832 51.6092 -35.4192 -21.3249 -5.1370 -27.5497 -0.0000 0.0000 0.0000
0.1781 0.4674 -0.1883 -11.3139 9.5176 31.1708 2.8394 -0.7886 -8.1968 2.8394 -0.7886 -8.1968 -0.2232 5.9341 4.1576 -0.2232 5.9341 4.1576 -44.8428 17.3579 -40.6043 37.7881 -19.3946 -53.0644 36.1792 -8.9884 -27.0592 56.4879 32.5646 57.0690 3.8987 2.8449 72.2263 -25.0860 -3.4279 15.3202 136.0042 -79.7182 128.3590 142.0681 62.7453 -121.1875 6.3096 0.9492 8.4596 -0.0000 0.0000 0.0000 -61.5482 -17.9966 -10.7742 75.4665 53.4821 -42.6000 -20.6288 -7.3534 -26.4029 -0.0000 0.0000 0.0000
0.1653 0.4544 -0.1831 -11.2467 8.9912 29.5695 2.5444 -0.6827 -9.3922 2.5444 -0.6827 -9.3922 1.4229 6.9657 2.3675 1.4229 6.9657 2.3675 -48.7326 16.6230 -35.7549 22.3521 -15.7261 -69.9079 29.3762 -9.0156 -33.4795 64.6044 29.3488 44.9985 13.6395 9.7407 70.9390 -19.1320 -4.0643 23.7791 134.1320 -77.9880 124.8153 142.8039 61.3600 -120.8779 4.6143 1.2985 6.2002 -0.0000 0.0000 0.0000 -63.6549 -19.2847 -12.0396 83.8050 54.2530 -49.3774 -20.2361 -9.2024 -25.7019 -0.0000 0.0000 0.0000
0.1537 0.4444 -0.1779 -11.3295 9.4322 28.1895 2.2837 -0.5161 -10.5488 2.2837 -0.5161 -10.5488 3.5089 7.4106 -0.0825 3.5089 7.4106 -0.0825 -50.5364 15.5286 -32.2239 8.2553 -6.5561 -76.8753 23.4482 -7.6509 -35.7179 68.0554 25.1965 36.6290 21.9610 14.5352 66.6314 -12.7855 -3.2566 28.4733 133.4528 -76.2731 122.5691 143.4922 60.7978 -121.3106 3.1281 1.7304 4.2138 -0.0000 0.0000 0.0000 -65.9333 -20.3882 -13.3046 90.5241 53.8242 -54.2484 -20.0961 -10.7549 -25.3607 -0.0000 0.0000 0.0000
0.1430 0.4377 -0.1736 -11.4220 10.4244 26.9910 2.1326 -0.3584 -11.7925 2.1326 -0.3584 -11.7925 5.9230 7.1492 -3.2643 5.9230 7.1492 -3.2643 -50.8836 14.4706 -29.8840 -1.0281 0.7735 -73.9140 18.4887 -4.6908 -28.2499 67.3953 22.3158 32.9542 25.4203 15.4373 62.0058 -8.1222 -1.9812 27.3749 132.4533 -74.4913 119.8262 144.3564 61.1600 -122.9046 1.8411 2.1605 2.4861 -0.0000 0.0000 0.0000 -68.3678 -21.4583 -14.6664 96.0094 52.7943 -57.7389 -20.0526 -12.1834 -25.1585 -0.0000 0.0000 0.0000
0.1332 0.4342 -0.1712 -11.2382 11.3265 25.9423 2.0429 -0.2594 -13.1813 2.0429 -0.2594 -13.1813 8.5305 6.1819 -7.5539 8.5305 6.1819 -7.5539 -50.7263 13.2484 -27.5305 -7.0313 4.5758 -66.0718 10.0609 -0.7164 -8.1248 66.1652 20.3494 30.8051 25.7790 14.2155 57.1720 -5.6083 -1.0870 21.9220 130.5513 -73.0695 116.2787 144.8726 62.1004 -124.5349 0.3921 2.3139 0.5299 -0.0000 0.0000 0.0000 -70.9702 -22.3068 -16.0017 100.3104 51.6194 -60.1885 -19.8009 -13.5370 -24.7114 -0.0000 0.0000 0.0000
0.1243 0.4326 -0.1712 -10.7373 11.7051 24.9749 1.9734 -0.2495 -14.4961 1.9734 -0.2495 -14.4961 10.4814 4.8225 -11.9705 10.4814 4.8225 -11.9705 -50.8953 11.8263 -24.5583 -10.6577 5.6896 -56.0923 0.9416 0.0588 7.1440 65.3435 18.6038 28.6548 23.4159 11.2432 50.8134 -3.5992 -0.4734 14.9805 127.6687 -72.1024 111.9636 144.9667 63.1612 -125.6463 -1.4328 1.7414 -1.9306 -0.0000 0.0000 0.0000 -73.6109 -22.9762 -17.2934 103.9012 50.6110 -62.2725 -19.2785 -14.8866 -23.9383 -0.0000 0.0000 0.0000
0.1161 0.4315 -0.1729 -9.9792 11.6117 24.0694 1.8325 -0.2829 -15.5565 1.8325 -0.2829 -15.5565 11.7622 3.2416 -16.2320 11.7622 3.2416 -16.2320 -51.4285 10.4562 -21.5166 -10.3067 4.2706 -44.9230 -5.0588 -0.4386 9.9034 64.7441 17.1372 26.7402 18.7198 7.4672 43.1970 -2.8612 -0.2759 11.0151 124.0855 -71.5321 107.2325 145.0614 64.0226 -126.5568 -3.6497 0.1973 -4.8770 -0.0000 0.0000 0.0000 -76.3643 -23.5766 -18.6410 107.1030 49.8978 -64.4132 -18.5761 -16.2793 -22.9498 -0.0000 0.0000 0.0000
0.1089 0.4302 -0.1750 -9.1719 11.3678 23.2610 1.7237 -0.3166 -16.3310 1.7237 -0.3166 -16.3310 12.3256 1.6965 -19.9202 12.3256 1.6965 -19.9202 -52.4715 9.1892 -18.5226 -9.5417 2.8648 -33.3571 -6.2080 -0.4392 8.0866 63.7342 16.0831 25.6080 12.8327 4.0044 34.5378 -3.1094 -0.2552 9.3832 120.1336 -71.0877 102.2671 145.1959 64.9551 -127.5689 -5.7703 -2.6806 -7.5977 -0.0000 0.0000 0.0000 -79.0867 -24.1666 -20.0463 109.9544 49.2945 -66.4277 -17.8991 -17.7535 -21.9964 -0.0000 0.0000 0.0000
0.1030 0.4282 -0.1760 -8.5275 11.4263 22.6170 1.7840 -0.3165 -16.8267 1.7840 -0.3165 -16.8267 12.4647 0.2145 -22.7517 12.4647 0.2145 -22.7517 -53.4755 8.0297 -15.8632 -7.9012 1.5352 -21.9587 -5.1543 -0.2316 5.1413 62.0572 15.4765 25.4584 6.5658 1.5676 26.8292 -5.2000 -0.4155 9.1298 116.7355 -70.5920 97.9464 145.4527 66.1104 -128.9202 -6.9204 -6.3145 -8.9549 -0.0000 0.0000 0.0000 -81.4367 -24.6443 -21.2958 112.0885 48.6754 -67.7782 -17.6462 -19.0385 -21.5836 -0.0000 0.0000 0.0000
0.0983 0.4266 -0.1749 -8.2151 11.9780 22.1164 2.0978 -0.2824 -17.0233 2.0978 -0.2824 -17.0233 12.4665 -1.1881 -24.6942 12.4665 -1.1881 -24.6942 -53.9477 7.1537 -14.0040 -4.4301 0.4339 -11.1833 -2.4546 -0.0507 2.3649 59.3260 15.4053 26.7182 0.1402 0.0265 21.4342 -7.2524 -0.6031 9.4955 113.9465 -69.8640 94.1085 145.9670 67.6207 -130.8804 -6.6585 -9.6992 -8.4876 -0.0000 0.0000 0.0000 -82.8907 -24.8735 -22.0397 113.0992 48.0046 -67.9604 -18.0295 -19.9036 -21.9780 -0.0000 0.0000 0.0000
0.0945 0.4259 -0.1713 -7.9817 12.6610 21.7104 2.4973 -0.2292 -17.1566 2.4973 -0.2292 -17.1566 12.3771 -2.3854 -25.9759 12.3771 -2.3854 -25.9759 -54.0491 6.3356 -12.3853 0.2127 -0.0015 -0.8338 0.7702 0.0014 0.2044 56.2511 15.2037 28.0384 -5.0732 -0.8193 18.3359 -9.4062 -0.7556 9.1650 111.0411 -69.1937 90.2513 146.1544 69.2305 -132.4245 -5.5039 -12.1739 -6.9438 -0.0000 0.0000 0.0000 -83.6021 -24.7265 -22.1774 113.2468 47.5018 -67.4805 -18.7143 -20.5953 -22.7480 -0.0000 0.0000 0.0000
0.0918 0.4260 -0.1658 -7.8116 13.3692 21.3639 2.8943 -0.1800 -17.1729 2.8943 -0.1800 -17.1729 12.3409 -3.3039 -26.7739 12.3409 -3.3039 -26.7739 -53.6722 5.6399 -11.1216 5.0857 0.3506 7.8825 1.8877 -0.0322 -1.9521 53.0198 14.6814 28.9628 -8.8411 -1.2661 16.2675 -10.4043 -0.8129 8.9106 108.1447 -68.5920 86.5336 145.9527 70.7465 -133.3422 -4.2056 -13.5740 -5.2761 -0.0000 0.0000 0.0000 -83.6849 -24.3461 -21.8652 112.7577 47.1517 -66.5530 -19.5759 -21.0131 -23.7498 -0.0000 0.0000 0.0000
0.0900 0.4268 -0.1594 -7.6040 13.9133 21.0808 3.2048 -0.1284 -17.1134 3.2048 -0.1284 -17.1134 12.4012 -4.0555 -27.4290 12.4012 -4.0555 -27.4290 -52.7613 5.0332 -10.1280 8.7412 1.0895 14.1824 1.4338 -0.0507 -4.0536 49.7142 13.9332 29.5514 -10.8879 -1.4340 14.9622 -11.2951 -0.8701 8.7820 105.3334 -68.1130 83.0969 145.6469 71.9592 -133.8751 -3.2530 -14.1714 -4.0715 -0.0000 0.0000 0.0000 -83.4875 -23.7513 -21.2558 111.9756 46.9309 -65.5045 -20.3090 -21.0633 -24.6260 -0.0000 0.0000 0.0000
0.0890 0.4273 -0.1531 -7.3015 14.2431 20.8346 3.4376 -0.0957 -17.0853 3.4376 -0.0957 -17.0853 12.4179 -4.6670 -27.7914 12.4179 -4.6670 -27.7914 -51.4775 4.3418 -8.9917 10.3941 1.6264 17.7396 1.3805 -0.0662 -5.4929 46.5096 13.1208 29.9645 -11.4774 -1.4476 14.3301 -12.3365 -0.9365 8.6486 102.7678 -67.7698 80.1144 145.4903 72.8181 -134.3233 -2.4911 -14.3724 -3.1155 -0.0000 0.0000 0.0000 -83.2809 -23.1194 -20.6138 111.2771 46.8413 -64.7115 -20.7969 -20.8970 -25.2267 -0.0000 0.0000 0.0000
0.0889 0.4271 -0.1474 -6.9067 14.3355 20.6032 3.6102 -0.0823 -17.0856 3.6102 -0.0823 -17.0856 12.3268 -5.1231 -27.8679 12.3268 -5.1231 -27.8679 -49.7658 3.5420 -7.6277 10.2732 1.7522 19.3092 2.4279 -0.1286 -6.0649 43.4362 12.2452 30.1449 -11.4142 -1.4268 14.2039 -13.8356 -0.9945 8.1833 100.4455 -67.6625 77.6742 145.4954 73.1451 -134.5738 -1.8260 -14.3811 -2.2837 -0.0000 0.0000 0.0000 -82.9938 -22.5817 -20.0325 110.7878 47.0542 -64.5012 -21.1176 -20.5553 -25.6433 -0.0000 0.0000 0.0000
0.0894 0.4258 -0.1421 -6.4510 14.2586 20.3316 3.7417 -0.1002 -17.0939 3.7417 -0.1002 -17.0939 12.0781 -5.4614 -27.7808 12.0781 -5.4614 -27.7808 -47.6347 2.6418 -5.9805 9.1536 1.5978 19.7628 3.9359 -0.2151 -6.2532 40.2983 11.2907 30.1554 -11.2698 -1.4284 14.4017 -15.0398 -0.9931 7.5123 98.3697 -67.6503 75.6142 146.0891 73.0536 -135.2539 -1.2461 -14.3938 -1.5584 -0.0000 0.0000 0.0000 -82.6578 -22.1143 -19.5023 110.4933 47.4984 -64.7633 -21.2571 -20.0342 -25.8597 -0.0000 0.0000 0.0000
0.0903 0.4237 -0.1372 -5.9703 14.1367 20.0117 3.8279 -0.1459 -17.0997 3.8279 -0.1459 -17.0997 11.7173 -5.6962 -27.5871 11.7173 -5.6962 -27.5871 -45.0864 1.6958 -4.0840 7.7176 1.3402 19.6747 5.2748 -0.2941 -6.3789 37.1493 10.3309 30.1132 -11.4048 -1.4824 14.7639 -15.9351 -0.9509 6.7864 96.6178 -67.6105 73.8680 147.4335 72.7809 -136.7595 -0.4497 -14.6430 -0.5619 -0.0000 0.0000 0.0000 -82.3822 -21.6716 -19.0189 110.2172 47.9721 -65.0763 -21.3285 -19.4453 -26.0015 -0.0000 0.0000 0.0000
0.0913 0.4210 -0.1327 -5.5387 14.0508 19.6590 3.8709 -0.2049 -17.0668 3.8709 -0.2049 -17.0668 11.3827 -5.8457 -27.3952 11.3827 -5.8457 -27.3952 -42.1666 0.8285 -2.1488 6.3650 1.0878 19.3778 6.1724 -0.3517 -6.5160 34.0152 9.3805 30.0295 -12.0953 -1.6062 15.0741 -16.3160 -0.8761 6.1059 95.2640 -67.4207 72.3689 149.5355 72.5288 -139.2729 0.5069 -15.0852 0.6322 -0.0000 0.0000 0.0000 -82.1194 -21.2195 -18.5355 109.8567 48.3625 -65.2034 -21.3930 -18.8554 -26.1359 -0.0000 0.0000 0.0000
0.0923 0.4181 -0.1289 -5.2149 13.9803 19.2956 3.8870 -0.2545 -16.9874 3.8870 -0.2545 -16.9874 11.1238 -5.9657 -27.3059 11.1238 -5.9657 -27.3059 -38.9387 0.1004 -0.2841 5.6736 0.9720 19.4288 6.4853 -0.3829 -6.7502 30.7938 8.4039 29.8757 -13.1333 -1.7567 15.1726 -16.3261 -0.7558 5.2652 94.2615 -66.9893 70.9698 152.1553 72.4981 -142.6403 1.6824 -15.4623 2.0950 -0.0000 0.0000 0.0000 -81.8010 -20.7869 -18.0558 109.3987 48.6412 -65.0999 -21.4525 -18.3786 -26.2542 -0.0000 0.0000 0.0000
0.0927 0.4154 -0.1258 -4.9793 13.8761 18.9491 3.8771 -0.2824 -16.8917 3.8771 -0.2824 -16.8917 10.8865 -6.0318 -27.2438 10.8865 -6.0318 -27.2438 -35.5322 -0.5177 1.6157 5.8022 1.0126 19.7824 6.0991 -0.3818 -7.1566 27.5564 7.4209 29.6265 -14.5538 -1.9391 15.0995 -15.9453 -0.6322 4.5115 93.5668 -66.4642 69.7756 154.8443 72.5471 -146.1776 2.9152 -15.5533 3.6285 -0.0000 0.0000 0.0000 -81.5050 -20.4584 -17.6778 109.0181 48.8592 -64.9974 -21.5098 -18.2398 -26.3371 -0.0000 0.0000 0.0000
0.0925 0.4136 -0.1233 -4.7947 13.6930 18.6255 3.8369 -0.2953 -16.7841 3.8369 -0.2953 -16.7841 10.6453 -5.9915 -27.1725 10.6453 -5.9915 -27.1725 -32.1433 -1.0378 3.6013 6.2932 1.1248 20.2482 5.3107 -0.3573 -7.6920 24.3841 6.4346 29.1659 -16.1741 -2.1482 15.0333 -15.0242 -0.4833 3.6641 93.3039 -66.1961 69.2547 156.8392 72.1743 -148.5944 3.9664 -15.3860 4.9398 -0.0000 0.0000 0.0000 -81.3583 -20.4374 -17.6146 109.2671 49.2042 -65.6521 -21.4561 -18.6026 -26.2367 -0.0000 0.0000 0.0000
0.0915 0.4130 -0.1211 -4.6639 13.4859 18.3220 3.7810 -0.2947 -16.6250 3.7810 -0.2947 -16.6250 10.4158 -5.8914 -27.1309 10.4158 -5.8914 -27.1309 -28.3926 -1.4153 5.5904 6.7678 1.2246 20.4910 4.5940 -0.3246 -8.0784 20.7807 5.3301 28.4880 -17.6966 -2.3246 14.8508 -13.6158 -0.3261 2.7313 93.0083 -65.6148 68.3848 159.2048 72.2395 -151.7715 4.9347 -14.9247 6.1563 -0.0000 0.0000 0.0000 -81.2600 -20.3729 -17.5287 109.4149 49.4001 -66.0307 -21.4150 -19.1303 -26.1361 -0.0000 0.0000 0.0000
0.0899 0.4139 -0.1183 -4.5674 13.3099 18.0520 3.7011 -0.2861 -16.4066 3.7011 -0.2861 -16.4066 10.2160 -5.7860 -27.2039 10.2160 -5.7860 -27.2039 -24.2148 -1.6000 7.4486 7.1009 1.2795 20.4046 4.1784 -0.2996 -8.1999 16.7447 4.1419 27.6081 -18.8849 -2.4226 14.4915 -12.1490 -0.2092 1.9661 92.4281 -64.3352 66.5440 163.1992 73.3099 -157.5515 6.0917 -14.3470 7.6161 -0.0000 0.0000 0.0000 -81.1346 -19.8376 -17.0285 108.6246 49.1352 -64.9521 -21.5288 -19.5417 -26.2336 -0.0000 0.0000 0.0000
0.0878 0.4157 -0.1144 -4.5095 13.2030 17.8171 3.6075 -0.2701 -16.1552 3.6075 -0.2701 -16.1552 10.0884 -5.7365 -27.4209 10.0884 -5.7365 -27.4209 -19.7397 -1.5605 8.9514 7.1041 1.2525 19.9727 4.0019 -0.2851 -8.1454 12.5897 2.9867 26.5939 -19.7113 -2.4343 13.9446 -10.7796 -0.1432 1.5173 91.9287 -62.6577 64.3843 169.1272 74.7654 -165.8004 7.3104 -13.6834 9.1624 -0.0000 0.0000 0.0000 -80.9707 -18.8304 -16.1135 106.9754 48.3781 -62.4963 -21.8146 -19.6828 -26.5641 -0.0000 0.0000 0.0000
0.0854 0.4180 -0.1094 -4.4700 13.1383 17.6237 3.5136 -0.2559 -15.8988 3.5136 -0.2559 -15.8988 10.0033 -5.7677 -27.8088 10.0033 -5.7677 -27.8088 -15.3559 -1.3413 9.9249 7.1479 1.2284 19.4787 4.0806 -0.2838 -7.9536 8.3208 1.8868 25.5117 -19.7113 -2.3133 13.2576 -9.3137 -0.1196 1.4687 91.3133 -60.4617 61.6109 178.5198 76.4931 -178.1223 8.6081 -12.8840 10.8210 -0.0000 0.0000 0.0000 -80.7337 -17.2531 -14.6971 104.4449 47.0416 -58.6342 -22.2195 -19.4148 -27.0778 -0.0000 0.0000 0.0000
0.0831 0.4197 -0.1040 -4.4209 13.0557 17.4727 3.4004 -0.2359 -15.6597 3.4004 -0.2359 -15.6597 9.9507 -5.8422 -28.3215 9.9507 -5.8422 -28.3215 -11.1849 -1.0233 10.4225 7.6282 1.2929 19.2125 4.4348 -0.2946 -7.5975 4.1390 0.8942 24.3718 -19.2748 -2.1155 12.4109 -8.4181 -0.1367 1.8579 90.6731 -58.1631 58.7367 -169.6947 77.7068 167.2259 9.6931 -12.1372 12.2191 -0.0000 0.0000 0.0000 -80.5455 -15.5624 -13.2080 102.0881 45.5855 -54.9250 -22.5239 -19.2741 -27.4581 -0.0000 0.0000 0.0000
0.0809 0.4198 -0.0994 -4.3335 12.9242 17.3472 3.2710 -0.2203 -15.4660 3.2710 -0.2203 -15.4660 9.9066 -5.8980 -28.8439 9.9066 -5.8980 -28.8439 -7.4120 -0.6936 10.6767 8.3214 1.4095 19.1953 5.2959 -0.3338 -7.2070 0.2917 0.0599 23.2155 -18.6556 -1.9113 11.5978 -8.0750 -0.1615 2.2877 90.3781 -56.7154 57.0320 -162.4526 77.8183 158.3502 10.3079 -11.5935 13.0213 -0.0000 0.0000 0.0000 -80.5784 -14.4255 -12.2472 100.9909 44.7290 -53.0423 -22.5233 -19.3567 -27.4492 -0.0000 0.0000 0.0000
0.0789 0.4188 -0.0959 -4.2170 12.7484 17.2414 3.1144 -0.1971 -15.2898 3.1144 -0.1971 -15.2898 9.8886 -5.9141 -29.3420 9.8886 -5.9141 -29.3420 -3.8494 -0.3612 10.7176 8.8319 1.4902 19.1182 7.2144 -0.4150 -6.5763 -3.2277 -0.6295 22.0668 -18.0743 -1.7174 10.7670 -8.0927 -0.1826 2.5811 90.1792 -55.8104 55.9588 -158.6222 77.5729 153.5647 10.7783 -11.0850 13.6426 -0.0000 0.0000 0.0000 -80.7799 -13.8296 -11.7815 100.9110 44.4830 -52.6982 -22.2757 -19.3929 -27.1475 -0.0000 0.0000 0.0000
0.0770 0.4175 -0.0935 -4.0564 12.4805 17.1453 2.9041 -0.1638 -15.1263 2.9041 -0.1638 -15.1263 9.8928 -5.8535 -29.8277 9.8928 -5.8535 -29.8277 -0.2337 -0.0218 10.6734 9.1917 1.5276 18.8328 9.5895 -0.4794 -5.7101 -6.3618 -1.1785 20.9690 -17.8671 -1.5592 9.8949 -7.6494 -0.2128 3.1829 90.0019 -55.4946 55.4962 -158.0588 77.2055 152.7049 11.2131 -10.6915 14.2146 -0.0000 0.0000 0.0000 -81.1063 -13.7659 -11.7945 101.7607 44.8891 -53.8556 -21.7745 -19.3086 -26.5522 -0.0000 0.0000 0.0000
0.0749 0.4170 -0.0915 -3.8778 12.1275 17.0649 2.6888 -0.1323 -14.9852 2.6888 -0.1323 -14.9852 9.8957 -5.7267 -30.2789 9.8957 -5.7267 -30.2789 3.3874 0.3129 10.5511 9.5393 1.5436 18.3430 11.1832 -0.4865 -4.9661 -9.1834 -1.6268 20.0497 -18.1803 -1.4389 8.9756 -7.0942 -0.2425 3.9111 89.7854 -55.5397 55.3630 -158.9638 76.9009 153.6782 11.6189 -10.4350 14.7430 -0.0000 0.0000 0.0000 -81.3830 -13.6122 -11.7192 102.4709 45.2726 -54.8862 -21.1803 -19.0191 -25.8634 -0.0000 0.0000 0.0000
0.0725 0.4182 -0.0892 -3.6702 11.6687 17.0272 2.4850 -0.1073 -14.8596 2.4850 -0.1073 -14.8596 9.8580 -5.5441 -30.7505 9.8580 -5.5441 -30.7505 6.7157 0.6023 10.2382 9.9595 1.5609 17.7716 11.9997 -0.4563 -4.3397 -11.8443 -2.0315 19.3991 -18.4762 -1.3352 8.1954 -6.4539 -0.2694 4.7758 89.0258 -54.8215 54.0291 -154.2028 77.1585 147.9643 12.2619 -10.1214 15.5760 -0.0000 0.0000 0.0000 -81.4532 -12.3178 -10.6155 101.3658 44.5583 -53.1537 -20.7910 -18.1487 -25.4755 -0.0000 0.0000 0.0000
0.0697 0.4209 -0.0867 -3.4370 11.1502 17.0411 2.3045 -0.0927 -14.7506 2.3045 -0.0927 -14.7506 9.7936 -5.3344 -31.2448 9.7936 -5.3344 -31.2448 9.5138 0.8116 9.7293 10.9628 1.6659 17.2302 11.7561 -0.4052 -3.9345 -14.3711 -2.4167 18.9956 -18.6330 -1.2494 7.6052 -6.5069 -0.3069 5.3959 87.9252 -53.4926 51.8426 -144.7932 77.5643 136.9045 12.9047 -10.0106 16.3961 -0.0000 0.0000 0.0000 -81.5388 -10.3839 -8.9598 99.4204 43.0871 -49.9416 -20.5891 -17.2689 -25.3144 -0.0000 0.0000 0.0000
0.0667 0.4241 -0.0847 -3.1816 10.6724 17.0888 2.1422 -0.0849 -14.6911 2.1422 -0.0849 -14.6911 9.7405 -5.1512 -31.7119 9.7405 -5.1512 -31.7119 11.7265 0.9488 9.2194 12.7539 1.8800 16.7039 10.8677 -0.3625 -3.8099 -16.6249 -2.7833 18.8811 -18.7971 -1.1924 7.1943 -7.2683 -0.3614 5.6853 86.7598 -52.1206 49.6065 -134.1322 77.7114 124.5830 13.3693 -9.9817 16.9853 -0.0000 0.0000 0.0000 -81.7320 -8.3981 -7.2692 97.4625 41.3122 -46.4962 -20.5245 -16.4223 -25.3173 -0.0000 0.0000 0.0000
0.0635 0.4271 -0.0839 -2.9156 10.2191 17.1266 1.9869 -0.0809 -14.6767 1.9869 -0.0809 -14.6767 9.7308 -5.0080 -32.1084 9.7308 -5.0080 -32.1084 13.3143 1.0208 8.7292 14.9836 2.1399 16.1662 10.0877 -0.3414 -3.8661 -18.3049 -3.0890 19.0014 -19.3856 -1.1943 6.9836 -8.2108 -0.4252 5.9193 85.6486 -51.4289 48.1049 -127.6078 77.8150 117.2712 13.5780 -9.8877 17.2558 -0.0000 0.0000 0.0000 -81.9625 -7.0497 -6.1260 96.2363 40.0428 -44.2319 -20.4545 -15.7559 -25.2966 -0.0000 0.0000 0.0000
0.0604 0.4293 -0.0848 -2.6779 9.7824 17.0903 1.8329 -0.0726 -14.6898 1.8329 -0.0726 -14.6898 9.7966 -4.9030 -32.3473 9.7966 -4.9030 -32.3473 14.5907 1.0713 8.3535 17.4652 2.3966 15.5097 9.8445 -0.3398 -3.9443 -19.6347 -3.3480 19.1727 -20.2954 -1.2526 6.9896 -9.0331 -0.5222 6.6034 84.7120 -51.9658 47.9147 -129.7059 78.3975 120.1496 13.3845 -9.7644 17.0203 -0.0000 0.0000 0.0000 -82.1030 -6.8629 -5.9784 96.2106 40.0509 -44.2226 -20.2648 -15.4880 -25.0906 -0.0000 0.0000 0.0000
0.0571 0.4308 -0.0874 -2.5210 9.3499 16.9447 1.7348 -0.0716 -14.7140 1.7348 -0.0716 -14.7140 9.8545 -4.8210 -32.3914 9.8545 -4.8210 -32.3914 15.7248 1.1258 8.1391 20.1140 2.6363 14.7850 10.3067 -0.3677 -4.0755 -20.8539 -3.5771 19.2616 -21.4626 -1.3466 7.0967 -10.2649 -0.6837 7.6012 83.7599 -53.1911 48.3511 -138.0581 79.1843 130.2703 12.8283 -9.5789 16.3298 -0.0000 0.0000 0.0000 -81.9042 -7.4623 -6.4782 96.7612 40.9624 -45.6046 -20.1307 -15.6053 -24.9151 -0.0000 0.0000 0.0000
0.0535 0.4322 -0.0912 -2.4060 8.8593 16.7123 1.6639 -0.0745 -14.7514 1.6639 -0.0745 -14.7514 9.8311 -4.7153 -32.2949 9.8311 -4.7153 -32.2949 16.8404 1.1850 7.9927 22.9215 2.8689 14.0821 11.2883 -0.4229 -4.2770 -22.1473 -3.8131 19.3056 -22.6546 -1.4580 7.2692 -11.8097 -0.9107 8.7879 82.4754 -54.2842 48.3974 -146.8400 79.8187 140.8119 12.1786 -9.2531 15.5285 -0.0000 0.0000 0.0000 -81.3246 -8.2017 -7.0484 97.1452 42.0428 -47.0638 -20.2160 -15.8468 -24.9961 -0.0000 0.0000 0.0000
0.0491 0.4342 -0.0954 -2.2814 8.3322 16.4258 1.5859 -0.0765 -14.8041 1.5859 -0.0765 -14.8041 9.6795 -4.5520 -32.0691 9.6795 -4.5520 -32.0691 17.9111 1.2397 7.8549 26.0344 3.1138 13.4107 11.9136 -0.4852 -4.6475 -23.4827 -4.0535 19.3253 -23.7265 -1.5653 7.4417 -13.4186 -1.1919 10.1062 80.7943 -55.3620 48.1134 -156.7507 80.2669 152.5744 11.4371 -8.9738 14.6048 -0.0000 0.0000 0.0000 -80.5482 -9.3432 -7.9213 97.8208 43.4997 -49.1682 -20.4302 -16.3783 -25.2066 -0.0000 0.0000 0.0000
0.0438 0.4372 -0.0996 -2.1307 7.7772 16.1236 1.4651 -0.0630 -14.8783 1.4651 -0.0630 -14.8783 9.4699 -4.2405 -31.6006 9.4699 -4.2405 -31.6006 19.1808 1.3193 7.7962 29.0545 3.3147 12.7428 11.9715 -0.5423 -5.1686 -24.7931 -4.2774 19.2852 -24.7629 -1.6476 7.4952 -14.9224 -1.5172 11.5464 78.6479 -56.2614 47.3040 -166.2150 80.6107 163.7787 10.6427 -8.6911 13.6110 -0.0000 0.0000 0.0000 -79.6196 -10.8092 -9.0172 98.7222 45.2051 -51.7517 -20.6836 -17.1180 -25.4438 -0.0000 0.0000 0.0000
0.0375 0.4410 -0.1040 -1.9208 7.1600 15.8341 1.3307 -0.0571 -14.9579 1.3307 -0.0571 -14.9579 9.2857 -3.7137 -30.7634 9.2857 -3.7137 -30.7634 20.4557 1.3916 7.7017 32.5633 3.5538 12.1261 11.6806 -0.5960 -5.8217 -26.0395 -4.4806 19.2052 -26.1236 -1.7059 7.3431 -16.6870 -1.9451 13.2054 75.9885 -57.0342 45.9944 -175.8995 80.8813 175.1897 9.8373 -8.3760 12.6018 -0.0000 0.0000 0.0000 -78.5753 -12.4087 -10.1651 99.7391 46.9747 -54.5412 -20.9041 -17.9597 -25.6307 -0.0000 0.0000 0.0000
0.0300 0.4458 -0.1082 -1.6816 6.5260 15.5375 1.2128 -0.0624 -15.0048 1.2128 -0.0624 -15.0048 9.3331 -2.8214 -29.2246 9.3331 -2.8214 -29.2246 21.7734 1.4477 7.5166 36.5519 3.8039 11.4837 11.4980 -0.6518 -6.4671 -27.2557 -4.6667 19.0813 -27.6988 -1.7242 6.9857 -19.4157 -2.5939 15.0775 72.9210 -57.6014 44.2161 174.5022 81.1131 -173.5775 9.0183 -7.9513 11.5774 -0.0000 0.0000 0.0000 -77.3715 -13.8870 -11.1394 100.6276 48.5460 -57.0427 -21.2048 -18.6308 -25.9302 -0.0000 0.0000 0.0000
0.0211 0.4519 -0.1116 -1.4734 5.8550 15.2046 1.1422 -0.0775 -15.0103 1.1422 -0.0775 -15.0103 9.5653 -1.4050 -26.8708 9.5653 -1.4050 -26.8708 23.1101 1.4960 7.3076 41.0385 4.0359 10.7561 12.3121 -0.7741 -7.1679 -28.3672 -4.8225 18.9190 -29.6280 -1.6745 6.3256 -23.0442 -3.5274 17.1792 69.6298 -58.0009 42.1609 164.6568 81.2462 -162.1514 8.2271 -7.3505 10.5924 -0.0000 0.0000 0.0000 -75.9581 -15.3132 -11.9828 101.5188 49.9949 -59.4404 -21.6968 -19.0558 -26.4832 -0.0000 0.0000 0.0000
0.0108 0.4592 -0.1136 -1.2770 5.1624 14.7859 1.1468 -0.1115 -14.9713 1.1468 -0.1115 -14.9713 9.7449 0.5806 -23.7130 9.7449 0.5806 -23.7130 24.4370 1.4736 6.7976 46.5201 4.1990 9.7494 13.6257 -0.9400 -7.8563 -29.4395 -5.0346 19.0003 -32.0800 -1.6048 5.5778 -27.1184 -4.6707 19.1956 65.9129 -57.8979 39.4576 154.2119 81.6601 -150.3234 7.4315 -6.4738 9.6080 -0.0000 0.0000 0.0000 -74.2511 -16.5339 -12.5532 102.0667 51.2284 -61.3143 -22.4384 -19.3053 -27.3521 -0.0000 0.0000 0.0000
-0.0009 0.4677 -0.1137 -1.1137 4.4777 14.2937 1.2241 -0.1480 -14.9041 1.2241 -0.1480 -14.9041 9.5604 2.8051 -20.2836 9.5604 2.8051 -20.2836 25.7968 1.3361 5.8296 52.7560 4.1289 8.3147 14.9100 -1.1248 -8.5804 -30.4430 -5.3497 19.4853 -34.9500 -1.4985 4.7574 -31.0846 -5.8828 20.9346 61.7579 -57.0646 36.0206 140.5950 82.3335 -135.4583 6.4433 -5.5093 8.3695 -0.0000 0.0000 0.0000 -72.2104 -17.5212 -12.8258 102.1481 52.2250 -62.5077 -23.4267 -19.4592 -28.5248 -0.0000 0.0000 0.0000
-0.0145 0.4773 -0.1122 -1.0248 3.8167 13.7688 1.3551 -0.1674 -14.8051 1.3551 -0.1674 -14.8051 8.9344 4.9282 -16.9643 8.9344 4.9282 -16.9643 27.1798 1.0785 4.4592 58.9642 3.6523 6.4554 15.6571 -1.2672 -9.1973 -31.4073 -5.7510 20.2585 -38.0047 -1.3294 3.8591 -34.3230 -6.9882 22.3688 57.5474 -55.5342 32.2529 121.5108 82.7590 -115.1245 5.1700 -4.4716 6.7500 -0.0000 0.0000 0.0000 -69.8768 -18.3257 -12.8585 101.8264 53.0452 -63.1331 -24.5572 -19.5746 -29.8688 -0.0000 0.0000 0.0000
-0.0304 0.4886 -0.1091 -1.0317 3.2320 13.2560 1.5440 -0.1713 -14.6781 1.5440 -0.1713 -14.6781 8.0510 6.6389 -14.0847 8.0510 6.6389 -14.0847 28.3733 0.7194 2.8453 64.9261 2.7802 4.3690 16.2181 -1.3960 -9.7744 -32.3100 -6.1967 21.1685 -41.2549 -1.1024 2.9280 -36.6188 -7.8390 23.3964 53.7440 -53.5671 28.6947 100.2127 82.2248 -92.4673 3.5820 -3.3878 4.7020 -0.0000 0.0000 0.0000 -67.4328 -19.0067 -12.7485 101.2743 53.6861 -63.3431 -25.7837 -19.6708 -31.3261 -0.0000 0.0000 0.0000
-0.0494 0.5023 -0.1052 -1.1286 2.7770 12.7984 1.7091 -0.1355 -14.5183 1.7091 -0.1355 -14.5183 7.1793 7.9500 -11.5840 7.1793 7.9500 -11.5840 29.6638 0.2933 1.1075 70.1503 1.5710 2.2372 16.0247 -1.4332 -10.1553 -33.0326 -6.5988 22.0039 -44.6114 -0.9329 2.2738 -37.6686 -8.3461 24.1479 50.4643 -51.2346 25.4655 80.2243 80.6861 -71.1698 1.7934 -2.0891 2.3695 -0.0000 0.0000 0.0000 -64.7973 -19.6627 -12.5511 100.5941 54.1335 -63.2188 -27.2522 -19.6664 -33.0794 -0.0000 0.0000 0.0000
-0.0721 0.5181 -0.1012 -1.2652 2.3675 12.4167 1.7641 -0.0570 -14.3670 1.7641 -0.0570 -14.3670 6.4271 8.9786 -9.5091 6.4271 8.9786 -9.5091 31.1535 -0.1398 -0.5015 74.4276 0.3379 0.4449 15.2170 -1.3779 -10.2877 -33.5328 -6.9957 22.9378 -47.8950 -0.9162 2.0627 -37.3210 -8.6583 25.2692 47.8110 -47.9763 22.3155 57.9190 77.9955 -48.2730 0.2596 -0.4462 0.3458 -0.0000 0.0000 0.0000 -61.9611 -20.4585 -12.3672 99.9746 54.5560 -63.1210 -28.8640 -19.5931 -35.0066 -0.0000 0.0000 0.0000
-0.0979 0.5353 -0.0979 -1.3447 1.9396 12.0450 1.7089 0.0289 -14.2232 1.7089 0.0289 -14.2232 5.6803 9.8879 -7.7293 5.6803 9.8879 -7.7293 32.6429 -0.5892 -2.0121 78.0443 -0.9079 -1.1203 14.0073 -1.2591 -10.2223 -34.0873 -7.3063 23.5288 -51.2607 -0.6411 1.3363 -36.5328 -8.9669 26.7271 45.5043 -43.6539 19.0697 39.4734 72.9024 -29.6852 -1.1176 1.1646 -1.5013 -0.0000 0.0000 0.0000 -58.7893 -21.1932 -12.0327 98.8302 55.0232 -62.5976 -30.4097 -19.2160 -36.8898 -0.0000 0.0000 0.0000
-0.1257 0.5522 -0.0962 -1.3445 1.4189 11.6629 1.5229 0.1231 -14.0856 1.5229 0.1231 -14.0856 4.9554 10.7296 -6.2867 4.9554 10.7296 -6.2867 34.2220 -1.0067 -3.2694 81.7749 -1.3193 -1.5238 12.3905 -1.1095 -10.1942 -34.7823 -7.3523 23.1847 -55.4136 0.5149 -0.9804 -35.6531 -9.2036 28.1047 43.3423 -38.6584 15.8698 28.7501 65.6654 -18.7807 -2.4733 2.8173 -3.3513 -0.0000 0.0000 0.0000 -55.0878 -21.8216 -11.4819 96.9881 55.6071 -61.5815 -31.8304 -18.3774 -38.6870 -0.0000 0.0000 0.0000
-0.1537 0.5669 -0.0964 -1.2756 0.8264 11.2911 1.2696 0.2006 -13.9681 1.2696 0.2006 -13.9681 4.2167 11.6034 -4.9605 4.2167 11.6034 -4.9605 35.4577 -1.3906 -4.3479 85.5472 -1.1916 -1.2880 11.1286 -1.0095 -10.3341 -35.5425 -7.1894 22.1793 -60.2923 2.6591 -4.5771 -35.4711 -9.4076 28.8553 41.2696 -34.1149 13.1817 24.3994 58.1195 -13.7011 -3.6222 4.8983 -4.9639 -0.0000 0.0000 0.0000 -50.8629 -22.3468 -10.7314 94.3928 56.3119 -60.0469 -32.9923 -16.9645 -40.2651 -0.0000 0.0000 0.0000
-0.1800 0.5798 -0.0981 -1.1140 0.2858 10.9213 1.0108 0.2393 -13.8574 1.0108 0.2393 -13.8574 3.4637 12.4274 -3.8125 3.4637 12.4274 -3.8125 36.2223 -1.5039 -4.5960 89.7065 0.9734 0.9784 10.7339 -1.0406 -11.0424 -36.3257 -6.8401 20.6481 -64.9174 5.8175 -9.1346 -37.1575 -9.6974 28.3281 39.2165 -31.1196 11.3300 23.7447 52.4123 -11.8152 -4.5133 7.3130 -6.2703 -0.0000 0.0000 0.0000 -46.4050 -22.7204 -9.8445 90.9986 56.9973 -57.8388 -33.9838 -14.9918 -41.7389 -0.0000 0.0000 0.0000
-0.2034 0.5919 -0.1011 -0.8800 -0.0791 10.5835 0.8008 0.2243 -13.7478 0.8008 0.2243 -13.7478 2.7645 13.1099 -2.8305 2.7645 13.1099 -2.8305 36.7472 -1.3762 -4.1418 93.2812 4.4519 4.2042 11.4683 -1.1846 -11.7563 -37.2474 -6.4756 19.0583 -68.4228 9.0368 -13.2596 -40.3590 -9.8061 26.2764 37.3440 -29.6513 10.2229 24.2421 48.9738 -11.1733 -4.8470 10.1080 -6.8486 -0.0000 0.0000 0.0000 -41.9214 -22.9657 -8.8994 86.9622 57.5683 -55.0400 -34.7287 -12.8136 -42.9722 -0.0000 0.0000 0.0000
-0.2230 0.6043 -0.1045 -0.5473 -0.3023 10.3266 0.5737 0.1850 -13.6133 0.5737 0.1850 -13.6133 2.2029 13.6520 -2.1330 2.2029 13.6520 -2.1330 37.4252 -0.9302 -2.7456 95.4463 10.1186 9.2039 13.8874 -1.4633 -11.9719 -38.2593 -6.2087 17.7732 -70.6739 11.6266 -16.3432 -43.7101 -9.6456 23.7593 35.6120 -28.4862 9.3218 23.7512 46.5342 -10.3334 -4.3472 12.9400 -6.2564 -0.0000 0.0000 0.0000 -37.5285 -23.2100 -7.9818 82.5881 58.1541 -52.0632 -35.0645 -10.8975 -43.6926 -0.0000 0.0000 0.0000
-0.2386 0.6179 -0.1070 -0.0364 -0.4450 10.1689 0.2876 0.1224 -13.4157 0.2876 0.1224 -13.4157 1.6896 14.1214 -1.7603 1.6896 14.1214 -1.7603 38.3701 -0.1727 -0.4963 94.6190 17.3065 15.9827 17.4790 -1.6789 -10.8895 -39.5157 -5.9637 16.5030 -71.3481 13.7790 -19.1078 -47.3633 -9.3978 21.2294 33.6517 -27.6386 8.5085 23.0097 45.2854 -9.7060 -3.3616 14.8459 -4.9022 -0.0000 0.0000 0.0000 -33.5320 -23.3558 -7.1263 78.0435 58.7414 -49.0353 -34.9643 -9.3948 -43.8293 -0.0000 0.0000 0.0000
-0.2494 0.6326 -0.1075 0.6430 -0.5751 10.1091 -0.1009 0.0584 -13.1177 -0.1009 0.0584 -13.1177 1.1968 14.5331 -1.6997 1.1968 14.5331 -1.6997 39.7569 0.7438 2.0569 90.2294 24.3546 24.2602 21.0127 -1.5166 -8.1646 -40.8465 -5.5986 14.9618 -70.7810 15.8890 -22.2273 -51.0214 -9.0218 18.7748 31.2623 -27.2097 7.7476 22.5775 45.2381 -9.5087 -2.2169 15.8299 -3.2561 -0.0000 0.0000 0.0000 -30.0444 -23.5055 -6.3914 73.6989 59.3374 -46.2384 -34.5082 -8.3665 -43.4561 -0.0000 0.0000 0.0000
-0.2553 0.6471 -0.1053 1.4155 -0.7302 10.1418 -0.5478 -0.0048 -12.7653 -0.5478 -0.0048 -12.7653 0.6345 14.9143 -1.7092 0.6345 14.9143 -1.7092 41.3459 1.5201 4.0272 84.9038 28.7931 31.3486 23.3213 -1.0493 -5.0813 -41.9892 -5.1711 13.4225 -69.9973 17.4692 -24.7526 -53.9963 -8.6392 16.8660 28.2572 -27.1262 6.9500 22.6587 46.6949 -9.8855 -0.6661 16.0094 -0.9798 -0.0000 0.0000 0.0000 -27.0297 -23.4965 -5.7232 69.7063 59.8783 -43.7093 -33.7777 -7.7641 -42.6726 -0.0000 0.0000 0.0000
-0.2562 0.6598 -0.1001 2.2702 -0.9158 10.2467 -1.0266 -0.0682 -12.3819 -1.0266 -0.0682 -12.3819 -0.0624 15.2190 -1.7176 -0.0624 15.2190 -1.7176 42.8549 2.2525 5.7356 79.3073 31.6064 37.7075 24.5166 -0.4667 -2.1478 -42.8488 -4.6714 11.8690 -69.3031 18.7909 -26.9262 -56.4868 -8.1872 15.1780 24.4632 -27.3042 6.0282 23.2184 49.5132 -10.8237 1.1337 15.5521 1.6621 -0.0000 0.0000 0.0000 -24.4582 -23.0544 -5.0620 66.0065 60.2577 -41.3061 -32.9668 -7.5477 -41.7198 -0.0000 0.0000 0.0000
-0.2534 0.6697 -0.0923 3.0913 -1.1109 10.4034 -1.4307 -0.1511 -12.0337 -1.4307 -0.1511 -12.0337 -0.8441 15.3654 -1.7458 -0.8441 15.3654 -1.7458 44.0572 2.8337 6.9964 75.0245 33.0258 42.2312 24.9522 0.0037 0.0168 -43.5104 -4.1590 10.3977 -68.9102 19.9037 -28.6892 -58.4566 -7.5788 13.5019 20.3228 -27.5227 5.0269 24.0468 53.1040 -12.1504 3.0855 14.5256 4.4899 -0.0000 0.0000 0.0000 -22.2207 -22.1007 -4.3926 62.4905 60.4252 -38.9153 -32.0923 -7.5622 -40.6465 -0.0000 0.0000 0.0000
-0.2480 0.6779 -0.0834 3.7770 -1.1972 10.6007 -1.7640 -0.2237 -11.7589 -1.7640 -0.2237 -11.7589 -1.5900 15.2336 -1.8890 -1.5900 15.2336 -1.8890 44.9238 3.0768 7.4333 72.9678 33.8345 44.7127 25.1849 0.2893 1.2950 -43.9526 -3.7189 9.1991 -69.1047 20.8813 -29.9613 -59.4680 -7.2274 12.6190 16.1571 -27.7033 4.0090 24.7599 56.5357 -13.4628 5.2574 13.5120 7.5936 -0.0000 0.0000 0.0000 -20.1305 -20.8096 -3.7336 59.2350 60.4328 -36.6376 -31.0767 -7.0526 -39.4833 -0.0000 0.0000 0.0000
-0.2416 0.6844 -0.0750 4.2852 -1.1990 10.8348 -2.0284 -0.2833 -11.5467 -2.0284 -0.2833 -11.5467 -2.1133 14.9245 -2.0818 -2.1133 14.9245 -2.0818 45.5021 3.0602 7.2893 72.0587 34.5293 46.2744 25.5969 0.6530 2.8740 -44.1937 -3.3216 8.1698 -69.7279 21.8126 -30.9203 -60.9125 -6.7819 11.5081 11.9871 -28.2042 3.0218 25.8834 59.7649 -15.0442 7.2278 12.7516 10.3796 -0.0000 0.0000 0.0000 -17.9607 -19.2181 -3.0652 55.9319 60.2265 -34.2318 -30.0365 -6.0546 -38.3620 -0.0000 0.0000 0.0000
-0.2353 0.6893 -0.0685 4.5618 -0.9929 11.0028 -2.1868 -0.3263 -11.3968 -2.1868 -0.3263 -11.3968 -2.3933 14.4632 -2.0746 -2.3933 14.4632 -2.0746 45.7688 2.8211 6.6773 71.4542 35.5245 48.0118 27.5671 1.3048 5.3151 -44.3563 -2.9843 7.3125 -70.2643 23.0670 -32.3447 -63.1396 -5.2314 8.5039 7.9831 -29.4518 2.1014 27.6629 63.1927 -17.2235 7.4502 12.7038 10.6948 -0.0000 0.0000 0.0000 -15.7654 -18.0891 -2.5251 52.8180 60.0073 -32.0009 -28.9497 -4.2817 -37.2995 -0.0000 0.0000 0.0000
-0.2299 0.6922 -0.0645 4.6451 -0.6046 11.0394 -2.2600 -0.3528 -11.2786 -2.2600 -0.3528 -11.2786 -2.6345 13.9515 -1.6319 -2.6345 13.9515 -1.6319 45.9018 2.4569 5.7978 71.1469 36.8852 49.9953 29.6062 2.4152 9.1212 -44.4525 -2.6001 6.3576 -70.2729 24.8785 -34.8054 -65.8612 -2.0945 3.2333 4.1062 -31.4608 1.1570 30.5990 67.2012 -20.6029 5.4181 13.9373 7.8479 -0.0000 0.0000 0.0000 -13.6688 -17.8493 -2.1565 50.5093 60.0653 -30.5086 -27.9939 -2.3268 -36.4212 -0.0000 0.0000 0.0000
-0.2256 0.6933 -0.0625 4.5208 -0.0713 10.9543 -2.2198 -0.3678 -11.0800 -2.2198 -0.3678 -11.0800 -2.6615 13.5392 -0.8887 -2.6615 13.5392 -0.8887 45.9849 2.3029 5.4240 68.8820 38.5289 54.0111 32.8039 3.8847 13.1445 -44.4267 -2.0622 5.0471 -69.4787 27.5377 -38.9242 -67.4065 2.9564 -4.4311 0.4199 -34.2510 0.1294 35.7922 71.8169 -26.3214 1.8235 16.9130 2.6994 -0.0000 0.0000 0.0000 -11.5396 -18.1106 -1.8452 48.9198 60.4852 -29.7059 -27.0120 -0.1471 -35.5391 -0.0000 0.0000 0.0000
-0.2222 0.6927 -0.0613 4.1940 0.7518 10.7635 -2.0404 -0.3855 -10.8577 -2.0404 -0.3855 -10.8577 -2.4633 13.0991 -0.1193 -2.4633 13.0991 -0.1193 46.2374 2.4891 5.8263 64.1522 40.1759 60.5297 34.5963 5.2924 16.8827 -44.1983 -1.5587 3.8375 -68.1607 30.9183 -44.4670 -65.5570 8.2658 -12.8054 -2.8317 -37.6886 -0.9666 44.7923 76.5934 -36.0510 -2.3144 20.8908 -3.5329 -0.0000 0.0000 0.0000 -9.4132 -18.7812 -1.5602 47.5550 61.0902 -29.1475 -26.1260 1.4162 -34.6666 -0.0000 0.0000 0.0000
-0.2193 0.6909 -0.0597 3.6914 1.8587 10.5322 -1.7485 -0.4006 -10.6522 -1.7485 -0.4006 -10.6522 -1.9742 12.4736 0.3157 -1.9742 12.4736 0.3157 46.5642 2.8360 6.5848 58.2069 41.3540 68.2726 42.3888 7.4679 19.1073 -43.6060 -1.3633 3.4071 -68.3408 34.3878 -49.0095 -61.7748 10.9722 -18.2428 -5.3678 -41.2178 -2.0198 58.4214 80.4513 -50.6215 -4.2847 24.1898 -6.7238 -0.0000 0.0000 0.0000 -7.4671 -19.6892 -1.2976 46.5259 61.8618 -28.8913 -25.2387 2.4454 -33.6920 -0.0000 0.0000 0.0000
-0.2168 0.6873 -0.0574 3.0472 3.2141 10.3429 -1.4037 -0.4080 -10.4918 -1.4037 -0.4080 -10.4918 -1.2159 11.5726 0.5148 -1.2159 11.5726 0.5148 46.8656 2.6165 6.0323 57.6372 43.9040 72.4519 39.3882 6.8698 19.0388 -42.5363 -1.9099 4.9042 -75.8223 37.7428 -47.3943 -60.1907 9.9981 -17.1652 -7.3493 -44.3327 -2.9976 72.6103 83.1487 -66.1862 -3.8423 26.3426 -6.1510 -0.0000 0.0000 0.0000 -5.5959 -20.3038 -1.0028 44.9526 62.4369 -28.1529 -24.2656 2.7888 -32.4809 -0.0000 0.0000 0.0000
-0.2146 0.6809 -0.0542 2.3346 4.8219 10.2160 -1.0193 -0.4110 -10.4269 -1.0193 -0.4110 -10.4269 -0.4445 10.3546 0.6720 -0.4445 10.3546 0.6720 46.9343 1.5310 3.5257 67.7945 49.0989 68.4168 22.0303 3.1446 16.0529 -41.1328 -3.2240 8.5789 -94.6823 37.4305 -34.6731 -60.2549 4.6941 -8.0799 -9.0352 -46.9307 -3.9287 81.3635 85.0149 -76.4669 -3.9119 28.9029 -6.4228 -0.0000 0.0000 0.0000 -4.0032 -21.0056 -0.7424 43.5207 63.1774 -27.5825 -22.7783 3.1437 -30.5893 -0.0000 0.0000 0.0000
-0.2132 0.6709 -0.0506 1.6920 6.4723 10.1790 -0.6527 -0.4209 -10.4400 -0.6527 -0.4209 -10.4400 0.0396 8.9504 0.8794 0.0396 8.9504 0.8794 46.5888 -0.4443 -1.0320 101.7324 50.1371 41.6738 -1.2071 -0.1997 18.7887 -39.6437 -5.0214 13.8714 -118.2806 21.8355 -13.1496 -54.9157 -5.8292 11.1920 -10.7680 -49.0328 -4.9225 76.9034 85.9585 -72.9981 -4.9496 31.8508 -8.3856 -0.0000 0.0000 0.0000 -2.8801 -21.9336 -0.5582 43.2485 64.4372 -28.0528 -20.9616 3.2942 -28.2178 -0.0000 0.0000 0.0000
-0.2134 0.6590 -0.0469 1.1480 7.8911 10.2750 -0.3355 -0.4366 -10.4583 -0.3355 -0.4366 -10.4583 0.3095 7.6869 1.0561 0.3095 7.6869 1.0561 45.9541 -2.6043 -6.1374 135.6630 23.3640 9.6311 0.2159 0.0677 34.8292 -38.2313 -6.6473 19.0240 -125.3139 -9.1510 4.7393 -35.3084 -11.1544 34.1144 -12.6769 -50.8345 -6.0432 67.1858 85.9281 -63.4831 -6.0754 34.7246 -10.6449 -0.0000 0.0000 0.0000 -2.0653 -22.6010 -0.4128 45.0894 66.4578 -30.4275 -18.7522 3.7817 -25.3550 -0.0000 0.0000 0.0000
-0.2161 0.6450 -0.0433 0.7256 9.0022 10.3407 -0.1101 -0.4539 -10.4936 -0.1101 -0.4539 -10.4936 0.3828 6.6409 1.1831 0.3828 6.6409 1.1831 45.2480 -4.4012 -10.5362 138.2306 -20.6705 -7.9608 29.6007 9.3607 34.4320 -37.1664 -7.7948 22.9100 -113.2981 -35.2565 23.6246 -14.3495 -5.9932 45.1605 -14.8461 -52.4608 -7.3461 67.3828 85.1034 -62.9355 -7.8528 37.0699 -14.1677 -0.0000 0.0000 0.0000 -1.3758 -22.8824 -0.2785 47.4977 68.4097 -33.3006 -16.3377 5.6257 -22.3536 -0.0000 0.0000 0.0000
-0.2217 0.6313 -0.0397 0.4126 9.6934 10.2650 -0.0140 -0.4532 -10.4883 -0.0140 -0.4532 -10.4883 0.4115 5.8771 1.1500 0.4115 5.8771 1.1500 44.5118 -5.5157 -13.4269 122.8481 -45.5707 -25.7744 46.4934 5.3387 12.3887 -36.3213 -8.4752 25.4571 -90.0285 -46.9983 46.9774 -0.9012 -0.3775 45.4541 -16.9984 -53.7468 -8.6611 75.1747 83.6378 -69.1100 -9.7542 38.8071 -17.9975 -0.0000 0.0000 0.0000 -0.7130 -22.7547 -0.1435 49.2013 69.8835 -35.4786 -14.0746 9.0154 -19.6690 -0.0000 0.0000 0.0000
-0.2299 0.6205 -0.0358 0.1987 10.1741 10.0156 -0.0028 -0.4430 -10.4270 -0.0028 -0.4430 -10.4270 0.3756 5.2655 1.0833 0.3756 5.2655 1.0833 43.4615 -6.2565 -15.6156 100.9496 -55.7298 -47.1344 41.2864 -2.5861 -6.8575 -35.6427 -8.9513 27.3686 -67.3622 -48.1189 67.6391 7.6034 2.9285 42.0814 -18.9925 -54.7354 -9.8975 84.4777 81.9350 -76.5039 -11.2457 40.6048 -21.2751 -0.0000 0.0000 0.0000 -0.0505 -22.3171 -0.0100 48.5134 70.5522 -35.3610 -12.2137 13.6476 -17.5982 -0.0000 0.0000 0.0000
-0.2398 0.6140 -0.0314 -0.0022 10.5550 9.5997 -0.0391 -0.4137 -10.3046 -0.0391 -0.4137 -10.3046 0.3895 4.7892 1.0086 0.3895 4.7892 1.0086 42.0783 -6.7528 -17.4402 80.1274 -58.3030 -67.1068 22.7272 -4.0772 -20.0875 -34.7360 -9.3193 29.2125 -51.2866 -44.6126 81.0356 13.2062 4.5363 37.7773 -20.6846 -55.4816 -10.9646 94.5076 79.9020 -84.3706 -12.5088 42.5190 -24.3581 -0.0000 0.0000 0.0000 0.5836 -21.8998 0.1129 45.9211 70.6473 -33.4229 -10.7603 18.4110 -16.0522 -0.0000 0.0000 0.0000
-0.2499 0.6113 -0.0271 -0.1980 10.8908 9.0887 -0.0418 -0.3851 -10.1533 -0.0418 -0.3851 -10.1533 0.4154 4.4238 1.0181 0.4154 4.4238 1.0181 40.0030 -7.0507 -19.2126 60.1240 -56.9202 -86.2453 7.3605 -1.5609 -23.9151 -33.5415 -9.6276 31.2260 -40.1309 -39.7712 89.4398 17.0711 5.0635 32.8308 -22.0756 -56.0129 -11.8461 103.4143 77.6838 -91.1264 -13.2063 44.6843 -26.6799 -0.0000 0.0000 0.0000 1.1144 -21.6429 0.2130 42.3638 70.3287 -30.5391 -9.8839 21.9288 -15.1689 -0.0000 0.0000 0.0000
-0.2592 0.6114 -0.0235 -0.3498 11.0194 8.6189 -0.0573 -0.3543 -10.0411 -0.0573 -0.3543 -10.0411 0.4579 4.2822 1.1567 0.4579 4.2822 1.1567 37.4978 -7.0977 -20.7089 45.1897 -53.4523 -100.8531 -0.9641 0.1916 -22.4850 -31.8456 -9.6819 33.0686 -33.0600 -35.8224 94.8809 19.4133 4.9219 28.2080 -23.1333 -56.4118 -12.5282 112.2552 75.5865 -98.2404 -13.4866 46.4963 -28.1975 -0.0000 0.0000 0.0000 1.4960 -21.4502 0.2834 39.7767 70.1630 -28.5119 -9.4552 23.2254 -14.6748 -0.0000 0.0000 0.0000
-0.2673 0.6138 -0.0210 -0.4251 10.9218 8.1805 -0.1048 -0.3254 -9.9946 -0.1048 -0.3254 -9.9946 0.4778 4.3269 1.4084 0.4778 4.3269 1.4084 34.3413 -6.9321 -22.1810 31.8487 -47.2212 -113.7322 -6.6156 1.1042 -18.9310 -29.5595 -9.5571 35.1615 -26.9992 -31.7251 99.6129 21.1531 4.3691 23.0926 -23.8362 -56.6043 -12.9683 119.7869 73.6563 -104.4999 -13.7278 47.5800 -29.3351 -0.0000 0.0000 0.0000 1.7183 -21.1878 0.3214 37.8386 70.0321 -27.0068 -9.2638 23.6658 -14.4344 -0.0000 0.0000 0.0000
-0.2741 0.6184 -0.0197 -0.4177 10.7225 7.8280 -0.1879 -0.2976 -9.9977 -0.1879 -0.2976 -9.9977 0.4214 4.4332 1.7062 0.4214 4.4332 1.7062 30.8871 -6.5920 -23.5502 21.7488 -38.6262 -122.5398 -10.3264 1.3363 -14.7074 -27.0282 -9.3753 37.6771 -21.7512 -26.8088 102.2488 21.9849 3.5801 18.2804 -24.2478 -56.5969 -13.1950 124.8505 72.1625 -108.7460 -14.0916 48.1750 -30.4725 -0.0000 0.0000 0.0000 1.7590 -20.9079 0.3246 36.4467 69.8701 -25.9031 -9.2326 23.5764 -14.3750 -0.0000 0.0000 0.0000
-0.2799 0.6221 -0.0191 -0.2959 10.5057 7.5676 -0.2896 -0.2820 -10.0535 -0.2896 -0.2820 -10.0535 0.3191 4.4650 1.9585 0.3191 4.4650 1.9585 27.2761 -6.1039 -24.7874 14.8514 -29.7246 -127.6858 -12.5289 1.1543 -10.4867 -24.5213 -9.1761 40.5356 -17.6141 -22.2843 103.6196 22.3428 2.6947 13.5836 -24.5074 -56.4547 -13.3001 128.0946 71.2016 -111.5835 -14.4412 48.4073 -31.3588 -0.0000 0.0000 0.0000 1.6174 -20.4549 0.2918 34.8714 69.3493 -24.5156 -9.2864 23.3165 -14.4257 -0.0000 0.0000 0.0000
-0.2849 0.6238 -0.0185 -0.2013 10.2054 7.3566 -0.3780 -0.2646 -10.2004 -0.3780 -0.2646 -10.2004 0.2791 4.4716 2.1325 0.2791 4.4716 2.1325 23.6240 -5.4958 -25.8520 9.5868 -20.3946 -130.0121 -14.1807 0.9044 -7.2615 -21.9514 -8.8907 43.6871 -13.9122 -17.6685 103.7352 22.3828 1.9500 9.8328 -24.5156 -56.1436 -13.2188 130.1341 70.5847 -113.4090 -14.9540 48.0017 -32.1420 -0.0000 0.0000 0.0000 1.4570 -19.9494 0.2563 33.8823 68.9213 -23.6145 -9.4420 22.6569 -14.5835 -0.0000 0.0000 0.0000
-0.2894 0.6219 -0.0170 -0.1660 9.7716 7.1643 -0.3797 -0.2608 -10.4838 -0.3797 -0.2608 -10.4838 0.2289 4.5600 2.3413 0.2289 4.5600 2.3413 19.4983 -4.6263 -26.4599 5.0863 -11.0907 -130.8342 -16.1644 0.6650 -4.6805 -19.4608 -8.4446 46.5863 -10.5912 -13.3806 103.3692 22.6207 1.4741 7.3604 -24.1663 -55.5427 -12.8638 131.5905 70.1614 -114.7569 -15.4571 47.0842 -32.5455 -0.0000 0.0000 0.0000 1.3820 -19.4529 0.2369 34.2052 69.1768 -23.9575 -9.7486 21.1444 -14.8667 -0.0000 0.0000 0.0000
-0.2938 0.6161 -0.0143 -0.1411 9.1563 6.9754 -0.3785 -0.2547 -10.8688 -0.3785 -0.2547 -10.8688 0.2105 4.8069 2.5886 0.2105 4.8069 2.5886 14.4141 -3.4289 -26.6332 0.8370 -1.8265 -130.7623 -18.7255 0.3219 -1.9522 -16.7956 -7.6591 48.7809 -7.3597 -9.3624 103.7065 23.5413 1.1525 5.5267 -23.7109 -54.8197 -12.4253 133.1986 69.7644 -116.3402 -15.9960 45.7797 -32.7758 -0.0000 0.0000 0.0000 1.4343 -18.9399 0.2393 35.9243 70.2860 -25.7104 -10.1992 18.7055 -15.2545 -0.0000 0.0000 0.0000
-0.2978 0.6073 -0.0112 -0.0255 8.4639 6.8076 -0.4457 -0.2422 -11.2993 -0.4457 -0.2422 -11.2993 0.2095 5.1729 2.8587 0.2095 5.1729 2.8587 8.1605 -1.9094 -26.2976 -3.5490 7.4433 -129.0641 -20.9968 -0.3459 1.8666 -13.8247 -6.5255 50.3692 -4.0530 -5.1850 103.9878 24.6807 0.7994 3.6530 -23.2747 -53.9310 -11.9633 134.5989 69.4949 -117.8147 -16.5330 44.2288 -32.8780 -0.0000 0.0000 0.0000 1.4837 -18.5417 0.2422 39.5115 72.1869 -29.3452 -10.7864 15.4416 -15.7479 -0.0000 0.0000 0.0000
-0.3014 0.5972 -0.0083 0.2340 7.8739 6.7240 -0.6417 -0.2095 -11.6557 -0.6417 -0.2095 -11.6557 0.2141 5.5834 3.1338 0.2141 5.5834 3.1338 1.6414 -0.3698 -25.3906 -7.6190 14.9633 -126.2274 -22.1167 -1.1683 5.9727 -10.7526 -5.1496 51.0800 -1.0983 -1.4075 104.0712 25.4952 0.3501 1.5475 -23.1587 -53.0368 -11.6751 135.5703 69.3278 -118.8685 -17.0268 42.6203 -32.9037 -0.0000 0.0000 0.0000 1.4124 -18.3406 0.2280 44.5373 74.2124 -34.4223 -11.4402 11.9465 -16.3088 -0.0000 0.0000 0.0000
-0.3048 0.5877 -0.0060 0.6157 7.4895 6.7513 -0.9499 -0.1559 -11.8775 -0.9499 -0.1559 -11.8775 0.2530 5.9308 3.3731 0.2530 5.9308 3.3731 -4.5259 0.9791 -24.4017 -11.3645 20.7900 -123.0492 -21.9413 -1.9490 10.0293 -7.6692 -3.6848 51.2736 1.5390 1.9753 104.1578 25.5043 -0.3043 -1.3446 -23.4502 -52.2554 -11.6254 136.0322 69.2188 -119.3455 -17.4636 41.0601 -32.8888 -0.0000 0.0000 0.0000 1.1811 -18.2744 0.1900 49.0102 75.6047 -38.9483 -12.0573 8.9441 -16.8642 -0.0000 0.0000 0.0000
-0.3080 0.5802 -0.0042 1.0110 7.2394 6.8634 -1.2892 -0.0864 -12.0015 -1.2892 -0.0864 -12.0015 0.3051 6.2059 3.5800 0.3051 6.2059 3.5800 -9.7958 2.0175 -23.2226 -14.8475 25.4409 -120.0111 -21.4108 -2.6027 13.7039 -4.6562 -2.2210 50.9827 3.8604 4.9616 104.2434 25.1119 -0.9424 -4.2295 -23.9059 -51.5263 -11.6675 136.0750 69.1411 -119.3268 -17.8555 39.5337 -32.8448 -0.0000 0.0000 0.0000 0.9196 -18.2381 0.1476 52.7872 76.5506 -42.7686 -12.6841 6.1857 -17.4508 -0.0000 0.0000 0.0000
-0.3111 0.5755 -0.0025 1.3248 7.0693 7.0393 -1.5753 -0.0137 -12.0740 -1.5753 -0.0137 -12.0740 0.3170 6.4357 3.7789 0.3170 6.4357 3.7789 -13.8259 2.6851 -21.8802 -17.9300 29.0439 -117.3135 -21.1637 -3.2791 17.4217 -1.8188 -0.8550 50.3534 5.8104 7.4881 104.4115 24.5479 -1.4899 -6.8406 -24.3646 -50.8804 -11.7269 135.8273 69.0737 -118.9527 -18.1929 38.0699 -32.7654 -0.0000 0.0000 0.0000 0.7272 -18.2004 0.1165 56.8085 77.3212 -46.7912 -13.3999 3.2995 -18.1373 -0.0000 0.0000 0.0000
-0.3142 0.5737 -0.0004 1.5352 6.9620 7.2117 -1.7706 0.0517 -12.0679 -1.7706 0.0517 -12.0679 0.2770 6.6069 3.9216 0.2770 6.6069 3.9216 -16.9802 3.1234 -20.7009 -20.7949 31.9398 -114.6664 -20.8349 -3.9127 21.0506 0.7854 0.3631 49.6284 7.6550 9.8975 104.6170 23.9077 -1.9597 -9.2370 -24.7957 -50.4478 -11.8242 135.4348 69.0711 -118.4579 -18.4418 36.7294 -32.6147 -0.0000 0.0000 0.0000 0.6881 -17.9343 0.1086 58.5456 77.6986 -48.5972 -14.1100 0.6038 -18.8243 -0.0000 0.0000 0.0000
-0.3174 0.5748 0.0023 1.6960 6.7952 7.3081 -1.9110 0.1047 -11.9980 -1.9110 0.1047 -11.9980 0.1832 6.8187 4.0177 0.1832 6.8187 4.0177 -19.5494 3.3365 -19.1916 -24.2723 34.9796 -111.3771 -19.5934 -4.2807 24.4257 3.5078 1.5807 48.5050 9.9295 12.8906 104.8818 22.2768 -2.3065 -11.6756 -25.1259 -50.2375 -11.9291 135.4440 69.1495 -118.5432 -18.5958 35.4003 -32.3336 -0.0000 0.0000 0.0000 0.7818 -17.3294 0.1191 57.3137 77.7674 -47.5679 -14.7536 -1.8240 -19.4400 -0.0000 0.0000 0.0000
-0.3206 0.5786 0.0051 1.8368 6.5525 7.3063 -2.0173 0.1440 -11.8583 -2.0173 0.1440 -11.8583 0.0472 7.0886 4.0799 0.0472 7.0886 4.0799 -21.6822 3.3508 -17.3680 -28.9219 38.2516 -106.7265 -17.0016 -4.0493 26.6143 6.5167 2.8242 46.8250 13.1111 16.9534 104.7298 18.8866 -2.3693 -14.1745 -25.3714 -50.3281 -12.0732 136.1798 69.2927 -119.5997 -18.6399 34.0493 -31.8888 -0.0000 0.0000 0.0000 0.9510 -16.4880 0.1378 53.0566 77.4843 -43.6558 -15.2646 -3.8248 -19.9166 -0.0000 0.0000 0.0000
-0.3236 0.5840 0.0075 1.9274 6.2624 7.2219 -2.0671 0.1696 -11.6630 -2.0671 0.1696 -11.6630 -0.1250 7.4134 4.1210 -0.1250 7.4134 4.1210 -23.4607 3.2514 -15.5663 -34.8006 41.2333 -100.4103 -13.6058 -3.3057 27.1959 9.6523 3.9942 44.8807 17.1154 21.5864 103.4277 14.2331 -1.9814 -15.7714 -25.4459 -50.6439 -12.1958 137.7030 69.4212 -121.6379 -18.6115 32.5684 -31.3103 -0.0000 0.0000 0.0000 1.2022 -15.5757 0.1644 46.7262 76.7978 -37.7989 -15.6134 -5.3530 -20.2243 -0.0000 0.0000 0.0000
-0.3265 0.5895 0.0090 1.9398 5.9511 7.0937 -2.0377 0.1836 -11.4768 -2.0377 0.1836 -11.4768 -0.3266 7.7500 4.1422 -0.3266 7.7500 4.1422 -25.0192 3.0762 -13.8009 -41.3212 43.3823 -93.0586 -10.2330 -2.3726 26.0438 12.7452 5.0420 43.0308 21.4961 25.8643 100.8411 9.6009 -1.3543 -16.0223 -25.2538 -51.0012 -12.1983 139.7426 69.4882 -124.2918 -18.5556 30.8860 -30.6582 -0.0000 0.0000 0.0000 1.5316 -14.7609 0.1984 41.0843 76.0561 -32.6677 -15.9321 -6.8705 -20.4928 -0.0000 0.0000 0.0000
-0.3290 0.5942 0.0088 1.8772 5.6685 7.0081 -1.9398 0.1896 -11.3367 -1.9398 0.1896 -11.3367 -0.5478 8.0430 4.1217 -0.5478 8.0430 4.1217 -26.5462 2.8123 -11.8817 -48.2889 44.8510 -85.2694 -7.0802 -1.5027 23.9365 15.6709 5.9192 41.1820 26.2066 29.7418 97.5244 5.2545 -0.7118 -15.4193 -24.8446 -51.3621 -12.0925 142.1074 69.4371 -127.2910 -18.4801 29.0275 -29.9646 -0.0000 0.0000 0.0000 1.8679 -14.3596 0.2353 37.7660 75.6943 -29.7667 -16.3471 -8.6219 -20.8610 -0.0000 0.0000 0.0000
-0.3312 0.5986 0.0065 1.7783 5.4671 7.0413 -1.8052 0.1862 -11.2333 -1.8052 0.1862 -11.2333 -0.7492 8.2694 4.0248 -0.7492 8.2694 4.0248 -28.1542 2.4799 -9.8667 -56.4442 46.0214 -76.7106 -3.8113 -0.7302 21.6852 18.1918 6.5594 39.3874 31.2608 33.2893 93.7973 1.3791 -0.1748 -14.4458 -24.2714 -51.5749 -11.8627 144.0759 69.4276 -129.8459 -18.3734 27.1366 -29.2600 -0.0000 0.0000 0.0000 2.1639 -14.2706 0.2709 36.1946 75.6155 -28.4563 -16.9088 -10.5522 -21.3948 -0.0000 0.0000 0.0000
-0.3334 0.6041 0.0018 1.6048 5.3788 7.2469 -1.6171 0.1733 -11.1750 -1.6171 0.1733 -11.1750 -0.9145 8.5139 3.8518 -0.9145 8.5139 3.8518 -29.9045 2.0172 -7.5435 -66.2081 46.5377 -66.8139 -0.3096 -0.0537 19.6902 20.5085 6.9694 37.2076 37.1459 36.8002 89.4254 -2.5245 0.2832 -12.8017 -23.4866 -51.2472 -11.3876 144.0082 69.9063 -130.1488 -18.2301 25.5291 -28.6152 -0.0000 0.0000 0.0000 2.4598 -14.6170 0.3155 35.3149 75.5120 -27.6974 -17.5165 -12.1664 -22.0089 -0.0000 0.0000 0.0000
-0.3359 0.6127 -0.0051 1.3547 5.4794 7.6184 -1.3771 0.1511 -11.1230 -1.3771 0.1511 -11.1230 -1.0311 8.7460 3.6360 -1.0311 8.7460 3.6360 -31.8202 1.4920 -5.2308 -76.8114 45.5466 -55.8082 3.3194 0.5008 17.1549 22.7403 7.1591 34.5599 44.1493 39.9736 83.7745 -6.3681 0.5681 -10.1860 -22.4870 -50.4937 -10.7110 141.7833 70.9660 -128.1604 -18.0234 24.2690 -27.9880 -0.0000 0.0000 0.0000 2.8116 -15.3137 0.3781 33.2746 74.8329 -25.7534 -17.9851 -12.9470 -22.5207 -0.0000 0.0000 0.0000
-0.3388 0.6252 -0.0130 1.0511 5.7410 8.0831 -1.1084 0.1224 -11.0417 -1.1084 0.1224 -11.0417 -1.0949 8.9200 3.3902 -1.0949 8.9200 3.3902 -33.8369 1.0715 -3.5217 -85.3149 42.8137 -46.0972 5.9922 0.7307 13.8923 24.8982 7.2098 31.8550 51.5093 41.9834 76.9921 -9.1830 0.5357 -6.6624 -21.4012 -49.7803 -10.0211 138.9023 72.1279 -125.5269 -17.7767 23.0739 -27.3357 -0.0000 0.0000 0.0000 3.2673 -15.9876 0.4590 29.3427 73.2130 -22.0115 -18.2166 -12.8368 -22.8179 -0.0000 0.0000 0.0000
-0.3420 0.6408 -0.0202 0.7159 6.1313 8.5522 -0.8269 0.0910 -10.9603 -0.8269 0.0910 -10.9603 -1.1262 8.9651 3.1179 -1.1262 8.9651 3.1179 -35.7998 0.9002 -2.7866 -89.7771 39.6788 -39.8214 7.1114 0.6518 10.4605 26.8346 7.2494 29.7431 56.8579 42.3820 71.2175 -10.4121 0.3128 -3.4321 -20.3757 -49.4960 -9.4711 137.0425 72.9957 -123.9917 -17.5290 21.6793 -26.6573 -0.0000 0.0000 0.0000 3.8326 -16.2734 0.5482 24.3288 70.5231 -17.3311 -18.2293 -12.1227 -22.9001 -0.0000 0.0000 0.0000
-0.3453 0.6577 -0.0250 0.3870 6.6336 8.9419 -0.5595 0.0605 -10.8802 -0.5595 0.0605 -10.8802 -1.1376 8.8202 2.8890 -1.1376 8.8202 2.8890 -37.6755 0.9462 -2.7730 -91.2700 37.0356 -36.2773 7.0710 0.4336 7.0100 28.6198 7.3457 28.2504 59.9643 41.8147 67.0201 -10.5325 0.0869 -0.9424 -19.5962 -50.0522 -9.2190 138.2734 73.1917 -125.6600 -17.3164 19.8314 -25.9618 -0.0000 0.0000 0.0000 4.4544 -16.0563 0.6286 19.5983 67.1028 -13.0684 -18.1357 -11.3337 -22.8576 -0.0000 0.0000 0.0000
-0.3484 0.6740 -0.0264 0.0896 7.2455 9.2398 -0.3222 0.0327 -10.7939 -0.3222 0.0327 -10.7939 -1.1302 8.5065 2.7370 -1.1302 8.5065 2.7370 -39.4488 1.0807 -3.0137 -91.6058 34.9086 -34.0001 6.5622 0.2111 3.6811 30.2873 7.5101 27.2631 61.6493 40.8365 63.9168 -10.1692 -0.1000 1.1238 -19.0409 -51.0917 -9.1658 140.9998 73.0067 -128.8571 -17.1268 17.7323 -25.2843 -0.0000 0.0000 0.0000 5.0463 -15.2287 0.6750 15.8010 63.2971 -9.7777 -18.0780 -10.9386 -22.8230 -0.0000 0.0000 0.0000
-0.3511 0.6881 -0.0243 -0.2226 7.9992 9.4626 -0.0744 0.0075 -10.7207 -0.0744 0.0075 -10.7207 -1.1138 8.0775 2.6698 -1.1138 8.0775 2.6698 -41.0038 1.2333 -3.2975 -91.4616 33.4036 -32.6074 6.0253 0.0497 0.9434 31.7743 7.7313 26.7107 62.1656 39.6922 61.8204 -9.3851 -0.2597 3.1627 -18.4693 -51.9420 -9.0563 142.3018 73.1313 -130.5714 -16.9284 15.7472 -24.6472 -0.0000 0.0000 0.0000 5.6328 -14.0195 0.6932 12.7366 59.1906 -7.2542 -18.0181 -10.8098 -22.7603 -0.0000 0.0000 0.0000
-0.3531 0.6993 -0.0201 -0.5263 8.8450 9.6212 0.1846 -0.0176 -10.6535 0.1846 -0.0176 -10.6535 -1.0979 7.5802 2.6593 -1.0979 7.5802 2.6593 -42.4413 1.3569 -3.4935 -91.1834 32.2108 -31.5854 5.5882 -0.0649 -1.3303 33.2175 8.0099 26.4192 62.2761 38.4116 59.9356 -8.3506 -0.4132 5.6556 -17.7711 -52.4663 -8.8107 142.1582 73.7020 -130.8451 -16.7025 13.8734 -24.0170 -0.0000 0.0000 0.0000 6.1738 -12.7068 0.6881 10.3305 55.1085 -5.4008 -17.9574 -10.9138 -22.6746 -0.0000 0.0000 0.0000
-0.3546 0.7077 -0.0152 -0.7579 9.6274 9.7338 0.4163 -0.0437 -10.5817 0.4163 -0.0437 -10.5817 -1.1002 7.0859 2.6405 -1.1002 7.0859 2.6405 -43.8346 1.4501 -3.6030 -90.6426 31.2198 -30.8883 5.1642 -0.1307 -2.8982 34.7115 8.3093 26.1690 62.5482 36.9820 57.6731 -7.0753 -0.5393 8.7073 -17.0168 -52.6549 -8.4674 141.1554 74.5371 -130.2766 -16.4586 12.0156 -23.3879 -0.0000 0.0000 0.0000 6.5863 -11.4287 0.6598 8.5604 51.4155 -4.1272 -17.9400 -11.2798 -22.6185 -0.0000 0.0000 0.0000
-0.3555 0.7136 -0.0113 -0.9348 10.3068 9.7942 0.6343 -0.0727 -10.5400 0.6343 -0.0727 -10.5400 -1.1335 6.6215 2.5941 -1.1335 6.6215 2.5941 -45.1585 1.5442 -3.7124 -89.6925 30.4823 -30.6387 4.9572 -0.1613 -3.7250 36.1834 8.6063 25.9412 62.9962 35.5164 55.1882 -5.8159 -0.5994 11.7595 -16.1612 -52.4387 -7.9992 138.9757 75.6517 -128.5438 -16.1926 10.1870 -22.7542 -0.0000 0.0000 0.0000 6.8614 -10.4045 0.6255 7.3367 48.4002 -3.3009 -17.9828 -11.9181 -22.6123 -0.0000 0.0000 0.0000
-0.3559 0.7172 -0.0089 -1.0611 10.8692 9.8153 0.8294 -0.1021 -10.5252 0.8294 -0.1021 -10.5252 -1.1954 6.1901 2.5566 -1.1954 6.1901 2.5566 -46.3797 1.6711 -3.8996 -88.3624 29.9777 -30.8062 5.0776 -0.1781 -4.0153 37.6007 8.9261 25.8267 63.1898 34.0450 52.9241 -4.7186 -0.5923 14.3018 -15.2444 -51.8554 -7.4449 135.5272 76.9340 -125.5409 -15.9109 8.3546 -22.1189 -0.0000 0.0000 0.0000 6.9628 -9.9616 0.6076 6.6904 46.5458 -2.8803 -18.1544 -12.9387 -22.7314 -0.0000 0.0000 0.0000
-0.3560 0.7189 -0.0081 -1.1883 11.3661 9.8208 1.0180 -0.1281 -10.5180 1.0180 -0.1281 -10.5180 -1.2209 5.7875 2.5537 -1.2209 5.7875 2.5537 -47.5012 1.8421 -4.1850 -86.7819 29.5912 -31.2204 5.2402 -0.1883 -4.1132 38.9392 9.2548 25.7914 63.0197 32.6618 51.0916 -3.9018 -0.5550 16.1852 -14.2774 -50.9374 -6.8277 130.0876 78.3114 -120.5031 -15.6236 6.5366 -21.4972 -0.0000 0.0000 0.0000 6.9612 -10.0440 0.6125 6.4396 45.6229 -2.7108 -18.4289 -14.2218 -22.9536 -0.0000 0.0000 0.0000
-0.3557 0.7194 -0.0083 -1.3297 11.8139 9.8297 1.2057 -0.1499 -10.5103 1.2057 -0.1499 -10.5103 -1.2106 5.4404 2.5903 -1.2106 5.4404 2.5903 -48.5424 2.0325 -4.5057 -85.1380 29.2494 -31.7175 5.3075 -0.1986 -4.2821 40.1880 9.5684 25.7728 62.4061 31.4391 49.8469 -3.3474 -0.5129 17.4188 -13.2165 -49.5715 -6.1243 120.6029 79.7878 -111.3896 -15.3106 4.8402 -20.8727 -0.0000 0.0000 0.0000 6.9118 -10.2961 0.6235 6.3903 45.0538 -2.6527 -18.7443 -15.5781 -23.2186 -0.0000 0.0000 0.0000
-0.3552 0.7192 -0.0100 -1.4909 12.1732 9.8250 1.3923 -0.1678 -10.4972 1.3923 -0.1678 -10.4972 -1.1542 5.1641 2.6298 -1.1542 5.1641 2.6298 -49.5620 2.1826 -4.7255 -83.8093 28.7899 -31.9219 5.2796 -0.2111 -4.5766 41.4104 9.8215 25.6133 61.8769 30.3874 48.7486 -3.0433 -0.4908 18.3168 -12.1384 -47.9573 -5.4152 107.2582 80.9316 -98.3887 -14.9833 3.1600 -20.2462 -0.0000 0.0000 0.0000 6.8278 -10.5573 0.6316 6.5074 44.6623 -2.6754 -19.0771 -16.9689 -23.5007 -0.0000 0.0000 0.0000
-0.3546 0.7181 -0.0110 -1.7379 12.4140 9.8767 1.6016 -0.1762 -10.4701 1.6016 -0.1762 -10.4701 -1.0589 4.9751 2.6679 -1.0589 4.9751 2.6679 -50.5796 2.2892 -4.8427 -82.7682 28.2501 -31.8785 5.1948 -0.2234 -4.9208 42.6829 9.9663 25.1599 61.5465 29.4663 47.6520 -2.6670 -0.4492 19.1175 -10.7163 -45.2127 -4.4729 80.8702 81.2723 -72.3554 -14.5661 2.0056 -19.5682 -0.0000 0.0000 0.0000 6.7779 -10.6696 0.6336 6.7897 44.2094 -2.7603 -19.4334 -18.2910 -23.8159 -0.0000 0.0000 0.0000
-0.3538 0.7168 -0.0103 -2.1136 12.5954 10.0023 1.8646 -0.1764 -10.4378 1.8646 -0.1764 -10.4378 -0.9659 4.8455 2.7289 -0.9659 4.8455 2.7289 -51.5740 2.3556 -4.8734 -81.7902 27.6984 -31.7787 5.0250 -0.2320 -5.2845 44.0146 9.9935 24.4124 61.3737 28.6445 46.5564 -2.0872 -0.3639 19.7765 -9.0027 -41.3922 -3.4071 50.5224 78.8543 -42.4098 -14.1048 1.1877 -18.8736 -0.0000 0.0000 0.0000 6.7985 -10.7129 0.6382 7.2250 43.6928 -2.8998 -19.8130 -19.5269 -24.1654 -0.0000 0.0000 0.0000
-0.3527 0.7169 -0.0075 -2.5462 12.7213 10.2128 2.1477 -0.1720 -10.4238 2.1477 -0.1720 -10.4238 -0.9112 4.7476 2.7906 -0.9112 4.7476 2.7906 -52.4917 2.3940 -4.8531 -80.7696 27.1642 -31.7118 4.8369 -0.2352 -5.5641 45.3322 9.9396 23.5247 61.1940 27.9092 45.5861 -1.3619 -0.2421 20.1617 -7.2007 -36.6967 -2.3909 31.0957 73.4962 -23.4720 -13.4546 1.3841 -18.0283 -0.0000 0.0000 0.0000 6.8340 -10.7068 0.6412 7.8147 43.1614 -3.0951 -20.2734 -20.7383 -24.6122 -0.0000 0.0000 0.0000
-0.3515 0.7196 -0.0026 -2.9728 12.8203 10.5254 2.4259 -0.1673 -10.4581 2.4259 -0.1673 -10.4581 -0.8968 4.6499 2.8382 -0.8968 4.6499 2.8382 -53.3152 2.4417 -4.8616 -79.4618 26.7266 -31.9025 4.7015 -0.2354 -5.7307 46.5205 9.8656 22.7065 60.8044 27.2562 44.9009 -0.5378 -0.0961 20.2595 -5.6767 -32.1375 -1.6364 21.7358 67.3140 -14.5695 -12.6607 2.2974 -17.0527 -0.0000 0.0000 0.0000 6.8160 -10.7471 0.6419 8.5689 42.6935 -3.3542 -20.8078 -21.8310 -25.1553 -0.0000 0.0000 0.0000
-0.3501 0.7248 0.0042 -3.3181 12.8892 10.9609 2.6575 -0.1637 -10.5640 2.6575 -0.1637 -10.5640 -0.8985 4.5446 2.8690 -0.8985 4.5446 2.8690 -54.0655 2.5130 -4.9229 -77.7618 26.3918 -32.4271 4.6407 -0.2344 -5.7789 47.5829 9.7947 21.9966 60.2330 26.6489 44.4204 0.2470 0.0441 20.2543 -4.5250 -28.0132 -1.1293 17.0059 61.5516 -10.1760 -11.8615 3.5624 -16.0910 -0.0000 0.0000 0.0000 6.6858 -10.7984 0.6326 9.4629 42.2895 -3.6670 -21.2941 -22.6262 -25.6645 -0.0000 0.0000 0.0000
-0.3485 0.7318 0.0120 -3.5649 12.9061 11.4848 2.8283 -0.1599 -10.7417 2.8283 -0.1599 -10.7417 -0.9043 4.4446 2.8760 -0.9043 4.4446 2.8760 -54.8013 2.5718 -4.9592 -75.9231 25.9934 -32.9595 4.6089 -0.2346 -5.8242 48.5308 9.7061 21.3331 59.7676 26.0527 43.8592 0.8891 0.1599 20.3877 -3.7940 -24.7742 -0.8335 14.8240 57.2342 -8.1198 -11.1863 4.4497 -15.2538 -0.0000 0.0000 0.0000 6.4551 -10.7955 0.6106 10.3975 41.9009 -3.9903 -21.6218 -23.0898 -26.0128 -0.0000 0.0000 0.0000
-0.3468 0.7395 0.0193 -3.7968 12.8620 12.1445 2.9806 -0.1515 -10.9915 2.9806 -0.1515 -10.9915 -0.8940 4.3552 2.8818 -0.8940 4.3552 2.8818 -55.5583 2.6440 -5.0169 -73.8587 25.6033 -33.6414 4.4820 -0.2297 -5.8656 49.4143 9.5963 20.6785 59.4009 25.4700 43.2285 1.4498 0.2638 20.6216 -3.1645 -21.5908 -0.6036 13.4243 53.1511 -6.7383 -10.6611 4.8874 -14.5765 -0.0000 0.0000 0.0000 6.2011 -10.8154 0.5876 11.3729 41.5426 -4.3258 -21.8459 -23.5504 -26.2371 -0.0000 0.0000 0.0000
-0.3451 0.7466 0.0244 -4.0378 12.7771 12.9014 3.1376 -0.1412 -11.2800 3.1376 -0.1412 -11.2800 -0.8836 4.2823 2.8989 -0.8836 4.2823 2.8989 -56.3725 2.7519 -5.1328 -71.6382 25.1708 -34.3777 4.2366 -0.2186 -5.9057 50.2396 9.4682 20.0337 59.0637 24.9107 42.6009 1.9624 0.3618 20.8895 -2.6489 -18.8984 -0.4409 12.7419 49.8297 -5.9378 -10.4540 4.2491 -14.2443 -0.0000 0.0000 0.0000 5.9610 -10.9280 0.5707 12.3514 41.3005 -4.6705 -21.9714 -24.0698 -26.3386 -0.0000 0.0000 0.0000
-0.3434 0.7514 0.0278 -4.2680 12.6697 13.6712 3.2919 -0.1326 -11.5744 3.2919 -0.1326 -11.5744 -0.8922 4.2292 2.9310 -0.8922 4.2292 2.9310 -57.2197 2.8823 -5.2817 -69.4209 24.6340 -34.9906 3.8817 -0.2017 -5.9469 51.0218 9.3490 19.4458 58.6879 24.3585 42.0047 2.4359 0.4547 21.1443 -2.2609 -16.9072 -0.3361 12.5178 47.3555 -5.5068 -10.4470 3.6026 -14.1847 -0.0000 0.0000 0.0000 5.7322 -11.1508 0.5600 13.3146 41.2421 -5.0297 -22.0923 -24.6336 -26.4305 -0.0000 0.0000 0.0000
-0.3419 0.7542 0.0295 -4.4282 12.5712 14.3910 3.4005 -0.1262 -11.8596 3.4005 -0.1262 -11.8596 -0.9181 4.2059 2.9671 -0.9181 4.2059 2.9671 -58.0264 3.0275 -5.4559 -67.2910 24.0557 -35.5036 3.5666 -0.1877 -6.0239 51.7534 9.2722 18.9813 58.2107 23.8180 41.4958 2.8264 0.5326 21.3401 -2.0715 -15.7047 -0.2857 12.6049 45.6673 -5.3250 -10.4146 2.9844 -14.0939 -0.0000 0.0000 0.0000 5.4995 -11.3536 0.5471 14.1231 41.1352 -5.3226 -22.1624 -25.0940 -26.4715 -0.0000 0.0000 0.0000
-0.3408 0.7563 0.0299 -4.4830 12.4982 14.9969 3.4459 -0.1258 -12.1068 3.4459 -0.1258 -12.1068 -0.9143 4.2080 3.0180 -0.9143 4.2080 3.0180 -58.8741 3.1832 -5.6377 -65.3272 23.3539 -35.7358 3.3083 -0.1776 -6.1437 52.5178 9.2333 18.5918 57.6420 23.2018 40.9202 3.1505 0.5994 21.5372 -2.0502 -15.0184 -0.2703 12.8674 44.5279 -5.2863 -10.3288 2.6125 -13.9506 -0.0000 0.0000 0.0000 5.2675 -11.4201 0.5271 14.6815 40.8755 -5.4969 -22.0748 -25.2746 -26.3517 -0.0000 0.0000 0.0000
-0.3399 0.7580 0.0296 -4.4537 12.4372 15.4423 3.4475 -0.1308 -12.2992 3.4475 -0.1308 -12.2992 -0.9007 4.2420 3.0519 -0.9007 4.2420 3.0519 -59.8226 3.3395 -5.8017 -63.5292 22.5059 -35.6288 3.0804 -0.1707 -6.3416 53.3474 9.2509 18.2974 56.8477 22.4743 40.3148 3.4312 0.6574 21.6868 -2.1329 -14.6072 -0.2734 13.1585 43.6703 -5.2919 -10.1910 2.4007 -13.7499 -0.0000 0.0000 0.0000 5.0616 -11.2797 0.5002 14.9261 40.3582 -5.5126 -21.8198 -25.2117 -26.0561 -0.0000 0.0000 0.0000
-0.3393 0.7595 0.0294 -4.3914 12.3503 15.6818 3.4361 -0.1394 -12.4262 3.4361 -0.1394 -12.4262 -0.9246 4.2957 3.0838 -0.9246 4.2957 3.0838 -60.8643 3.4664 -5.8973 -61.9180 21.5618 -35.2207 2.7443 -0.1585 -6.6092 54.2707 9.3018 18.0392 55.9600 21.6409 39.5742 3.6727 0.7074 21.7972 -2.2421 -14.3086 -0.2815 13.4490 43.0152 -5.3204 -10.1151 2.3026 -13.6409 -0.0000 0.0000 0.0000 4.9453 -10.9139 0.4727 14.8799 39.7060 -5.3990 -21.4452 -24.9642 -25.6350 -0.0000 0.0000 0.0000
-0.3388 0.7608 0.0298 -4.2994 12.2255 15.7200 3.4177 -0.1529 -12.4978 3.4177 -0.1529 -12.4978 -0.9894 4.3517 3.1042 -0.9894 4.3517 3.1042 -61.9736 3.5547 -5.9157 -60.4879 20.5776 -34.5878 2.3400 -0.1409 -6.8930 55.2765 9.3765 17.8020 54.9599 20.7691 38.8179 3.8780 0.7453 21.7502 -2.3533 -13.9779 -0.2885 13.6914 42.4667 -5.3413 -10.2326 2.4165 -13.8069 -0.0000 0.0000 0.0000 4.8973 -10.3302 0.4430 14.6607 39.0650 -5.2259 -20.9651 -24.4369 -25.1124 -0.0000 0.0000 0.0000
-0.3384 0.7621 0.0305 -4.2130 12.0592 15.5950 3.4114 -0.1719 -12.5279 3.4114 -0.1719 -12.5279 -1.0891 4.3912 3.1151 -1.0891 4.3912 3.1151 -63.0891 3.5960 -5.8547 -59.1625 19.5762 -33.8096 1.7893 -0.1133 -7.2450 56.3222 9.4709 17.5929 53.8850 19.9111 38.1045 4.0480 0.7711 21.5615 -2.4194 -13.6367 -0.2893 13.8476 42.0487 -5.3445 -10.4781 2.9564 -14.1774 -0.0000 0.0000 0.0000 4.9174 -9.6340 0.4146 14.3649 38.5261 -5.0433 -20.5276 -23.7829 -24.6493 -0.0000 0.0000 0.0000
-0.3381 0.7634 0.0314 -4.1484 11.8652 15.4111 3.3938 -0.1856 -12.5469 3.3938 -0.1856 -12.5469 -1.1799 4.4120 3.1081 -1.1799 4.4120 3.1081 -64.0632 3.6060 -5.7607 -57.8226 18.6206 -33.0659 0.9919 -0.0668 -7.7008 57.3714 9.6011 17.4522 52.7229 19.1270 37.5541 4.1400 0.7771 21.2544 -2.3928 -13.1486 -0.2758 13.8329 41.5069 -5.2637 -10.6923 3.6411 -14.5193 -0.0000 0.0000 0.0000 4.9976 -8.8795 0.3883 13.9717 37.8638 -4.8133 -20.1848 -23.1855 -24.2924 -0.0000 0.0000 0.0000
-0.3379 0.7647 0.0323 -4.1365 11.6658 15.2870 3.3785 -0.1935 -12.5781 3.3785 -0.1935 -12.5781 -1.2505 4.4159 3.0682 -1.2505 4.4159 3.0682 -64.9018 3.6314 -5.7082 -56.3846 17.6989 -32.3927 -0.0500 0.0036 -8.2163 58.4141 9.7840 17.4088 51.4719 18.4330 37.2076 4.0340 0.7418 20.8319 -2.2425 -12.5304 -0.2462 13.7160 40.8312 -5.1263 -10.7051 4.1192 -14.5745 -0.0000 0.0000 0.0000 5.1213 -8.2562 0.3699 13.5800 37.1101 -4.5773 -19.9252 -22.7807 -24.0171 -0.0000 0.0000 0.0000
-0.3377 0.7660 0.0333 -4.1925 11.4749 15.2686 3.3729 -0.1933 -12.6314 3.3729 -0.1933 -12.6314 -1.2697 4.4172 3.0010 -1.2697 4.4172 3.0010 -65.6473 3.6982 -5.7305 -54.7452 16.7765 -31.7947 -1.3296 0.1020 -8.7774 59.4086 10.0164 17.4658 50.0080 17.7532 37.0274 3.9279 0.7065 20.3847 -1.9621 -11.8111 -0.2030 13.5210 40.0235 -4.9443 -10.5358 4.1102 -14.3444 -0.0000 0.0000 0.0000 5.2872 -7.8183 0.3615 13.1893 36.2185 -4.3304 -19.7201 -22.7070 -23.7784 -0.0000 0.0000 0.0000
-0.3376 0.7671 0.0347 -4.2746 11.2942 15.3672 3.3488 -0.1830 -12.7179 3.3488 -0.1830 -12.7179 -1.2515 4.4367 2.9391 -1.2515 4.4367 2.9391 -66.3082 3.7809 -5.7851 -52.9660 15.8475 -31.2173 -2.8201 0.2311 -9.3670 60.3506 10.2483 17.5347 48.3784 16.9864 36.7778 4.1144 0.7310 20.1398 -1.6099 -10.9865 -0.1548 13.2993 39.1036 -4.7417 -10.2353 3.6702 -13.9038 -0.0000 0.0000 0.0000 5.5140 -7.3185 0.3529 12.7618 35.1423 -4.0563 -19.5132 -22.8244 -23.5213 -0.0000 0.0000 0.0000
-0.3376 0.7678 0.0366 -4.3001 11.1419 15.5591 3.2740 -0.1689 -12.8403 3.2740 -0.1689 -12.8403 -1.1990 4.4799 2.8782 -1.1990 4.4799 2.8782 -66.9153 3.8677 -5.8501 -51.0927 14.9306 -30.6622 -4.3663 0.3799 -9.9398 61.2166 10.4546 17.5818 46.5310 16.1197 36.4588 4.6675 0.8252 20.0415 -1.3053 -10.1334 -0.1157 13.1218 38.1997 -4.5613 -9.9219 2.8874 -13.4231 -0.0000 0.0000 0.0000 5.7391 -6.6321 0.3328 12.3139 33.9243 -3.7690 -19.2783 -23.0104 -23.2253 -0.0000 0.0000 0.0000
-0.3375 0.7680 0.0389 -4.2593 11.0092 15.7722 3.1776 -0.1624 -12.9819 3.1776 -0.1624 -12.9819 -1.1622 4.5443 2.8107 -1.1622 4.5443 2.8107 -67.5526 3.9397 -5.8875 -49.1685 14.0287 -30.1054 -5.8872 0.5395 -10.4634 61.9482 10.6117 17.5901 44.5754 15.1897 36.0403 5.5660 0.9822 19.9997 -1.0711 -9.3445 -0.0875 12.9913 37.4097 -4.4153 -9.6070 1.9663 -12.9353 -0.0000 0.0000 0.0000 5.9627 -5.7797 0.3013 11.8437 32.6774 -3.4834 -19.1062 -23.2794 -22.9978 -0.0000 0.0000 0.0000
-0.3374 0.7680 0.0409 -4.1015 10.8948 15.9909 3.0360 -0.1653 -13.1427 3.0360 -0.1653 -13.1427 -1.1155 4.6303 2.7437 -1.1155 4.6303 2.7437 -68.2019 3.9692 -5.8594 -47.2305 13.1361 -29.5080 -7.3899 0.7084 -10.9366 62.5504 10.7182 17.5585 42.6028 14.2620 35.5783 6.5814 1.1555 19.8958 -0.9758 -8.6957 -0.0742 12.8943 36.7854 -4.3037 -9.3672 1.2524 -12.5666 -0.0000 0.0000 0.0000 6.0917 -4.9006 0.2609 11.4041 31.4671 -3.2225 -18.9955 -23.6110 -22.8390 -0.0000 0.0000 0.0000
-0.3374 0.7682 0.0419 -3.8514 10.8159 16.2365 2.8683 -0.1794 -13.3226 2.8683 -0.1794 -13.3226 -1.0935 4.7148 2.6717 -1.0935 4.7148 2.6717 -68.7724 4.0407 -5.9016 -45.3047 12.3424 -29.0506 -8.7694 0.8687 -11.2928 63.0387 10.8013 17.5271 40.8029 13.4264 35.1229 7.2283 1.2539 19.6572 -0.9806 -8.1767 -0.0701 12.7761 36.2408 -4.1964 -9.0817 0.6542 -12.1473 -0.0000 0.0000 0.0000 6.0680 -4.3277 0.2295 11.1115 30.5430 -3.0426 -18.8965 -23.9278 -22.6957 -0.0000 0.0000 0.0000
-0.3375 0.7688 0.0417 -3.5545 10.8132 16.3896 2.7046 -0.2061 -13.4887 2.7046 -0.2061 -13.4887 -1.0308 4.7617 2.6284 -1.0308 4.7617 2.6284 -69.2461 4.1792 -6.0499 -43.4576 11.6532 -28.7245 -9.9583 1.0127 -11.5846 63.4137 10.8941 17.5491 39.2319 12.6701 34.6044 7.4123 1.2696 19.4125 -1.0621 -7.9062 -0.0734 12.5559 35.7777 -4.0673 -8.7297 0.2826 -11.6557 -0.0000 0.0000 0.0000 5.9344 -4.0614 0.2106 10.8724 29.8057 -2.9016 -18.8603 -24.0217 -22.6451 -0.0000 0.0000 0.0000
-0.3378 0.7700 0.0401 -3.2583 10.8933 16.4297 2.5630 -0.2402 -13.6224 2.5630 -0.2402 -13.6224 -0.9013 4.7585 2.6231 -0.9013 4.7585 2.6231 -69.6298 4.3814 -6.2972 -41.5715 10.9974 -28.4619 -10.7968 1.1197 -11.8066 63.7124 11.0073 17.6284 37.7785 11.9576 34.0364 7.1518 1.2076 19.1448 -1.1689 -7.8207 -0.0799 12.1781 35.2689 -3.8843 -8.2964 0.0581 -11.0661 -0.0000 0.0000 0.0000 5.7985 -3.9254 0.1989 10.5842 29.0273 -2.7472 -18.9938 -23.8558 -22.8174 -0.0000 0.0000 0.0000
-0.3382 0.7714 0.0378 -3.0107 11.0373 16.2769 2.4523 -0.2730 -13.6748 2.4523 -0.2730 -13.6748 -0.7084 4.7086 2.6761 -0.7084 4.7086 2.6761 -69.9579 4.6208 -6.6006 -39.5047 10.3020 -28.1848 -11.2113 1.1766 -11.9452 64.0112 11.1523 17.7566 36.2013 11.2411 33.5122 6.5727 1.0890 18.7958 -1.2708 -7.9284 -0.0881 11.6870 34.8381 -3.6782 -7.9899 -0.0847 -10.6507 -0.0000 0.0000 0.0000 5.7767 -3.7640 0.1900 10.1226 28.1277 -2.5420 -19.2846 -23.4454 -23.1972 -0.0000 0.0000 0.0000
-0.3385 0.7729 0.0353 -2.8143 11.1716 15.8336 2.3712 -0.3015 -13.6249 2.3712 -0.3015 -13.6249 -0.4988 4.6507 2.7581 -0.4988 4.6507 2.7581 -70.2899 4.8277 -6.8536 -37.2171 9.5307 -27.8122 -11.1438 1.1763 -12.0137 64.3634 11.3471 17.9428 34.3345 10.4751 33.0545 6.0380 0.9726 18.2843 -1.3862 -8.2247 -0.0997 11.1534 34.6562 -3.4898 -7.9816 -0.2239 -10.6321 -0.0000 0.0000 0.0000 5.9065 -3.4202 0.1765 9.4355 27.1246 -2.2810 -19.7003 -22.8701 -23.7410 -0.0000 0.0000 0.0000
-0.3386 0.7741 0.0331 -2.6012 11.2472 15.0949 2.2789 -0.3259 -13.4999 2.2789 -0.3259 -13.4999 -0.2786 4.6199 2.8933 -0.2786 4.6199 2.8933 -70.6629 4.9179 -6.9336 -34.7794 8.6724 -27.2202 -10.6371 1.1257 -12.0474 64.8311 11.5201 18.0524 32.2370 9.6440 32.5466 5.9261 0.9219 17.6704 -1.5599 -8.6060 -0.1174 10.5964 34.7765 -3.3269 -8.2619 -0.3800 -10.9958 -0.0000 0.0000 0.0000 6.0985 -2.8015 0.1493 8.5553 26.0371 -1.9815 -20.0364 -22.2937 -24.1917 -0.0000 0.0000 0.0000
-0.3385 0.7748 0.0315 -2.3419 11.1817 14.1765 2.1539 -0.3454 -13.3397 2.1539 -0.3454 -13.3397 -0.1218 4.6542 3.0466 -0.1218 4.6542 3.0466 -71.0637 4.8586 -6.7995 -32.3582 7.7788 -26.3765 -9.8824 1.0499 -12.0995 65.4630 11.5979 17.9573 29.9728 8.7657 31.9543 6.3349 0.9521 17.0785 -1.7873 -8.9357 -0.1397 10.0441 35.1293 -3.1867 -8.7527 -0.6431 -11.6317 -0.0000 0.0000 0.0000 6.2521 -2.0215 0.1104 7.6480 25.0817 -1.7036 -20.2149 -21.8894 -24.4404 -0.0000 0.0000 0.0000
-0.3381 0.7749 0.0305 -2.0679 10.9609 13.2055 2.0117 -0.3599 -13.1564 2.0117 -0.3599 -13.1564 -0.0094 4.7544 3.1659 -0.0094 4.7544 3.1659 -71.4889 4.6309 -6.4308 -30.2143 6.9278 -25.2762 -9.1546 0.9848 -12.2549 66.2336 11.5645 17.6481 27.6845 7.9018 31.3156 7.0368 1.0308 16.6479 -1.9938 -9.1160 -0.1590 9.5005 35.6130 -3.0578 -9.0625 -0.9155 -12.0257 -0.0000 0.0000 0.0000 6.3406 -1.1445 0.0634 6.8577 24.3275 -1.4798 -20.2683 -21.6434 -24.5260 -0.0000 0.0000 0.0000
-0.3375 0.7745 0.0301 -1.8142 10.5845 12.3378 1.8689 -0.3699 -12.9738 1.8689 -0.3699 -12.9738 0.0705 4.9153 3.2417 0.0705 4.9153 3.2417 -71.9338 4.2833 -5.9002 -28.3048 6.1459 -24.0379 -8.6122 0.9435 -12.4816 67.0680 11.4186 17.1573 25.5368 7.1206 30.7056 7.6887 1.1032 16.3073 -2.1179 -9.0480 -0.1676 8.9839 36.0948 -2.9326 -9.0875 -1.1808 -12.0428 -0.0000 0.0000 0.0000 6.3887 -0.2677 0.0149 6.2810 23.8417 -1.3273 -20.2950 -21.5745 -24.5641 -0.0000 0.0000 0.0000
-0.3369 0.7739 0.0301 -1.6259 10.1180 11.6281 1.7318 -0.3702 -12.7859 1.7318 -0.3702 -12.7859 0.1622 5.1198 3.3343 0.1622 5.1198 3.3343 -72.3760 3.8600 -5.2746 -26.7398 5.4497 -22.6465 -8.1112 0.9027 -12.6800 67.9272 11.2121 16.5820 23.6211 6.4454 30.1415 8.0327 1.1333 16.0359 -2.1281 -8.8110 -0.1640 8.5179 36.5776 -2.8198 -9.1218 -1.1718 -12.0887 -0.0000 0.0000 0.0000 6.4447 0.5236 -0.0295 5.8991 23.6007 -1.2335 -20.3214 -21.6063 -24.5929 -0.0000 0.0000 0.0000
-0.3365 0.7732 0.0304 -1.4839 9.6243 10.9697 1.5875 -0.3630 -12.5913 1.5875 -0.3630 -12.5913 0.2825 5.3480 3.4326 0.2825 5.3480 3.4326 -72.7851 3.4063 -4.6203 -25.5507 4.8449 -21.1371 -7.4327 0.8363 -12.8212 68.7884 11.0221 16.0450 21.9900 5.8829 29.6271 8.0904 1.1198 15.7357 -2.0633 -8.5155 -0.1536 8.0420 37.0684 -2.7001 -9.3033 -0.8609 -12.3475 -0.0000 0.0000 0.0000 6.4953 1.2296 -0.0698 5.6285 23.4983 -1.1716 -20.3817 -21.5910 -24.6665 -0.0000 0.0000 0.0000
-0.3362 0.7726 0.0306 -1.3817 9.1937 10.2451 1.4472 -0.3528 -12.3767 1.4472 -0.3528 -12.3767 0.3970 5.5513 3.5494 0.3970 5.5513 3.5494 -73.1466 2.9860 -4.0238 -24.6553 4.3324 -19.6391 -6.4644 0.7297 -12.8680 69.6102 10.8524 15.5620 20.7030 5.4279 29.0963 8.0706 1.0935 15.4077 -1.9453 -8.2358 -0.1401 7.4709 37.5090 -2.5399 -9.6272 -0.3084 -12.8115 -0.0000 0.0000 0.0000 6.5284 1.8256 -0.1041 5.4044 23.4306 -1.1215 -20.5499 -21.4295 -24.8824 -0.0000 0.0000 0.0000
-0.3361 0.7722 0.0304 -1.3142 8.8369 9.4000 1.3168 -0.3407 -12.1161 1.3168 -0.3407 -12.1161 0.4765 5.7251 3.6631 0.4765 5.7251 3.6631 -73.4799 2.6126 -3.4994 -23.8761 3.8920 -18.2592 -5.3275 0.6006 -12.8551 70.3920 10.6992 15.1252 19.6250 5.0525 28.6216 8.1381 1.0740 15.0121 -1.8000 -8.0779 -0.1271 6.7717 37.9163 -2.3285 -10.1527 0.4119 -13.5574 -0.0000 0.0000 0.0000 6.5548 2.3114 -0.1324 5.1790 23.3883 -1.0727 -20.8984 -21.1154 -25.3285 -0.0000 0.0000 0.0000
-0.3362 0.7720 0.0296 -1.2853 8.5843 8.4589 1.2119 -0.3286 -11.7879 1.2119 -0.3286 -11.7879 0.5276 5.8408 3.7188 0.5276 5.8408 3.7188 -73.8203 2.3218 -3.0908 -22.9893 3.5179 -17.1751 -4.3632 0.4881 -12.7588 71.1239 10.5640 14.7366 18.6475 4.7323 28.2534 8.2661 1.0548 14.5191 -1.6319 -8.0887 -0.1154 5.9698 38.2734 -2.0731 -10.6743 1.2698 -14.3139 -0.0000 0.0000 0.0000 6.5740 2.6251 -0.1508 4.9787 23.4491 -1.0339 -21.3806 -20.7265 -25.9430 -0.0000 0.0000 0.0000
-0.3364 0.7720 0.0282 -1.2945 8.4195 7.4898 1.1451 -0.3192 -11.4170 1.1451 -0.3192 -11.4170 0.5488 5.9059 3.7166 0.5488 5.9059 3.7166 -74.2137 2.1269 -2.8113 -21.9162 3.1894 -16.3646 -3.7914 0.4215 -12.6835 71.7929 10.4577 14.4124 17.7505 4.4604 28.0074 8.3091 1.0171 13.9343 -1.4442 -8.2719 -0.1044 5.1373 38.5973 -1.8000 -11.2023 2.1088 -15.0843 -0.0000 0.0000 0.0000 6.6151 2.7872 -0.1611 4.7928 23.6431 -1.0037 -21.9318 -20.2948 -26.6457 -0.0000 0.0000 0.0000
-0.3366 0.7719 0.0261 -1.3486 8.3569 6.5341 1.1256 -0.3129 -11.0280 1.1256 -0.3129 -11.0280 0.5510 5.9288 3.7150 0.5510 5.9288 3.7150 -74.6823 1.9878 -2.6052 -20.8893 2.8565 -15.4056 -3.4870 0.3915 -12.8075 72.4245 10.4102 14.1837 16.8503 4.1931 27.7660 8.2122 0.9631 13.3558 -1.2413 -8.6971 -0.0944 4.3239 38.9205 -1.5284 -12.0039 2.8158 -16.2180 -0.0000 0.0000 0.0000 6.6961 2.8138 -0.1646 4.5882 23.9140 -0.9721 -22.4208 -19.8280 -27.2788 -0.0000 0.0000 0.0000
-0.3369 0.7718 0.0234 -1.4156 8.3635 5.5584 1.1283 -0.3094 -10.6474 1.1283 -0.3094 -10.6474 0.5422 5.9365 3.7379 0.5422 5.9365 3.7379 -75.3253 1.7380 -2.2516 -20.0870 2.4258 -13.6341 -3.3716 0.3986 -13.4799 73.0813 10.4173 14.0256 15.9087 3.9038 27.4137 8.1053 0.9102 12.7943 -1.0441 -9.3392 -0.0853 3.5359 39.2890 -1.2625 -13.0644 3.2559 -17.6824 -0.0000 0.0000 0.0000 6.7949 2.8353 -0.1684 4.3152 24.1207 -0.9224 -22.7422 -19.3175 -27.7165 -0.0000 0.0000 0.0000
-0.3372 0.7715 0.0201 -1.4530 8.3703 4.5247 1.1322 -0.3111 -10.3069 1.1322 -0.3111 -10.3069 0.4934 5.9667 3.8128 0.4934 5.9667 3.8128 -76.1642 1.2305 -1.5702 -19.4931 1.9029 -11.0449 -3.4021 0.4414 -14.7824 73.8062 10.4094 13.8331 14.9458 3.5892 26.8684 8.1902 0.8832 12.2884 -0.8647 -10.0773 -0.0762 2.7369 39.6939 -0.9880 -14.2192 3.4209 -19.2495 -0.0000 0.0000 0.0000 6.8765 2.9173 -0.1753 3.9512 24.2445 -0.8490 -22.9203 -18.8756 -27.9761 -0.0000 0.0000 0.0000
-0.3374 0.7711 0.0162 -1.4423 8.3194 3.4061 1.1138 -0.3152 -10.0016 1.1138 -0.3152 -10.0016 0.4179 6.0481 3.9496 0.4179 6.0481 3.9496 -77.1215 0.4675 -0.5865 -18.8651 1.3585 -8.1640 -3.5764 0.5177 -16.4685 74.5860 10.3576 13.5730 14.0271 3.2748 26.1620 8.5701 0.8912 11.8515 -0.7026 -10.8534 -0.0668 1.8902 40.1070 -0.6900 -15.3640 3.2801 -20.7688 -0.0000 0.0000 0.0000 6.9216 3.0870 -0.1867 3.4814 24.2975 -0.7497 -22.9579 -18.5643 -28.0534 -0.0000 0.0000 0.0000
-0.3376 0.7705 0.0120 -1.3737 8.1895 2.1921 1.0589 -0.3194 -9.7138 1.0589 -0.3194 -9.7138 0.3369 6.1697 4.1137 0.3369 6.1697 4.1137 -78.1230 -0.4756 0.5860 -17.9743 0.8911 -5.6301 -3.9232 0.6258 -18.1194 75.3940 10.1984 13.1732 13.2561 2.9983 25.3856 9.2336 0.9282 11.4561 -0.5593 -11.6023 -0.0568 0.9712 40.4978 -0.3583 -16.3413 3.0304 -22.0465 -0.0000 0.0000 0.0000 6.8971 3.2960 -0.1987 2.9665 24.3809 -0.6410 -22.8905 -18.4158 -27.9875 -0.0000 0.0000 0.0000
-0.3380 0.7699 0.0080 -1.2588 7.9990 0.9538 0.9655 -0.3214 -9.4276 0.9655 -0.3214 -9.4276 0.2714 6.3138 4.2711 0.2714 6.3138 4.2711 -79.0469 -1.4164 1.7168 -16.8067 0.5783 -3.9133 -4.3824 0.7499 -19.4110 76.1509 9.9265 12.6511 12.7332 2.7944 24.6618 10.0319 0.9832 11.1674 -0.4238 -12.2373 -0.0454 0.0310 40.8543 -0.0115 -17.0789 2.7902 -23.0006 -0.0000 0.0000 0.0000 6.8292 3.5060 -0.2093 2.4273 24.5234 -0.5276 -22.7997 -18.3611 -27.8837 -0.0000 0.0000 0.0000
-0.3385 0.7692 0.0046 -1.1281 7.8076 -0.2137 0.8531 -0.3212 -9.1422 0.8531 -0.3212 -9.1422 0.2284 6.4468 4.4036 0.2284 6.4468 4.4036 -79.7981 -2.1701 2.5953 -15.5520 0.4212 -3.0836 -4.8437 0.8657 -20.2540 76.7964 9.5843 12.0766 12.4394 2.6668 24.1124 10.8983 1.0564 11.0406 -0.2890 -12.6840 -0.0321 -0.8604 41.0823 0.3224 -17.6587 2.5817 -23.7456 -0.0000 0.0000 0.0000 6.7876 3.6959 -0.2193 1.8481 24.6377 -0.4036 -22.7437 -18.3326 -27.8190 -0.0000 0.0000 0.0000
-0.3390 0.7685 0.0020 -1.0040 7.6561 -1.2249 0.7363 -0.3193 -8.8645 0.7363 -0.3193 -8.8645 0.2124 6.5522 4.5062 0.2124 6.5522 4.5062 -80.4024 -2.7116 3.2084 -14.3271 0.3449 -2.7433 -5.2968 0.9721 -20.7849 77.3017 9.2275 11.5240 12.3095 2.5967 23.7383 11.8308 1.1479 11.0448 -0.1546 -12.9537 -0.0176 -1.6274 41.2101 0.6119 -18.1422 2.4402 -24.3692 -0.0000 0.0000 0.0000 6.8105 3.9034 -0.2324 1.2476 24.5966 -0.2720 -22.7030 -18.3051 -27.7726 -0.0000 0.0000 0.0000
-0.3395 0.7678 0.0004 -0.8963 7.5337 -2.0453 0.6269 -0.3172 -8.6271 0.6269 -0.3172 -8.6271 0.2075 6.6393 4.5918 0.2075 6.6393 4.5918 -80.8665 -3.1056 3.6445 -13.2700 0.3078 -2.6457 -5.7533 1.0755 -21.1606 77.6859 8.8558 10.9856 12.3387 2.5780 23.5181 12.8191 1.2527 11.1166 -0.0226 -13.0418 -0.0026 -2.2594 41.2780 0.8511 -18.5130 2.3164 -24.8443 -0.0000 0.0000 0.0000 6.8967 4.1510 -0.2502 0.6329 24.4109 -0.1369 -22.6606 -18.2834 -27.7237 -0.0000 0.0000 0.0000
-0.3399 0.7671 -0.0006 -0.8115 7.4278 -2.6777 0.5278 -0.3144 -8.4466 0.5278 -0.3144 -8.4466 0.2115 6.7159 4.6718 0.2115 6.7159 4.6718 -81.2115 -3.3930 3.9574 -12.4112 0.2894 -2.6613 -6.1851 1.1730 -21.4572 77.9726 8.5260 10.5236 12.5291 2.5988 23.3490 13.7608 1.3561 11.2031 0.1153 -13.0142 0.0131 -2.7896 41.2803 1.0509 -18.7572 2.1724 -25.1488 -0.0000 0.0000 0.0000 7.0277 4.4228 -0.2717 0.0139 24.1085 -0.0030 -22.5915 -18.2850 -27.6401 -0.0000 0.0000 0.0000
-0.3400 0.7666 -0.0013 -0.7474 7.3266 -3.1754 0.4425 -0.3109 -8.3148 0.4425 -0.3109 -8.3148 0.2120 6.7879 4.7540 0.2120 6.7879 4.7540 -81.4970 -3.6304 4.2130 -11.7480 0.2591 -2.5179 -6.6083 1.2704 -21.7412 78.1973 8.2537 10.1477 12.8218 2.6404 23.1820 14.5673 1.4422 11.2481 0.2573 -12.9408 0.0292 -3.2711 41.2540 1.2316 -18.8668 2.0284 -25.2749 -0.0000 0.0000 0.0000 7.1535 4.6819 -0.2928 -0.5572 23.7812 0.1173 -22.4992 -18.3199 -27.5251 -0.0000 0.0000 0.0000
-0.3399 0.7663 -0.0018 -0.6703 7.2519 -3.5742 0.3559 -0.3068 -8.2013 0.3559 -0.3068 -8.2013 0.2119 6.8629 4.8506 0.2119 6.8629 4.8506 -81.7438 -3.8205 4.4144 -11.2454 0.2147 -2.1809 -7.0345 1.3702 -22.0182 78.3731 8.0554 9.8735 13.1390 2.6847 23.0022 15.1913 1.5146 11.3217 0.3865 -12.9089 0.0437 -3.7498 41.2197 1.4106 -18.9056 1.9357 -25.3140 -0.0000 0.0000 0.0000 7.2239 4.8806 -0.3083 -1.0544 23.4653 0.2190 -22.4069 -18.4006 -27.4054 -0.0000 0.0000 0.0000
-0.3396 0.7661 -0.0023 -0.5934 7.2228 -3.8260 0.2746 -0.3024 -8.1135 0.2746 -0.3024 -8.1135 0.2184 6.9333 4.9433 0.2184 6.9333 4.9433 -81.9673 -3.9782 4.5784 -10.8412 0.1658 -1.7474 -7.4762 1.4750 -22.2914 78.5193 7.9316 9.6968 13.3972 2.7206 22.8609 15.6392 1.5773 11.4482 0.5005 -12.8826 0.0565 -4.1739 41.1851 1.5689 -18.8275 1.9019 -25.2066 -0.0000 0.0000 0.0000 7.2948 4.9605 -0.3164 -1.4957 23.1758 0.3067 -22.3777 -18.5850 -27.3515 -0.0000 0.0000 0.0000
-0.3392 0.7661 -0.0028 -0.5237 7.2445 -3.9261 0.2031 -0.2981 -8.0511 0.2031 -0.2981 -8.0511 0.2270 6.9933 5.0168 0.2270 6.9933 5.0168 -82.1571 -4.1016 4.7046 -10.4959 0.1273 -1.3861 -7.9180 1.5788 -22.5196 78.6394 7.8706 9.6018 13.5450 2.7413 22.7832 15.9385 1.6321 11.6192 0.6035 -12.8398 0.0679 -4.5219 41.1410 1.6978 -18.6628 1.8788 -24.9861 -0.0000 0.0000 0.0000 7.3891 4.9306 -0.3186 -1.8668 22.9088 0.3783 -22.4041 -18.8633 -27.3552 -0.0000 0.0000 0.0000
-0.3388 0.7662 -0.0031 -0.4750 7.3117 -3.8818 0.1466 -0.2937 -8.0121 0.1466 -0.2937 -8.0121 0.2347 7.0348 5.0445 0.2347 7.0348 5.0445 -82.3048 -4.1953 4.7996 -10.1909 0.1057 -1.1858 -8.3721 1.6829 -22.6931 78.7390 7.8656 9.5789 13.5878 2.7487 22.7724 16.1272 1.6809 11.8233 0.7037 -12.7715 0.0788 -4.7758 41.0892 1.7907 -18.4410 1.7788 -24.6807 -0.0000 0.0000 0.0000 7.5138 4.8030 -0.3156 -2.1525 22.6970 0.4320 -22.4946 -19.1867 -27.4317 -0.0000 0.0000 0.0000
-0.3385 0.7664 -0.0033 -0.4548 7.3937 -3.7414 0.1068 -0.2892 -8.0026 0.1068 -0.2892 -8.0026 0.2355 7.0624 5.0306 0.2355 7.0624 5.0306 -82.4116 -4.2792 4.8864 -9.9380 0.0991 -1.1403 -8.7812 1.7764 -22.8310 78.8286 7.9008 9.6064 13.5706 2.7467 22.7844 16.2514 1.7239 12.0303 0.8111 -12.6750 0.0901 -4.9536 41.0353 1.8548 -18.1666 1.6666 -24.3043 -0.0000 0.0000 0.0000 7.6661 4.6252 -0.3101 -2.3740 22.5269 0.4729 -22.6539 -19.4664 -27.5953 -0.0000 0.0000 0.0000
-0.3383 0.7667 -0.0033 -0.4596 7.4707 -3.5599 0.0815 -0.2849 -8.0186 0.0815 -0.2849 -8.0186 0.2266 7.0783 4.9785 0.2266 7.0783 4.9785 -82.4831 -4.3580 4.9701 -9.7531 0.0965 -1.1311 -9.1131 1.8524 -22.9349 78.9083 7.9478 9.6499 13.5296 2.7418 22.8120 16.3500 1.7629 12.2258 0.9148 -12.5412 0.1005 -5.0529 40.9261 1.8866 -17.8754 1.5587 -23.9066 -0.0000 0.0000 0.0000 7.8226 4.4375 -0.3036 -2.5302 22.4040 0.5012 -22.7662 -19.7122 -27.7054 -0.0000 0.0000 0.0000
-0.3381 0.7674 -0.0034 -0.4671 7.5323 -3.4093 0.0593 -0.2811 -8.0424 0.0593 -0.2811 -8.0424 0.2213 7.0947 4.9130 0.2213 7.0947 4.9130 -82.5301 -4.4186 5.0350 -9.6459 0.0912 -1.0803 -9.3617 1.9128 -23.0473 78.9808 7.9749 9.6702 13.5014 2.7408 22.8511 16.4528 1.7981 12.3899 1.0092 -12.4096 0.1097 -5.1306 40.7566 1.9069 -17.6349 1.5108 -23.5832 -0.0000 0.0000 0.0000 7.9315 4.3110 -0.2990 -2.6061 22.2928 0.5136 -22.7666 -19.8751 -27.6895 -0.0000 0.0000 0.0000
-0.3379 0.7683 -0.0034 -0.4804 7.6157 -3.2530 0.0427 -0.2770 -8.0615 0.0427 -0.2770 -8.0615 0.2130 7.0942 4.8649 0.2130 7.0942 4.8649 -82.5504 -4.4292 5.0453 -9.6165 0.0875 -1.0399 -9.5628 1.9638 -23.1592 79.0531 8.0211 9.7138 13.4415 2.7349 22.9034 16.5412 1.8353 12.5761 1.0806 -12.2568 0.1160 -5.1364 40.4762 1.8948 -17.3987 1.5449 -23.2753 -0.0000 0.0000 0.0000 8.0059 4.2007 -0.2941 -2.6014 22.1731 0.5098 -22.6727 -19.9834 -27.5659 -0.0000 0.0000 0.0000
-0.3378 0.7692 -0.0029 -0.4949 7.7147 -3.0835 0.0263 -0.2713 -8.0638 0.0263 -0.2713 -8.0638 0.1942 7.0834 4.8456 0.1942 7.0834 4.8456 -82.5536 -4.4078 5.0207 -9.6125 0.0884 -1.0512 -9.9201 2.0523 -23.3223 79.1386 8.0637 9.7505 13.3425 2.7197 22.9451 16.6378 1.8844 12.8346 1.1255 -12.0975 0.1193 -5.0710 40.0867 1.8511 -17.1870 1.5906 -23.0008 -0.0000 0.0000 0.0000 8.0521 4.1069 -0.2892 -2.5394 22.0988 0.4960 -22.5442 -19.9822 -27.4117 -0.0000 0.0000 0.0000
-0.3377 0.7696 -0.0014 -0.4903 7.8317 -2.9189 0.0063 -0.2654 -8.0561 0.0063 -0.2654 -8.0561 0.1603 7.0564 4.8495 0.1603 7.0564 4.8495 -82.5618 -4.3808 4.9892 -9.6418 0.0928 -1.0999 -10.2551 2.1392 -23.5069 79.2542 8.1625 9.8496 13.1829 2.6931 22.9971 16.7778 1.9268 13.0106 1.1364 -11.9185 0.1186 -4.9695 39.6634 1.7932 -17.0467 1.5761 -22.8136 -0.0000 0.0000 0.0000 8.0533 4.1047 -0.2891 -2.4224 21.9778 0.4705 -22.4168 -19.9273 -27.2642 -0.0000 0.0000 0.0000
-0.3376 0.7695 0.0016 -0.4838 7.9146 -2.7682 -0.0071 -0.2592 -8.0482 -0.0071 -0.2592 -8.0482 0.1161 7.0289 4.8539 0.1161 7.0289 4.8539 -82.5021 -4.4304 5.0510 -9.4293 0.0910 -1.1033 -10.1292 2.1215 -23.6011 79.4316 8.2853 9.9663 12.7789 2.6193 23.0775 16.6534 1.9222 13.0773 1.1239 -11.6905 0.1151 -4.8587 39.4961 1.7452 -16.9746 1.6629 -22.7284 -0.0000 0.0000 0.0000 8.0300 4.2816 -0.3007 -2.2806 21.9126 0.4415 -22.3722 -19.8147 -27.2218 -0.0000 0.0000 0.0000
-0.3374 0.7689 0.0067 -0.5062 8.0265 -2.6214 0.0159 -0.2523 -8.0216 0.0159 -0.2523 -8.0216 0.0820 6.9888 4.8065 0.0820 6.9888 4.8065 -82.3416 -4.6661 5.3346 -8.7661 0.0696 -0.9076 -9.2360 1.9264 -23.5161 79.5478 8.3347 10.0051 12.2451 2.5127 23.1099 16.2264 1.8747 13.0943 1.0890 -11.3810 0.1085 -4.6954 39.5166 1.6874 -16.9434 1.8197 -22.7054 -0.0000 0.0000 0.0000 8.0225 4.6272 -0.3247 -2.1499 21.7864 0.4138 -22.2673 -19.8243 -27.0947 -0.0000 0.0000 0.0000
-0.3367 0.7680 0.0138 -0.5625 8.3318 -2.5189 0.1187 -0.2529 -8.0113 0.1187 -0.2529 -8.0113 -0.0009 6.8498 4.8310 -0.0009 6.8498 4.8310 -81.1592 -4.3820 5.1154 -6.5850 0.0470 -0.8173 -7.1312 1.4487 -22.9391 78.8580 8.7119 10.5854 10.4808 2.1793 23.4315 15.2337 1.7888 13.3172 1.0223 -10.8422 0.0970 -4.4420 39.1762 1.5814 -16.8829 2.0200 -22.6486 -0.0000 0.0000 0.0000 8.0302 4.9451 -0.3473 -2.0884 21.5253 0.3970 -22.2467 -20.0052 -27.0521 -0.0000 0.0000 0.0000
-0.3357 0.7674 0.0218 -0.6168 8.9759 -2.4637 0.2985 -0.2636 -7.9625 0.2985 -0.2636 -7.9625 -0.1616 6.5234 4.9823 -0.1616 6.5234 4.9823 -78.2200 -3.3307 4.0964 -2.6703 0.0117 -0.5020 -3.9799 0.7472 -21.2585 76.2905 9.7666 12.4170 7.2083 1.5308 23.9497 13.1004 1.5942 13.8175 0.8909 -10.1292 0.0790 -4.1084 38.1942 1.4230 -16.7088 2.4570 -22.4688 -0.0000 0.0000 0.0000 8.0268 4.9969 -0.3508 -2.1124 21.1366 0.3942 -22.3678 -20.1424 -27.1841 -0.0000 0.0000 0.0000
-0.3343 0.7675 0.0288 -0.6162 9.9589 -2.3911 0.4969 -0.2778 -7.8514 0.4969 -0.2778 -7.8514 -0.3744 6.0364 5.2598 -0.3744 6.0364 5.2598 -73.2559 -2.2312 3.0010 1.9938 0.0076 0.4347 -0.9706 0.1552 -18.1683 71.5735 11.1187 15.3796 2.7332 0.5923 24.4518 10.0534 1.2078 13.6672 0.6458 -9.3316 0.0527 -3.6892 36.6531 1.2224 -16.4652 2.8109 -22.1860 -0.0000 0.0000 0.0000 7.9740 4.5507 -0.3173 -2.1959 20.9130 0.4053 -22.5833 -20.3885 -27.4184 -0.0000 0.0000 0.0000
-0.3326 0.7686 0.0330 -0.4965 10.9455 -2.4256 0.6684 -0.2996 -7.7743 0.6684 -0.2996 -7.7743 -0.5727 5.5027 5.4881 -0.5727 5.5027 5.4881 -66.3530 -1.2593 1.9261 5.9323 0.0362 0.6982 0.9223 -0.1166 -14.4163 64.6007 12.3899 19.4853 -2.1801 -0.4597 23.8091 7.1722 0.8181 12.9979 0.2762 -8.7637 0.0212 -3.3238 34.8331 1.0429 -16.1527 2.8732 -21.7767 -0.0000 0.0000 0.0000 7.7687 3.8548 -0.2618 -2.2759 20.6744 0.4152 -22.6840 -20.4617 -27.5317 -0.0000 0.0000 0.0000
-0.3309 0.7704 0.0330 -0.2513 11.3671 -2.6327 0.7336 -0.3170 -7.7297 0.7336 -0.3170 -7.7297 -0.6146 5.1179 5.3925 -0.6146 5.1179 5.3925 -58.0011 -0.5518 0.9954 9.2183 -0.0762 -0.9455 0.9690 -0.0893 -10.5296 55.8565 12.7764 23.8516 -5.6481 -1.1054 22.1300 4.5480 0.4819 12.0910 -0.2063 -8.4234 -0.0152 -3.0861 33.4835 0.9285 -15.7737 2.7619 -21.2586 -0.0000 0.0000 0.0000 7.3698 3.4585 -0.2228 -2.3021 20.4103 0.4145 -22.5453 -20.1799 -27.3934 -0.0000 0.0000 0.0000
-0.3291 0.7727 0.0291 0.0572 11.0327 -3.0377 0.6918 -0.3235 -7.6755 0.6918 -0.3235 -7.6755 -0.5234 4.9376 5.0018 -0.5234 4.9376 5.0018 -48.7552 0.0671 -0.1480 11.9138 -0.5498 -5.2650 0.7829 -0.0433 -6.3366 45.9451 12.1609 28.2115 -6.6149 -1.2370 21.1626 3.2993 0.3145 10.8883 -0.7421 -8.2499 -0.0535 -2.9949 32.8836 0.8840 -15.4715 2.3792 -20.8136 -0.0000 0.0000 0.0000 6.8308 3.6393 -0.2173 -2.2718 19.8620 0.3978 -22.0264 -19.6388 -26.8232 -0.0000 0.0000 0.0000
-0.3274 0.7751 0.0221 0.3567 10.2376 -3.6503 0.6070 -0.3251 -7.5297 0.6070 -0.3251 -7.5297 -0.4148 4.8680 4.5199 -0.4148 4.8680 4.5199 -38.2130 1.2027 -3.4710 14.6778 -1.5056 -11.6507 1.4495 -0.0135 -1.0711 34.2997 11.0875 34.9192 -6.4601 -1.2144 21.2711 2.6225 0.1626 7.0966 -1.2588 -8.0659 -0.0888 -3.0153 32.5944 0.8818 -15.2921 2.2041 -20.5558 -0.0000 0.0000 0.0000 6.2494 4.1580 -0.2271 -2.2366 18.9716 0.3737 -21.3396 -18.7923 -26.0775 -0.0000 0.0000 0.0000
-0.3257 0.7774 0.0137 0.5485 9.2896 -4.1394 0.5077 -0.3087 -7.2533 0.5077 -0.3087 -7.2533 -0.4074 4.8320 4.1999 -0.4074 4.8320 4.1999 -27.9233 2.2358 -8.9757 18.2906 -2.6988 -16.6491 5.2744 0.0667 1.4486 22.4607 8.8981 42.7967 -6.4384 -1.2907 22.6502 3.3352 0.0528 1.8121 -1.6819 -7.8012 -0.1147 -2.9972 32.4275 0.8717 -15.2914 2.6688 -20.6049 -0.0000 0.0000 0.0000 5.7765 4.5747 -0.2309 -2.1313 18.3502 0.3443 -20.8043 -17.6655 -25.5378 -0.0000 0.0000 0.0000
-0.3235 0.7793 0.0064 0.5894 8.5572 -4.2019 0.4034 -0.2683 -6.9531 0.4034 -0.2683 -6.9531 -0.5274 4.6687 4.2888 -0.5274 4.6687 4.2888 -19.2572 2.5375 -14.8758 21.9930 -3.9739 -20.2453 13.5234 -0.3646 -3.0741 13.1931 6.2305 50.4063 -8.3958 -1.7839 23.9509 5.4327 -0.1059 -2.2313 -1.9918 -7.4592 -0.1298 -2.8778 32.2877 0.8332 -15.3910 3.5343 -20.8332 -0.0000 0.0000 0.0000 5.5305 4.3330 -0.2094 -1.9766 18.6870 0.3252 -20.5312 -17.0407 -25.2658 -0.0000 0.0000 0.0000
-0.3211 0.7812 -0.0012 0.6009 8.0127 -3.9349 0.3325 -0.2355 -6.9102 0.3325 -0.2355 -6.9102 -0.6623 4.3445 4.4848 -0.6623 4.3445 4.4848 -12.5588 2.2055 -19.8449 26.9855 -6.5664 -26.8915 22.3614 -2.2569 -11.3821 6.2437 3.3218 55.9936 -9.6234 -2.1612 25.2603 6.9000 -0.1456 -2.4148 -2.2663 -7.3030 -0.1446 -2.7497 32.1754 0.7932 -15.3481 4.4579 -20.8796 -0.0000 0.0000 0.0000 5.3808 3.4947 -0.1643 -1.8167 19.8083 0.3172 -20.4297 -16.9450 -25.1514 -0.0000 0.0000 0.0000
-0.3185 0.7828 -0.0094 0.5510 7.6172 -3.3323 0.2698 -0.1962 -6.9971 0.2698 -0.1962 -6.9971 -0.8363 3.8869 4.8805 -0.8363 3.8869 4.8805 -7.5911 1.6550 -24.5650 35.3811 -12.7474 -38.6017 25.6002 -4.6352 -20.2008 1.1380 0.6723 61.1447 -11.4016 -2.7645 27.1767 6.7626 0.0579 0.9794 -2.4836 -7.2306 -0.1569 -2.5842 32.0857 0.7432 -15.2568 5.6149 -20.8893 -0.0000 0.0000 0.0000 5.3317 2.0945 -0.0975 -1.5893 21.7250 0.3050 -20.5197 -17.2712 -25.2299 -0.0000 0.0000 0.0000
-0.3157 0.7844 -0.0180 0.4414 7.3623 -2.3914 0.2089 -0.1463 -7.2076 0.2089 -0.1463 -7.2076 -1.0324 3.2900 5.4731 -1.0324 3.2900 5.4731 -4.1548 1.0842 -29.2403 44.5220 -25.1182 -57.1138 17.2834 -2.9526 -19.2488 -2.4439 -1.5973 66.3306 -13.7113 -3.6895 29.9941 3.8050 0.3027 9.0926 -2.6474 -7.2311 -0.1673 -2.3823 32.0182 0.6836 -15.1041 7.0096 -20.8461 -0.0000 0.0000 0.0000 5.3417 0.1400 -0.0065 -1.2229 24.4283 0.2647 -20.8194 -18.0132 -25.5228 -0.0000 0.0000 0.0000
