HIERARCHY
ROOT Hips
{
  OFFSET 0.00000 0.00000 0.00000
  CHANNELS 6 Xposition Yposition Zposition Zrotation Xrotation Yrotation
  JOINT Spine
  {
    OFFSET 0.00000 0.07350 0.00000
    CHANNELS 3 Zrotation Xrotation Yrotation
    JOINT Chest
    {
      OFFSET 0.00000 0.17149 0.00000
      CHANNELS 3 Zrotation Xrotation Yrotation
      JOINT Neck
      {
        OFFSET 0.00000 0.24499 0.00000
        CHANNELS 3 Zrotation Xrotation Yrotation
        JOINT Head
        {
          OFFSET 0.00000 0.05368 0.00000
          CHANNELS 3 Zrotation Xrotation Yrotation
          End Site
          {
            OFFSET 0.00000 0.21970 0.00000
          }
        }
      }
      JOINT LeftUpperArm
      {
        OFFSET 0.15834 0.24499 0.00000
        CHANNELS 3 Zrotation Xrotation Yrotation
        JOINT LeftLowerArm
        {
          OFFSET 0.23898 0.00000 0.00000
          CHANNELS 3 Zrotation Xrotation Yrotation
          JOINT LeftHand
          {
            OFFSET 0.21022 0.00000 0.00000
            CHANNELS 3 Zrotation Xrotation Yrotation
            End Site
            {
              OFFSET 0.08021 0.00000 0.00000
            }
          }
        }
      }
      JOINT RightUpperArm
      {
        OFFSET -0.15834 0.24499 0.00000
        CHANNELS 3 Zrotation Xrotation Yrotation
        JOINT RightLowerArm
        {
          OFFSET -0.23898 0.00000 0.00000
          CHANNELS 3 Zrotation Xrotation Yrotation
          JOINT RightHand
          {
            OFFSET -0.21022 0.00000 0.00000
            CHANNELS 3 Zrotation Xrotation Yrotation
            End Site
            {
              OFFSET -0.08021 0.00000 0.00000
            }
          }
        }
      }
    }
  }
  JOINT LeftUpperLeg
  {
    OFFSET 0.10282 0.00000 0.00000
    CHANNELS 3 Zrotation Xrotation Yrotation
    JOINT LeftLowerLeg
    {
      OFFSET 0.00000 -0.34466 0.00000
      CHANNELS 3 Zrotation Xrotation Yrotation
      JOINT LeftFoot
      {
        OFFSET 0.00000 -0.40379 0.00000
        CHANNELS 3 Zrotation Xrotation Yrotation
        JOINT LeftToe
        {
          OFFSET 0.00000 -0.07000 0.09238
          CHANNELS 3 Zrotation Xrotation Yrotation
          End Site
          {
            OFFSET 0.00000 0.00000 0.06000
          }
        }
      }
    }
  }
  JOINT RightUpperLeg
  {
    OFFSET -0.10282 0.00000 0.00000
    CHANNELS 3 Zrotation Xrotation Yrotation
    JOINT RightLowerLeg
    {
      OFFSET 0.00000 -0.34466 0.00000
      CHANNELS 3 Zrotation Xrotation Yrotation
      JOINT RightFoot
      {
        OFFSET 0.00000 -0.40379 0.00000
        CHANNELS 3 Zrotation Xrotation Yrotation
        JOINT RightToe
        {
          OFFSET 0.00000 -0.07000 0.09238
          CHANNELS 3 Zrotation Xrotation Yrotation
          End Site
          {
            OFFSET 0.00000 0.00000 0.06000
          }
        }
      }
    }
  }
}
MOTION
Frames: 1665
Frame Time: 0.033333
0.3665 0.7089 0.1411 51.8912 9.6422 9.9170 -6.5222 1.0249 -9.9608 -6.5222 1.0249 -9.9608 -0.4387 -0.9166 2.4184 -0.4387 -0.9166 2.4184 -19.3878 12.6413 -65.9207 0.9865 -0.0789 -9.1465 -17.6267 5.2339 -32.8501 22.9756 23.8778 92.2690 -12.8171 -1.3790 12.2311 -3.5898 -0.8589 26.9025 9.8976 -10.7587 0.9343 9.1362 32.8882 -2.7018 -2.9269 15.2048 -4.2131 -0.0000 0.0000 0.0000 -9.9846 2.0854 0.1822 -0.8385 20.4400 0.1512 -36.7174 -15.5359 -44.5371 -0.0000 0.0000 0.0000
0.3594 0.7460 0.1298 49.2912 8.8643 9.9124 -8.8124 1.1541 -9.8341 -8.8124 1.1541 -9.8341 -1.7618 0.9793 2.3565 -1.7618 0.9793 2.3565 -20.0944 12.8622 -64.9281 1.4848 -0.1452 -11.1711 -21.4829 5.8694 -30.2451 24.8702 25.3904 91.2250 -13.4592 -1.4352 12.1182 -5.2800 -1.3261 28.1790 4.4411 -9.8620 0.3834 3.6149 33.7809 -1.0980 -7.9596 11.6980 -11.1854 -0.0000 0.0000 0.0000 -16.2408 2.5261 0.3605 -1.2845 23.3787 0.2658 -37.8274 -15.3000 -45.8746 -0.0000 0.0000 0.0000
0.3435 0.7734 0.1197 45.6217 8.2994 10.1107 -10.5455 1.1561 -9.7219 -10.5455 1.1561 -9.7219 -2.9649 2.2951 2.0848 -2.9649 2.2951 2.0848 -20.2665 12.8718 -64.5160 1.3156 -0.1457 -12.6381 -23.9683 6.1174 -28.2598 25.9206 26.1240 90.4636 -13.6981 -1.4435 11.9749 -6.5134 -1.6630 28.6186 0.4059 -9.2224 0.0327 -0.7877 33.7405 0.2389 -9.2294 10.8032 -12.8923 -0.0000 0.0000 0.0000 -21.6125 2.5809 0.4927 -1.6535 25.8128 0.3789 -37.2221 -14.9370 -45.2226 -0.0000 0.0000 0.0000
0.3198 0.7910 0.1109 40.7509 7.9423 10.4913 -11.7248 1.0385 -9.6558 -11.7248 1.0385 -9.6558 -3.7820 3.0189 1.7051 -3.7820 3.0189 1.7051 -20.0353 12.7827 -64.7598 0.7336 -0.0858 -13.3349 -25.3272 6.2221 -27.1966 26.2274 26.1318 89.7835 -13.5539 -1.4260 11.9571 -7.1372 -1.8157 28.5132 -2.1553 -8.8818 -0.1674 -3.2641 33.2742 0.9756 -8.0935 10.5555 -11.2942 -0.0000 0.0000 0.0000 -25.4494 2.2816 0.5153 -1.9889 27.6702 0.4899 -35.6023 -14.9706 -43.3126 -0.0000 0.0000 0.0000
0.2930 0.7989 0.1033 33.5278 7.8020 11.0264 -12.7186 0.7674 -9.6098 -12.7186 0.7674 -9.6098 -4.1150 3.4431 1.2162 -4.1150 3.4431 1.2162 -19.4440 12.7800 -66.3423 -0.1325 0.0147 -12.6387 -26.3551 6.4773 -27.1733 26.0011 25.3919 88.5951 -12.8132 -1.4037 12.4524 -6.9969 -1.7699 28.3589 -3.5134 -8.8524 -0.2720 -3.9401 33.0007 1.1676 -4.7185 8.9228 -6.5278 -0.0000 0.0000 0.0000 -27.7871 1.6556 0.4095 -2.6658 29.3132 0.6973 -33.1278 -15.8868 -40.2572 -0.0000 0.0000 0.0000
0.2680 0.7875 0.0970 26.0349 7.7927 11.6245 -12.6566 0.4770 -9.6615 -12.6566 0.4770 -9.6615 -3.6064 3.4262 0.9209 -3.6064 3.4262 0.9209 -18.9600 12.8360 -67.9313 -0.6669 0.0672 -11.5062 -26.0815 6.7066 -28.3928 25.5032 24.3130 87.1746 -12.2803 -1.4364 13.2925 -5.9121 -1.5069 28.5755 -2.8640 -9.2095 -0.2307 -2.3538 32.9650 0.6965 -1.1331 7.7124 -1.5574 -0.0000 0.0000 0.0000 -26.7234 0.6273 0.1490 -2.9640 30.1381 0.7982 -31.0426 -17.4652 -37.5767 -0.0000 0.0000 0.0000
0.2476 0.7727 0.0919 19.5238 7.7067 12.2170 -11.8725 0.3069 -9.7114 -11.8725 0.3069 -9.7114 -2.6518 3.2130 0.7927 -2.6518 3.2130 0.7927 -18.2849 12.5608 -68.7327 -1.0508 0.1014 -11.0212 -24.7900 6.8441 -30.4417 24.7369 23.1429 86.0732 -12.1417 -1.4578 13.6430 -4.7103 -1.2215 29.0601 -1.1092 -9.6597 -0.0937 0.2047 32.8861 -0.0604 1.6266 7.8701 2.2376 -0.0000 0.0000 0.0000 -23.5562 -0.4712 -0.0982 -3.3196 30.4228 0.9028 -30.0486 -18.8794 -36.2223 -0.0000 0.0000 0.0000
0.2315 0.7601 0.0881 14.5194 7.5024 12.7098 -10.8542 0.2911 -9.7192 -10.8542 0.2911 -9.7192 -1.7115 2.9398 0.6803 -1.7115 2.9398 0.6803 -16.8946 11.6493 -68.9696 -1.6889 0.1699 -11.4849 -22.7101 6.7751 -32.8466 23.6775 22.0655 85.8543 -12.2161 -1.3957 12.9869 -4.1928 -1.1081 29.5948 0.8222 -10.0190 0.0721 2.7726 33.0519 -0.8228 3.0229 9.2063 4.1902 -0.0000 0.0000 0.0000 -20.2672 -1.3661 -0.2442 -3.2741 30.5554 0.8945 -29.7980 -18.8453 -35.9307 -0.0000 0.0000 0.0000
0.2192 0.7533 0.0854 10.8143 7.3430 13.1398 -9.9361 0.3627 -9.7486 -9.9361 0.3627 -9.7486 -0.9527 2.7007 0.5373 -0.9527 2.7007 0.5373 -14.7183 10.1336 -68.9395 -2.8014 0.3174 -12.9262 -20.0117 6.4447 -35.3960 22.2618 20.9608 86.4689 -12.1302 -1.2533 11.7546 -4.4764 -1.1988 29.9716 2.5932 -10.3562 0.2350 4.7488 33.3683 -1.4240 3.3236 10.4607 4.6414 -0.0000 0.0000 0.0000 -17.6079 -1.9620 -0.3039 -3.1389 30.5492 0.8574 -29.6127 -19.1949 -35.6690 -0.0000 0.0000 0.0000
0.2096 0.7521 0.0846 8.0973 7.2524 13.4944 -9.1797 0.4542 -9.7835 -9.1797 0.4542 -9.7835 -0.4024 2.5971 0.3793 -0.4024 2.5971 0.3793 -11.9182 8.2020 -68.9687 -4.2129 0.5478 -14.8109 -17.3218 5.9427 -37.6347 20.6041 19.6256 87.1554 -11.8314 -1.1393 10.9622 -4.9857 -1.3359 29.9823 3.9222 -10.6579 0.3660 6.6040 33.7354 -2.0044 3.2797 11.4583 4.6081 -0.0000 0.0000 0.0000 -15.6282 -2.3099 -0.3170 -2.7380 30.3775 0.7435 -29.8203 -19.7381 -35.8475 -0.0000 0.0000 0.0000
0.2021 0.7540 0.0853 6.0795 7.1818 13.8090 -8.6049 0.5524 -9.8229 -8.6049 0.5524 -9.8229 0.0177 2.6482 0.2774 0.0177 2.6482 0.2774 -8.9807 6.1943 -69.1334 -5.5633 0.7963 -16.2797 -15.1355 5.4300 -39.2870 18.9690 18.1751 87.5078 -11.4953 -1.0970 10.8668 -5.4345 -1.4448 29.7574 4.9328 -10.9713 0.4740 8.2591 34.0217 -2.5308 3.3459 11.7869 4.7106 -0.0000 0.0000 0.0000 -14.1094 -2.5471 -0.3153 -2.3886 30.1949 0.6445 -30.1752 -20.5995 -36.1601 -0.0000 0.0000 0.0000
0.1963 0.7573 0.0869 4.5610 7.1878 14.0806 -8.1612 0.6533 -9.9385 -8.1612 0.6533 -9.9385 0.2817 2.7068 0.1966 0.2817 2.7068 0.1966 -5.6969 3.9558 -69.5271 -6.7085 1.0053 -17.0269 -13.2910 4.9283 -40.5451 16.9268 16.3323 87.9228 -11.2484 -1.0842 10.9759 -6.0229 -1.5833 29.4336 5.6355 -11.3506 0.5605 9.6995 34.1687 -2.9875 2.8166 11.5832 3.9607 -0.0000 0.0000 0.0000 -12.8744 -2.7255 -0.3076 -2.1703 29.9448 0.5805 -30.5711 -21.5878 -36.5042 -0.0000 0.0000 0.0000
0.1919 0.7603 0.0887 3.3899 7.2810 14.2709 -7.7853 0.7454 -10.1774 -7.7853 0.7454 -10.1774 0.3979 2.6465 0.1480 0.3979 2.6465 0.1480 -2.1857 1.5341 -70.1251 -7.4088 1.0892 -16.7045 -11.7376 4.4843 -41.7037 14.3959 14.0570 88.6211 -11.1391 -1.0636 10.8743 -6.7095 -1.7456 29.1367 6.0894 -11.7766 0.6286 10.8606 34.3242 -3.3632 2.2846 10.9801 3.2010 -0.0000 0.0000 0.0000 -11.8173 -2.8629 -0.2963 -2.1331 29.5929 0.5635 -30.9345 -22.3348 -36.8383 -0.0000 0.0000 0.0000
0.1889 0.7619 0.0905 2.4714 7.4915 14.3479 -7.4150 0.8247 -10.5549 -7.4150 0.8247 -10.5549 0.3446 2.3453 0.1371 0.3446 2.3453 0.1371 1.2928 -0.9195 -70.8456 -7.3731 0.9850 -15.1985 -10.2817 4.0650 -43.0554 11.5211 11.4624 89.7052 -11.0690 -1.0114 10.4099 -7.5882 -1.9610 28.9417 6.3889 -12.2427 0.6859 11.7372 34.5470 -3.6614 1.5654 10.6999 2.1897 -0.0000 0.0000 0.0000 -10.9874 -2.9908 -0.2877 -2.0457 29.1719 0.5324 -31.2828 -22.6619 -37.2047 -0.0000 0.0000 0.0000
0.1864 0.7634 0.0918 1.7582 7.8047 14.3175 -7.0384 0.8842 -11.0219 -7.0384 0.8842 -11.0219 0.1562 1.8296 0.1886 0.1562 1.8296 0.1886 4.6674 -3.3444 -71.2309 -6.6552 0.7834 -13.4121 -8.5750 3.5279 -44.6635 8.5958 8.7396 90.9546 -11.4966 -0.9857 9.7687 -8.7804 -2.2545 28.7510 6.5447 -12.6619 0.7269 12.3322 34.7331 -3.8703 0.9973 10.9910 1.3976 -0.0000 0.0000 0.0000 -10.3513 -3.0587 -0.2771 -1.9222 28.5872 0.4898 -31.4391 -22.7155 -37.3802 -0.0000 0.0000 0.0000
0.1845 0.7645 0.0925 1.2077 8.1550 14.2059 -6.6664 0.9135 -11.4603 -6.6664 0.9135 -11.4603 -0.0871 1.2188 0.2788 -0.0871 1.2188 0.2788 7.9583 -5.6762 -70.9534 -5.4810 0.6082 -12.6548 -6.5602 2.7971 -46.1474 5.9119 6.1252 92.0344 -12.5363 -0.9962 9.0514 -10.1385 -2.5770 28.4561 6.5519 -12.9837 0.7464 12.7524 34.7925 -4.0104 0.8375 11.1935 1.1751 -0.0000 0.0000 0.0000 -9.8422 -3.0319 -0.2611 -1.7533 27.8940 0.4355 -31.4465 -22.7109 -37.3893 -0.0000 0.0000 0.0000
0.1829 0.7654 0.0929 0.8052 8.4517 14.0240 -6.3174 0.9006 -11.7527 -6.3174 0.9006 -11.7527 -0.2951 0.6812 0.3433 -0.2951 0.6812 0.3433 10.6532 -7.5101 -70.2864 -4.0464 0.4596 -12.9541 -4.8411 2.1090 -47.0596 4.0082 4.2138 92.8684 -14.0271 -0.9993 8.1095 -11.3037 -2.8502 28.2217 6.5477 -13.1699 0.7567 13.1179 34.6962 -4.1141 0.9772 11.2371 1.3714 -0.0000 0.0000 0.0000 -9.4338 -2.8795 -0.2376 -1.6719 27.1527 0.4038 -31.3818 -22.5701 -37.3311 -0.0000 0.0000 0.0000
0.1817 0.7661 0.0934 0.5248 8.6985 13.7982 -6.0326 0.8668 -11.9224 -6.0326 0.8668 -11.9224 -0.4304 0.2153 0.3667 -0.4304 0.2153 0.3667 13.1070 -9.1030 -69.4393 -3.0797 0.3718 -13.7629 -2.7229 1.2022 -47.6364 2.6173 2.7862 93.5818 -15.6014 -0.9555 6.9659 -12.4036 -3.1034 27.9956 6.5483 -13.2156 0.7594 13.3980 34.4515 -4.1712 0.9789 11.2869 1.3743 -0.0000 0.0000 0.0000 -9.0693 -2.6182 -0.2077 -1.6977 26.3778 0.3979 -31.2914 -22.2611 -37.2635 -0.0000 0.0000 0.0000
0.1807 0.7665 0.0943 0.3314 8.8992 13.5625 -5.8494 0.8371 -12.0102 -5.8494 0.8371 -12.0102 -0.4522 -0.2239 0.3794 -0.4522 -0.2239 0.3794 15.0349 -10.3129 -68.7317 -2.3325 0.2936 -14.3472 0.0007 -0.0003 -47.9379 1.6965 1.8265 94.2268 -16.9681 -0.8603 5.7626 -13.4469 -3.3328 27.7253 6.5933 -13.0933 0.7575 13.5739 34.0392 -4.1728 0.9526 11.3371 1.3378 -0.0000 0.0000 0.0000 -8.7636 -2.3141 -0.1773 -1.7957 25.6285 0.4085 -31.1988 -21.9056 -37.1990 -0.0000 0.0000 0.0000
0.1799 0.7670 0.0953 0.1866 9.0671 13.3589 -5.7802 0.8314 -12.0369 -5.7802 0.8314 -12.0369 -0.3482 -0.6771 0.3851 -0.3482 -0.6771 0.3851 16.2044 -11.0766 -68.5191 -1.5268 0.1885 -14.0767 3.1791 -1.4146 -47.9657 1.1057 1.2021 94.7861 -17.9001 -0.7278 4.6189 -14.3949 -3.5327 27.4458 6.7128 -12.8479 0.7567 13.6423 33.4744 -4.1203 0.9427 11.4837 1.3251 -0.0000 0.0000 0.0000 -8.4898 -2.0179 -0.1498 -1.9558 24.9768 0.4332 -31.1685 -21.6019 -37.2008 -0.0000 0.0000 0.0000
0.1794 0.7675 0.0964 0.0627 9.2286 13.2356 -5.8001 0.8544 -12.0543 -5.8001 0.8544 -12.0543 -0.1859 -1.1431 0.3970 -0.1859 -1.1431 0.3970 16.8378 -11.5150 -68.5286 -0.3444 0.0411 -13.6053 6.6697 -2.9354 -47.4703 0.8169 0.8958 95.2734 -18.8139 -0.5947 3.5882 -15.3470 -3.7270 27.1520 6.8263 -12.5443 0.7512 13.6382 32.8158 -4.0334 1.1210 11.5886 1.5767 -0.0000 0.0000 0.0000 -8.2550 -1.8352 -0.1324 -2.1056 24.5154 0.4575 -31.1937 -21.3479 -37.2615 -0.0000 0.0000 0.0000
0.1790 0.7681 0.0975 -0.0542 9.3592 13.2129 -5.8625 0.8939 -12.0452 -5.8625 0.8939 -12.0452 -0.0272 -1.5248 0.3839 -0.0272 -1.5248 0.3839 17.1326 -11.6890 -68.3948 1.3283 -0.1630 -13.9941 10.0083 -4.2968 -46.3838 0.9363 1.0317 95.5479 -20.0653 -0.5178 2.9260 -16.0801 -3.8594 26.8313 6.8576 -12.2300 0.7356 13.5550 32.1918 -3.9282 1.4467 11.4867 2.0335 -0.0000 0.0000 0.0000 -8.0893 -1.8280 -0.1293 -2.1679 24.3982 0.4687 -31.2918 -21.3406 -37.3770 -0.0000 0.0000 0.0000
0.1787 0.7688 0.0988 -0.1482 9.4148 13.2434 -5.9241 0.9314 -11.9820 -5.9241 0.9314 -11.9820 0.0885 -1.7113 0.3096 0.0885 -1.7113 0.3096 17.1245 -11.6097 -68.0557 3.3937 -0.4591 -15.4054 12.1960 -5.0676 -45.0001 1.5606 1.7195 95.5484 -21.8366 -0.5501 2.8510 -16.2966 -3.8749 26.5857 6.7740 -11.9321 0.7087 13.4259 31.7607 -3.8356 1.7386 10.9670 2.4360 -0.0000 0.0000 0.0000 -8.0032 -1.9442 -0.1360 -2.1584 24.5507 0.4697 -31.6325 -21.3315 -37.7762 -0.0000 0.0000 0.0000
0.1786 0.7696 0.1002 -0.2082 9.3850 13.2706 -5.9663 0.9542 -11.8394 -5.9663 0.9542 -11.8394 0.1449 -1.6689 0.1494 0.1449 -1.6689 0.1494 16.9211 -11.3865 -67.6619 5.3780 -0.8234 -17.3976 13.6028 -5.4594 -43.5793 2.7204 2.9833 95.2817 -24.2303 -0.7244 3.3736 -16.0067 -3.7802 26.4174 6.5892 -11.6337 0.6720 13.3112 31.5215 -3.7725 1.7829 10.0516 2.4842 -0.0000 0.0000 0.0000 -7.9446 -1.9733 -0.1370 -2.1517 24.7022 0.4712 -32.2526 -21.2565 -38.5096 -0.0000 0.0000 0.0000
0.1787 0.7702 0.1014 -0.2354 9.2403 13.3297 -6.0087 0.9682 -11.5956 -6.0087 0.9682 -11.5956 0.1859 -1.3887 -0.1042 0.1859 -1.3887 -0.1042 16.2864 -10.9166 -67.4693 7.5529 -1.3013 -19.5239 14.1424 -5.5220 -42.4892 4.3283 4.6920 94.6231 -27.0718 -1.0814 4.4897 -15.1587 -3.5635 26.3169 6.4126 -11.3538 0.6381 13.1793 31.4680 -3.7281 1.5808 8.8891 2.1875 -0.0000 0.0000 0.0000 -7.9765 -2.1848 -0.1523 -2.0328 25.2469 0.4553 -32.9666 -21.1682 -39.3535 -0.0000 0.0000 0.0000
0.1791 0.7706 0.1017 -0.2242 8.9823 13.3995 -6.0673 0.9790 -11.2674 -6.0673 0.9790 -11.2674 0.2146 -0.9316 -0.4030 0.2146 -0.9316 -0.4030 15.1142 -10.1509 -67.6020 10.0172 -1.8981 -21.4069 13.7530 -5.2749 -41.8113 6.1160 6.5198 93.6680 -29.8135 -1.5871 5.9568 -13.9551 -3.2720 26.2721 6.3010 -11.1407 0.6151 13.1076 31.6263 -3.7273 1.1808 7.8360 1.6241 -0.0000 0.0000 0.0000 -8.1191 -2.6248 -0.1863 -1.8089 26.2229 0.4214 -33.7000 -20.9711 -40.2335 -0.0000 0.0000 0.0000
0.1797 0.7707 0.1007 -0.1916 8.6646 13.5606 -6.1408 0.9979 -10.9335 -6.1408 0.9979 -10.9335 0.2138 -0.4006 -0.6793 0.2138 -0.4006 -0.6793 13.4572 -9.0853 -67.9149 12.7744 -2.6278 -23.1586 12.9656 -4.8980 -41.2512 7.9295 8.3028 92.6435 -32.2660 -2.1444 7.4038 -12.7327 -2.9736 26.1918 6.2798 -11.0332 0.6071 13.0906 31.9423 -3.7616 0.9081 6.8411 1.2421 -0.0000 0.0000 0.0000 -8.3934 -3.3939 -0.2491 -1.4451 27.6563 0.3557 -34.2183 -20.7597 -40.8649 -0.0000 0.0000 0.0000
0.1807 0.7705 0.0978 -0.1432 8.3232 13.7986 -6.2090 1.0225 -10.6207 -6.2090 1.0225 -10.6207 0.1708 0.1443 -0.9047 0.1708 0.1443 -0.9047 11.3853 -7.7429 -68.3432 15.6080 -3.4439 -24.7438 12.0369 -4.4852 -40.7537 9.7967 10.0836 91.6623 -34.4681 -2.7076 8.7133 -11.6007 -2.6881 26.0111 6.3223 -10.9896 0.6088 13.0431 32.2787 -3.7894 0.7670 5.8553 1.0433 -0.0000 0.0000 0.0000 -8.7746 -4.2790 -0.3284 -0.9361 29.2719 0.2445 -34.5815 -20.6427 -41.3032 -0.0000 0.0000 0.0000
0.1818 0.7699 0.0933 -0.0896 7.9915 14.1133 -6.2622 1.0497 -10.3583 -6.2622 1.0497 -10.3583 0.0846 0.6299 -1.0530 0.0846 0.6299 -1.0530 8.9642 -6.1540 -68.8817 18.2957 -4.2768 -26.1101 11.1229 -4.0939 -40.3122 11.7202 11.8768 90.7659 -36.4166 -3.2657 9.9059 -10.7745 -2.4634 25.6872 6.4133 -11.1558 0.6270 12.9044 32.7132 -3.8021 1.0056 4.9363 1.3611 -0.0000 0.0000 0.0000 -9.3342 -5.4563 -0.4458 -0.1884 31.2664 0.0527 -34.6672 -20.7101 -41.3937 -0.0000 0.0000 0.0000
0.1828 0.7688 0.0874 -0.0433 7.6895 14.5192 -6.2895 1.0747 -10.1697 -6.2895 1.0747 -10.1697 -0.0259 1.0423 -1.1380 -0.0259 1.0423 -1.1380 6.3908 -4.4311 -69.4434 20.4645 -5.0091 -27.2427 10.3706 -3.7796 -39.9618 13.6282 13.6082 89.9153 -38.0554 -3.8228 11.0545 -10.2580 -2.3138 25.3595 6.5754 -11.6963 0.6742 12.6254 33.3180 -3.7919 1.6996 3.9542 2.2884 -0.0000 0.0000 0.0000 -10.0194 -6.7833 -0.5953 0.7686 33.4052 -0.2306 -34.4892 -21.0943 -41.1349 -0.0000 0.0000 0.0000
0.1835 0.7670 0.0808 -0.0207 7.4172 15.0555 -6.2895 1.0964 -10.0542 -6.2895 1.0964 -10.0542 -0.1252 1.3813 -1.1951 -0.1252 1.3813 -1.1951 3.8034 -2.6590 -69.9056 22.1480 -5.6619 -28.3587 9.7033 -3.5281 -39.8860 15.5068 15.2308 88.9584 -39.3925 -4.4274 12.3263 -9.8641 -2.2047 25.1411 6.7996 -12.9154 0.7705 12.2943 34.4915 -3.8298 2.8402 3.3220 3.8110 -0.0000 0.0000 0.0000 -10.8036 -8.3012 -0.7863 1.9861 35.7803 -0.6412 -33.9738 -21.9343 -40.4248 -0.0000 0.0000 0.0000
0.1839 0.7641 0.0739 -0.0276 7.1972 15.7105 -6.2644 1.1170 -10.0345 -6.2644 1.1170 -10.0345 -0.2047 1.6148 -1.2154 -0.2047 1.6148 -1.2154 1.2356 -0.8675 -70.1453 23.1632 -6.2073 -29.6395 8.9121 -3.2411 -39.9060 17.2500 16.6488 87.9378 -40.0823 -5.0273 13.7243 -9.5756 -2.1319 25.0488 7.0182 -14.7760 0.9111 12.0838 36.3041 -3.9749 4.1825 2.9379 5.5999 -0.0000 0.0000 0.0000 -11.5477 -9.6605 -0.9791 3.3008 37.9616 -1.1356 -33.2230 -23.1481 -39.3978 -0.0000 0.0000 0.0000
0.1840 0.7600 0.0671 -0.0518 7.0252 16.4876 -6.2248 1.1401 -10.1042 -6.2248 1.1401 -10.1042 -0.2470 1.7880 -1.2220 -0.2470 1.7880 -1.2220 -1.2792 0.8981 -70.1460 23.1714 -6.5041 -30.9821 7.9654 -2.9017 -39.9802 18.8816 17.8899 86.8567 -40.0839 -5.5672 15.1835 -9.3851 -2.0858 25.0084 7.2098 -16.8281 1.0678 12.0415 38.2888 -4.1938 5.8440 2.7707 7.8150 -0.0000 0.0000 0.0000 -12.1592 -10.6193 -1.1343 4.4793 39.5716 -1.6121 -32.1524 -24.6262 -37.9761 -0.0000 0.0000 0.0000
0.1838 0.7549 0.0601 -0.0714 6.8902 17.3109 -6.1680 1.1601 -10.2271 -6.1680 1.1601 -10.2271 -0.2548 1.9554 -1.2497 -0.2548 1.9554 -1.2497 -3.7064 2.5936 -69.9567 22.0469 -6.4210 -32.1267 6.7951 -2.4867 -40.1631 20.5657 19.0941 85.6640 -39.6505 -6.0720 16.7380 -9.2007 -2.0434 24.9939 7.3506 -18.5552 1.2024 12.1885 39.9650 -4.4466 7.6403 2.2720 10.1862 -0.0000 0.0000 0.0000 -12.5773 -10.9650 -1.2120 5.3921 40.4006 -1.9852 -31.0862 -26.1581 -36.5642 -0.0000 0.0000 0.0000
0.1835 0.7495 0.0531 -0.0648 6.7569 18.1151 -6.1053 1.1728 -10.3547 -6.1053 1.1728 -10.3547 -0.2519 2.1599 -1.3046 -0.2519 2.1599 -1.3046 -6.0285 4.1920 -69.6012 20.2282 -6.0441 -32.9732 5.5970 -2.0656 -40.4888 22.4285 20.3622 84.3409 -39.1695 -6.5670 18.3202 -9.0518 -2.0053 24.9350 7.4743 -19.6303 1.2948 12.3381 41.0825 -4.6386 9.4431 1.3956 12.5267 -0.0000 0.0000 0.0000 -13.0214 -11.2883 -1.2924 6.2854 41.2128 -2.3653 -29.9716 -27.6057 -35.1174 -0.0000 0.0000 0.0000
0.1832 0.7444 0.0465 -0.0286 6.6141 18.8565 -6.0376 1.1767 -10.4669 -6.0376 1.1767 -10.4669 -0.2461 2.4287 -1.3387 -0.2461 2.4287 -1.3387 -8.1690 5.6297 -69.0981 17.9493 -5.4393 -33.4805 4.2048 -1.5690 -40.9107 24.2722 21.5603 83.0447 -38.5567 -6.9398 19.6697 -8.8991 -1.9737 24.9634 7.5632 -20.3339 1.3583 12.4785 41.9340 -4.7980 10.8885 0.5173 14.3734 -0.0000 0.0000 0.0000 -13.6067 -11.9109 -1.4261 7.2494 42.2901 -2.8070 -28.7822 -28.7688 -33.6249 -0.0000 0.0000 0.0000
0.1830 0.7398 0.0409 -0.0019 6.5548 19.4759 -5.9497 1.1808 -10.6147 -5.9497 1.1808 -10.6147 -0.2735 2.6104 -1.2675 -0.2735 2.6104 -1.2675 -9.8011 6.6948 -68.6021 15.8544 -4.8074 -33.5519 2.8677 -1.0814 -41.3169 25.5172 22.3980 82.3309 -37.7224 -6.9914 20.2766 -8.8214 -1.9702 25.1346 7.5433 -21.1810 1.4124 12.8154 43.0060 -5.0667 11.7124 0.2209 15.4333 -0.0000 0.0000 0.0000 -14.2380 -12.6822 -1.5903 8.1599 43.2843 -3.2423 -27.7094 -29.5183 -32.3152 -0.0000 0.0000 0.0000
0.1829 0.7358 0.0366 -0.0155 6.6328 19.9842 -5.8251 1.1885 -10.8281 -5.8251 1.1885 -10.8281 -0.3478 2.5988 -1.0644 -0.3478 2.5988 -1.0644 -10.8382 7.3581 -68.2601 14.1283 -4.2243 -33.1478 1.8908 -0.7160 -41.4780 25.9646 22.8466 82.4656 -36.6524 -6.6416 19.8725 -8.9475 -2.0282 25.4961 7.3116 -22.5502 1.4596 13.5447 44.5545 -5.5704 11.8851 0.4478 15.6769 -0.0000 0.0000 0.0000 -14.8761 -13.6257 -1.7872 8.9716 44.1565 -3.6452 -26.8715 -29.8571 -31.3186 -0.0000 0.0000 0.0000
0.1828 0.7319 0.0337 -0.0695 6.8272 20.3967 -5.6959 1.2047 -11.0877 -5.6959 1.2047 -11.0877 -0.4432 2.4034 -0.7736 -0.4432 2.4034 -0.7736 -11.4535 7.7473 -68.0534 12.6858 -3.6991 -32.3974 1.1142 -0.4215 -41.4414 25.7342 22.9708 83.3067 -35.3727 -5.9907 18.6379 -9.1146 -2.1063 25.9739 6.9152 -24.4295 1.4987 14.6232 46.4840 -6.3081 11.7348 0.6704 15.4966 -0.0000 0.0000 0.0000 -15.5608 -14.8079 -2.0344 9.7280 45.0931 -4.0468 -26.3603 -30.2471 -30.6937 -0.0000 0.0000 0.0000
0.1827 0.7279 0.0320 -0.1475 7.0820 20.7453 -5.5864 1.2295 -11.3581 -5.5864 1.2295 -11.3581 -0.5228 2.0873 -0.4849 -0.5228 2.0873 -0.4849 -11.9322 8.0457 -67.8769 11.4676 -3.2511 -31.5639 0.4136 -0.1558 -41.2922 25.2009 22.9199 84.4100 -33.9937 -5.2731 17.1342 -9.2656 -2.1838 26.4715 6.5021 -26.4891 1.5320 15.9071 48.5840 -7.2166 11.5751 1.3166 15.3356 -0.0000 0.0000 0.0000 -16.1666 -15.8545 -2.2659 10.5054 46.0118 -4.4708 -26.1395 -30.6508 -30.4022 -0.0000 0.0000 0.0000
0.1827 0.7236 0.0312 -0.2187 7.3125 21.0350 -5.5266 1.2626 -11.6142 -5.5266 1.2626 -11.6142 -0.5802 1.7563 -0.2458 -0.5802 1.7563 -0.2458 -12.5404 8.4094 -67.5733 10.6871 -2.9642 -30.9246 0.0752 -0.0283 -41.2790 24.8724 22.9845 85.3480 -32.8821 -4.7170 15.8911 -9.4194 -2.2603 26.9324 6.2628 -28.2380 1.5768 17.1925 50.7055 -8.1939 11.3008 3.0169 15.1030 -0.0000 0.0000 0.0000 -16.9629 -17.3476 -2.6064 11.7790 47.8115 -5.2360 -26.0713 -31.1408 -30.2785 -0.0000 0.0000 0.0000
0.1826 0.7194 0.0308 -0.2668 7.4703 21.2707 -5.5213 1.2994 -11.8325 -5.5213 1.2994 -11.8325 -0.5983 1.5092 -0.0557 -0.5983 1.5092 -0.0557 -13.3721 8.8941 -67.1232 10.2350 -2.7987 -30.5147 -0.1342 0.0507 -41.3847 24.9135 23.2304 85.8756 -31.9174 -4.3644 15.1799 -9.5093 -2.3156 27.3145 6.2087 -29.5985 1.6418 18.4606 52.7973 -9.2235 10.8209 5.9471 14.6903 -0.0000 0.0000 0.0000 -17.9270 -19.1957 -3.0557 13.4964 50.3478 -6.3664 -25.9241 -31.6587 -30.0624 -0.0000 0.0000 0.0000
0.1826 0.7160 0.0311 -0.3017 7.6014 21.4593 -5.5386 1.3375 -12.0514 -5.5386 1.3375 -12.0514 -0.6046 1.3083 0.1102 -0.6046 1.3083 0.1102 -14.1825 9.3416 -66.5906 9.9560 -2.6928 -30.2016 -0.2450 0.0930 -41.5854 25.1957 23.5740 86.0736 -31.0379 -4.1921 15.0171 -9.5940 -2.3621 27.6042 6.3685 -30.4031 1.7321 19.4278 54.4571 -10.0677 10.1010 9.3237 13.9809 -0.0000 0.0000 0.0000 -18.8837 -21.0090 -3.5323 15.2197 52.8416 -7.5956 -25.7634 -32.1596 -29.8330 -0.0000 0.0000 0.0000
0.1825 0.7137 0.0320 -0.3262 7.7232 21.5996 -5.5395 1.3673 -12.2792 -5.5395 1.3673 -12.2792 -0.6286 1.1439 0.2549 -0.6286 1.1439 0.2549 -14.8409 9.6766 -66.0412 9.8405 -2.6336 -29.9004 -0.2421 0.0924 -41.7891 25.7432 24.0587 86.0012 -30.3979 -4.1804 15.3026 -9.7277 -2.4197 27.8761 6.6032 -30.7801 1.8194 20.0153 55.5758 -10.6255 9.1905 12.1885 12.9478 -0.0000 0.0000 0.0000 -19.7539 -22.6009 -3.9854 16.6198 54.8349 -8.6657 -25.6899 -32.4833 -29.7198 -0.0000 0.0000 0.0000
0.1824 0.7126 0.0338 -0.3372 7.8507 21.6895 -5.5159 1.3867 -12.5112 -5.5159 1.3867 -12.5112 -0.6843 0.9984 0.3638 -0.6843 0.9984 0.3638 -15.3025 9.8859 -65.5456 9.7498 -2.5733 -29.5070 -0.3470 0.1329 -41.9038 26.4940 24.6526 85.7364 -30.0016 -4.2928 15.9242 -9.7636 -2.4525 28.1396 6.8348 -30.8793 1.8898 20.2014 56.1674 -10.8596 8.2226 13.1871 11.6623 -0.0000 0.0000 0.0000 -20.4503 -23.6984 -4.3347 17.4482 55.9709 -9.3234 -25.8637 -32.8700 -29.8839 -0.0000 0.0000 0.0000
0.1823 0.7120 0.0365 -0.3293 7.9748 21.7350 -5.4675 1.3923 -12.7257 -5.4675 1.3923 -12.7257 -0.7674 0.8729 0.4193 -0.7674 0.8729 0.4193 -15.6914 10.0384 -65.0240 9.4165 -2.4493 -29.1014 -1.1151 0.4253 -41.7547 27.3071 25.2502 85.3569 -29.7065 -4.4655 16.7267 -9.5106 -2.4109 28.3912 7.0137 -30.8679 1.9386 20.0640 56.3433 -10.8243 7.5744 13.1310 10.7419 -0.0000 0.0000 0.0000 -20.8245 -24.1109 -4.4947 17.6098 56.2078 -9.4575 -26.3155 -33.0147 -30.3867 -0.0000 0.0000 0.0000
0.1822 0.7113 0.0396 -0.3025 8.0893 21.7493 -5.4079 1.3881 -12.9218 -5.4079 1.3881 -12.9218 -0.8685 0.7725 0.4377 -0.8685 0.7725 0.4377 -16.1077 10.1873 -64.4168 8.7744 -2.2549 -28.7743 -2.4677 0.9315 -41.3561 28.0707 25.7957 84.9809 -29.4328 -4.6370 17.5261 -8.9963 -2.3004 28.6336 7.1171 -30.9122 1.9702 19.8922 56.4313 -10.7500 7.2477 12.5487 10.2420 -0.0000 0.0000 0.0000 -21.1792 -24.5002 -4.6490 17.6961 56.4081 -9.5442 -26.9049 -33.0822 -31.0526 -0.0000 0.0000 0.0000
0.1822 0.7102 0.0426 -0.2584 8.1736 21.7509 -5.3497 1.3776 -13.0899 -5.3497 1.3776 -13.0899 -0.9694 0.7147 0.4331 -0.9694 0.7147 0.4331 -16.5567 10.3407 -63.7549 7.8420 -1.9985 -28.5546 -4.3694 1.6188 -40.6423 28.6825 26.2190 84.6602 -29.1163 -4.7775 18.2511 -8.2337 -2.1200 28.8334 7.0448 -31.2751 1.9742 20.1329 56.7842 -10.9621 7.2871 12.4189 10.2891 -0.0000 0.0000 0.0000 -21.4863 -24.8907 -4.7955 17.8732 56.8287 -9.7256 -27.4089 -33.0992 -31.6253 -0.0000 0.0000 0.0000
0.1823 0.7093 0.0453 -0.1922 8.2260 21.7565 -5.3007 1.3640 -13.2296 -5.3007 1.3640 -13.2296 -1.0695 0.6982 0.4183 -1.0695 0.6982 0.4183 -17.1623 10.5592 -62.9651 6.6959 -1.7020 -28.4943 -6.4339 2.3266 -39.7286 29.2365 26.5757 84.3201 -28.5590 -4.8496 18.8927 -7.4199 -1.9214 29.0001 7.0140 -31.3635 1.9714 20.3042 56.9618 -11.0974 7.6747 12.7820 10.8597 -0.0000 0.0000 0.0000 -21.7402 -25.2769 -4.9311 18.0588 57.5162 -9.9684 -27.6922 -32.9458 -31.9625 -0.0000 0.0000 0.0000
0.1826 0.7092 0.0477 -0.1045 8.2339 21.7587 -5.2687 1.3515 -13.3503 -5.2687 1.3515 -13.3503 -1.1674 0.7287 0.4071 -1.1674 0.7287 0.4071 -17.9460 10.8500 -62.0490 5.5827 -1.4234 -28.5879 -8.2347 2.9047 -38.8051 29.8158 26.9361 83.9468 -27.7197 -4.8405 19.4413 -6.6769 -1.7377 29.1471 7.1342 -30.9824 1.9797 19.9491 56.7034 -10.8423 8.1527 12.9215 11.5440 -0.0000 0.0000 0.0000 -21.9717 -25.6639 -5.0637 18.2505 58.4043 -10.2604 -27.8256 -32.6849 -32.1395 -0.0000 0.0000 0.0000
0.1831 0.7108 0.0497 -0.0020 8.2171 21.7530 -5.2444 1.3420 -13.4569 -5.2444 1.3420 -13.4569 -1.2658 0.7978 0.3961 -1.2658 0.7978 0.3961 -18.7778 11.1573 -61.1418 4.7333 -1.2142 -28.7610 -9.3444 3.2295 -38.0618 30.5058 27.3503 83.4844 -26.6024 -4.7604 19.9439 -6.0284 -1.5767 29.2907 7.4099 -30.1405 1.9978 18.9008 55.9681 -10.1087 8.2442 12.5479 11.6455 -0.0000 0.0000 0.0000 -22.0131 -25.6673 -5.0741 17.9696 58.8546 -10.1936 -27.9234 -32.3908 -32.2792 -0.0000 0.0000 0.0000
0.1838 0.7141 0.0512 0.1089 8.1995 21.7351 -5.2225 1.3345 -13.5410 -5.2225 1.3345 -13.5410 -1.3734 0.9010 0.3889 -1.3734 0.9010 0.3889 -19.6303 11.4692 -60.2681 4.0707 -1.0500 -28.9155 -9.9621 3.3783 -37.3876 31.2596 27.7843 82.9572 -25.2712 -4.6161 20.3845 -5.4042 -1.4186 29.3965 7.7654 -29.0804 2.0170 17.3545 54.9265 -9.0706 7.8562 11.3838 11.0193 -0.0000 0.0000 0.0000 -21.8319 -25.2321 -4.9434 17.0910 58.6754 -9.6547 -28.2578 -32.3239 -32.6670 -0.0000 0.0000 0.0000
0.1848 0.7182 0.0521 0.2253 8.1944 21.7132 -5.2023 1.3312 -13.5919 -5.2023 1.3312 -13.5919 -1.4860 1.0215 0.3822 -1.4860 1.0215 0.3822 -20.4030 11.7480 -59.5136 3.5637 -0.9222 -29.0079 -10.2282 3.4033 -36.7272 31.9531 28.1765 82.4739 -23.9561 -4.4405 20.7122 -4.8491 -1.2743 29.4318 8.0522 -28.1960 2.0254 15.7782 53.9454 -8.0677 7.0353 9.1515 9.7398 -0.0000 0.0000 0.0000 -21.4821 -24.3965 -4.6964 15.8215 57.8681 -8.7850 -28.7472 -32.6431 -33.1932 -0.0000 0.0000 0.0000
0.1859 0.7217 0.0522 0.3362 8.2257 21.6745 -5.1765 1.3337 -13.6223 -5.1765 1.3337 -13.6223 -1.5987 1.1263 0.3803 -1.5987 1.1263 0.3803 -20.9212 11.9178 -58.9632 3.1272 -0.8072 -28.9410 -10.4485 3.4010 -35.9768 32.4417 28.4741 82.1865 -22.8214 -4.2538 20.8524 -4.3203 -1.1346 29.4160 8.1435 -27.8440 2.0218 14.6045 53.4356 -7.3808 5.8488 7.0711 8.0041 -0.0000 0.0000 0.0000 -20.9787 -23.0895 -4.3317 14.3850 56.3945 -7.7413 -29.4695 -33.0482 -33.9742 -0.0000 0.0000 0.0000
0.1870 0.7234 0.0511 0.4681 8.2223 21.6104 -5.1745 1.3399 -13.6001 -5.1745 1.3399 -13.6001 -1.6945 1.2173 0.3818 -1.6945 1.2173 0.3818 -21.4036 12.0828 -58.4993 2.7733 -0.7134 -28.8459 -10.7294 3.4286 -35.3553 32.8325 28.7218 81.9814 -21.8940 -4.0730 20.8339 -3.9090 -1.0261 29.4064 8.0356 -27.9375 2.0019 14.2010 53.7038 -7.2171 4.8505 6.1512 6.6056 -0.0000 0.0000 0.0000 -20.5574 -21.7830 -3.9969 13.4836 55.2489 -7.0801 -30.3872 -33.0065 -35.0203 -0.0000 0.0000 0.0000
0.1880 0.7227 0.0483 0.6361 8.1184 21.5199 -5.2136 1.3467 -13.5208 -5.2136 1.3467 -13.5208 -1.7650 1.3209 0.3896 -1.7650 1.3209 0.3896 -22.0010 12.3004 -58.0017 2.4524 -0.6300 -28.8129 -11.3289 3.5630 -34.8211 33.2527 28.9776 81.7434 -21.2816 -3.9451 20.7752 -3.6183 -0.9505 29.4279 7.7517 -28.4876 1.9706 14.5136 54.7061 -7.5375 4.4369 6.2088 6.0448 -0.0000 0.0000 0.0000 -20.4562 -21.0058 -3.8318 13.4908 55.1153 -7.0639 -31.6134 -32.7314 -36.4394 -0.0000 0.0000 0.0000
0.1889 0.7201 0.0439 0.8296 7.9192 21.4018 -5.2884 1.3524 -13.4010 -5.2884 1.3524 -13.4010 -1.8133 1.4352 0.4138 -1.8133 1.4352 0.4138 -22.7213 12.5659 -57.4435 2.1995 -0.5661 -28.8640 -12.1520 3.7746 -34.4012 33.7298 29.2536 81.4493 -20.8719 -3.8522 20.6949 -3.3404 -0.8780 29.4441 7.3385 -29.3616 1.9251 15.3476 56.2423 -8.2373 4.3875 7.1366 6.0086 -0.0000 0.0000 0.0000 -20.5886 -20.7080 -3.8012 14.0970 55.8121 -7.4931 -33.0495 -32.0867 -38.1367 -0.0000 0.0000 0.0000
0.1896 0.7163 0.0390 1.0335 7.6639 21.2664 -5.3841 1.3545 -13.2540 -5.3841 1.3545 -13.2540 -1.8526 1.5566 0.4598 -1.8526 1.5566 0.4598 -23.5746 12.8812 -56.8227 2.0458 -0.5286 -28.9727 -13.0419 4.0117 -34.0697 34.2570 29.5374 81.0884 -20.6360 -3.7980 20.6433 -3.1065 -0.8165 29.4455 6.8971 -30.3073 1.8700 16.4373 57.9447 -9.1445 4.5134 8.5798 6.2319 -0.0000 0.0000 0.0000 -20.8556 -20.8086 -3.8707 15.0755 57.1013 -8.2360 -34.3071 -31.0456 -39.6800 -0.0000 0.0000 0.0000
0.1901 0.7126 0.0347 1.2287 7.4051 21.1339 -5.4811 1.3535 -13.1033 -5.4811 1.3535 -13.1033 -1.8856 1.6705 0.5193 -1.8856 1.6705 0.5193 -24.4735 13.2154 -56.2155 2.0544 -0.5325 -29.0617 -13.9012 4.2409 -33.7883 34.7533 29.7939 80.7353 -20.5424 -3.7786 20.6334 -2.8857 -0.7577 29.4168 6.5119 -31.1210 1.8151 17.4766 59.4339 -10.0277 4.8078 9.8563 6.6879 -0.0000 0.0000 0.0000 -21.1170 -21.0685 -3.9703 16.0691 58.4740 -9.0350 -35.2524 -29.8811 -40.8901 -0.0000 0.0000 0.0000
0.1903 0.7093 0.0324 1.3893 7.2139 21.0083 -5.5552 1.3527 -12.9757 -5.5552 1.3527 -12.9757 -1.9151 1.7632 0.5817 -1.9151 1.7632 0.5817 -25.2491 13.5067 -55.7311 2.2189 -0.5745 -29.0302 -14.5810 4.4123 -33.5163 35.1486 30.0048 80.4720 -20.5143 -3.7681 20.6053 -2.6771 -0.7010 29.3423 6.2600 -31.6389 1.7753 18.0185 60.3761 -10.5394 5.1044 10.5715 7.1304 -0.0000 0.0000 0.0000 -21.1955 -21.0469 -3.9813 16.5077 59.1512 -9.4125 -36.0120 -28.8506 -41.8788 -0.0000 0.0000 0.0000
0.1904 0.7067 0.0326 1.5227 7.0641 20.9022 -5.6111 1.3508 -12.8581 -5.6111 1.3508 -12.8581 -1.9360 1.8371 0.6374 -1.9360 1.8371 0.6374 -25.9175 13.7780 -55.4031 2.5143 -0.6479 -28.8961 -15.1162 4.5504 -33.3396 35.4982 30.1904 80.2407 -20.5481 -3.7678 20.5701 -2.5191 -0.6570 29.2331 6.0614 -32.0478 1.7423 18.3157 60.9780 -10.8443 5.5776 10.3368 7.7794 -0.0000 0.0000 0.0000 -21.1743 -20.9845 -3.9651 16.6648 59.5963 -9.5887 -36.6681 -28.0598 -42.7241 -0.0000 0.0000 0.0000
0.1901 0.7044 0.0356 1.6257 6.9686 20.8028 -5.6407 1.3483 -12.7727 -5.6407 1.3483 -12.7727 -1.9695 1.8730 0.7087 -1.9695 1.8730 0.7087 -26.4197 14.0119 -55.2677 2.8863 -0.7347 -28.5552 -15.5244 4.6687 -33.2992 35.7481 30.3491 80.1281 -20.6490 -3.7756 20.5110 -2.4734 -0.6419 29.0950 6.0823 -31.8999 1.7398 18.3092 61.1261 -10.8723 6.2718 10.7462 8.7676 -0.0000 0.0000 0.0000 -21.1294 -20.9748 -3.9547 16.6065 59.8237 -9.5987 -37.3899 -27.9102 -43.5630 -0.0000 0.0000 0.0000
0.1895 0.7020 0.0415 1.6994 6.9276 20.7001 -5.6475 1.3475 -12.7284 -5.6475 1.3475 -12.7284 -2.0227 1.8615 0.8014 -2.0227 1.8615 0.8014 -26.6927 14.1761 -55.3201 3.2853 -0.8204 -28.0361 -15.9064 4.7942 -33.3604 35.8796 30.4774 80.1563 -20.7521 -3.7832 20.4493 -2.4355 -0.6289 28.9528 6.3343 -31.1703 1.7685 18.1281 60.9457 -10.7251 6.8819 12.9236 9.7494 -0.0000 0.0000 0.0000 -21.0175 -20.9751 -3.9333 16.4613 60.0066 -9.5490 -37.8981 -27.7787 -44.1568 -0.0000 0.0000 0.0000
0.1886 0.6996 0.0500 1.7470 6.9370 20.5948 -5.6377 1.3507 -12.7200 -5.6377 1.3507 -12.7200 -2.0975 1.8062 0.9109 -2.0975 1.8062 0.9109 -26.6330 14.2226 -55.5856 3.7548 -0.9200 -27.5251 -16.1504 4.9197 -33.6910 35.8525 30.5535 80.3498 -20.8134 -3.7784 20.3635 -2.4368 -0.6274 28.8724 6.8408 -29.7847 1.8212 17.7841 60.3394 -10.3932 6.9897 16.5912 10.1459 -0.0000 0.0000 0.0000 -20.8390 -21.0303 -3.9097 16.3596 60.3359 -9.5522 -37.8560 -27.3962 -44.1595 -0.0000 0.0000 0.0000
0.1874 0.6974 0.0605 1.7786 6.9748 20.4929 -5.6247 1.3579 -12.7301 -5.6247 1.3579 -12.7301 -2.1796 1.7315 1.0217 -2.1796 1.7315 1.0217 -26.1890 14.1265 -56.0869 4.5577 -1.1079 -27.3129 -15.9825 5.0013 -34.5605 35.7925 30.6137 80.5673 -20.6950 -3.7444 20.2998 -2.4287 -0.6259 28.8981 7.4794 -28.0925 1.8737 17.3301 59.4209 -9.9402 6.7798 20.2012 10.1033 -0.0000 0.0000 0.0000 -20.5262 -21.1171 -3.8660 16.2131 60.7701 -9.5483 -37.3551 -26.9416 -43.6504 -0.0000 0.0000 0.0000
0.1858 0.6958 0.0721 1.7664 7.1134 20.4053 -5.5909 1.3650 -12.7339 -5.5909 1.3650 -12.7339 -2.2512 1.5235 1.1318 -2.2512 1.5235 1.1318 -25.0442 13.8106 -57.2058 5.5134 -1.3216 -26.9408 -15.4524 4.9441 -35.3033 35.1517 30.3921 81.2268 -20.3287 -3.5873 19.8153 -2.5245 -0.6506 28.8993 8.1163 -26.4685 1.9118 16.7331 58.4344 -9.4043 6.4946 22.6225 9.8655 -0.0000 0.0000 0.0000 -19.9594 -21.0494 -3.7448 15.7740 60.9912 -9.3284 -36.3295 -26.7121 -42.5121 -0.0000 0.0000 0.0000
0.1836 0.6946 0.0839 1.8149 7.0569 20.3369 -5.5978 1.3708 -12.7135 -5.5978 1.3708 -12.7135 -2.2846 1.6354 1.1341 -2.2846 1.6354 1.1341 -24.1184 13.4710 -57.8689 7.3572 -1.8224 -27.7902 -13.7442 4.6172 -36.9907 36.5822 31.0874 80.1596 -19.7759 -3.6089 20.4893 -2.3275 -0.6092 29.3301 8.7519 -24.7724 1.9256 16.0792 56.9822 -8.7677 6.5823 22.5066 9.9890 -0.0000 0.0000 0.0000 -19.2015 -20.5680 -3.5158 15.1481 60.9011 -8.9394 -34.9578 -27.1186 -40.8945 -0.0000 0.0000 0.0000
0.1809 0.6936 0.0956 1.9648 6.6988 20.2717 -5.6414 1.3749 -12.7196 -5.6414 1.3749 -12.7196 -2.3283 2.2361 1.0482 -2.3283 2.2361 1.0482 -23.6551 13.1529 -57.6678 10.7203 -2.9307 -30.5013 -10.1490 3.6618 -39.5962 41.7307 33.0941 75.8701 -18.9381 -3.9537 23.3845 -1.5282 -0.4153 30.4060 9.4703 -22.6748 1.9029 15.4792 55.1221 -8.1148 6.9147 21.2092 10.3841 -0.0000 0.0000 0.0000 -18.3959 -19.4706 -3.1827 14.4975 60.2398 -8.4405 -33.8437 -28.2954 -39.4782 -0.0000 0.0000 0.0000
0.1781 0.6929 0.1071 2.1969 6.0263 20.1881 -5.7137 1.3787 -12.7436 -5.7137 1.3787 -12.7436 -2.3958 3.2943 0.8999 -2.3958 3.2943 0.8999 -23.7824 12.9434 -56.6226 15.8863 -5.0359 -34.9865 -4.9998 1.9023 -41.6404 51.0439 35.3342 67.4152 -16.9229 -4.3341 28.5426 0.4778 0.1369 31.9831 10.1793 -20.4843 1.8440 15.0248 53.4800 -7.6023 7.0298 20.7922 10.5223 -0.0000 0.0000 0.0000 -17.7246 -18.0249 -2.8333 14.3013 59.4450 -8.1934 -32.9112 -29.3804 -38.2867 -0.0000 0.0000 0.0000
0.1750 0.6920 0.1179 2.4479 5.1674 20.0482 -5.7811 1.3815 -12.8280 -5.7811 1.3815 -12.8280 -2.4721 4.5841 0.7160 -2.4721 4.5841 0.7160 -23.6586 12.4702 -55.0967 22.5820 -8.4034 -40.4029 0.6031 -0.2267 -41.1967 63.3603 35.7833 55.2293 -12.6335 -3.9764 34.8225 4.2484 1.2821 33.5742 10.8954 -18.4028 1.7701 15.1968 51.9691 -7.4402 7.0536 21.1361 10.5861 -0.0000 0.0000 0.0000 -17.3452 -16.7045 -2.5658 14.8555 58.8362 -8.4089 -32.3347 -30.2413 -37.5317 -0.0000 0.0000 0.0000
0.1716 0.6904 0.1280 2.6191 4.3909 19.8609 -5.7912 1.3915 -13.0767 -5.7912 1.3915 -13.0767 -2.5368 5.8191 0.5238 -2.5368 5.8191 0.5238 -22.3399 11.3973 -53.6207 30.1606 -12.5441 -44.3803 5.4553 -1.8695 -37.8088 73.7637 33.7207 43.9890 -6.7924 -2.4098 39.0303 8.8543 2.7351 34.2742 11.7047 -16.4780 1.7006 15.3374 50.2917 -7.2332 7.0543 20.9208 10.5694 -0.0000 0.0000 0.0000 -17.3059 -16.2345 -2.4869 15.9662 58.7322 -9.0239 -32.0456 -31.5479 -37.0579 -0.0000 0.0000 0.0000
0.1670 0.6880 0.1371 2.6266 3.9674 19.6290 -5.6974 1.4049 -13.4845 -5.6974 1.4049 -13.4845 -2.5527 6.6445 0.3251 -2.5527 6.6445 0.3251 -19.0371 9.5503 -52.9650 36.6794 -15.3729 -44.3071 8.6086 -2.5976 -33.5281 80.0068 30.8577 36.4089 -1.4221 -0.5099 39.4517 13.4908 4.1629 34.1626 12.5060 -14.9192 1.6439 15.3858 48.6089 -6.9818 6.9847 20.2689 10.4131 -0.0000 0.0000 0.0000 -17.1639 -15.9450 -2.4216 16.7489 58.2165 -9.3715 -31.7133 -32.8912 -36.5355 -0.0000 0.0000 0.0000
0.1621 0.6847 0.1442 2.5369 3.7686 19.3978 -5.5177 1.4097 -13.9907 -5.5177 1.4097 -13.9907 -2.5464 7.2204 0.0524 -2.5464 7.2204 0.0524 -14.4267 7.0625 -51.9853 41.8896 -16.7456 -42.0665 10.6228 -2.8127 -29.5856 83.7379 28.0050 31.0969 2.4339 0.8346 37.8512 17.9569 5.4240 33.3779 13.3371 -13.3540 1.5683 15.5079 46.7663 -6.7389 7.1111 20.9814 10.6592 -0.0000 0.0000 0.0000 -17.0381 -16.5937 -2.5027 17.5162 58.7104 -9.9046 -30.5276 -33.8440 -35.0934 -0.0000 0.0000 0.0000
0.1568 0.6811 0.1486 2.3909 3.7454 19.2261 -5.2487 1.3982 -14.5978 -5.2487 1.3982 -14.5978 -2.4445 7.6062 -0.4279 -2.4445 7.6062 -0.4279 -9.4246 4.3657 -49.6321 45.6581 -16.9410 -38.9651 12.5100 -2.9235 -26.2114 85.9171 25.1793 26.9749 4.5648 1.4246 34.6491 21.9821 6.6772 33.4363 14.1208 -11.7486 1.4602 16.0468 45.0567 -6.6923 7.0272 18.7722 10.3599 -0.0000 0.0000 0.0000 -16.7975 -18.1554 -2.7027 18.1017 60.2209 -10.5558 -28.9434 -35.0265 -33.1836 -0.0000 0.0000 0.0000
0.1507 0.6776 0.1500 2.1550 3.9638 19.1337 -4.8960 1.3600 -15.1539 -4.8960 1.3600 -15.1539 -2.1171 7.7706 -1.2417 -2.1171 7.7706 -1.2417 -5.2633 2.2359 -46.0092 47.9449 -16.3663 -35.8427 14.7271 -3.0696 -23.4269 86.6403 22.5167 23.8395 3.7080 1.0352 31.1872 25.1121 7.9610 34.7006 14.6887 -10.9764 1.4190 16.9463 44.0792 -6.9025 6.6392 15.1626 9.5448 -0.0000 0.0000 0.0000 -16.4283 -20.5288 -2.9949 18.6502 62.4866 -11.3776 -27.4534 -35.5290 -31.4506 -0.0000 0.0000 0.0000
0.1423 0.6753 0.1487 1.8132 4.4507 19.1226 -4.4755 1.2912 -15.5612 -4.4755 1.2912 -15.5612 -1.5027 7.6692 -2.3650 -1.5027 7.6692 -2.3650 -2.0982 0.8015 -41.8074 49.3894 -15.2418 -32.4471 17.2249 -3.1920 -20.8478 86.0528 20.0657 21.4658 0.4274 0.1089 28.5863 26.6576 9.0230 36.8395 15.0487 -11.4127 1.5124 18.1846 43.6592 -7.3360 6.1645 9.9504 8.5768 -0.0000 0.0000 0.0000 -15.8870 -23.1034 -3.2673 19.4816 64.5377 -12.3726 -26.5597 -36.0604 -30.3916 -0.0000 0.0000 0.0000
0.1327 0.6745 0.1455 1.3619 5.1657 19.2124 -4.0117 1.2064 -15.8211 -4.0117 1.2064 -15.8211 -0.7134 7.3616 -3.5226 -0.7134 7.3616 -3.5226 0.0952 -0.0326 -37.7566 49.1702 -13.2147 -28.4149 20.2012 -3.3004 -18.3731 83.9457 18.6516 20.6916 -4.4837 -1.0596 26.5804 24.6913 9.0943 39.9387 15.3376 -12.7692 1.7264 19.1033 43.3996 -7.6618 5.5227 2.9861 7.3940 -0.0000 0.0000 0.0000 -15.4703 -26.3474 -3.6420 21.4788 66.8057 -14.2584 -25.8993 -37.4644 -29.5240 -0.0000 0.0000 0.0000
0.1227 0.6745 0.1410 0.8724 5.9056 19.3523 -3.5745 1.1305 -15.9513 -3.5745 1.1305 -15.9513 0.1231 6.9243 -4.4932 0.1231 6.9243 -4.4932 1.2075 -0.3693 -34.0075 47.0694 -10.6365 -24.1292 23.4411 -3.3330 -15.9660 81.2697 17.1990 19.9884 -9.2252 -2.0471 24.9731 20.8464 8.2894 43.0021 15.4982 -14.9631 2.0476 19.8772 43.4619 -7.9900 4.4443 -3.9921 5.7532 -0.0000 0.0000 0.0000 -14.8376 -28.7381 -3.8211 24.0344 67.9497 -16.3265 -25.8583 -39.0310 -29.3463 -0.0000 0.0000 0.0000
0.1111 0.6742 0.1347 0.3781 6.5231 19.5288 -3.1901 1.0706 -15.9833 -3.1901 1.0706 -15.9833 0.8753 6.4564 -5.1350 0.8753 6.4564 -5.1350 1.2400 -0.3391 -30.5859 43.3977 -8.1030 -20.1856 26.5602 -3.2924 -13.8849 78.3356 16.2018 19.8216 -13.2814 -2.8882 24.4359 15.6327 6.5017 44.9561 15.5943 -17.4621 2.4095 20.6277 43.9116 -8.3916 3.4422 -7.9774 4.3788 -0.0000 0.0000 0.0000 -14.7471 -32.1232 -4.2675 29.5896 70.1604 -21.0163 -25.1038 -40.4860 -28.3810 -0.0000 0.0000 0.0000
0.0983 0.6725 0.1268 -0.0637 6.8592 19.7417 -2.8883 1.0316 -16.0726 -2.8883 1.0316 -16.0726 1.6734 6.0634 -5.6463 1.6734 6.0634 -5.6463 0.1497 -0.0363 -27.2631 38.1102 -6.0466 -17.3875 29.6777 -3.2619 -12.2682 75.7102 15.2272 19.5171 -16.5498 -3.5047 23.7589 10.8192 4.6287 46.2238 15.8204 -19.4265 2.7248 21.6253 44.5051 -8.9367 2.7144 -12.0402 3.3954 -0.0000 0.0000 0.0000 -15.1943 -36.9755 -5.1069 38.9476 73.6120 -29.6402 -23.5074 -41.5616 -26.5107 -0.0000 0.0000 0.0000
0.0849 0.6683 0.1169 -0.4630 7.0111 19.9644 -2.6693 1.0154 -16.2651 -2.6693 1.0154 -16.2651 2.7078 5.6803 -6.2962 2.7078 5.6803 -6.2962 -2.2259 0.4753 -24.1053 30.7498 -4.2672 -15.4316 33.1370 -3.3266 -11.1491 73.2482 14.3724 19.2542 -19.3286 -4.0371 23.3868 6.2857 2.7247 46.8366 16.2568 -20.7735 2.9993 22.6537 45.0311 -9.4932 2.8901 -14.1277 3.5853 -0.0000 0.0000 0.0000 -16.2580 -42.8559 -6.4170 52.0633 76.8858 -42.3836 -22.8999 -41.9076 -25.8057 -0.0000 0.0000 0.0000
0.0723 0.6618 0.1061 -0.8097 7.0537 20.1698 -2.5317 1.0231 -16.5716 -2.5317 1.0231 -16.5716 4.0153 5.2877 -7.1987 4.0153 5.2877 -7.1987 -5.7100 1.0675 -21.1631 20.9183 -2.4263 -13.0879 35.6282 -3.2880 -10.2079 70.7118 13.6793 19.1907 -21.7161 -4.5149 23.2271 1.4315 0.6269 47.2969 16.9526 -21.3448 3.2174 23.0693 44.9494 -9.6519 3.5226 -16.9883 4.3221 -0.0000 0.0000 0.0000 -17.5343 -48.2496 -7.9019 64.6425 78.7914 -54.9146 -23.5206 -42.1706 -26.4803 -0.0000 0.0000 0.0000
0.0589 0.6540 0.0949 -1.1036 7.0565 20.3433 -2.4835 1.0671 -16.9767 -2.4835 1.0671 -16.9767 5.4611 4.8818 -8.2389 5.4611 4.8818 -8.2389 -10.0290 1.6312 -18.4314 8.9264 -0.7371 -9.4219 33.8162 -2.7252 -8.9487 67.8473 13.2749 19.6320 -24.1429 -4.9415 22.8141 -4.3240 -1.8801 46.9824 17.8503 -21.3625 3.3933 22.7460 43.8485 -9.2570 4.7908 -21.7678 5.7759 -0.0000 0.0000 0.0000 -18.8716 -52.6302 -9.3973 74.4816 79.7460 -64.8300 -24.6685 -42.3789 -27.7462 -0.0000 0.0000 0.0000
0.0453 0.6470 0.0862 -1.3278 7.0001 20.5711 -2.5639 1.1709 -17.4350 -2.5639 1.1709 -17.4350 6.8943 4.4827 -9.2701 6.8943 4.4827 -9.2701 -15.3316 2.0665 -15.2640 -2.2050 0.0726 -3.7719 24.6943 -1.2427 -5.6725 64.5559 13.0179 20.4782 -26.6659 -5.3118 22.1488 -10.7320 -4.5406 45.7666 18.8086 -21.2601 3.5610 21.7486 41.9086 -8.4149 6.3534 -28.1471 7.4939 -0.0000 0.0000 0.0000 -19.8990 -55.2167 -10.4832 78.4972 79.6614 -68.5438 -26.7331 -42.4160 -30.0436 -0.0000 0.0000 0.0000
0.0326 0.6404 0.0757 -1.5165 7.0530 20.5545 -2.7497 1.3414 -17.9169 -2.7497 1.3414 -17.9169 8.2044 4.0539 -10.1259 8.2044 4.0539 -10.1259 -21.4613 2.0984 -11.0402 -9.2154 -0.0161 0.1993 13.1563 -0.4056 -3.5158 60.9718 12.9564 21.8341 -29.4929 -5.6587 21.2686 -17.3468 -6.9306 43.3024 19.4938 -21.5049 3.7367 20.4344 39.4592 -7.3969 7.9258 -33.7552 9.1810 -0.0000 0.0000 0.0000 -19.6409 -55.9420 -10.5043 76.3423 78.9733 -65.8630 -29.2598 -41.9418 -32.8945 -0.0000 0.0000 0.0000
0.0203 0.6356 0.0666 -1.6905 7.1993 20.3329 -2.9717 1.5712 -18.4879 -2.9717 1.5712 -18.4879 9.3362 3.5826 -10.7829 9.3362 3.5826 -10.7829 -27.9878 1.5409 -6.1772 -11.3807 -0.1420 1.4251 5.4183 -0.1590 -3.3586 57.3213 12.9595 23.4772 -32.7104 -6.0252 20.3340 -22.9747 -8.4253 39.8459 19.9308 -21.5927 3.8381 19.3852 37.6158 -6.6584 10.7166 -35.4323 12.3447 -0.0000 0.0000 0.0000 -18.3648 -55.7002 -9.7634 73.9682 78.2997 -63.0276 -31.3633 -40.5064 -35.3673 -0.0000 0.0000 0.0000
0.0106 0.6403 0.0616 -1.7926 7.3747 19.5235 -3.2338 1.8542 -19.0493 -3.2338 1.8542 -19.0493 10.2192 3.1812 -11.2187 10.2192 3.1812 -11.2187 -34.5328 0.4981 -1.6023 -10.3975 -0.0814 0.8947 1.7607 -0.0595 -3.8709 53.9740 13.0982 25.4089 -35.9463 -6.4129 19.5959 -27.3225 -9.0287 35.9913 19.6736 -22.2417 3.9042 19.3155 37.3958 -6.5925 11.6760 -36.2251 13.4154 -0.0000 0.0000 0.0000 -15.8777 -54.7367 -8.2578 66.8946 77.7593 -56.0814 -33.1837 -38.0224 -37.6457 -0.0000 0.0000 0.0000
0.0026 0.6490 0.0632 -1.6909 7.1809 17.8244 -3.5545 2.1546 -19.6220 -3.5545 2.1546 -19.6220 10.6697 2.9844 -11.4349 10.6697 2.9844 -11.4349 -40.8100 -0.9138 2.4562 -8.7020 0.0110 -0.1444 -0.8713 0.0407 -5.3458 50.9159 13.5176 27.9579 -39.6957 -7.1503 19.6401 -30.1237 -8.7477 31.7330 18.2490 -22.9306 3.7316 22.3460 40.3350 -8.2984 10.3224 -36.0726 11.8684 -0.0000 0.0000 0.0000 -11.9852 -53.1056 -6.0058 56.7175 77.7117 -47.0037 -34.1648 -33.2833 -39.2618 -0.0000 0.0000 0.0000
-0.0046 0.6580 0.0724 -1.4162 6.4910 15.3204 -3.9833 2.4694 -20.0125 -3.9833 2.4694 -20.0125 10.6795 2.9706 -11.5007 10.6795 2.9706 -11.5007 -46.5047 -2.2818 5.3074 -7.8655 0.0814 -1.1846 -4.4400 0.3242 -8.3472 48.2126 14.2768 31.2727 -43.3671 -8.1628 20.3475 -30.7441 -7.9134 28.2438 16.0684 -23.1601 3.3134 27.6643 45.8182 -11.8808 -1.3805 -31.7587 -1.6100 -0.0000 0.0000 0.0000 -6.7284 -50.6461 -3.1867 45.1405 78.1302 -37.2857 -33.3957 -25.8918 -39.2558 -0.0000 0.0000 0.0000
-0.0122 0.6613 0.0899 -1.1049 5.2258 12.5541 -4.5678 2.8144 -20.0485 -4.5678 2.8144 -20.0485 10.4210 3.1000 -11.4658 10.4210 3.1000 -11.4658 -51.3377 -3.3497 6.9633 -8.9460 0.1344 -1.7178 -9.3016 1.0081 -12.3448 45.9157 15.2529 35.0826 -46.7210 -9.3898 21.5313 -29.9669 -7.0736 26.0072 13.7983 -22.6642 2.7781 36.1836 53.4728 -18.6907 -17.5101 21.9363 -26.2286 -0.0000 0.0000 0.0000 -0.8561 -46.8351 -0.3708 36.0166 79.7255 -30.3740 -29.3250 -9.9457 -36.5403 -0.0000 0.0000 0.0000
-0.0187 0.6554 0.1150 -0.8752 3.8255 9.7381 -5.2142 3.1310 -19.6946 -5.2142 3.1310 -19.6946 10.0029 3.2483 -11.2410 10.0029 3.2483 -11.2410 -55.3441 -3.9514 7.5274 -12.3759 0.3941 -3.6341 -15.9484 2.4204 -17.1517 43.8004 16.2259 39.0495 -49.2309 -10.4947 22.6699 -28.3631 -6.3115 24.6163 11.2889 -21.5162 2.1516 47.5340 62.0491 -29.6689 -12.8202 57.9331 -35.4229 -0.0000 0.0000 0.0000 5.0136 -40.8749 1.8693 26.9420 80.6536 -22.9877 -20.0412 14.4309 -28.4061 -0.0000 0.0000 0.0000
-0.0241 0.6394 0.1460 -0.7764 2.6961 7.3255 -5.7953 3.3584 -19.0478 -5.7953 3.3584 -19.0478 9.5615 3.4557 -10.7863 9.5615 3.4557 -10.7863 -58.9151 -3.8651 6.8378 -16.9349 0.9145 -6.1370 -20.5051 3.7570 -20.5554 41.8880 16.8353 42.2764 -50.8467 -11.3747 23.6664 -26.9595 -5.8243 23.9631 8.5483 -19.5438 1.4749 61.4458 70.1704 -45.3162 -11.5270 59.3426 -33.9257 -0.0000 0.0000 0.0000 9.5099 -34.0406 2.9172 22.4308 80.7754 -19.1490 -11.5544 36.4374 -20.0937 -0.0000 0.0000 0.0000
-0.0280 0.6119 0.1798 -0.7665 2.1362 5.1853 -6.2379 3.4513 -18.1521 -6.2379 3.4513 -18.1521 9.1245 3.7720 -10.0570 9.1245 3.7720 -10.0570 -61.7501 -2.9084 4.8624 -21.6458 1.6357 -8.5409 -21.9247 4.3958 -22.4150 40.4266 17.0944 44.4099 -51.8786 -12.0287 24.4425 -26.1930 -5.6628 24.0038 5.5212 -18.5840 0.9040 78.1284 76.8690 -65.5708 -13.2817 53.5555 -31.7162 -0.0000 0.0000 0.0000 12.3294 -27.6305 3.0429 21.1322 80.0759 -17.8150 -9.1303 46.0845 -18.4903 -0.0000 0.0000 0.0000
-0.0310 0.5766 0.2150 -0.7322 1.9278 3.1703 -6.5303 3.4430 -17.2547 -6.5303 3.4430 -17.2547 8.5585 4.1653 -9.1183 8.5585 4.1653 -9.1183 -64.4048 -1.3712 2.1771 -25.8642 2.3703 -10.2963 -20.9787 4.4252 -23.5747 38.9936 17.1712 46.1894 -52.9623 -12.7882 25.3554 -25.9722 -5.7949 24.7574 2.4757 -18.5904 0.4053 106.7686 81.3578 -98.3087 -13.7239 47.8844 -28.5572 -0.0000 0.0000 0.0000 13.7164 -22.8685 2.7870 21.5046 79.8939 -18.0737 -9.6110 49.7758 -21.0203 -0.0000 0.0000 0.0000
-0.0338 0.5433 0.2511 -0.6283 1.9396 1.3092 -6.7141 3.3919 -16.4827 -6.7141 3.3919 -16.4827 7.8648 4.6003 -8.0797 7.8648 4.6003 -8.0797 -67.2226 0.6622 -0.9963 -28.3770 2.9059 -11.4580 -18.6183 4.0445 -24.3122 37.5682 17.2680 48.1160 -53.7984 -13.8037 26.8401 -25.9583 -6.2272 26.5584 0.1335 -19.0652 0.0224 138.8535 82.6705 -133.7828 -13.6159 44.0732 -26.3907 -0.0000 0.0000 0.0000 14.1165 -19.6718 2.4595 21.4152 80.4512 -18.1736 -9.5879 53.5603 -23.1322 -0.0000 0.0000 0.0000
-0.0357 0.5114 0.2827 -0.4064 1.9115 -0.2083 -6.8844 3.3470 -15.8789 -6.8844 3.3470 -15.8789 7.1302 4.9975 -7.0964 7.1302 4.9975 -7.0964 -69.7794 2.7998 -4.0142 -29.1447 3.2121 -12.3114 -16.1397 3.5152 -24.4234 36.2288 17.5662 50.5637 -54.2794 -15.2277 29.2318 -25.3641 -6.6394 28.9081 -0.9784 -20.3661 -0.1758 157.2481 80.8677 -153.4287 -12.5641 43.5657 -24.1900 -0.0000 0.0000 0.0000 13.9593 -17.5912 2.1704 19.5044 82.6372 -17.1838 -7.8310 57.8249 -21.9258 -0.0000 0.0000 0.0000
-0.0371 0.4830 0.3059 -0.1168 1.8484 -1.3970 -7.0196 3.3257 -15.4805 -7.0196 3.3257 -15.4805 6.3866 5.3721 -6.1355 6.3866 5.3721 -6.1355 -72.0376 4.9744 -6.8381 -28.9452 3.4755 -13.4079 -13.9527 2.9576 -23.8261 34.9058 18.0919 53.7143 -53.7140 -17.0128 32.9099 -23.5192 -6.6293 31.0942 -1.4660 -21.2056 -0.2744 158.0354 78.6889 -153.3641 -11.9233 44.8526 -23.4986 -0.0000 0.0000 0.0000 13.6038 -16.5289 1.9851 18.4224 85.3381 -17.0032 -5.5624 60.6150 -17.7562 -0.0000 0.0000 0.0000
-0.0380 0.4626 0.3186 0.3078 1.6486 -2.2691 -7.2518 3.3160 -15.0427 -7.2518 3.3160 -15.0427 5.6950 5.8693 -5.2022 5.6950 5.8693 -5.2022 -73.9002 7.0946 -9.4226 -28.7058 3.6150 -14.0613 -12.3811 2.5332 -23.0423 34.0594 18.7797 56.7284 -52.0363 -18.9271 37.7088 -20.6215 -6.0848 32.5718 -1.2446 -22.9459 -0.2526 153.0615 76.8169 -146.3813 -11.0953 48.5426 -23.5409 -0.0000 0.0000 0.0000 13.0021 -15.3184 1.7559 7.1427 86.8502 -6.7614 -3.9029 62.2717 -13.7103 -0.0000 0.0000 0.0000
-0.0383 0.4562 0.3187 0.9261 1.2607 -2.7576 -7.6607 3.3052 -14.4841 -7.6607 3.3052 -14.4841 5.1159 6.4501 -4.3390 5.1159 6.4501 -4.3390 -75.2574 8.7770 -11.3703 -29.6577 3.7737 -14.1861 -11.7648 2.3153 -22.1938 33.9802 19.6757 59.1542 -49.6386 -20.5636 42.8345 -17.2468 -5.1192 32.8483 -0.0390 -25.7200 -0.0089 146.4920 75.8264 -137.7348 -9.6604 53.8568 -23.5062 -0.0000 0.0000 0.0000 12.0393 -13.8044 1.4627 -9.0124 86.8352 8.5297 -3.1471 63.1397 -11.6983 -0.0000 0.0000 0.0000
-0.0383 0.4632 0.3148 1.7738 0.6020 -2.6137 -8.2941 3.3049 -13.8782 -8.2941 3.3049 -13.8782 4.8133 7.2532 -3.7001 4.8133 7.2532 -3.7001 -76.5858 9.8227 -12.4225 -31.8281 3.8406 -13.4135 -11.8684 2.2475 -21.3736 35.0861 20.9742 60.7019 -46.9029 -21.7819 47.8375 -13.6451 -3.9674 32.2913 2.4243 -29.2940 0.6337 138.9750 75.9923 -128.8172 -6.7977 60.1103 -21.0918 -0.0000 0.0000 0.0000 10.5916 -11.8241 1.0999 -12.7387 85.9720 11.8797 -2.8325 63.3965 -10.7194 -0.0000 0.0000 0.0000
-0.0382 0.4787 0.3159 2.8822 -0.2018 -1.7074 -9.0898 3.3029 -13.3456 -9.0898 3.3029 -13.3456 4.7730 8.1342 -3.3608 4.7730 8.1342 -3.3608 -78.1122 10.3064 -12.6842 -34.7907 3.7917 -12.0625 -12.3851 2.2395 -20.4233 37.6762 22.8310 61.2372 -43.4902 -22.5644 53.1454 -9.7140 -2.7395 31.4320 6.1973 -32.3215 1.7975 120.8573 77.2280 -109.2173 -2.4900 63.9174 -9.7823 -0.0000 0.0000 0.0000 8.7297 -9.6475 0.7381 -8.0619 84.8606 7.3714 -2.5265 63.5555 -9.6724 -0.0000 0.0000 0.0000
-0.0380 0.4954 0.3235 4.2273 -0.8833 -0.0521 -9.9264 3.2365 -12.8202 -9.9264 3.2365 -12.8202 5.0295 9.0651 -3.2899 5.0295 9.0651 -3.2899 -79.7286 10.1653 -12.1591 -38.6101 3.6948 -10.5218 -12.7463 2.1934 -19.4513 41.5589 24.9924 60.5753 -38.5554 -22.4968 59.2477 -5.4132 -1.4592 30.1523 10.8160 -34.2429 3.3409 87.2289 76.2638 -73.5873 5.7015 53.8211 13.9647 -0.0000 0.0000 0.0000 6.7220 -7.9884 0.4699 -2.5550 84.2267 2.3097 -2.1609 63.4035 -8.1908 -0.0000 0.0000 0.0000
-0.0370 0.5030 0.3148 5.6511 -0.9847 2.1469 -10.5683 3.0887 -12.3540 -10.5683 3.0887 -12.3540 5.3862 9.8758 -3.2062 5.3862 9.8758 -3.2062 -81.2622 10.0438 -11.6948 -42.4156 3.7644 -9.6815 -12.8395 2.0556 -18.1191 45.4638 26.9009 59.4395 -32.3441 -21.0143 65.2017 -1.5320 -0.3868 28.3402 14.9449 -32.7512 4.4145 55.0793 68.3225 -38.9736 14.3578 37.2710 25.1391 -0.0000 0.0000 0.0000 4.7222 -7.7209 0.3188 1.7724 84.4955 -1.6098 -1.7172 62.9284 -6.3090 -0.0000 0.0000 0.0000
-0.0354 0.5049 0.2826 7.0521 -0.2665 4.4489 -10.9030 2.9032 -12.0330 -10.9030 2.9032 -12.0330 5.4157 10.3434 -2.7464 5.4157 10.3434 -2.7464 -82.3827 10.8140 -12.3454 -46.0665 4.1791 -9.8099 -12.3770 1.8317 -16.7735 47.9803 28.2580 58.9882 -25.8997 -18.0198 69.1772 1.0699 0.2537 26.6812 18.7440 -29.7044 5.0123 38.8849 56.9968 -21.6978 15.0293 35.2707 25.6492 -0.0000 0.0000 0.0000 2.6563 -7.6920 0.1786 0.4504 83.4934 -0.4020 -1.1915 62.9195 -4.3773 -0.0000 0.0000 0.0000
-0.0326 0.5202 0.2289 8.3363 1.0017 6.4417 -10.9392 2.7455 -11.9443 -10.9392 2.7455 -11.9443 4.9523 10.4330 -1.8191 4.9523 10.4330 -1.8191 -83.1920 12.5592 -14.1326 -49.1921 5.0988 -11.1112 -11.9971 1.6322 -15.4400 49.6524 29.2421 58.8376 -19.7266 -14.4074 72.0312 2.3114 0.5201 25.3580 21.6447 -25.0943 4.8724 30.0710 45.5805 -12.8784 13.2020 41.2741 24.4824 -0.0000 0.0000 0.0000 0.5994 -7.7374 0.0405 -7.9866 81.1929 6.8474 -0.6658 63.3932 -2.5256 -0.0000 0.0000 0.0000
-0.0282 0.5548 0.1575 9.3896 2.6382 8.0207 -10.7172 2.6234 -11.9986 -10.7172 2.6234 -11.9986 4.0939 10.2988 -0.5584 4.0939 10.2988 -0.5584 -83.3026 15.2736 -17.1454 -51.1158 6.4664 -13.4738 -12.1384 1.5013 -14.0499 50.6132 29.9551 59.0018 -14.7321 -11.0625 73.6739 2.6376 0.5726 24.4945 23.4284 -21.0064 4.4029 25.1260 36.9701 -8.5213 12.0106 44.6604 23.5865 -0.0000 0.0000 0.0000 -1.2361 -7.0478 -0.0761 -19.0102 75.1325 14.6768 0.0005 65.7286 0.0023 -0.0000 0.0000 0.0000
-0.0214 0.5993 0.0733 10.2113 4.3915 9.1196 -10.3256 2.5253 -12.0732 -10.3256 2.5253 -12.0732 3.0068 10.0131 0.8219 3.0068 10.0131 0.8219 -82.3570 18.7042 -21.3241 -51.4878 8.5742 -17.6727 -12.8046 1.3996 -12.4245 51.3772 30.4280 58.9651 -11.0060 -8.4451 74.9290 2.7124 0.5781 24.0585 24.3317 -18.2352 3.9632 22.3484 30.9915 -6.2695 12.0317 43.0988 23.0066 -0.0000 0.0000 0.0000 -2.7788 -5.6328 -0.1367 -29.2401 61.2379 17.5527 0.1301 73.5131 5.1952 -0.0000 0.0000 0.0000
-0.0131 0.6438 -0.0144 10.7860 6.0056 9.9949 -9.8164 2.4172 -12.0238 -9.8164 2.4172 -12.0238 2.0447 9.6496 1.9042 2.0447 9.6496 1.9042 -80.4853 21.8731 -25.7219 -50.2216 11.2792 -23.7967 -13.8773 1.3102 -10.7352 52.3086 30.7828 58.5482 -7.8515 -6.1539 76.1441 2.5984 0.5399 23.4735 24.7277 -17.1898 3.7952 21.2518 27.1206 -5.1818 12.7537 39.6509 23.1123 -0.0000 0.0000 0.0000 -3.9340 -3.9049 -0.1342 -38.2864 30.2510 10.7205 -162.6785 82.9340 173.3540 -0.0000 0.0000 0.0000
-0.0035 0.6762 -0.0999 11.1348 7.5346 10.9422 -9.1862 2.2566 -11.7769 -9.1862 2.2566 -11.7769 1.1481 9.2486 2.7231 1.1481 9.2486 2.7231 -78.1562 24.5155 -29.9574 -46.2791 13.9415 -31.9319 -16.0866 1.2353 -8.7249 53.3769 31.0892 57.9153 -5.0435 -4.0447 77.4448 2.1186 0.4208 22.4637 25.0732 -17.0323 3.8141 20.9947 24.7542 -4.6569 13.7261 35.6761 23.5823 -0.0000 0.0000 0.0000 -4.7049 -2.3173 -0.0952 -46.1365 -10.4618 -4.4656 174.3156 52.6027 177.6035 -0.0000 0.0000 0.0000
0.0082 0.6934 -0.1824 11.2987 8.8219 12.1784 -8.4692 2.0848 -11.5363 -8.4692 2.0848 -11.5363 0.0769 8.8124 3.4696 0.0769 8.8124 3.4696 -74.9775 26.3155 -33.9003 -40.6538 15.6297 -40.6585 -18.6306 1.2634 -7.6911 54.6452 31.5351 57.3160 -2.9444 -2.3643 77.5238 1.5896 0.3082 21.9437 25.6282 -17.3204 3.9683 20.9324 23.0691 -4.3180 14.3073 32.7311 23.7468 -0.0000 0.0000 0.0000 -5.2990 -1.5716 -0.0727 -50.8962 -29.9713 -14.5184 154.8570 59.2835 171.5363 -0.0000 0.0000 0.0000
0.0192 0.6958 -0.2581 11.3922 9.5492 13.7748 -7.8200 1.9192 -11.2926 -7.8200 1.9192 -11.2926 -1.1084 8.6435 4.1751 -1.1084 8.6435 4.1751 -71.8005 26.6366 -36.2178 -35.7703 16.6036 -48.6619 -21.7038 1.4752 -7.6844 57.1320 31.9997 55.5486 -1.2598 -1.0084 77.3525 1.2861 0.2503 22.0215 26.3046 -17.5093 4.1218 21.1064 21.6021 -4.0711 14.2986 32.0842 23.5682 -0.0000 0.0000 0.0000 -5.9251 -1.5652 -0.0810 -53.6711 -36.1297 -18.7405 28.9710 84.2502 -58.0256 -0.0000 0.0000 0.0000
0.0292 0.6895 -0.3213 11.4810 9.6338 15.7078 -7.3448 1.7371 -10.9053 -7.3448 1.7371 -10.9053 -2.2825 8.7479 4.8094 -2.2825 8.7479 4.8094 -68.2141 25.5180 -36.9763 -32.6070 17.3995 -55.2335 -24.7019 1.9605 -8.9363 60.8446 32.2640 52.4459 0.2717 0.2164 77.0864 1.1370 0.2233 22.2210 26.8855 -17.8210 4.2923 21.3714 20.8258 -3.9719 14.1504 32.2807 23.3772 -0.0000 0.0000 0.0000 -7.3550 -4.4382 -0.2854 -51.2159 -32.2064 -15.7559 -5.7761 51.1984 -13.1555 -0.0000 0.0000 0.0000
0.0390 0.6846 -0.3636 11.5403 9.0319 18.0208 -7.0725 1.5379 -10.3629 -7.0725 1.5379 -10.3629 -3.2623 9.1624 5.5474 -3.2623 9.1624 5.5474 -64.1658 23.3277 -36.4534 -30.0909 17.8461 -60.5791 -27.7368 2.8743 -11.6045 65.7249 32.1067 48.0201 2.0358 1.6167 76.9052 1.1720 0.2290 22.1153 27.3161 -18.3801 4.5027 21.4861 20.5384 -3.9375 14.2680 32.8554 23.7149 -0.0000 0.0000 0.0000 -10.7839 -12.7988 -1.2130 -41.5243 -14.2872 -5.4405 -6.9550 24.7317 -10.7507 -0.0000 0.0000 0.0000
0.0502 0.6736 -0.3785 11.5523 7.9969 20.6366 -6.8652 1.3350 -9.8792 -6.8652 1.3350 -9.8792 -3.9630 9.6136 6.3679 -3.9630 9.6136 6.3679 -59.7503 20.8795 -35.5668 -26.8609 17.1867 -64.6536 -30.4527 4.4017 -16.0734 70.0600 31.8286 44.2680 3.4244 2.6809 76.1084 0.7629 0.1443 21.4209 27.6742 -18.7749 4.6637 21.1890 20.1043 -3.7981 14.9521 32.1755 24.6488 -0.0000 0.0000 0.0000 -17.2396 -26.1279 -4.0291 -32.1683 16.8806 4.8998 -10.5881 -0.8951 -13.8834 -0.0000 0.0000 0.0000
0.0611 0.6489 -0.3646 11.4836 6.8336 23.3762 -6.6024 1.1395 -9.6542 -6.6024 1.1395 -9.6542 -4.4605 10.0010 7.2623 -4.4605 10.0010 7.2623 -55.6163 18.7330 -34.7336 -22.6856 15.0923 -66.8810 -32.6504 6.4939 -21.9235 73.4569 31.8154 41.8101 4.7597 3.6275 74.6109 -0.2195 -0.0392 20.2359 27.9731 -19.1460 4.8109 20.3916 19.2495 -3.4939 16.2682 29.6715 26.0986 -0.0000 0.0000 0.0000 -26.7871 -39.3241 -9.7260 -27.7235 45.6006 11.8445 -14.3388 -20.0590 -17.3552 -0.0000 0.0000 0.0000
0.0711 0.6124 -0.3361 11.0307 6.3609 26.0866 -6.0986 0.9578 -9.6862 -6.0986 0.9578 -9.6862 -4.9946 10.0367 8.4149 -4.9946 10.0367 8.4149 -51.5382 17.2614 -34.9076 -17.1857 11.3926 -66.8586 -33.0848 9.0240 -29.7573 75.1338 32.2369 41.1827 5.0599 3.7477 73.0361 -1.6194 -0.2718 19.0573 28.2823 -20.8589 5.3103 19.4743 19.0751 -3.3029 17.7888 25.5502 27.4316 -0.0000 0.0000 0.0000 -38.9160 -49.2408 -18.3931 -28.5973 67.8323 19.4488 -17.5779 -32.1619 -20.4182 -0.0000 0.0000 0.0000
0.0806 0.5675 -0.3158 10.1319 6.7020 28.4585 -5.4075 0.8149 -9.9617 -5.4075 0.8149 -9.9617 -5.5602 9.8874 9.6907 -5.5602 9.8874 9.6907 -47.8948 16.1989 -35.5339 -11.5665 7.5801 -66.3751 -30.7790 11.0851 -38.8402 75.2294 33.2451 42.3585 4.4609 3.2332 71.8545 -3.0862 -0.4923 18.1223 28.6463 -24.1651 6.2569 18.8293 20.1902 -3.3819 19.1612 21.1399 28.4742 -0.0000 0.0000 0.0000 -49.5873 -53.6066 -26.2722 -33.4082 80.2472 28.3864 -20.4976 -36.3354 -23.4894 -0.0000 0.0000 0.0000
0.0931 0.5293 -0.3013 8.8477 7.7085 30.3548 -4.5802 0.6800 -10.2669 -4.5802 0.6800 -10.2669 -6.0797 9.5378 10.9027 -6.0797 9.5378 10.9027 -44.6222 15.4980 -36.6916 -4.5921 2.9265 -65.0007 -24.6675 11.4857 -49.4000 74.3382 34.4803 44.5176 3.5294 2.5372 71.4151 -4.5368 -0.6938 17.3803 28.9030 -29.1122 7.6569 19.1069 23.1626 -3.9507 20.3270 17.0413 29.2986 -0.0000 0.0000 0.0000 -57.8060 -55.1239 -32.1501 -66.3276 88.2820 64.7636 -23.6689 -36.9000 -27.0487 -0.0000 0.0000 0.0000
0.1077 0.5086 -0.2904 7.2306 9.1597 31.8675 -3.7137 0.5456 -10.3109 -3.7137 0.5456 -10.3109 -6.5272 8.8750 12.0739 -6.5272 8.8750 12.0739 -41.6889 15.1881 -38.5961 4.0256 -2.3808 -61.1878 -14.3438 8.2590 -59.6924 73.2840 35.5269 46.6037 3.0607 2.2123 71.7142 -5.7080 -0.8420 16.7700 29.0996 -35.3721 9.4622 20.5987 27.5722 -5.1060 21.2481 13.9735 29.9920 -0.0000 0.0000 0.0000 -64.7544 -55.5696 -36.9477 159.2280 84.1472 -157.0465 -27.2417 -34.2903 -31.3243 -0.0000 0.0000 0.0000
0.1224 0.5009 -0.2839 5.5158 10.7320 33.0108 -2.8876 0.3981 -10.0501 -2.8876 0.3981 -10.0501 -6.9085 8.0075 13.2437 -6.9085 8.0075 13.2437 -39.1577 15.2078 -41.1466 12.3945 -6.4746 -55.0296 -2.2485 1.4288 -64.8651 72.2869 36.4007 48.4713 2.8636 2.0951 72.3772 -6.6651 -0.9440 16.1053 29.4121 -41.4819 11.3519 22.7637 32.1471 -6.6392 21.8909 11.6808 30.4507 -0.0000 0.0000 0.0000 -69.6592 -55.2981 -40.0542 151.5259 79.6290 -146.1420 -29.2739 -28.6469 -34.2030 -0.0000 0.0000 0.0000
0.1371 0.4985 -0.2819 3.9410 12.0571 33.8888 -2.2231 0.2395 -9.5481 -2.2231 0.2395 -9.5481 -7.0727 7.1075 14.1802 -7.0727 7.1075 14.1802 -37.0739 15.3062 -43.6755 19.0763 -8.6107 -48.2696 9.0873 -5.6005 -63.2246 71.8525 37.0955 49.6938 3.0135 2.2316 73.0367 -7.6289 -1.0369 15.4586 29.6484 -46.6573 13.0230 24.8159 36.0289 -8.1847 22.3721 9.6134 30.7350 -0.0000 0.0000 0.0000 -72.5005 -54.7147 -41.5516 144.2337 78.6348 -136.9934 -29.4860 -23.4653 -35.0166 -0.0000 0.0000 0.0000
0.1549 0.4985 -0.2821 2.2798 13.4363 34.6933 -1.6290 0.1094 -8.7641 -1.6290 0.1094 -8.7641 -7.2091 5.9718 14.8547 -7.2091 5.9718 14.8547 -34.9169 15.3914 -46.5026 23.7110 -9.2349 -42.0872 19.3448 -10.4850 -56.5917 70.9066 37.5605 51.0532 3.0092 2.2690 74.0304 -9.0334 -1.1728 14.7648 30.0906 -50.8671 14.5689 26.3664 39.1250 -9.5162 22.7622 7.9368 30.9692 -0.0000 0.0000 0.0000 -74.8712 -54.3457 -42.9074 135.9037 78.7933 -127.5024 -29.3136 -20.2568 -35.1884 -0.0000 0.0000 0.0000
0.1722 0.4990 -0.2849 0.6393 14.6777 35.5276 -1.1323 0.0010 -7.9846 -1.1323 0.0010 -7.9846 -7.1770 4.8378 15.1875 -7.1770 4.8378 15.1875 -32.6779 15.1804 -48.8881 26.9693 -9.1880 -37.0509 29.0227 -12.9434 -47.3321 69.4031 38.0022 52.8800 2.6149 2.0080 75.0390 -10.8191 -1.3344 14.0221 31.0343 -53.9234 16.0779 26.6875 41.8069 -10.3529 23.1360 6.6530 31.2498 -0.0000 0.0000 0.0000 -76.4380 -53.8871 -43.6279 127.6515 79.1653 -118.5378 -28.8270 -17.8687 -34.9010 -0.0000 0.0000 0.0000
0.1891 0.4987 -0.2893 -0.9774 15.7998 36.4156 -0.6945 -0.1034 -7.3198 -0.6945 -0.1034 -7.3198 -7.0876 3.7149 15.2327 -7.0876 3.7149 15.2327 -30.2082 14.5941 -50.7633 29.0966 -8.8463 -33.1946 36.2423 -12.9823 -38.3425 67.2687 38.1716 54.9579 1.7122 1.3435 76.2380 -12.6635 -1.4501 13.0133 32.7807 -56.2165 17.8572 25.7875 44.5285 -10.7080 23.5343 5.5505 31.5925 -0.0000 0.0000 0.0000 -77.8995 -53.5668 -44.3933 120.7848 79.4880 -111.3028 -28.1013 -17.2776 -34.1101 -0.0000 0.0000 0.0000
0.2074 0.4982 -0.2940 -2.5614 16.8450 37.3305 -0.3050 -0.2148 -6.8220 -0.3050 -0.2148 -6.8220 -6.9306 2.5299 14.9853 -6.9306 2.5299 14.9853 -27.4775 13.6276 -52.0911 30.3654 -8.4107 -30.3213 40.8980 -11.7132 -30.7625 64.9286 38.0849 56.9625 0.7309 0.5866 77.5020 -14.3540 -1.4862 11.7617 35.3706 -58.0341 20.0604 23.6756 47.3676 -10.5057 24.0289 4.4982 32.0679 -0.0000 0.0000 0.0000 -79.1307 -53.3801 -45.1143 116.0040 79.6486 -106.3126 -27.2854 -17.9292 -33.0620 -0.0000 0.0000 0.0000
0.2233 0.4996 -0.2967 -4.0558 17.7715 38.2822 0.1086 -0.3627 -6.5405 0.1086 -0.3627 -6.5405 -6.8067 1.4174 14.7302 -6.8067 1.4174 14.7302 -24.8253 12.4683 -52.7923 31.1743 -8.0062 -28.1652 43.9855 -10.1417 -24.7828 63.0205 37.8357 58.4149 0.4166 0.3433 78.9872 -15.9483 -1.4730 10.4868 38.5573 -59.6212 22.6645 20.6629 50.3781 -9.8012 24.7551 3.2240 32.8047 -0.0000 0.0000 0.0000 -80.1390 -53.3653 -45.8319 112.5033 80.0390 -102.9812 -25.7900 -19.1093 -31.1506 -0.0000 0.0000 0.0000
0.2386 0.5042 -0.2948 -5.4580 18.5995 39.2463 0.4781 -0.5287 -6.4371 0.4781 -0.5287 -6.4371 -6.7905 0.3539 14.4359 -6.7905 0.3539 14.4359 -22.4299 11.2458 -52.8134 31.8894 -7.6345 -26.2904 46.1680 -8.1898 -19.0703 61.5644 37.5730 59.4558 0.4400 0.3740 80.7326 -17.5015 -1.4101 9.1417 41.7506 -61.5417 25.5874 17.5965 53.5961 -8.9402 25.5833 1.4276 33.5823 -0.0000 0.0000 0.0000 -79.3976 -53.0608 -45.0244 105.6731 80.7431 -96.5604 -23.2995 -21.4716 -27.9534 -0.0000 0.0000 0.0000
0.2535 0.5126 -0.2868 -6.6884 19.1639 40.1519 0.7079 -0.6872 -6.4267 0.7079 -0.6872 -6.4267 -6.8052 -0.4934 14.0235 -6.8052 -0.4934 14.0235 -20.7532 10.1647 -51.8114 32.7491 -7.4276 -24.9137 48.1725 -6.3290 -14.1005 61.0081 37.1875 59.4553 1.4629 1.2916 82.8837 -19.1749 -1.3761 8.1336 44.2772 -63.8514 28.4487 15.5302 56.7007 -8.4163 26.3174 -0.9824 34.1382 -0.0000 0.0000 0.0000 -76.3373 -52.1364 -42.0670 93.7155 81.2119 -84.9020 -20.4650 -25.2860 -24.2732 -0.0000 0.0000 0.0000
0.2719 0.5248 -0.2727 -7.6593 19.3382 40.9248 0.7207 -0.8089 -6.3560 0.7207 -0.8089 -6.3560 -6.7625 -1.0912 13.6088 -6.7625 -1.0912 13.6088 -19.9222 9.2849 -49.6282 33.7200 -7.2040 -23.4684 49.6976 -4.1178 -8.8779 62.4584 36.8503 57.5734 5.2683 4.8611 85.3907 -21.7582 -1.6343 8.4887 45.5630 -66.5154 30.7986 15.3999 59.6202 -8.8590 26.8533 -3.5861 34.4170 -0.0000 0.0000 0.0000 -70.4860 -50.1380 -36.5779 76.1935 80.9139 -67.5324 -18.0004 -29.7606 -21.0636 -0.0000 0.0000 0.0000
0.2895 0.5402 -0.2537 -8.3788 19.1552 41.5128 0.5627 -0.8757 -6.1212 0.5627 -0.8757 -6.1212 -6.6849 -1.4907 13.2318 -6.6849 -1.4907 13.2318 -19.6887 8.4736 -46.2369 34.7269 -6.6180 -20.9522 51.1446 -1.8334 -3.8302 66.4120 36.3826 53.3189 12.7679 12.0467 86.6444 -24.8759 -2.5801 11.6594 45.4239 -68.9585 32.0736 16.5015 61.7764 -9.9153 26.9071 -6.3398 34.0844 -0.0000 0.0000 0.0000 -63.5025 -47.0120 -30.1295 57.7152 79.1274 -48.9588 -17.1763 -33.6450 -19.8634 -0.0000 0.0000 0.0000
0.3068 0.5576 -0.2315 -8.9325 18.7119 41.9010 0.3316 -0.8964 -5.7114 0.3316 -0.8964 -5.7114 -6.5901 -1.7773 12.8554 -6.5901 -1.7773 12.8554 -19.5757 7.5523 -41.8729 35.4828 -5.5198 -17.1372 51.7046 0.0919 0.1896 72.1512 35.3950 47.3046 24.4709 21.6850 82.9028 -26.7452 -4.5344 18.9104 44.0756 -70.6049 31.9884 17.6149 62.8602 -10.8182 26.4136 -8.6091 33.1644 -0.0000 0.0000 0.0000 -56.2476 -42.6808 -23.5901 42.2800 75.3493 -33.2491 -18.7218 -35.8347 -21.4984 -0.0000 0.0000 0.0000
0.3221 0.5752 -0.2084 -9.3738 18.0976 42.1695 0.1185 -0.8907 -5.2076 0.1185 -0.8907 -5.2076 -6.5666 -1.9814 12.5106 -6.5666 -1.9814 12.5106 -19.1924 6.6822 -38.0996 35.6393 -4.2967 -13.3130 51.5998 1.1730 2.4263 78.6920 33.4733 40.2857 40.5780 29.6175 71.1387 -24.1861 -6.5736 30.0097 42.2363 -71.1120 30.8661 17.7050 63.0530 -10.9151 25.5506 -10.0726 31.9155 -0.0000 0.0000 0.0000 -49.5123 -37.5964 -17.8416 30.8685 69.8440 -21.8210 -21.9097 -35.4407 -25.1619 -0.0000 0.0000 0.0000
0.3354 0.5909 -0.1865 -9.7256 17.4076 42.3517 -0.0747 -0.8757 -4.7528 -0.0747 -0.8757 -4.7528 -6.6535 -2.0830 12.1480 -6.6535 -2.0830 12.1480 -18.3309 5.9392 -35.6471 35.4926 -3.5800 -11.1546 51.0643 1.3862 2.9015 84.4455 30.8664 33.8416 55.5485 31.5378 56.3983 -17.5206 -6.4655 40.2591 40.4697 -70.8810 29.4012 17.2647 62.6734 -10.5625 24.3606 -10.7150 30.3781 -0.0000 0.0000 0.0000 -43.0418 -31.5550 -12.7150 21.7403 62.5936 -13.3173 -25.2891 -33.5078 -29.1717 -0.0000 0.0000 0.0000
0.3474 0.6028 -0.1673 -10.0377 16.7149 42.5356 -0.2543 -0.8477 -4.3500 -0.2543 -0.8477 -4.3500 -6.8959 -2.1275 11.7725 -6.8959 -2.1275 11.7725 -16.8525 5.2920 -34.6533 35.3925 -3.1529 -9.8596 50.6446 1.1775 2.4882 88.3843 28.1686 28.9409 63.7171 29.6039 46.0721 -11.0092 -4.7392 46.4767 39.4353 -69.8532 28.1016 15.1456 62.0076 -9.1357 22.9302 -10.4906 28.6473 -0.0000 0.0000 0.0000 -37.5524 -25.3143 -8.7318 14.9694 55.0989 -7.8415 -27.6999 -30.7367 -32.1842 -0.0000 0.0000 0.0000
0.3586 0.6094 -0.1520 -10.3762 16.1126 42.8303 -0.4322 -0.8001 -3.9851 -0.4322 -0.8001 -3.9851 -7.2692 -2.3151 11.4535 -7.2692 -2.3151 11.4535 -14.8620 4.6909 -34.8683 35.3703 -2.8864 -9.0354 50.0718 0.9041 1.9356 90.7088 25.8726 25.5650 66.5123 27.2547 40.5769 -6.8661 -3.1868 49.7546 39.6875 -68.0179 27.3706 10.8200 61.1794 -6.4087 22.0969 -9.4386 27.7374 -0.0000 0.0000 0.0000 -33.4858 -20.1123 -6.1075 9.9764 49.1156 -4.5678 -28.9009 -28.3219 -33.8081 -0.0000 0.0000 0.0000
0.3701 0.6113 -0.1408 -10.8277 15.6942 43.3118 -0.5672 -0.7451 -3.7051 -0.5672 -0.7451 -3.7051 -7.7269 -2.7290 11.2634 -7.7269 -2.7290 11.2634 -12.6646 4.0128 -35.0409 35.3073 -2.0687 -6.4941 49.2387 0.8805 1.9213 91.6343 24.2446 23.5821 65.0306 25.7282 39.4211 -5.5792 -2.6744 51.1936 40.7892 -65.6434 26.9700 5.0695 60.0666 -2.9321 21.7450 -8.4176 27.4154 -0.0000 0.0000 0.0000 -31.4282 -17.1454 -4.8573 7.0981 45.7668 -2.9991 -29.2163 -26.6344 -34.3515 -0.0000 0.0000 0.0000
0.3807 0.6102 -0.1328 -11.4331 15.4868 43.9341 -0.6317 -0.6936 -3.5280 -0.6317 -0.6936 -3.5280 -8.2214 -3.3072 11.1832 -8.2214 -3.3072 11.1832 -10.4633 3.2428 -34.3567 34.9758 -0.8717 -2.7663 48.3364 0.8881 1.9789 91.5300 23.0456 22.4539 60.6181 24.7038 41.0729 -6.0997 -2.9447 51.5069 42.2592 -63.2754 26.7859 -0.5626 58.7085 0.3164 21.8211 -7.4492 27.6201 -0.0000 0.0000 0.0000 -30.4793 -15.5298 -4.2550 5.4818 43.8434 -2.2075 -29.2262 -25.1205 -34.5285 -0.0000 0.0000 0.0000
0.3907 0.6089 -0.1270 -12.0399 15.3511 44.5814 -0.6486 -0.6601 -3.4694 -0.6486 -0.6601 -3.4694 -8.6178 -3.8248 11.1339 -8.6178 -3.8248 11.1339 -8.5417 2.5185 -32.8033 34.1575 0.1261 0.4105 47.7424 0.8432 1.9052 90.8993 21.8252 21.4933 54.6888 23.3704 43.5975 -6.8195 -3.2650 51.1266 43.2933 -61.6877 26.6656 -4.1994 57.7749 2.3177 21.8212 -6.7286 27.7036 -0.0000 0.0000 0.0000 -29.9800 -14.5675 -3.9202 4.7475 42.6390 -1.8537 -29.4209 -23.6354 -34.9213 -0.0000 0.0000 0.0000
0.3996 0.6089 -0.1226 -12.4860 15.1345 45.1400 -0.6293 -0.6520 -3.5185 -0.6293 -0.6520 -3.5185 -8.7836 -4.1136 11.0812 -8.7836 -4.1136 11.0812 -6.9588 1.9051 -30.5884 33.1771 0.5825 1.9552 47.3518 0.7145 1.6294 90.0803 20.3734 20.3454 49.6940 21.7490 45.0637 -6.6688 -3.1686 50.7896 43.8844 -60.9160 26.6554 -5.6236 57.3487 3.0773 21.6194 -6.1941 27.5131 -0.0000 0.0000 0.0000 -29.6254 -13.5661 -3.6032 4.6999 41.5955 -1.7860 -29.8451 -22.7908 -35.5132 -0.0000 0.0000 0.0000
0.4078 0.6108 -0.1191 -12.7764 14.8396 45.6330 -0.5817 -0.6551 -3.5957 -0.5817 -0.6551 -3.5957 -8.7771 -4.2070 10.9906 -8.7771 -4.2070 10.9906 -5.4791 1.3916 -28.4824 31.9557 0.7160 2.5003 46.8822 0.6796 1.5672 89.2497 18.7541 18.9968 46.8287 20.1456 44.6083 -5.4546 -2.6253 51.3774 44.3533 -60.3147 26.6481 -6.4686 57.0420 3.5179 21.1169 -5.4888 26.9639 -0.0000 0.0000 0.0000 -29.4348 -12.5859 -3.3184 4.7133 40.6312 -1.7458 -30.0016 -22.3476 -35.7478 -0.0000 0.0000 0.0000
0.4146 0.6137 -0.1155 -12.9752 14.5077 46.1285 -0.4981 -0.6669 -3.6863 -0.4981 -0.6669 -3.6863 -8.6606 -4.2224 10.8960 -8.6606 -4.2224 10.8960 -4.0924 0.9916 -27.2300 30.8464 0.5937 2.1518 46.1473 0.7609 1.7860 88.2725 17.1556 17.6726 45.6044 18.9412 43.2859 -4.0595 -2.0033 52.5161 44.9527 -59.4129 26.5630 -7.7933 56.5311 4.1948 20.8089 -4.8705 26.6473 -0.0000 0.0000 0.0000 -29.5357 -11.9793 -3.1686 4.5307 39.9851 -1.6491 -29.7999 -22.4808 -35.4965 -0.0000 0.0000 0.0000
0.4209 0.6166 -0.1108 -13.1873 14.2278 46.6652 -0.3637 -0.6881 -3.8222 -0.3637 -0.6881 -3.8222 -8.5298 -4.2434 10.8595 -8.5298 -4.2434 10.8595 -2.8924 0.6788 -26.4096 29.7279 0.4054 1.5273 45.4166 0.9545 2.2807 86.9478 15.8063 16.6598 43.7449 17.7885 42.5946 -3.1011 -1.5661 53.5807 45.5354 -58.3993 26.4011 -9.2623 55.9673 4.9292 20.7896 -4.5869 26.6558 -0.0000 0.0000 0.0000 -29.9136 -11.7815 -3.1577 4.0578 39.4605 -1.4558 -29.3468 -22.8426 -34.9253 -0.0000 0.0000 0.0000
0.4276 0.6186 -0.1040 -13.4673 14.0582 47.2114 -0.1742 -0.7158 -4.0250 -0.1742 -0.7158 -4.0250 -8.4704 -4.3165 10.9398 -8.4704 -4.3165 10.9398 -1.9164 0.4392 -25.8130 28.7742 0.1728 0.6737 44.9779 1.2186 2.9430 85.3625 14.7435 15.9725 40.8387 16.6385 42.8885 -2.5473 -1.3105 54.4425 46.0113 -57.4320 26.1895 -10.6234 55.3731 5.5858 21.0713 -4.9047 26.9745 -0.0000 0.0000 0.0000 -30.5775 -11.7507 -3.2226 3.5218 38.7294 -1.2381 -28.8281 -23.1000 -34.2901 -0.0000 0.0000 0.0000
0.4341 0.6200 -0.0956 -13.7754 13.9571 47.7356 0.0289 -0.7388 -4.2490 0.0289 -0.7388 -4.2490 -8.4642 -4.4519 11.1049 -8.4642 -4.4519 11.1049 -1.2114 0.2712 -25.2390 28.0140 -0.0474 -0.1899 44.9410 1.4769 3.5698 83.5061 13.9819 15.6440 36.4414 15.3312 44.4767 -2.7109 -1.4002 54.6260 46.1513 -56.8522 25.9715 -11.2492 55.0114 5.8711 21.3548 -5.6164 27.2483 -0.0000 0.0000 0.0000 -31.4091 -11.7441 -3.3128 3.1476 37.8447 -1.0793 -28.3537 -23.1894 -33.7257 -0.0000 0.0000 0.0000
0.4398 0.6214 -0.0865 -14.0610 13.8826 48.2039 0.2154 -0.7488 -4.4476 0.2154 -0.7488 -4.4476 -8.4625 -4.6424 11.3284 -8.4625 -4.6424 11.3284 -0.6944 0.1525 -24.7687 27.5422 -0.1995 -0.8139 45.0778 1.6250 3.9144 81.6144 13.4980 15.6090 31.5774 13.7504 46.1887 -3.4039 -1.7558 54.5619 46.2811 -56.2642 25.7426 -11.8276 54.4142 6.0964 21.4928 -6.4035 27.3302 -0.0000 0.0000 0.0000 -32.2463 -11.5990 -3.3635 3.1096 37.0018 -1.0407 -27.9513 -23.2514 -33.2483 -0.0000 0.0000 0.0000
0.4447 0.6230 -0.0772 -14.2833 13.7961 48.6143 0.3811 -0.7464 -4.5923 0.3811 -0.7464 -4.5923 -8.4292 -4.8475 11.5501 -8.4292 -4.8475 11.5501 -0.3316 0.0720 -24.4873 27.2478 -0.2507 -1.0344 45.1120 1.7266 4.1555 80.1701 13.1177 15.5581 28.1517 12.3366 46.6355 -3.8291 -1.9990 55.1220 46.5099 -55.5016 25.4810 -12.7127 53.4414 6.4192 21.4800 -6.9356 27.2529 -0.0000 0.0000 0.0000 -33.0906 -11.3851 -3.3924 3.2346 36.3312 -1.0616 -27.5485 -23.2653 -32.7755 -0.0000 0.0000 0.0000
0.4488 0.6248 -0.0679 -14.4191 13.6362 49.0516 0.5222 -0.7240 -4.6255 0.5222 -0.7240 -4.6255 -8.3456 -5.0543 11.6810 -8.3456 -5.0543 11.6810 0.1053 -0.0229 -24.5720 26.6328 -0.1277 -0.5394 45.0923 1.7599 4.2375 78.7540 12.9878 15.7919 24.3678 10.7277 47.0043 -4.9192 -2.5772 55.2805 46.9846 -54.3149 25.1396 -14.1618 52.0252 6.9380 21.3919 -7.3040 27.1010 -0.0000 0.0000 0.0000 -33.8247 -11.0222 -3.3608 3.1513 35.8655 -1.0201 -27.3707 -23.4439 -32.5482 -0.0000 0.0000 0.0000
0.4522 0.6267 -0.0578 -14.4901 13.3942 49.5771 0.6508 -0.6811 -4.5410 0.6508 -0.6811 -4.5410 -8.2155 -5.2729 11.7089 -8.2155 -5.2729 11.7089 0.6755 -0.1493 -24.9256 25.5534 0.0585 0.2581 45.1198 1.7750 4.2711 77.1417 13.0850 16.3679 19.6292 8.6887 47.4168 -6.8305 -3.5310 54.6330 47.5323 -52.6745 24.5949 -15.8139 50.1799 7.4413 21.2438 -7.6252 26.8800 -0.0000 0.0000 0.0000 -34.3935 -10.4441 -3.2404 2.7881 35.4551 -0.8914 -27.5224 -23.7750 -32.6903 -0.0000 0.0000 0.0000
0.4553 0.6285 -0.0467 -14.4991 13.0775 50.1799 0.7803 -0.6277 -4.3713 0.7803 -0.6277 -4.3713 -8.0512 -5.4987 11.6547 -8.0512 -5.4987 11.6547 1.3045 -0.2953 -25.5100 24.2257 0.2245 1.0459 45.2294 1.7869 4.2880 75.4224 13.2367 17.0685 15.0959 6.6291 47.2179 -9.0478 -4.5865 53.6911 48.0249 -50.7063 23.8389 -17.3861 47.9964 7.7880 21.0228 -8.0304 26.5595 -0.0000 0.0000 0.0000 -34.8260 -9.6493 -3.0328 2.3461 35.0223 -0.7403 -28.0170 -24.0787 -33.2351 -0.0000 0.0000 0.0000
0.4581 0.6300 -0.0344 -14.4722 12.7376 50.7961 0.9103 -0.5763 -4.1866 0.9103 -0.5763 -4.1866 -7.8609 -5.7092 11.5311 -7.8609 -5.7092 11.5311 1.8717 -0.4355 -26.1925 23.0298 0.3230 1.5853 45.3425 1.7750 4.2476 73.7423 13.4095 17.8156 11.1547 4.7929 46.3972 -11.2338 -5.5562 52.5235 48.2529 -48.9478 23.0451 -18.4575 45.9506 7.8813 20.7706 -8.7222 26.1706 -0.0000 0.0000 0.0000 -35.0814 -8.7132 -2.7589 1.8518 34.4964 -0.5750 -28.6349 -24.2059 -33.9417 -0.0000 0.0000 0.0000
0.4605 0.6312 -0.0205 -14.4290 12.4061 51.3893 1.0326 -0.5252 -3.9972 1.0326 -0.5252 -3.9972 -7.6607 -5.9251 11.3649 -7.6607 -5.9251 11.3649 2.2926 -0.5496 -26.9598 22.1962 0.3796 1.9348 45.3895 1.7829 4.2616 72.1778 13.6353 18.6292 8.1155 3.3435 44.7263 -13.3776 -6.4745 51.4958 48.2627 -47.3335 22.2162 -19.0209 44.1278 7.7693 20.4597 -9.3566 25.7173 -0.0000 0.0000 0.0000 -35.1586 -7.7245 -2.4506 1.4067 33.9810 -0.4298 -29.0872 -24.0863 -34.4818 -0.0000 0.0000 0.0000
0.4630 0.6323 -0.0058 -14.3922 12.1089 51.9465 1.1667 -0.4754 -3.8001 1.1667 -0.4754 -3.8001 -7.5082 -6.1498 11.1529 -7.5082 -6.1498 11.1529 2.5423 -0.6260 -27.6603 21.5005 0.4309 2.2692 45.4314 1.8652 4.4537 71.0844 13.7929 19.2184 6.9636 2.7349 42.8436 -15.0695 -7.2696 51.3066 48.1056 -45.8143 21.3615 -19.0924 42.5984 7.5024 20.1164 -9.5048 25.2757 -0.0000 0.0000 0.0000 -35.0554 -6.7716 -2.1409 1.0789 33.5334 -0.3251 -29.1918 -23.7535 -34.6410 -0.0000 0.0000 0.0000
0.4654 0.6330 0.0091 -14.3638 11.8338 52.4989 1.3138 -0.4311 -3.6507 1.3138 -0.4311 -3.6507 -7.4232 -6.3749 10.9241 -7.4232 -6.3749 10.9241 2.8331 -0.7129 -28.2414 20.6987 0.4638 2.5390 45.4529 1.9635 4.6858 69.7317 14.0889 20.1149 3.9726 1.4776 40.7911 -17.0183 -8.0310 50.2715 47.8917 -44.3906 20.5400 -18.7929 41.4163 7.1594 19.6331 -9.2865 24.6974 -0.0000 0.0000 0.0000 -34.8529 -5.8903 -1.8504 0.6540 33.0567 -0.1941 -29.0021 -23.1637 -34.4862 -0.0000 0.0000 0.0000
0.4672 0.6334 0.0223 -14.3179 11.5579 53.0517 1.4518 -0.3937 -3.5434 1.4518 -0.3937 -3.5434 -7.3743 -6.5989 10.7148 -7.3743 -6.5989 10.7148 3.1893 -0.8196 -28.8185 19.9615 0.4782 2.7171 45.4044 2.0563 4.9126 68.2128 14.4433 21.1962 -0.2902 -0.0999 37.9802 -18.9997 -8.6919 48.8500 47.6997 -43.1584 19.8359 -18.3643 40.6064 6.8450 18.8900 -9.5007 23.7520 -0.0000 0.0000 0.0000 -34.6193 -5.0905 -1.5874 0.4351 32.8035 -0.1281 -28.8406 -22.9151 -34.3256 -0.0000 0.0000 0.0000
0.4686 0.6338 0.0300 -14.3073 11.3469 53.5440 1.6092 -0.3736 -3.6023 1.6092 -0.3736 -3.6023 -7.4042 -6.7406 10.6144 -7.4042 -6.7406 10.6144 3.5307 -0.9247 -29.3436 19.5946 0.4891 2.8316 45.3307 2.0932 5.0098 66.9157 14.8291 22.2811 -4.1577 -1.2981 34.6663 -20.4534 -9.1536 47.8552 47.6082 -42.3031 19.3715 -18.1069 40.1196 6.6599 18.1419 -10.2253 22.7538 -0.0000 0.0000 0.0000 -34.2617 -4.3668 -1.3466 0.4416 32.6826 -0.1295 -29.0416 -23.0717 -34.5427 -0.0000 0.0000 0.0000
0.4695 0.6347 0.0273 -14.4468 11.3090 53.9235 1.7926 -0.3614 -3.8654 1.7926 -0.3614 -3.8654 -7.5682 -6.7788 10.7002 -7.5682 -6.7788 10.7002 3.9362 -1.0492 -29.8410 19.8280 0.4774 2.7310 45.1546 1.9690 4.7334 66.1054 15.2891 23.3093 -6.4645 -1.8331 31.6330 -21.1908 -9.4381 47.6233 47.7854 -41.7652 19.1854 -18.4787 39.7070 6.7230 17.4879 -11.7426 21.8085 -0.0000 0.0000 0.0000 -33.5394 -3.7156 -1.1200 0.4530 32.4819 -0.1319 -29.8255 -23.4440 -35.4147 -0.0000 0.0000 0.0000
0.4703 0.6366 0.0158 -14.6855 11.4338 54.1041 2.0303 -0.3515 -4.3700 2.0303 -0.3515 -4.3700 -7.9145 -6.6235 10.9220 -7.9145 -6.6235 10.9220 4.3655 -1.1720 -30.0419 20.6544 0.5060 2.7765 44.9751 1.8288 4.4159 65.8266 15.8660 24.2996 -6.4200 -1.6762 29.2383 -21.0930 -9.5753 48.4427 47.7930 -41.9418 19.2759 -18.7370 39.8705 6.8488 16.8547 -13.5896 20.8741 -0.0000 0.0000 0.0000 -32.5780 -3.0962 -0.9050 0.5479 32.1172 -0.1577 -30.8816 -24.0192 -36.5760 -0.0000 0.0000 0.0000
0.4706 0.6383 -0.0010 -15.0030 11.7528 53.9742 2.3539 -0.3391 -5.1570 2.3539 -0.3391 -5.1570 -8.3852 -6.0993 11.1187 -8.3852 -6.0993 11.1187 4.7100 -1.2429 -29.5506 22.1311 0.5691 2.9092 44.9752 1.7572 4.2432 66.0272 16.5659 25.2580 -4.2143 -1.0549 28.0960 -19.6690 -9.2706 50.1325 46.8882 -43.9182 19.8355 -17.1367 41.9301 6.6082 15.8955 -15.4598 19.5546 -0.0000 0.0000 0.0000 -31.3563 -2.4303 -0.6822 1.0119 31.5016 -0.2854 -32.0297 -24.7294 -37.8218 -0.0000 0.0000 0.0000
0.4700 0.6366 -0.0217 -15.2629 12.1776 53.5035 2.7873 -0.3295 -6.2092 2.7873 -0.3295 -6.2092 -8.8224 -5.0858 10.9358 -8.8224 -5.0858 10.9358 4.6945 -1.1605 -27.7560 23.8477 0.7124 3.3728 45.1786 1.7860 4.2913 66.0947 17.3029 26.3267 -2.4992 -0.6043 27.1810 -17.1979 -8.3306 51.4313 44.4565 -47.9720 20.6111 -12.4617 46.3123 5.3470 14.6101 -16.9906 17.8799 -0.0000 0.0000 0.0000 -30.3009 -1.8138 -0.4912 1.6070 30.3928 -0.4365 -32.5257 -25.0354 -38.3578 -0.0000 0.0000 0.0000
0.4676 0.6294 -0.0464 -15.3706 12.6710 52.6306 3.2894 -0.3199 -7.5348 3.2894 -0.3199 -7.5348 -9.0345 -3.3576 10.0654 -9.0345 -3.3576 10.0654 4.0766 -0.8974 -24.8191 26.8926 0.9255 3.8695 45.8396 1.9065 4.5071 65.9787 18.0593 27.5117 -1.1237 -0.2615 26.2019 -13.5677 -6.6851 52.2998 39.3456 -55.0114 21.0905 -1.6507 53.3076 0.8286 12.3181 -18.4294 15.0070 -0.0000 0.0000 0.0000 -29.6750 -1.4162 -0.3752 2.9525 29.3249 -0.7727 -32.3528 -25.4903 -38.1036 -0.0000 0.0000 0.0000
0.4647 0.6204 -0.0753 -15.2843 13.2781 51.1932 3.7634 -0.3030 -9.1028 3.7634 -0.3030 -9.1028 -9.0447 -1.0745 8.4369 -9.0447 -1.0745 8.4369 3.2136 -0.6346 -22.3353 32.8984 1.2285 4.1591 46.5445 1.9815 4.6050 65.9717 18.9927 28.9040 -0.4286 -0.0964 25.3402 -8.5746 -4.2281 52.4317 30.0395 -64.1406 19.0869 18.9359 60.2781 -11.0607 8.8797 -18.9331 10.8079 -0.0000 0.0000 0.0000 -29.4840 -1.3876 -0.3651 5.3166 28.6336 -1.3577 -31.7420 -26.4459 -37.2869 -0.0000 0.0000 0.0000
0.4586 0.6126 -0.1063 -15.0338 14.0218 49.2173 4.1004 -0.2592 -10.5922 4.1004 -0.2592 -10.5922 -8.9659 1.1183 6.4163 -8.9659 1.1183 6.4163 2.5107 -0.4796 -21.6242 42.8436 1.2998 3.3122 45.7677 1.6120 3.8180 66.1041 20.1033 30.4763 -0.5943 -0.1282 24.3500 -3.3958 -1.6461 51.7125 17.6571 -71.8264 12.8360 43.1038 63.1139 -27.2698 5.1148 -17.6965 6.2579 -0.0000 0.0000 0.0000 -29.2525 -1.5702 -0.4098 8.1565 28.2562 -2.0563 -30.9890 -27.9216 -36.2526 -0.0000 0.0000 0.0000
0.4506 0.6079 -0.1367 -14.6131 14.8039 46.9006 4.2211 -0.1899 -11.7702 4.2211 -0.1899 -11.7702 -9.0040 2.6714 4.6080 -9.0040 2.6714 4.6080 2.2200 -0.4677 -23.7926 56.0480 -0.0497 -0.0933 41.8582 0.5876 1.5363 66.3502 21.2242 31.9839 -1.3418 -0.2770 23.3299 1.0530 0.4970 50.5320 7.3719 -76.4963 5.8142 58.6389 63.1336 -38.0753 2.5837 -14.6888 3.1983 -0.0000 0.0000 0.0000 -30.0970 -2.7402 -0.7368 11.2605 28.3354 -2.8512 -29.1242 -29.2298 -33.9700 -0.0000 0.0000 0.0000
0.4409 0.6066 -0.1639 -14.0616 15.5440 44.4620 4.2323 -0.1307 -12.8438 4.2323 -0.1307 -12.8438 -9.2478 3.6136 3.4385 -9.2478 3.6136 3.4385 2.6366 -0.6909 -29.3619 67.8857 -4.1210 -6.1195 35.2908 -0.5680 -1.7855 66.7085 22.0970 33.0449 -2.3407 -0.4496 21.7444 5.0769 2.3800 50.2111 6.6943 -78.6157 5.4828 64.3404 63.3752 -42.4419 1.1129 -12.1790 1.3914 -0.0000 0.0000 0.0000 -32.4232 -5.2499 -1.5274 15.1247 29.3360 -3.9804 -26.4577 -30.6972 -30.7633 -0.0000 0.0000 0.0000
0.4295 0.6083 -0.1855 -13.3271 15.9864 42.1282 4.2062 -0.1328 -14.0663 4.2062 -0.1328 -14.0663 -9.5323 4.2669 3.0285 -9.5323 4.2669 3.0285 3.1550 -1.0164 -35.7052 75.0653 -8.8399 -11.4910 28.5987 -1.0741 -4.2123 67.1938 22.3281 33.0908 -3.3071 -0.5782 19.8298 9.3621 4.4703 50.9714 17.2913 -77.8510 14.0019 61.0836 64.7189 -40.9973 1.1545 -11.2788 1.4487 -0.0000 0.0000 0.0000 -36.3523 -9.2110 -3.0300 19.3767 31.3962 -5.4942 -23.2889 -31.8123 -27.0249 -0.0000 0.0000 0.0000
0.4145 0.6107 -0.2015 -12.5461 16.1646 40.0312 4.2014 -0.1265 -15.5149 4.2014 -0.1265 -15.5149 -9.5278 4.8993 2.7978 -9.5278 4.8993 2.7978 3.1374 -1.1803 -41.2252 79.1579 -14.1014 -17.0188 23.1067 -1.1042 -5.3977 67.5813 22.0911 32.5237 -4.3563 -0.6599 17.2195 13.5068 6.6549 52.3000 27.4744 -74.8765 21.2021 52.8420 66.0248 -35.7821 1.5961 -12.2942 1.9946 -0.0000 0.0000 0.0000 -40.9227 -13.9230 -5.2170 23.5757 34.4873 -7.4123 -20.2632 -32.7846 -23.4714 -0.0000 0.0000 0.0000
0.3979 0.6101 -0.2109 -11.7101 16.1582 37.7497 4.1994 -0.1329 -17.0687 4.1994 -0.1329 -17.0687 -8.9064 5.5571 2.3720 -8.9064 5.5571 2.3720 2.7397 -1.1716 -46.3011 80.2083 -20.0015 -23.6515 18.4474 -0.9814 -6.0377 67.9146 21.4154 31.3685 -6.2945 -0.7895 14.2838 17.3360 8.8214 53.6749 33.5036 -70.9520 24.2142 44.1134 66.1385 -29.5584 2.0570 -13.9112 2.5541 -0.0000 0.0000 0.0000 -45.2401 -18.8232 -7.9018 28.2741 38.6862 -10.1055 -18.1159 -33.5589 -20.9496 -0.0000 0.0000 0.0000
0.3811 0.6047 -0.2162 -10.9316 16.1493 35.1401 4.1531 -0.1230 -18.4628 4.1531 -0.1230 -18.4628 -7.5201 5.9477 1.5931 -7.5201 5.9477 1.5931 2.2303 -1.0672 -51.1358 77.3946 -25.9451 -32.0871 14.6594 -0.7815 -6.0702 67.7018 20.6153 30.3421 -9.0341 -0.9429 11.8921 19.2891 10.0260 54.6034 37.6429 -66.3921 25.1436 36.0551 65.0081 -23.4305 2.5821 -15.0310 3.1920 -0.0000 0.0000 0.0000 -48.1109 -23.0401 -10.3971 32.9375 43.0255 -13.2927 -17.4390 -34.1003 -20.1377 -0.0000 0.0000 0.0000
0.3587 0.5980 -0.2209 -10.1638 16.0812 32.1955 4.0444 -0.1009 -19.6680 4.0444 -0.1009 -19.6680 -5.1865 5.9656 0.0579 -5.1865 5.9656 0.0579 1.8616 -1.0091 -56.9183 70.0155 -29.1350 -40.7130 12.2565 -0.5983 -5.5677 67.4780 19.8515 29.3631 -12.0792 -1.1408 10.7512 18.5461 9.7448 55.1380 40.7074 -60.7763 24.5467 27.8112 62.2317 -16.9991 3.9054 -14.3541 4.8401 -0.0000 0.0000 0.0000 -50.0494 -26.8724 -12.7275 37.1676 46.8107 -16.5607 -17.9615 -33.1767 -20.7962 -0.0000 0.0000 0.0000
0.3354 0.5907 -0.2268 -9.4967 16.0240 29.2019 3.9021 -0.0353 -20.6569 3.9021 -0.0353 -20.6569 -2.5772 5.4702 -1.9820 -2.5772 5.4702 -1.9820 1.6679 -1.0315 -63.4638 60.3705 -28.6589 -47.4181 12.0625 -0.5567 -5.2656 67.4311 19.2826 28.5652 -14.7094 -1.4012 10.8242 15.9139 8.4282 55.5925 42.8005 -54.2208 22.6899 20.5893 58.0004 -11.4986 5.9023 -12.5538 7.3650 -0.0000 0.0000 0.0000 -52.0854 -30.9242 -15.3958 43.0292 50.8321 -21.2191 -19.3696 -31.7508 -22.5146 -0.0000 0.0000 0.0000
0.3120 0.5821 -0.2293 -8.7551 15.6729 26.2882 3.6699 0.0484 -21.8807 3.6699 0.0484 -21.8807 -0.0954 4.5471 -4.2313 -0.0954 4.5471 -4.2313 0.8385 -0.5749 -68.8721 51.9344 -26.2771 -51.2142 12.4511 -0.5655 -5.1801 67.6191 18.9824 28.0345 -16.4195 -1.7639 12.1806 14.0367 7.4270 55.5966 43.6947 -46.9998 19.7779 15.5428 52.4032 -7.6842 7.9582 -9.3750 10.0558 -0.0000 0.0000 0.0000 -54.2847 -35.3551 -18.5590 51.1508 55.2369 -28.1154 -21.2208 -30.4364 -24.7503 -0.0000 0.0000 0.0000
0.2879 0.5724 -0.2267 -7.9712 14.9842 23.7679 3.3025 0.2298 -23.1477 3.3025 0.2298 -23.1477 1.5497 3.4257 -6.0938 1.5497 3.4257 -6.0938 -0.9126 0.6692 -72.5038 45.7303 -23.3273 -52.1648 12.8211 -0.6938 -6.1694 68.0396 18.9902 27.8330 -17.7283 -2.2043 14.0650 12.2853 6.4568 55.3191 43.7514 -40.3491 16.7838 13.6006 46.5313 -5.8701 9.0489 -6.5677 11.5682 -0.0000 0.0000 0.0000 -56.0639 -39.6793 -21.7482 61.0444 59.3695 -37.1524 -22.9442 -30.0388 -26.7747 -0.0000 0.0000 0.0000
0.2592 0.5630 -0.2212 -7.0862 13.7887 21.6177 2.7357 0.5052 -24.3421 2.7357 0.5052 -24.3421 2.6279 2.2535 -7.6653 2.6279 2.2535 -7.6653 -3.4027 2.5950 -74.6523 41.3299 -20.9578 -52.2453 12.4349 -0.8254 -7.5659 68.5620 19.0723 27.6883 -19.0670 -2.7387 16.2018 10.0372 5.2283 54.9414 43.3409 -34.7976 14.1951 13.9159 41.3977 -5.2803 9.5656 -4.4341 12.3429 -0.0000 0.0000 0.0000 -56.9828 -43.6674 -24.5370 72.6366 62.7403 -48.2800 -24.4396 -30.5031 -28.4603 -0.0000 0.0000 0.0000
0.2299 0.5558 -0.2149 -6.2470 12.4463 19.9349 2.0932 0.9195 -25.2800 2.0932 0.9195 -25.2800 3.4515 0.7956 -8.9647 3.4515 0.7956 -8.9647 -5.8884 4.5945 -75.9085 37.8459 -18.9809 -51.9905 11.4616 -0.9101 -9.0503 68.0754 19.4428 28.4635 -20.5625 -3.2525 17.7911 6.6412 3.4310 54.6058 42.8288 -30.6183 12.2553 15.0012 37.7054 -5.1482 10.0968 -3.8257 13.0620 -0.0000 0.0000 0.0000 -56.6191 -47.2347 -26.5065 83.8482 65.2518 -59.7868 -25.1076 -31.6477 -29.1273 -0.0000 0.0000 0.0000
0.2025 0.5521 -0.2083 -5.4878 11.2941 18.4531 1.5444 1.4096 -25.9215 1.5444 1.4096 -25.9215 4.0981 -0.9953 -10.1463 4.0981 -0.9953 -10.1463 -7.4137 5.9306 -77.2884 35.1057 -16.9925 -50.5595 10.7425 -0.9317 -9.8849 66.3843 19.9226 30.0559 -22.2744 -3.6899 18.5849 1.6791 0.8529 53.8544 42.3813 -27.5693 10.8667 15.8925 35.3613 -5.0954 10.9011 -4.2395 14.0720 -0.0000 0.0000 0.0000 -54.2906 -50.1499 -26.9811 91.2560 67.3201 -68.4840 -25.1111 -32.7474 -29.0346 -0.0000 0.0000 0.0000
0.1748 0.5518 -0.2002 -4.9373 10.7924 17.1127 1.1899 1.8812 -26.0756 1.1899 1.8812 -26.0756 4.6501 -2.7391 -10.9896 4.6501 -2.7391 -10.9896 -8.4947 6.9205 -78.3039 32.4103 -15.2845 -49.5648 10.4831 -0.9817 -10.6707 63.3324 20.4549 32.6100 -23.7591 -3.8916 18.3484 -3.8892 -1.9708 53.7328 42.0785 -25.4506 9.9289 16.0376 34.3385 -4.9845 12.3063 -4.9710 15.8254 -0.0000 0.0000 0.0000 -50.5664 -52.5616 -26.2587 95.7443 69.5125 -74.9901 -25.3826 -33.6104 -29.2694 -0.0000 0.0000 0.0000
0.1487 0.5564 -0.1878 -4.5727 10.9987 15.7280 1.0915 2.2311 -26.0463 1.0915 2.2311 -26.0463 5.0708 -4.3657 -11.4958 5.0708 -4.3657 -11.4958 -9.5467 7.8906 -79.1078 29.4222 -13.5571 -48.7145 11.1434 -1.0674 -10.9089 59.1394 20.8627 35.9538 -24.7521 -3.8871 17.5824 -9.5507 -4.7878 53.1697 41.8824 -23.6165 9.1484 15.6743 34.0389 -4.8252 13.9990 -5.2131 17.9695 -0.0000 0.0000 0.0000 -45.2546 -54.2416 -24.1021 96.3792 71.9922 -78.1657 -26.6375 -34.3102 -30.6360 -0.0000 0.0000 0.0000
0.1251 0.5666 -0.1693 -4.3173 11.7219 14.3912 1.1357 2.4581 -25.9057 1.1357 2.4581 -25.9057 5.3368 -5.6367 -11.6567 5.3368 -5.6367 -11.6567 -10.7648 8.9299 -79.3026 25.9117 -11.7886 -48.3370 12.3395 -1.2140 -11.1946 54.4450 20.9205 39.4849 -25.4321 -3.8239 16.8299 -15.1253 -7.3697 51.7539 41.5056 -22.3766 8.5724 15.3975 34.3358 -4.7829 15.6261 -6.0322 19.9709 -0.0000 0.0000 0.0000 -39.2673 -55.1380 -21.1016 93.0582 74.2383 -77.2031 -28.6025 -35.3305 -32.7690 -0.0000 0.0000 0.0000
0.1044 0.5828 -0.1452 -4.0244 12.4377 13.2212 1.1058 2.6525 -25.7908 1.1058 2.6525 -25.7908 5.4536 -6.4490 -11.6591 5.4536 -6.4490 -11.6591 -12.3136 10.0991 -78.6433 22.1610 -10.1808 -48.9175 13.9745 -1.4338 -11.6595 50.4422 20.6747 42.3387 -26.1575 -3.8662 16.5324 -19.9270 -9.3120 49.7454 40.6944 -21.7274 8.1418 15.4791 35.0524 -4.9153 17.0033 -7.4164 21.5873 -0.0000 0.0000 0.0000 -33.0538 -54.6758 -17.4423 84.1305 75.6927 -70.0759 -30.8116 -36.4176 -35.1533 -0.0000 0.0000 0.0000
0.0840 0.6057 -0.1177 -3.6243 13.0163 12.1007 0.9516 2.8432 -25.6280 0.9516 2.8432 -25.6280 5.5179 -6.9643 -11.6386 5.5179 -6.9643 -11.6386 -13.9910 11.1981 -77.2456 18.2582 -8.5406 -49.8453 14.6774 -1.5513 -12.0018 47.1895 20.2282 44.4302 -27.2027 -4.0076 16.4566 -23.2821 -10.3329 47.3914 39.4793 -20.7462 7.5160 15.3675 35.0335 -4.8766 18.0959 -8.5433 22.8531 -0.0000 0.0000 0.0000 -25.9878 -51.7399 -12.7697 62.9764 75.2584 -50.5533 -33.0981 -35.9251 -37.7719 -0.0000 0.0000 0.0000
0.0657 0.6330 -0.0885 -3.0837 13.2931 10.9464 0.6145 3.0455 -25.3314 0.6145 3.0455 -25.3314 5.5740 -7.4320 -11.7576 5.5740 -7.4320 -11.7576 -15.7029 12.2050 -75.5733 13.9644 -6.6722 -50.9064 14.5427 -1.4994 -11.7111 44.7192 19.6861 45.7397 -28.5714 -4.1802 16.3129 -25.7090 -10.7749 44.9080 37.5855 -19.9570 6.8524 15.2372 35.5312 -4.9080 19.3200 -9.4019 24.2965 -0.0000 0.0000 0.0000 -18.9918 -46.6965 -8.2597 40.1962 71.5592 -29.5458 -34.6369 -34.3573 -39.6715 -0.0000 0.0000 0.0000
0.0489 0.6612 -0.0607 -2.4113 13.1922 9.6738 0.1150 3.2378 -24.8707 0.1150 3.2378 -24.8707 5.6067 -7.8208 -11.9458 5.6067 -7.8208 -11.9458 -17.6756 13.3208 -73.8150 9.4258 -4.5671 -51.6258 14.1496 -1.3693 -10.9997 42.8735 19.1822 46.5709 -30.3627 -4.3327 15.8730 -27.6091 -11.0061 42.8207 34.9426 -20.8170 6.6178 15.6847 38.5678 -5.5180 20.4106 -9.8622 25.6039 -0.0000 0.0000 0.0000 -12.8953 -39.8232 -4.6882 23.7042 64.7999 -15.1721 -35.5769 -31.6772 -41.0412 -0.0000 0.0000 0.0000
0.0337 0.6866 -0.0363 -1.6752 12.7874 8.3028 -0.4869 3.3808 -24.1786 -0.4869 3.3808 -24.1786 5.6581 -8.0248 -12.0894 5.6581 -8.0248 -12.0894 -20.3251 14.8955 -72.2046 5.3649 -2.5830 -51.3942 14.0259 -1.3419 -10.8762 41.7602 18.8366 47.0030 -32.6557 -4.5095 15.3098 -29.1194 -11.0548 40.8694 31.6000 -24.4373 7.0130 17.5785 45.5337 -7.4254 20.6871 -9.3930 25.9956 -0.0000 0.0000 0.0000 -8.0259 -31.3193 -2.2533 13.1495 56.2168 -7.0458 -36.5076 -28.4684 -42.4897 -0.0000 0.0000 0.0000
0.0216 0.7053 -0.0143 -0.9207 11.8636 7.0238 -1.1757 3.5369 -23.3710 -1.1757 3.5369 -23.3710 5.6059 -8.0999 -12.2073 5.6059 -8.0999 -12.2073 -24.1418 17.2408 -70.6663 0.8604 -0.4126 -51.2407 14.2279 -1.4318 -11.4347 41.0397 18.5769 47.2078 -35.7805 -4.7877 14.7581 -31.0059 -10.9900 38.2551 26.8201 -31.6223 7.7250 24.8500 57.3303 -13.7362 18.0909 -7.6609 22.9309 -0.0000 0.0000 0.0000 -4.9132 -24.9853 -1.0892 7.2531 50.4774 -3.4226 -35.8515 -23.4144 -42.3987 -0.0000 0.0000 0.0000
0.0114 0.7162 0.0065 -0.2262 10.4848 5.9861 -1.8987 3.7310 -22.5980 -1.8987 3.7310 -22.5980 5.4457 -8.0149 -12.2775 5.4457 -8.0149 -12.2775 -29.5667 20.4250 -68.6393 -4.3965 2.1067 -51.1889 14.9468 -1.7843 -13.5395 40.5678 18.3974 47.3225 -39.4933 -5.1497 14.2811 -33.2501 -10.7666 35.0311 20.2311 -41.0143 7.6353 48.5820 70.0404 -35.1002 10.1654 -1.1793 13.3132 -0.0000 0.0000 0.0000 -2.8491 -22.4456 -0.5654 3.3307 49.7960 -1.5463 -33.5024 -17.7890 -40.4328 -0.0000 0.0000 0.0000
0.0029 0.7199 0.0253 0.4099 8.9068 5.0183 -2.6001 3.9167 -21.9120 -2.6001 3.9167 -21.9120 5.1738 -7.7590 -12.2501 5.1738 -7.7590 -12.2501 -36.4125 23.8496 -65.4081 -10.0512 4.7864 -50.8396 14.7211 -2.2142 -17.0165 40.0026 18.1672 47.4257 -43.5469 -5.6218 14.0154 -35.0117 -10.1289 31.3879 12.7087 -48.4632 5.7387 94.2004 73.6906 -77.7641 0.0393 10.1653 0.0548 -0.0000 0.0000 0.0000 -1.1929 -22.3882 -0.2361 0.0760 52.3476 -0.0373 -29.8939 -10.3102 -37.1790 -0.0000 0.0000 0.0000
-0.0041 0.7201 0.0410 0.9799 7.3556 4.1002 -3.2738 4.0804 -21.2639 -3.2738 4.0804 -21.2639 4.8727 -7.5230 -12.2692 4.8727 -7.5230 -12.2692 -44.0475 26.6987 -60.7950 -15.8468 7.3091 -49.3022 13.0013 -2.4502 -21.2588 39.2445 17.9330 47.7454 -47.3885 -6.1482 13.9539 -35.9120 -9.2020 27.8921 5.7153 -53.1593 2.8612 125.3922 68.9141 -106.0903 -6.0980 17.2332 -8.8943 -0.0000 0.0000 0.0000 0.1606 -23.6992 0.0337 -2.7340 57.4358 1.4981 -25.0714 -1.0094 -32.5544 -0.0000 0.0000 0.0000
-0.0099 0.7204 0.0516 1.5134 6.2127 3.1805 -3.8041 4.1651 -20.7587 -3.8041 4.1651 -20.7587 4.5551 -7.2072 -12.1712 4.5551 -7.2072 -12.1712 -50.7533 28.1053 -55.6407 -20.7234 8.9737 -46.4550 10.3823 -2.2506 -24.4002 38.0975 17.8010 48.7942 -50.5441 -6.7256 14.1894 -35.6226 -8.3417 25.5764 2.5930 -54.1467 1.3256 133.9719 65.1483 -112.7644 -7.5178 21.3933 -11.3030 -0.0000 0.0000 0.0000 1.1409 -23.9247 0.2417 -5.2760 60.4887 3.0776 -21.6932 4.2644 -28.9781 -0.0000 0.0000 0.0000
-0.0147 0.7224 0.0543 2.0821 5.6580 2.3308 -4.1949 4.1399 -20.3004 -4.1949 4.1399 -20.3004 4.3363 -6.7723 -11.8761 4.3363 -6.7723 -11.8761 -56.0747 28.3404 -50.7323 -23.0735 9.1701 -42.8980 7.2655 -1.6524 -25.5947 36.6407 17.7008 50.3715 -52.9615 -7.5038 14.9983 -34.2874 -7.7843 24.8753 3.8818 -51.9510 1.8918 132.2313 65.2540 -110.6577 -6.8243 24.7400 -10.5502 -0.0000 0.0000 0.0000 1.4035 -22.4407 0.2784 -6.5968 60.5340 3.8526 -21.0517 4.2020 -28.1277 -0.0000 0.0000 0.0000
-0.0194 0.7260 0.0502 2.7695 6.1309 1.4427 -4.3232 3.9519 -19.9265 -4.3232 3.9519 -19.9265 4.1558 -6.0811 -10.9846 4.1558 -6.0811 -10.9846 -59.2463 27.8737 -47.1554 -23.5606 8.5026 -39.2360 5.3207 -1.1803 -24.9987 34.2531 17.5547 53.2281 -54.7103 -8.3035 15.9738 -32.3625 -7.4958 25.4427 7.6948 -47.1785 3.3642 120.4668 68.8174 -100.2754 -4.3563 29.3261 -7.0343 -0.0000 0.0000 0.0000 1.0744 -18.6734 0.1767 -6.8685 56.0272 3.6573 -21.8899 2.3003 -28.9506 -0.0000 0.0000 0.0000
-0.0227 0.7303 0.0423 3.5722 7.4085 0.5871 -4.2249 3.6766 -19.7235 -4.2249 3.6766 -19.7235 4.1091 -5.0770 -9.8058 4.1091 -5.0770 -9.8058 -62.3892 27.1378 -43.4647 -24.1115 7.7930 -35.3766 4.0204 -0.8724 -24.4778 31.3571 17.0816 56.2978 -56.1246 -9.0276 16.8467 -30.5969 -7.4059 26.6223 12.1477 -40.6065 4.5089 94.1582 72.5109 -76.5208 -0.9645 32.5595 -1.6126 -0.0000 0.0000 0.0000 0.1125 -16.9411 0.0168 -6.6901 51.4379 3.2252 -23.7762 -4.3887 -30.4450 -0.0000 0.0000 0.0000
-0.0248 0.7306 0.0316 4.4844 9.0907 -0.2958 -4.0610 3.3871 -19.5209 -4.0610 3.3871 -19.5209 4.1436 -3.7659 -8.4662 4.1436 -3.7659 -8.4662 -66.0334 26.1208 -39.2920 -25.0864 7.2149 -31.6422 2.6838 -0.5884 -24.7281 28.0439 16.0266 58.8205 -57.9116 -9.5014 17.0839 -29.6470 -7.3848 27.4078 16.5401 -32.3678 4.8310 55.0123 70.6130 -40.4847 2.4254 33.1274 4.0800 -0.0000 0.0000 0.0000 -1.8028 -19.3255 -0.3070 -5.4312 50.0783 2.5386 -25.3906 -14.0164 -31.2436 -0.0000 0.0000 0.0000
-0.0260 0.7246 0.0180 5.4873 10.7960 -1.0956 -4.0017 3.1516 -19.1633 -4.0017 3.1516 -19.1633 4.1822 -2.5304 -7.1881 4.1822 -2.5304 -7.1881 -69.2356 24.6577 -35.1371 -26.2271 6.7511 -28.4166 1.1621 -0.2632 -25.5212 24.2673 14.5238 61.3102 -59.8117 -9.6848 16.7581 -29.5276 -7.5000 27.9331 20.0339 -25.0623 4.4964 32.0529 62.4328 -19.7495 5.3241 30.9665 8.7389 -0.0000 0.0000 0.0000 -4.6490 -24.5670 -1.0128 -3.1350 52.5758 1.5489 -25.6354 -21.7808 -30.6845 -0.0000 0.0000 0.0000
-0.0241 0.7113 0.0007 6.4346 12.0939 -1.4556 -4.1256 3.0714 -18.7885 -4.1256 3.0714 -18.7885 4.2395 -1.3233 -6.0111 4.2395 -1.3233 -6.0111 -71.4399 22.7692 -31.2855 -27.7490 6.4404 -25.6637 -1.0135 0.2374 -26.3654 20.5961 12.7917 63.3439 -61.7350 -9.9646 16.5961 -29.7533 -7.6444 28.2342 22.9799 -17.5588 3.5962 20.3835 51.7797 -9.9737 8.8216 27.4149 13.9526 -0.0000 0.0000 0.0000 -8.4572 -32.5621 -2.4741 0.2174 59.0404 -0.1231 -24.9558 -28.5727 -29.2293 -0.0000 0.0000 0.0000
-0.0204 0.6929 -0.0205 7.2028 12.9122 -0.9980 -4.4614 3.1634 -18.4213 -4.4614 3.1634 -18.4213 4.3374 -0.3185 -4.8859 4.3374 -0.3185 -4.8859 -72.4535 21.0129 -28.4114 -28.6953 5.8760 -22.6917 -3.8500 0.9120 -26.6431 17.0072 10.9318 65.2378 -63.4660 -10.8330 17.4342 -29.3872 -7.4825 28.0042 25.4898 -11.5699 2.6254 14.4472 42.8382 -5.6929 12.5797 23.2140 19.1273 -0.0000 0.0000 0.0000 -13.4687 -41.3320 -5.1004 5.9608 68.0461 -4.0260 -24.2748 -32.4473 -28.1031 -0.0000 0.0000 0.0000
-0.0145 0.6728 -0.0448 7.7789 13.6161 0.2419 -4.8984 3.3315 -18.0718 -4.8984 3.3315 -18.0718 4.2251 0.5680 -3.5851 4.2251 0.5680 -3.5851 -71.7574 19.4114 -26.6077 -28.8428 5.1121 -19.6965 -6.9479 1.6492 -26.6758 13.5570 9.0279 67.1830 -64.6005 -12.8914 20.2645 -27.4313 -6.7345 27.1078 27.7125 -7.9513 1.9643 10.9252 36.5224 -3.6147 15.2802 21.8006 22.9174 -0.0000 0.0000 0.0000 -19.2078 -45.9537 -8.2071 16.0922 73.8805 -12.1347 -24.4073 -33.0836 -28.2008 -0.0000 0.0000 0.0000
-0.0067 0.6536 -0.0700 8.0650 13.9854 2.2644 -5.3894 3.5363 -17.8789 -5.3894 3.5363 -17.8789 4.1566 1.2986 -2.5929 4.1566 1.2986 -2.5929 -70.2524 17.2589 -24.3472 -29.1264 4.3735 -16.7228 -10.8743 2.5888 -26.7088 11.3844 7.6426 67.6528 -65.7033 -16.5007 25.3117 -24.2295 -5.4966 25.2120 29.9180 -8.1063 2.1692 9.0507 34.6997 -2.8329 17.0222 21.4110 25.4085 -0.0000 0.0000 0.0000 -25.2805 -48.9638 -11.6614 33.7817 78.1660 -27.7076 -24.6661 -32.0406 -28.5865 -0.0000 0.0000 0.0000
0.0029 0.6373 -0.0930 8.1000 14.3628 4.6806 -5.9247 3.6599 -17.4784 -5.9247 3.6599 -17.4784 3.9659 2.3359 -1.3835 3.9659 2.3359 -1.3835 -67.5044 14.7430 -21.9141 -29.3062 3.6150 -13.7636 -15.9901 3.8200 -26.7129 10.1716 6.7341 66.9351 -66.4788 -20.8210 31.3204 -20.7249 -4.0880 22.0882 32.3376 -11.2273 3.2648 7.7269 35.7615 -2.4963 18.1042 20.3641 26.7803 -0.0000 0.0000 0.0000 -31.5326 -50.7395 -15.2509 56.4437 80.0085 -48.4937 -24.6075 -31.2877 -28.5847 -0.0000 0.0000 0.0000
0.0129 0.6243 -0.1115 7.8747 14.9020 7.3981 -6.4020 3.6672 -16.8924 -6.4020 3.6672 -16.8924 3.4866 3.5855 0.2297 3.4866 3.5855 0.2297 -63.5011 12.2440 -19.6659 -28.6141 2.8385 -11.0976 -22.1696 5.3207 -26.6845 9.4839 6.1480 65.8376 -65.4561 -25.3918 38.6351 -17.1488 -2.8170 18.5239 34.5975 -16.8900 5.2949 7.3859 38.4736 -2.5805 18.4565 18.5440 26.9344 -0.0000 0.0000 0.0000 -37.5779 -51.4634 -18.6233 72.2885 80.1420 -63.1347 -23.9238 -31.9489 -27.7427 -0.0000 0.0000 0.0000
0.0312 0.6121 -0.1260 7.3805 15.7021 10.2407 -6.7629 3.5747 -16.1313 -6.7629 3.5747 -16.1313 2.6075 4.7824 2.2673 2.6075 4.7824 2.2673 -58.5530 10.2314 -18.1451 -27.6035 2.3492 -9.5422 -28.9443 6.8594 -26.1450 9.1449 5.7754 64.4822 -62.2539 -29.2106 46.6811 -14.2240 -1.9537 15.5637 36.6808 -24.3365 8.1772 7.5507 43.0185 -2.9793 18.5432 16.1144 26.6122 -0.0000 0.0000 0.0000 -43.9854 -51.7046 -22.1454 81.4193 79.8681 -71.5304 -22.7607 -34.0414 -26.2401 -0.0000 0.0000 0.0000
0.0519 0.6014 -0.1382 6.6400 16.8470 13.0471 -6.9083 3.4538 -15.3690 -6.9083 3.4538 -15.3690 1.5218 5.4344 4.5094 1.5218 5.4344 4.5094 -53.5950 9.2388 -18.1774 -26.0215 1.9986 -8.6339 -34.7267 8.1339 -25.6216 8.4778 5.2747 63.7211 -57.2701 -31.0910 53.9955 -12.2783 -1.4723 13.6243 38.6697 -33.3857 12.0132 8.8069 49.6125 -4.0768 18.4177 13.7711 26.0378 -0.0000 0.0000 0.0000 -50.5842 -51.3374 -25.5892 83.7631 79.0273 -72.9670 -22.2539 -35.7048 -25.5341 -0.0000 0.0000 0.0000
0.0732 0.5874 -0.1496 5.7578 17.7236 15.8456 -6.9028 3.2809 -14.6108 -6.9028 3.2809 -14.6108 0.2983 5.9069 6.8004 0.2983 5.9069 6.8004 -49.1062 8.5425 -18.5692 -23.8693 1.8414 -8.6958 -39.7254 8.9119 -24.3457 8.2734 5.1326 63.5738 -50.9546 -30.8386 60.1275 -10.8571 -1.2144 12.7273 40.3534 -41.3973 15.8093 10.7478 55.9818 -5.7246 18.1351 12.0102 25.3677 -0.0000 0.0000 0.0000 -56.0642 -49.6420 -27.6680 82.6824 77.6795 -70.6260 -21.9935 -36.8227 -25.1549 -0.0000 0.0000 0.0000
0.0956 0.5725 -0.1598 4.8169 18.0323 18.7683 -6.7899 2.9999 -13.9936 -6.7899 2.9999 -13.9936 -0.7302 6.3696 8.8209 -0.7302 6.3696 8.8209 -45.3224 7.7285 -18.3796 -22.1861 1.9250 -9.7949 -43.7525 8.8184 -21.7414 9.0955 5.6576 63.6988 -45.0784 -29.2960 64.4051 -9.5170 -1.0182 12.1858 41.6585 -48.1693 19.3029 13.7530 61.7955 -8.2557 18.2684 11.1195 25.4152 -0.0000 0.0000 0.0000 -60.3866 -47.2065 -28.5300 83.6222 75.7991 -69.6990 -22.5893 -37.6753 -25.7669 -0.0000 0.0000 0.0000
0.1193 0.5642 -0.1643 3.8307 18.0557 21.6843 -6.5445 2.5847 -13.4237 -6.5445 2.5847 -13.4237 -1.7365 6.6530 10.6064 -1.7365 6.6530 10.6064 -42.1215 7.0144 -18.0866 -21.3233 2.1395 -11.3289 -46.0393 7.8743 -18.4024 10.6309 6.6748 64.1567 -40.6740 -26.8293 65.5212 -8.9735 -0.9718 12.3372 42.7393 -53.4155 22.2739 16.5488 66.4705 -10.8869 19.0225 10.0722 26.2850 -0.0000 0.0000 0.0000 -62.7355 -44.2281 -27.8264 82.9707 74.0126 -67.3667 -23.8047 -37.0722 -27.1890 -0.0000 0.0000 0.0000
0.1415 0.5680 -0.1650 2.8261 17.7711 23.8675 -6.1162 2.0022 -12.6225 -6.1162 2.0022 -12.6225 -2.5999 6.7197 11.7941 -2.5999 6.7197 11.7941 -40.0478 6.2213 -16.9624 -20.8297 2.2690 -12.2991 -46.7609 6.1824 -14.2403 13.4154 9.0962 68.1458 -38.3380 -22.9124 60.4813 -8.7836 -1.0239 13.2724 47.2407 -56.0616 26.2128 16.5539 68.5406 -11.3218 18.5402 8.4506 25.3938 -0.0000 0.0000 0.0000 -64.7112 -39.3432 -25.5225 78.7606 72.1134 -61.7261 -25.5356 -33.4944 -29.4541 -0.0000 0.0000 0.0000
0.1636 0.5856 -0.1625 1.9235 17.3595 27.4206 -6.1880 1.4096 -11.8271 -6.1880 1.4096 -11.8271 -2.7902 5.9745 13.1131 -2.7902 5.9745 13.1131 -37.2635 5.4885 -16.1830 -21.4340 2.3779 -12.5161 -46.2934 3.1947 -7.4643 18.6459 14.4282 75.2671 -41.8048 -20.1001 49.7878 -7.9269 -0.9652 13.8630 41.7852 -58.4047 24.0874 12.5766 72.2754 -9.2009 21.1282 7.9842 28.7983 -0.0000 0.0000 0.0000 -59.7081 -38.7729 -22.8369 75.1781 72.4388 -58.8293 -21.9964 -35.9194 -25.2251 -0.0000 0.0000 0.0000
0.1868 0.6170 -0.1573 0.7753 17.1480 33.1698 -6.5324 0.9863 -11.3514 -6.5324 0.9863 -11.3514 -2.1853 4.1642 14.2675 -2.1853 4.1642 14.2675 -33.8982 5.3724 -17.5039 -22.6265 2.3115 -11.5169 -43.1432 -0.1128 0.2853 25.0189 21.9331 82.2667 -52.5498 -20.5606 40.3458 -5.0362 -0.5226 11.8414 26.8231 -59.1311 15.4070 2.3596 74.9249 -1.8083 25.5517 9.5151 34.9640 -0.0000 0.0000 0.0000 -50.2770 -38.3320 -18.5267 65.1491 70.6249 -48.7007 -13.5698 -42.4687 -15.3034 -0.0000 0.0000 0.0000
0.2054 0.6489 -0.1503 -1.1453 17.2949 41.8778 -6.8401 0.7645 -11.1248 -6.8401 0.7645 -11.1248 -1.2097 1.1710 14.8145 -1.2097 1.1710 14.8145 -30.3812 6.0701 -22.0990 -23.1149 2.0575 -10.0367 -37.1106 -2.7757 8.2566 29.7115 27.9898 86.4334 -70.4120 -24.2607 33.8839 0.8606 0.0409 5.4390 11.3276 -54.3841 5.8336 -7.4379 70.7486 5.2845 28.0115 13.0440 38.9951 -0.0000 0.0000 0.0000 -38.5972 -35.3306 -12.7265 49.9007 65.0469 -33.0477 3.2140 -48.8062 3.5648 -0.0000 0.0000 0.0000
0.2281 0.6725 -0.1427 -3.9190 17.1305 52.5394 -6.7730 0.7086 -11.0897 -6.7730 0.7086 -11.0897 -0.2675 -2.2513 14.2323 -0.2675 -2.2513 14.2323 -27.9742 7.4477 -29.2872 -22.4668 1.7421 -8.7552 -29.1408 -3.7886 14.5030 33.6400 31.3279 85.6972 -75.4568 -40.2148 50.6457 5.6013 -0.7157 -14.5520 5.1858 -47.3624 2.2756 -8.0616 63.2574 4.9702 27.2331 12.4504 37.8177 -0.0000 0.0000 0.0000 -29.0432 -27.8788 -7.3570 36.1741 55.5414 -19.5169 5.0143 -52.9240 5.4995 -0.0000 0.0000 0.0000
0.2461 0.6801 -0.1348 -6.5180 16.2865 61.0692 -6.0462 0.7098 -11.3934 -6.0462 0.7098 -11.3934 -0.1759 -4.3685 13.0091 -0.1759 -4.3685 13.0091 -27.7222 9.0741 -35.6541 -20.6945 1.5195 -8.3083 -22.9302 -3.3943 16.6232 38.6714 33.5522 81.3336 -32.0980 -38.4743 100.9986 -16.3221 4.0280 -27.5558 7.7046 -45.5051 3.2352 -6.6640 58.0877 3.7035 24.4644 6.4918 32.9723 -0.0000 0.0000 0.0000 -24.2837 -15.4831 -3.3506 26.4460 44.1359 -10.8831 -17.8020 -54.4396 -19.4181 -0.0000 0.0000 0.0000
0.2692 0.6738 -0.1282 -7.6209 15.4690 62.7179 -5.0974 0.5258 -11.0342 -5.0974 0.5258 -11.0342 -1.0929 -4.3517 11.9682 -1.0929 -4.3517 11.9682 -29.6937 10.3468 -37.7146 -18.3521 1.4517 -8.9691 -19.7944 -2.6883 15.3187 44.4182 36.1651 77.3010 -15.1149 -21.1714 109.2572 -30.6253 4.7446 -17.2077 16.0538 -51.1414 7.7206 -3.7151 55.6503 1.9613 19.0113 1.1242 25.0555 -0.0000 0.0000 0.0000 -27.0311 -0.6450 -0.1550 21.4433 33.7693 -6.5785 -39.0391 -36.4634 -44.3389 -0.0000 0.0000 0.0000
0.2880 0.6603 -0.1230 -8.4866 14.8208 62.6125 -4.6652 0.2793 -9.4559 -4.6652 0.2793 -9.4559 -1.2547 -4.8376 10.6867 -1.2547 -4.8376 10.6867 -31.9725 11.7074 -39.3809 -16.5284 1.3639 -9.3701 -16.1617 -2.1814 15.2749 47.7300 37.5920 75.1431 -10.2602 -13.9184 107.3302 -35.4551 3.3495 -10.4519 20.8407 -52.8359 10.4402 -3.3448 54.0110 1.7050 15.7976 1.0408 20.8555 -0.0000 0.0000 0.0000 -27.1099 3.4550 0.8332 15.5772 32.4755 -4.5625 -40.7638 -29.6329 -47.1418 -0.0000 0.0000 0.0000
0.3060 0.6458 -0.1188 -9.1024 14.2365 61.5382 -4.5790 0.0788 -7.4900 -4.5790 0.0788 -7.4900 -0.9120 -5.5566 9.4272 -0.9120 -5.5566 9.4272 -34.4696 13.0038 -40.3451 -14.8236 1.1753 -9.0161 -12.9646 -1.8843 16.4709 49.0278 38.2470 74.4961 -10.4244 -13.1558 103.3065 -36.1891 2.6035 -7.9565 25.0942 -53.3929 12.7716 -4.3357 53.5443 2.1882 14.9649 0.5476 19.7183 -0.0000 0.0000 0.0000 -27.4415 5.0547 1.2349 10.9254 31.9103 -3.1323 -39.9998 -24.7885 -46.9543 -0.0000 0.0000 0.0000
0.3218 0.6349 -0.1160 -9.7340 13.7291 60.6816 -4.6727 -0.0147 -5.5944 -4.6727 -0.0147 -5.5944 -0.3663 -6.7198 8.3459 -0.3663 -6.7198 8.3459 -36.7628 14.1956 -41.0841 -12.8943 0.9481 -8.3753 -10.4828 -1.7663 19.0772 47.0337 37.0194 75.1443 -19.4129 -21.5521 96.1071 -31.4690 3.2974 -11.6665 30.0756 -53.3844 15.3852 -6.8244 52.7703 3.3885 14.9346 0.5633 19.6802 -0.0000 0.0000 0.0000 -27.6308 5.6866 1.3995 8.4757 31.3506 -2.3825 -38.9026 -22.7146 -46.0000 -0.0000 0.0000 0.0000
0.3366 0.6305 -0.1148 -10.2710 13.2494 60.0102 -4.8795 -0.0464 -3.8709 -4.8795 -0.0464 -3.8709 0.0927 -8.1191 7.6432 0.0927 -8.1191 7.6432 -38.9883 15.4277 -41.8766 -10.7951 0.7541 -7.9684 -7.8547 -1.5153 21.8069 45.0660 35.8593 75.8998 -25.5278 -25.7362 90.4819 -29.4880 3.7236 -14.0830 34.7592 -53.2828 17.8471 -9.5787 52.1715 4.6979 15.2474 0.8217 20.1141 -0.0000 0.0000 0.0000 -27.6861 6.2210 1.5344 7.2598 30.6405 -1.9913 -38.0925 -21.6856 -45.2185 -0.0000 0.0000 0.0000
0.3494 0.6260 -0.1135 -10.7635 12.8266 59.6298 -5.1035 -0.0364 -2.3563 -5.1035 -0.0364 -2.3563 0.4940 -9.4083 7.1095 0.4940 -9.4083 7.1095 -41.4582 16.8596 -42.7701 -8.2197 0.5925 -8.2313 -4.0455 -0.8596 23.9813 43.3069 34.7634 76.5098 -30.0965 -28.1635 86.0309 -28.7968 4.0982 -15.8678 38.9587 -53.0991 20.0455 -12.5419 51.7199 6.0978 15.8657 0.7052 20.9103 -0.0000 0.0000 0.0000 -27.4808 6.7336 1.6483 6.4398 29.8151 -1.7161 -38.0967 -21.5719 -45.2397 -0.0000 0.0000 0.0000
0.3601 0.6220 -0.1099 -11.1900 12.3918 59.6856 -5.3447 -0.0119 -0.9230 -5.3447 -0.0119 -0.9230 0.9649 -10.6020 6.4705 0.9649 -10.6020 6.4705 -44.3414 18.3938 -43.3385 -5.4175 0.4466 -9.4189 2.5621 0.5467 24.0864 42.0589 33.5927 76.2733 -34.4091 -30.1522 82.0439 -28.2373 4.3699 -17.2503 42.1137 -53.0879 21.7729 -15.1424 51.4800 7.3333 16.3915 0.5274 21.5779 -0.0000 0.0000 0.0000 -27.3107 7.3869 1.7970 5.8396 28.7050 -1.4954 -38.7848 -21.8074 -45.9965 -0.0000 0.0000 0.0000
0.3697 0.6193 -0.1035 -11.7019 11.9612 60.3350 -5.6397 0.0017 0.6808 -5.6397 0.0017 0.6808 1.7589 -11.8970 5.4967 1.7589 -11.8970 5.4967 -47.3523 19.6640 -43.1327 -2.6783 0.2566 -10.9418 13.1418 2.4479 21.0153 40.9619 32.2052 75.4012 -38.1540 -31.8947 79.1319 -28.5582 4.8384 -18.8503 45.0343 -52.4003 23.0595 -18.7494 50.4018 8.8849 16.9984 0.7275 22.3900 -0.0000 0.0000 0.0000 -27.2300 8.0177 1.9449 5.1032 27.4247 -1.2460 -39.7937 -21.7651 -47.1599 -0.0000 0.0000 0.0000
0.3777 0.6176 -0.0980 -12.3092 11.5153 61.5865 -5.9952 -0.0350 2.5275 -5.9952 -0.0350 2.5275 2.7805 -13.3863 4.1694 2.7805 -13.3863 4.1694 -50.2865 20.8991 -42.9037 -0.3487 0.0380 -12.4504 24.0367 3.3042 15.4311 39.9682 30.6406 73.9831 -41.7158 -33.4228 76.4737 -29.4727 5.4371 -20.4667 47.6302 -51.7207 24.1515 -22.5207 49.1243 10.3988 17.5958 1.1402 23.2144 -0.0000 0.0000 0.0000 -27.2458 8.6660 2.1040 4.7671 26.2275 -1.1111 -40.7775 -21.2706 -48.3609 -0.0000 0.0000 0.0000
0.3847 0.6162 -0.0927 -12.9883 11.0549 63.2557 -6.3819 -0.1501 4.4824 -6.3819 -0.1501 4.4824 3.8411 -14.9973 2.6984 3.8411 -14.9973 2.6984 -53.1956 22.1770 -42.7515 1.3311 -0.1642 -14.0605 32.3666 2.4058 8.2766 39.2876 29.2115 72.2624 -43.3664 -34.2330 75.5169 -31.7387 6.2574 -21.7678 49.8660 -51.5310 25.2941 -25.4965 48.3946 11.6102 18.2123 1.6925 24.0827 -0.0000 0.0000 0.0000 -27.2754 9.3819 2.2811 5.2490 25.3406 -1.1808 -41.6177 -20.4963 -49.4417 -0.0000 0.0000 0.0000
0.3899 0.6143 -0.0882 -13.6438 10.5758 65.0763 -6.7285 -0.3296 6.2701 -6.7285 -0.3296 6.2701 4.6427 -16.5408 1.3814 4.6427 -16.5408 1.3814 -55.8181 23.5118 -42.8993 2.0865 -0.2799 -15.2812 36.5915 0.5286 1.5987 38.9729 28.1764 70.6910 -44.2178 -34.4373 74.6780 -34.0151 6.9176 -22.3552 51.6819 -52.0664 26.6181 -27.4179 48.5361 12.5522 18.6571 2.2495 24.7310 -0.0000 0.0000 0.0000 -27.1930 10.2282 2.4800 6.1901 24.6854 -1.3557 -42.2555 -19.5614 -50.3197 -0.0000 0.0000 0.0000
0.3938 0.6117 -0.0845 -14.2426 10.1076 66.9016 -6.9682 -0.5379 7.7063 -6.9682 -0.5379 7.7063 5.1051 -17.8342 0.2851 5.1051 -17.8342 0.2851 -57.9899 24.8183 -43.3092 2.0712 -0.2863 -15.7405 38.4350 -1.2710 -3.6452 38.8910 27.3408 69.1284 -45.6163 -34.5452 72.9589 -35.3393 7.3441 -22.7809 53.3104 -52.8880 28.0358 -28.6481 49.1107 13.3087 18.8792 2.7761 25.0869 -0.0000 0.0000 0.0000 -26.8919 11.1535 2.6746 7.2675 24.1781 -1.5586 -42.8350 -18.7462 -51.1153 -0.0000 0.0000 0.0000
0.3969 0.6088 -0.0823 -14.7576 9.6994 68.5615 -7.1023 -0.7296 8.7080 -7.1023 -0.7296 8.7080 5.2268 -18.8049 -0.5610 5.2268 -18.8049 -0.5610 -59.6062 26.1487 -44.1406 1.9778 -0.2540 -14.6338 39.7004 -2.9380 -8.1265 38.8188 26.6807 67.8830 -47.4179 -34.5645 70.6323 -35.7743 7.5951 -23.2432 54.7931 -54.0737 29.6303 -29.4022 50.1938 14.0112 18.7061 3.3316 24.9297 -0.0000 0.0000 0.0000 -26.3632 12.1420 2.8539 8.1532 23.6362 -1.7087 -43.3561 -17.8071 -51.8679 -0.0000 0.0000 0.0000
0.4002 0.6064 -0.0823 -15.1475 9.3777 69.9208 -7.1533 -0.8808 9.3175 -7.1533 -0.8808 9.3175 5.1278 -19.4224 -1.2189 5.1278 -19.4224 -1.2189 -60.5071 27.5294 -45.5646 1.7162 -0.1748 -11.6275 41.7819 -5.3388 -13.9286 38.5085 26.1831 67.3089 -48.2717 -34.2407 69.0134 -36.4814 7.8456 -23.5072 56.0924 -55.5545 31.3498 -29.7877 51.7673 14.7070 18.1466 3.9483 24.2700 -0.0000 0.0000 0.0000 -25.7114 13.2064 3.0266 8.6307 22.9100 -1.7521 -43.8817 -16.8742 -52.6285 -0.0000 0.0000 0.0000
0.4036 0.6047 -0.0850 -15.4273 9.1277 71.0218 -7.1633 -1.0005 9.7163 -7.1633 -1.0005 9.7163 4.8417 -19.7899 -1.8069 4.8417 -19.7899 -1.8069 -60.5375 29.0813 -47.9229 1.0411 -0.0639 -7.0226 43.1370 -7.0359 -17.6801 37.8215 25.7866 67.4996 -48.1253 -33.5824 68.0979 -37.9294 8.1430 -23.4055 57.1011 -57.2297 33.0655 -29.7965 53.6322 15.3188 17.3079 4.5622 23.2357 -0.0000 0.0000 0.0000 -24.9628 14.3506 3.1925 8.8562 22.0073 -1.7254 -44.4739 -16.1845 -53.4269 -0.0000 0.0000 0.0000
0.4066 0.6041 -0.0899 -15.6220 8.9243 71.9199 -7.1615 -1.0958 10.0330 -7.1615 -1.0958 10.0330 4.4721 -20.0273 -2.3882 4.4721 -20.0273 -2.3882 -60.0811 30.8117 -50.9554 0.2291 -0.0037 -1.8313 43.1869 -7.2788 -18.2589 36.8918 25.4480 68.1937 -46.7946 -32.5213 67.9684 -40.1996 8.4807 -22.9071 57.6430 -58.9945 34.5804 -29.2931 55.6798 15.7173 16.4695 5.1285 22.1888 -0.0000 0.0000 0.0000 -24.1421 15.5459 3.3441 9.0497 20.9983 -1.6805 -45.3141 -15.8624 -54.4460 -0.0000 0.0000 0.0000
0.4093 0.6045 -0.0961 -15.7389 8.7282 72.6924 -7.1414 -1.1596 10.3179 -7.1414 -1.1596 10.3179 4.1222 -20.1845 -2.9437 4.1222 -20.1845 -2.9437 -59.3917 32.7962 -54.5888 -0.1448 -0.0042 3.3175 40.9941 -5.7967 -15.4259 35.9108 25.1417 69.0653 -45.3514 -31.1968 67.5005 -42.2458 8.7091 -22.3009 57.5550 -60.8403 35.7489 -28.1870 57.8033 15.7822 15.6447 5.3100 21.1094 -0.0000 0.0000 0.0000 -23.3251 16.6832 3.4670 9.1846 20.0277 -1.6252 -46.3227 -15.6756 -55.6322 -0.0000 0.0000 0.0000
0.4113 0.6057 -0.1029 -15.8063 8.5373 73.3699 -7.1174 -1.1914 10.5497 -7.1174 -1.1914 10.5497 3.8517 -20.2950 -3.4152 3.8517 -20.2950 -3.4152 -58.5010 34.9225 -58.6429 0.1933 0.0133 7.8498 35.8103 -3.1595 -9.7578 35.1353 24.8707 69.7147 -44.1688 -29.8026 66.5174 -43.6880 8.8192 -21.7781 56.7600 -62.6443 36.3977 -26.4340 59.8017 15.3832 14.8572 5.2069 20.0459 -0.0000 0.0000 0.0000 -22.6173 17.6961 3.5661 9.3553 19.1823 -1.5843 -47.4603 -15.5339 -56.9544 -0.0000 0.0000 0.0000
0.4129 0.6074 -0.1095 -15.8478 8.3547 73.9705 -7.1118 -1.1907 10.6960 -7.1118 -1.1907 10.6960 3.6332 -20.3978 -3.7641 3.6332 -20.3978 -3.7641 -57.3960 37.1645 -63.1098 1.5368 0.1618 12.0215 29.0124 -1.1281 -4.3580 34.6432 24.5977 69.9097 -43.7289 -28.5250 64.7067 -44.1257 8.8782 -21.6864 55.2039 -64.5083 36.5190 -23.7092 61.7435 14.3048 14.0036 4.8521 18.8684 -0.0000 0.0000 0.0000 -22.0664 18.5543 3.6485 9.3911 18.4608 -1.5295 -48.5482 -15.1262 -58.2663 -0.0000 0.0000 0.0000
0.4142 0.6093 -0.1149 -15.9307 8.1906 74.5347 -7.1499 -1.1886 10.7679 -7.1499 -1.1886 10.7679 3.4833 -20.5572 -4.0203 3.4833 -20.5572 -4.0203 -55.7661 39.2815 -68.0011 3.1531 0.4437 16.0164 24.6795 -0.8419 -3.8473 34.2703 24.2546 69.7497 -43.7007 -27.3378 62.4731 -44.0239 8.9867 -22.0007 52.9895 -66.3118 36.0747 -19.7041 63.4353 12.2525 13.1583 4.6215 17.7164 -0.0000 0.0000 0.0000 -21.6365 19.2120 3.7047 9.3343 17.8501 -1.4691 -49.4840 -14.5752 -59.4318 -0.0000 0.0000 0.0000
0.4155 0.6111 -0.1186 -16.0650 8.0454 75.0853 -7.2272 -1.2269 10.7924 -7.2272 -1.2269 10.7924 3.3912 -20.7030 -4.2407 3.3912 -20.7030 -4.2407 -53.2021 40.8978 -73.3403 4.4362 0.7701 19.6874 21.2952 -1.0068 -5.3515 33.9318 23.8046 69.2800 -44.3174 -26.3354 59.7520 -43.4679 9.1539 -22.7100 50.2152 -67.7955 34.9540 -14.2378 64.6094 9.0302 12.3071 4.6010 16.5759 -0.0000 0.0000 0.0000 -21.3149 19.7224 3.7472 9.2858 17.2705 -1.4132 -50.2565 -14.1060 -60.3968 -0.0000 0.0000 0.0000
0.4169 0.6127 -0.1207 -16.2476 7.9130 75.6377 -7.3306 -1.3050 10.8134 -7.3306 -1.3050 10.8134 3.3418 -20.8734 -4.4722 3.3418 -20.8734 -4.4722 -49.8289 41.9474 -79.0648 5.4026 1.0997 22.9956 18.8201 -1.4120 -8.5046 33.5043 23.2537 68.7106 -45.1009 -25.3872 56.9537 -42.9181 9.3584 -23.5244 46.8457 -69.0021 33.1618 -7.3793 65.2212 4.7251 11.3921 4.8479 15.3705 -0.0000 0.0000 0.0000 -21.0241 20.1881 3.7839 9.3441 16.6421 -1.3696 -50.9858 -13.8205 -61.2767 -0.0000 0.0000 0.0000
0.4184 0.6141 -0.1211 -16.4483 7.7939 76.1470 -7.4381 -1.4066 10.8274 -7.4381 -1.4066 10.8274 3.3152 -21.0356 -4.6835 3.3152 -21.0356 -4.6835 -45.8651 42.3763 -84.9925 6.1911 1.4252 25.9038 17.4210 -2.0534 -13.3433 33.0416 22.6383 68.0271 -45.9216 -24.4655 54.2009 -42.2386 9.5769 -24.4731 43.0422 -69.9055 30.8199 0.1815 65.2152 -0.1161 10.4380 5.3203 14.1250 -0.0000 0.0000 0.0000 -20.7784 20.5346 3.8042 9.4278 16.1034 -1.3366 -51.6424 -13.6812 -62.0447 -0.0000 0.0000 0.0000
0.4197 0.6154 -0.1198 -16.6689 7.6861 76.6037 -7.5480 -1.5231 10.8561 -7.5480 -1.5231 10.8561 3.3300 -21.2236 -4.8591 3.3300 -21.2236 -4.8591 -41.6579 42.2410 -90.8724 7.0574 1.7850 28.3563 17.0294 -2.9791 -19.7068 32.6273 22.0465 67.2938 -46.4822 -23.5469 51.7779 -41.6080 9.7647 -25.3414 38.9407 -70.5118 28.0627 7.5209 64.5950 -4.7582 9.4523 5.9349 12.8390 -0.0000 0.0000 0.0000 -20.5480 20.7593 3.8032 9.5333 15.6871 -1.3163 -52.3282 -13.8419 -62.7841 -0.0000 0.0000 0.0000
0.4209 0.6170 -0.1166 -16.8988 7.5933 76.9894 -7.6528 -1.6448 10.8802 -7.6528 -1.6448 10.8802 3.3468 -21.4098 -4.9850 3.3468 -21.4098 -4.9850 -37.3878 41.5640 -96.5603 8.1033 2.2059 30.4122 17.5537 -4.2406 -26.9693 32.3168 21.4436 66.3295 -47.3060 -22.6740 49.1921 -40.4474 9.8612 -26.3590 34.6877 -70.8193 25.0359 14.2385 63.4654 -8.8332 8.4111 6.5065 11.4653 -0.0000 0.0000 0.0000 -20.3790 20.8322 3.7848 9.6082 15.4285 -1.3045 -52.9383 -14.1725 -63.4024 -0.0000 0.0000 0.0000
0.4221 0.6190 -0.1115 -17.1284 7.5221 77.2819 -7.7496 -1.7590 10.8646 -7.7496 -1.7590 10.8646 3.3567 -21.5702 -5.0363 3.3567 -21.5702 -5.0363 -33.2048 40.3606 -101.8998 9.3721 2.7074 32.1632 18.5988 -5.7241 -33.9561 32.0368 20.8736 65.3684 -48.2892 -21.7878 46.4727 -38.7620 9.8028 -27.3998 30.4712 -70.8378 21.9240 19.9070 61.9586 -12.0289 7.4450 6.9290 10.1755 -0.0000 0.0000 0.0000 -20.3220 20.7160 3.7525 9.6558 15.3749 -1.3064 -53.4635 -14.6961 -63.8855 -0.0000 0.0000 0.0000
0.4233 0.6208 -0.1048 -17.3221 7.4769 77.4676 -7.8334 -1.8571 10.8027 -7.8334 -1.8571 10.8027 3.3722 -21.6540 -5.0091 3.3722 -21.6540 -5.0091 -29.1960 38.6385 -106.7820 10.8102 3.2821 33.6922 19.7675 -7.1939 -39.6773 31.7052 20.3494 64.5881 -49.1958 -20.8859 43.8600 -36.8844 9.6187 -28.3209 26.4199 -70.5673 18.8613 24.3536 60.2299 -14.2682 6.6161 6.9609 9.0466 -0.0000 0.0000 0.0000 -20.3914 20.5038 3.7262 9.7100 15.4402 -1.3194 -53.9778 -15.4888 -64.3017 -0.0000 0.0000 0.0000
0.4245 0.6219 -0.0972 -17.4860 7.4471 77.5837 -7.9142 -1.9333 10.7067 -7.9142 -1.9333 10.7067 3.4090 -21.7046 -4.9349 3.4090 -21.7046 -4.9349 -25.4830 36.5415 -111.1856 12.4893 3.9628 35.0900 20.7070 -8.4002 -43.7971 31.1563 19.8439 64.2105 -49.9741 -19.9533 41.3587 -35.2940 9.4016 -28.9854 22.6101 -70.0708 15.9576 27.8299 58.3195 -15.7408 5.7346 6.7956 7.8359 -0.0000 0.0000 0.0000 -20.4995 20.2472 3.6985 9.7702 15.5985 -1.3414 -54.4632 -16.1525 -64.7105 -0.0000 0.0000 0.0000
0.4258 0.6218 -0.0888 -17.6628 7.4463 77.6120 -7.9990 -1.9835 10.5309 -7.9990 -1.9835 10.5309 3.4649 -21.7760 -4.7529 3.4649 -21.7760 -4.7529 -22.0684 34.0287 -114.9858 14.3484 4.7349 36.3662 21.3283 -9.2290 -46.4028 30.4195 19.2996 64.0436 -51.2144 -18.9199 38.3410 -33.2562 9.0186 -29.5855 19.2319 -69.4090 13.3843 31.7637 56.1900 -17.2727 4.6102 6.7687 6.3002 -0.0000 0.0000 0.0000 -20.6583 19.8227 3.6480 9.8575 15.9652 -1.3857 -54.5879 -16.3353 -64.8130 -0.0000 0.0000 0.0000
0.4276 0.6201 -0.0798 -17.8556 7.4742 77.5614 -8.1161 -2.0141 10.2795 -8.1161 -2.0141 10.2795 3.5660 -21.9077 -4.4484 3.5660 -21.9077 -4.4484 -18.9705 31.2034 -118.2125 16.3805 5.6122 37.6126 21.5137 -9.6411 -47.8735 29.3055 18.6385 64.2268 -52.6171 -17.6959 34.9528 -30.8914 8.5292 -30.2064 16.2623 -68.6278 11.1391 36.1434 53.9516 -18.8600 3.2305 6.5975 4.4116 -0.0000 0.0000 0.0000 -20.8203 19.3574 3.5893 10.0341 16.3634 -1.4463 -54.4636 -16.1308 -64.7154 -0.0000 0.0000 0.0000
0.4314 0.6176 -0.0705 -18.0790 7.5095 77.4713 -8.2294 -2.0272 9.9467 -8.2294 -2.0272 9.9467 3.7133 -22.0884 -4.0415 3.7133 -22.0884 -4.0415 -16.2286 28.1365 -120.7243 18.5071 6.5486 38.6969 21.2706 -9.6836 -48.5594 28.2368 18.0045 64.4104 -53.8242 -16.2711 31.4576 -28.7269 7.9398 -30.3267 13.6888 -67.7845 9.2199 40.6190 51.8675 -20.4058 1.7608 6.8733 2.4086 -0.0000 0.0000 0.0000 -20.8912 18.8316 3.5022 10.2812 16.7907 -1.5213 -53.8565 -15.2376 -64.2163 -0.0000 0.0000 0.0000
0.4377 0.6149 -0.0617 -18.3337 7.5664 77.2526 -8.3188 -2.0061 9.4996 -8.3188 -2.0061 9.4996 3.8890 -22.3005 -3.4664 3.8890 -22.3005 -3.4664 -13.7997 24.8206 -122.3857 20.6591 7.5117 39.6150 20.7538 -9.4697 -48.6760 27.3535 17.5307 64.7188 -54.6540 -14.8024 28.2216 -27.1668 7.3391 -29.7307 11.7746 -66.8628 7.7886 44.6986 50.1439 -21.7751 0.4762 7.5656 0.6540 -0.0000 0.0000 0.0000 -21.0840 18.1440 3.4040 10.7545 17.2440 -1.6354 -52.6135 -13.3427 -63.2051 -0.0000 0.0000 0.0000
0.4449 0.6126 -0.0540 -18.6160 7.6690 76.8681 -8.3561 -1.9818 9.0008 -8.3561 -1.9818 9.0008 4.0892 -22.4684 -2.7483 4.0892 -22.4684 -2.7483 -11.6198 21.2044 -122.9442 22.5452 8.3312 40.1441 20.1680 -9.1285 -48.3496 26.7567 17.2809 65.1510 -55.0038 -13.6009 25.8032 -26.5382 6.9008 -28.6838 10.5829 -65.8666 6.8665 47.7593 49.0523 -22.8402 -0.2591 8.1566 -0.3570 -0.0000 0.0000 0.0000 -21.5307 17.2698 3.3077 11.4458 17.6685 -1.7847 -50.6058 -10.2694 -61.5663 -0.0000 0.0000 0.0000
0.4537 0.6118 -0.0482 -19.0194 7.9144 76.1537 -8.2960 -1.9295 8.3765 -8.2960 -1.9295 8.3765 4.1826 -22.6765 -1.7896 4.1826 -22.6765 -1.7896 -9.5517 17.1615 -122.0541 24.0620 8.9457 40.3106 19.9181 -8.8445 -47.5408 26.0882 17.1771 66.2006 -55.2905 -12.5612 23.7324 -26.3129 6.5787 -27.6275 10.3735 -64.8416 6.5992 49.2364 48.8897 -23.5319 -0.2584 7.9113 -0.3556 -0.0000 0.0000 0.0000 -22.3574 15.9391 3.1695 12.2331 18.0887 -1.9545 -47.9224 -6.1937 -59.3523 -0.0000 0.0000 0.0000
0.4634 0.6134 -0.0449 -19.5783 8.3903 74.9228 -8.1050 -1.7938 7.5335 -8.1050 -1.7938 7.5335 4.1035 -22.9276 -0.4535 4.1035 -22.9276 -0.4535 -7.3765 12.6387 -119.5946 25.1455 9.4110 40.5147 20.2939 -8.7360 -46.2249 25.0372 17.1329 68.3089 -55.7652 -11.5542 21.6511 -25.6028 6.2127 -26.8658 11.2820 -63.7636 7.0314 49.5539 49.5485 -24.0515 0.5489 6.7574 0.7505 -0.0000 0.0000 0.0000 -23.6563 13.9385 2.9329 13.0526 18.6167 -2.1485 -44.7235 -1.6479 -56.6128 -0.0000 0.0000 0.0000
0.4733 0.6181 -0.0446 -20.2004 9.1098 73.1245 -7.8045 -1.5550 6.4758 -7.8045 -1.5550 6.4758 3.8872 -23.1312 1.2814 3.8872 -23.1312 1.2814 -4.9799 7.9361 -115.8338 25.8332 9.8515 41.1920 21.1227 -8.7413 -44.5807 23.3051 17.0268 71.9484 -55.7882 -10.5309 19.7525 -24.7295 5.9184 -26.5370 13.0492 -62.5222 7.9436 48.2141 50.9415 -24.0652 2.0778 4.4101 2.8042 -0.0000 0.0000 0.0000 -24.9491 11.5366 2.5605 13.8365 19.1810 -2.3490 -41.9102 2.1298 -54.1154 -0.0000 0.0000 0.0000
0.4827 0.6264 -0.0475 -20.7738 10.0721 70.6549 -7.4237 -1.1784 5.0677 -7.4237 -1.1784 5.0677 3.5732 -23.0359 3.4578 3.5732 -23.0359 3.4578 -2.3880 3.4580 -110.7528 26.3279 10.4356 42.6565 22.1058 -8.7620 -42.8307 21.3518 17.0039 76.8261 -54.6308 -9.9918 19.2130 -24.3363 5.7483 -26.2138 15.5094 -60.9506 9.1633 44.4341 52.9717 -23.0069 4.2180 2.4001 5.6317 -0.0000 0.0000 0.0000 -25.9950 8.7361 2.0202 14.2487 19.9921 -2.5240 -39.6626 4.6866 -51.9773 -0.0000 0.0000 0.0000
0.4913 0.6384 -0.0522 -21.1281 11.2097 67.5422 -6.9719 -0.7146 3.3451 -6.9719 -0.7146 3.3451 3.1645 -22.4299 5.9333 3.1645 -22.4299 5.9333 0.3151 -0.4080 -104.6443 26.5613 11.1657 44.9916 22.9285 -8.7217 -41.2147 19.9640 17.5328 82.4476 -52.3835 -10.0492 20.2686 -24.6375 5.5337 -24.9574 18.2720 -59.0010 10.3979 38.3736 55.3402 -20.6810 6.6094 1.3592 8.7737 -0.0000 0.0000 0.0000 -26.8447 5.7266 1.3677 14.2208 21.0663 -2.6574 -37.8647 5.9824 -50.0583 -0.0000 0.0000 0.0000
0.4996 0.6534 -0.0578 -21.2177 12.4141 64.0242 -6.4082 -0.2624 1.3956 -6.4082 -0.2624 1.3956 2.6306 -21.2192 8.5241 2.6306 -21.2192 8.5241 3.0459 -3.4638 -97.3511 26.3184 11.7607 47.5495 23.5787 -8.6364 -39.7784 20.0467 19.3190 87.8398 -49.0170 -10.9040 23.6482 -25.9711 5.1786 -22.1905 20.6862 -56.4634 11.1931 30.1367 57.0706 -16.6572 9.0671 1.6165 12.0428 -0.0000 0.0000 0.0000 -27.5313 2.7071 0.6633 13.7123 22.2478 -2.7086 -36.2605 6.3984 -48.1458 -0.0000 0.0000 0.0000
0.5086 0.6698 -0.0634 -20.9955 13.4863 60.3839 -5.6214 0.0974 -0.6335 -5.6214 0.0974 -0.6335 1.7975 -19.5293 10.8867 1.7975 -19.5293 10.8867 5.2670 -5.2534 -89.8515 25.9851 12.3540 50.2596 23.8128 -8.4748 -38.7226 22.1503 22.8382 91.7979 -43.9039 -12.0019 29.2356 -28.3608 4.4781 -17.5924 21.9878 -53.1384 11.0980 21.1430 57.4350 -11.6765 11.2347 3.2073 15.0298 -0.0000 0.0000 0.0000 -28.1317 -0.1009 -0.0253 12.7838 23.4365 -2.6622 -34.8497 5.7879 -46.2247 -0.0000 0.0000 0.0000
0.5165 0.6854 -0.0697 -20.5421 14.2282 57.0517 -4.5104 0.3006 -2.6029 -4.5104 0.3006 -2.6029 0.7189 -17.1247 12.2105 0.7189 -17.1247 12.2105 6.7718 -5.9340 -82.4393 25.4311 12.7245 52.5919 22.7177 -7.9943 -38.3593 27.4457 28.4746 92.1943 -35.2275 -11.7857 36.0187 -31.5311 2.9641 -10.4722 21.3914 -49.7092 10.0002 15.0858 56.6549 -8.1656 12.5510 4.8114 16.9211 -0.0000 0.0000 0.0000 -28.7722 -2.7499 -0.7055 11.6880 24.6152 -2.5585 -33.4210 4.8652 -44.2139 -0.0000 0.0000 0.0000
0.5258 0.6991 -0.0775 -20.1136 14.6490 54.3691 -3.1296 0.3474 -4.3117 -3.1296 0.3474 -4.3117 -0.3098 -14.0135 11.8810 -0.3098 -14.0135 11.8810 7.7013 -5.9273 -75.1329 24.1002 12.5659 54.5657 23.9849 -8.2211 -37.3838 36.0334 34.6098 87.5382 -23.8621 -8.7378 39.7572 -34.0759 0.2260 -0.7373 19.2452 -46.5178 8.3358 12.7631 55.1311 -6.6827 13.4163 5.5202 18.1475 -0.0000 0.0000 0.0000 -28.7323 -4.8680 -1.2475 10.3268 25.3656 -2.3300 -32.1660 3.7289 -42.3874 -0.0000 0.0000 0.0000
0.5350 0.7107 -0.0875 -19.8703 14.9251 52.3044 -1.6286 0.2990 -5.7404 -1.6286 0.2990 -5.7404 -1.0245 -10.3950 9.9776 -1.0245 -10.3950 9.9776 8.2104 -5.5305 -67.8781 23.0653 12.1213 54.9800 28.1129 -8.9850 -34.8447 46.5727 38.7730 78.5401 -13.1091 -4.5105 37.8379 -33.9526 -3.1447 10.2759 16.5328 -43.8782 6.6982 12.5855 53.2869 -6.3334 14.1508 4.9090 19.0709 -0.0000 0.0000 0.0000 -27.7892 -6.5665 -1.6261 8.7271 25.6919 -1.9938 -31.2803 2.2469 -40.9745 -0.0000 0.0000 0.0000
0.5432 0.7202 -0.0982 -19.9760 15.2888 50.8318 -0.0312 0.2187 -6.9576 -0.0312 0.2187 -6.9576 -1.2710 -6.8333 7.1390 -1.2710 -6.8333 7.1390 8.4245 -4.8157 -59.4474 23.9771 11.4246 50.4472 32.6069 -8.8072 -29.5016 56.3947 39.9147 68.2200 -5.6745 -1.6318 32.0649 -30.2400 -5.5936 20.4969 14.7416 -41.4756 5.6080 12.2208 51.0646 -5.8546 14.8434 2.4420 19.7436 -0.0000 0.0000 0.0000 -25.9733 -7.8997 -1.8246 6.5054 25.2721 -1.4599 -30.4045 0.6715 -39.5763 -0.0000 0.0000 0.0000
0.5494 0.7283 -0.1082 -20.3446 15.8140 49.7244 1.5992 0.1199 -8.0221 1.5992 0.1199 -8.0221 -1.4053 -4.1285 4.4227 -1.4053 -4.1285 4.4227 8.2474 -3.9942 -51.6226 28.9393 11.1596 41.4718 36.5717 -7.3633 -22.0378 63.1667 38.3807 59.0295 -1.9045 -0.4329 25.6105 -24.5344 -6.4021 28.8491 13.1290 -40.2261 4.8262 11.9141 48.9645 -5.4406 15.2295 -1.6499 19.8553 -0.0000 0.0000 0.0000 -23.8934 -9.6491 -2.0462 4.3102 24.9895 -0.9556 -29.6433 -2.1776 -38.1267 -0.0000 0.0000 0.0000
0.5552 0.7350 -0.1163 -20.5251 16.1401 48.7424 3.1605 -0.0346 -9.1879 3.1605 -0.0346 -9.1879 -1.8867 -2.4399 2.4953 -1.8867 -2.4399 2.4953 7.4751 -3.1370 -45.4840 39.5429 10.5107 28.7065 39.1316 -5.2211 -14.6205 67.1405 35.2800 51.2028 -0.6371 -0.1125 20.0343 -18.2630 -6.0546 36.4244 11.3735 -39.9274 4.1433 12.1602 47.6908 -5.3911 15.1269 -5.9336 19.3459 -0.0000 0.0000 0.0000 -22.2802 -12.0383 -2.3790 2.7074 25.9374 -0.6236 -28.6839 -7.1890 -36.1542 -0.0000 0.0000 0.0000
0.5612 0.7399 -0.1224 -20.2357 16.0359 47.7296 4.6198 -0.2916 -10.7482 4.6198 -0.2916 -10.7482 -2.8691 -1.0522 1.2781 -2.8691 -1.0522 1.2781 6.1586 -2.2925 -40.8039 54.4683 6.6013 12.7867 38.9064 -3.7020 -10.4559 69.1814 31.3931 44.3424 -1.2633 -0.1757 15.8386 -10.6832 -4.2271 43.0792 9.3529 -40.3525 3.4434 12.9179 47.6054 -5.7177 14.9006 -8.5403 18.8482 -0.0000 0.0000 0.0000 -21.6834 -15.2266 -2.9328 2.0218 28.5847 -0.5151 -27.0070 -13.5945 -33.2478 -0.0000 0.0000 0.0000
0.5675 0.7429 -0.1267 -19.3252 15.3553 46.5381 5.7947 -0.6456 -12.7611 5.7947 -0.6456 -12.7611 -3.8909 0.5374 0.4946 -3.8909 0.5374 0.4946 4.2355 -1.4474 -37.7211 69.8398 -1.2063 -1.7278 36.8907 -3.8769 -11.5884 70.0454 26.7737 37.5150 -4.4533 -0.4618 11.8357 -1.8521 -0.8465 49.1243 7.5277 -40.0796 2.7492 14.2080 48.0000 -6.3519 14.9140 -9.0573 18.8245 -0.0000 0.0000 0.0000 -21.5901 -18.5751 -3.5719 1.6118 32.2920 -0.4666 -24.4859 -20.4773 -29.4582 -0.0000 0.0000 0.0000
0.5731 0.7434 -0.1293 -17.7793 14.0920 44.9675 6.5075 -1.1027 -15.3102 6.5075 -1.1027 -15.3102 -4.3583 2.6643 -0.0474 -4.3583 2.6643 -0.0474 1.6285 -0.5189 -35.3488 83.5252 -14.3529 -16.0527 29.9567 -3.6234 -13.4850 70.1158 22.0258 31.0016 -9.5623 -0.7525 8.9781 7.7651 3.8564 52.7685 6.6351 -38.2784 2.3050 15.2326 48.4723 -6.8897 15.3011 -8.1503 19.3828 -0.0000 0.0000 0.0000 -21.6225 -21.6015 -4.1728 1.4057 36.3616 -0.4617 -21.4864 -26.4054 -25.3804 -0.0000 0.0000 0.0000
0.5796 0.7418 -0.1303 -16.0427 12.5609 43.1535 6.7092 -1.5326 -18.0050 6.7092 -1.5326 -18.0050 -4.0119 5.0310 -0.6263 -4.0119 5.0310 -0.6263 -1.3436 0.3934 -32.6398 87.8180 -32.0631 -33.2406 20.7474 -2.2171 -12.0682 69.2939 17.9725 25.7785 -14.2925 -1.0320 8.2175 15.8492 7.8384 52.4105 7.4547 -34.3802 2.3091 14.8642 47.9790 -6.6446 16.0006 -7.2066 20.3429 -0.0000 0.0000 0.0000 -21.2430 -23.8296 -4.5320 0.7510 39.3544 -0.2686 -18.6853 -29.9198 -21.8489 -0.0000 0.0000 0.0000
0.5850 0.7391 -0.1295 -14.4490 11.0757 41.1471 6.4892 -1.7583 -20.2005 6.4892 -1.7583 -20.2005 -3.0897 7.1718 -1.2484 -3.0897 7.1718 -1.2484 -3.6479 1.0550 -32.2512 73.7390 -45.6078 -58.5497 14.9897 -1.2878 -9.7654 67.7404 15.1750 22.4497 -17.5784 -1.3026 8.4098 20.2762 9.2630 48.7460 8.3739 -30.4151 2.2801 14.4085 47.4483 -6.3592 16.3874 -7.6344 20.7929 -0.0000 0.0000 0.0000 -20.2666 -25.7753 -4.6834 -0.3062 41.4961 0.1160 -16.6621 -31.7337 -19.3856 -0.0000 0.0000 0.0000
0.5886 0.7363 -0.1259 -12.9618 9.6074 38.9611 6.0420 -1.8415 -22.2163 6.0420 -1.8415 -22.2163 -1.6334 8.9080 -2.2077 -1.6334 8.9080 -2.2077 -6.3755 1.9521 -34.0182 46.4103 -45.1826 -88.2875 12.3818 -1.0064 -9.2575 66.1696 13.7375 20.9505 -19.5311 -1.6005 9.2795 20.9384 8.5375 43.9919 8.9312 -27.1088 2.1573 14.3541 47.5198 -6.3457 16.6190 -9.1755 20.9494 -0.0000 0.0000 0.0000 -18.6784 -27.6369 -4.6328 -1.7518 43.4768 0.6985 -15.0036 -32.6786 -17.4130 -0.0000 0.0000 0.0000
0.5913 0.7339 -0.1195 -11.6863 8.3058 36.7225 5.5296 -1.6880 -23.6566 5.5296 -1.6880 -23.6566 -0.2535 9.8410 -3.2256 -0.2535 9.8410 -3.2256 -8.9995 3.3245 -40.4831 28.5354 -33.7262 -100.0114 10.5246 -0.9740 -10.5457 65.2155 13.5558 21.0497 -20.9485 -1.8841 10.1652 18.2119 6.8462 40.9306 9.0624 -24.7680 1.9938 14.2688 48.0469 -6.3863 16.7463 -10.9025 20.9611 -0.0000 0.0000 0.0000 -16.6242 -29.2462 -4.3660 -3.4258 45.3566 1.4319 -13.5160 -33.3708 -15.6589 -0.0000 0.0000 0.0000
0.5928 0.7320 -0.1156 -10.5340 7.0419 34.5779 4.9204 -1.2839 -24.8621 4.9204 -1.2839 -24.8621 0.9999 10.0554 -4.3747 0.9999 10.0554 -4.3747 -12.2907 5.7585 -50.0761 17.9528 -20.5454 -97.8512 7.8937 -0.7784 -11.2456 63.6300 14.0267 22.4321 -23.1747 -2.3704 11.5234 11.5510 4.4227 41.7918 8.8652 -22.7350 1.7857 14.5936 48.6228 -6.6212 16.2283 -13.0147 20.1489 -0.0000 0.0000 0.0000 -14.1715 -30.1548 -3.8359 -5.0196 46.8120 2.1739 -11.9255 -34.3844 -13.7781 -0.0000 0.0000 0.0000
0.5939 0.7302 -0.1126 -9.4576 5.7038 32.5648 4.1106 -0.6698 -26.2117 4.1106 -0.6698 -26.2117 2.2516 9.6150 -5.9115 2.2516 9.6150 -5.9115 -16.5714 9.1143 -57.3855 9.5534 -9.5142 -89.7639 5.8223 -0.6273 -12.2874 61.2234 14.8798 24.8920 -26.0780 -3.2628 14.0225 2.2346 0.9303 45.2028 8.5735 -20.7473 1.5723 15.6001 49.0027 -7.1448 14.9471 -15.0827 18.4212 -0.0000 0.0000 0.0000 -11.5075 -30.3706 -3.1331 -6.3079 47.8806 2.8028 -10.1105 -35.6606 -11.6397 -0.0000 0.0000 0.0000
0.5883 0.7278 -0.1078 -8.6106 4.5174 30.9816 3.1796 0.0947 -27.3991 3.1796 0.0947 -27.3991 3.1108 8.6352 -7.2272 3.1108 8.6352 -7.2272 -21.2089 12.2161 -59.5016 1.8222 -1.5594 -81.1124 3.8839 -0.4641 -13.6232 57.8405 15.7339 28.0824 -30.1277 -4.5813 16.9070 -9.8748 -4.4160 48.1031 8.6679 -18.6604 1.4268 16.7880 48.7011 -7.6414 14.0529 -16.4245 17.2378 -0.0000 0.0000 0.0000 -9.0775 -30.3833 -2.4697 -7.1080 48.7091 3.2208 -8.0616 -36.8886 -9.2494 -0.0000 0.0000 0.0000
0.5792 0.7242 -0.0998 -7.9971 3.7437 29.9387 2.2653 0.8736 -28.2496 2.2653 0.8736 -28.2496 3.6216 7.7729 -7.9460 3.6216 7.7729 -7.9460 -25.4895 13.9251 -56.7318 -5.4844 4.1790 -74.5957 2.9498 -0.4089 -15.7813 53.5024 16.2599 31.6458 -35.4556 -6.3431 19.6672 -21.1640 -9.4624 47.7877 9.0577 -16.9276 1.3506 17.9809 47.8911 -8.0381 13.8852 -16.7559 17.0120 -0.0000 0.0000 0.0000 -7.1944 -30.6358 -1.9730 -7.5682 49.4547 3.4894 -6.0137 -37.6985 -6.8845 -0.0000 0.0000 0.0000
0.5692 0.7216 -0.0866 -7.4337 3.3852 29.3550 1.3958 1.5188 -28.8109 1.3958 1.5188 -28.8109 4.0630 7.2364 -8.3485 4.0630 7.2364 -8.3485 -29.5522 14.2198 -50.6179 -12.4978 8.7593 -69.9417 2.0298 -0.3454 -19.3141 48.2646 16.1487 35.1422 -41.2915 -8.2907 21.7761 -28.4078 -10.6869 40.5616 9.6929 -15.5377 1.3255 18.5771 46.4925 -8.0373 14.6540 -16.0310 17.9975 -0.0000 0.0000 0.0000 -5.2414 -30.1654 -1.4135 -7.6294 49.8582 3.5503 -4.4633 -38.4539 -5.0988 -0.0000 0.0000 0.0000
0.5579 0.7207 -0.0684 -6.9763 3.6632 29.1702 0.7488 1.9129 -28.7724 0.7488 1.9129 -28.7724 4.4468 7.0685 -8.2816 4.4468 7.0685 -8.2816 -32.3838 13.5945 -44.6350 -18.5272 12.2426 -66.6520 0.3475 -0.0724 -23.5314 42.7067 15.2844 37.8850 -46.7892 -9.6243 22.0233 -30.5555 -9.3417 33.3051 10.4074 -14.5810 1.3351 18.2973 44.5498 -7.5483 16.2714 -14.4973 20.0870 -0.0000 0.0000 0.0000 -3.1500 -28.5437 -0.8015 -7.1593 49.2428 3.2844 -3.8121 -39.2104 -4.3453 -0.0000 0.0000 0.0000
0.5433 0.7211 -0.0467 -6.5827 4.3937 29.3027 0.2848 2.0430 -28.4426 0.2848 2.0430 -28.4426 4.7366 7.1716 -8.0209 4.7366 7.1716 -8.0209 -34.4312 12.2864 -38.3111 -24.4400 15.7080 -64.9889 -2.8492 0.6859 -27.0652 37.1262 13.9045 39.9125 -51.5847 -10.3608 21.2513 -30.2859 -7.7753 28.1922 11.0673 -13.8368 1.3470 17.2798 42.3820 -6.7427 17.8440 -12.5927 22.1745 -0.0000 0.0000 0.0000 -1.0245 -25.6981 -0.2337 -5.5050 47.5994 2.4295 -4.2406 -40.0415 -4.8218 -0.0000 0.0000 0.0000
0.5276 0.7220 -0.0232 -6.2536 5.3190 29.6799 -0.1388 2.0434 -27.9032 -0.1388 2.0434 -27.9032 4.8733 7.3573 -7.7098 4.8733 7.3573 -7.7098 -36.0609 10.7036 -32.1110 -30.2556 18.9363 -63.3402 -7.5876 1.9528 -28.8287 31.2443 12.2276 41.9201 -54.8750 -10.6190 20.2972 -29.7847 -7.3220 27.0561 11.4827 -13.9724 1.4117 16.6019 40.8696 -6.2232 19.0375 -10.8699 23.8040 -0.0000 0.0000 0.0000 1.5012 -21.6497 0.2871 -3.8313 45.0093 1.5878 -4.8284 -41.3263 -5.4694 -0.0000 0.0000 0.0000
0.5120 0.7225 0.0008 -6.0018 6.2524 30.3308 -0.6890 2.0645 -27.0037 -0.6890 2.0645 -27.0037 4.8040 7.5488 -7.1192 4.8040 7.5488 -7.1192 -37.1858 9.2518 -27.0484 -35.0137 20.9077 -60.6498 -13.6875 3.5352 -28.8407 25.2429 10.4654 44.4888 -56.8730 -11.2810 20.6724 -29.8526 -8.0061 29.4188 11.9553 -15.2331 1.6044 16.0693 40.2592 -5.9236 20.0281 -9.2258 25.1946 -0.0000 0.0000 0.0000 3.8157 -18.5096 0.6220 -2.6286 43.2748 1.0429 -5.0905 -42.9773 -5.7388 -0.0000 0.0000 0.0000
0.4946 0.7222 0.0236 -5.7624 7.0051 31.2157 -1.5049 2.2339 -25.9125 -1.5049 2.2339 -25.9125 4.6931 7.7715 -6.3354 4.6931 7.7715 -6.3354 -37.6009 7.9870 -23.1779 -37.9665 21.5316 -57.8620 -19.8457 5.0186 -28.1270 18.5978 8.1947 47.2585 -58.8310 -12.8517 22.5923 -28.9212 -8.7959 33.2127 12.5246 -17.5539 1.9413 15.7879 40.4801 -5.8534 20.4306 -7.6080 25.8663 -0.0000 0.0000 0.0000 5.2543 -17.5225 0.8103 -1.6714 43.2756 0.6631 -4.8896 -44.4760 -5.4889 -0.0000 0.0000 0.0000
0.4767 0.7205 0.0440 -5.4972 7.5680 32.1721 -2.6426 2.5756 -24.8369 -2.6426 2.5756 -24.8369 4.5883 8.1259 -5.3736 4.5883 8.1259 -5.3736 -36.6280 6.9131 -20.6839 -37.8077 20.4396 -55.5294 -25.3955 6.5775 -28.6140 11.7976 5.3042 48.2963 -62.7831 -16.8547 27.2943 -24.1854 -7.0158 31.9338 13.2443 -20.4958 2.4048 15.3967 40.9852 -5.7843 20.3339 -6.3403 25.8832 -0.0000 0.0000 0.0000 6.3032 -17.6408 0.9790 -1.1903 44.0087 0.4810 -4.5633 -45.6040 -5.1064 -0.0000 0.0000 0.0000
0.4608 0.7173 0.0608 -5.2198 7.9060 33.3160 -4.1260 3.0147 -23.4432 -4.1260 3.0147 -23.4432 4.8045 8.5165 -4.3910 4.8045 8.5165 -4.3910 -35.7484 5.9873 -18.4221 -36.5069 18.3160 -52.0982 -31.7884 8.3960 -28.9092 6.6867 3.0143 48.4911 -67.4874 -23.7760 34.9826 -14.4014 -3.3813 26.2989 14.2172 -23.0898 2.9185 14.7628 40.7195 -5.5047 19.4647 -5.0838 24.9248 -0.0000 0.0000 0.0000 7.0287 -18.1781 1.1258 -1.2011 44.7045 0.4939 -4.7163 -46.0447 -5.2711 -0.0000 0.0000 0.0000
0.4454 0.7147 0.0723 -5.0439 8.1164 34.7864 -5.7763 3.3663 -21.6021 -5.7763 3.3663 -21.6021 5.3719 8.8256 -3.4009 5.3719 8.8256 -3.4009 -35.3325 5.0243 -15.6867 -35.4087 15.7558 -46.8687 -39.6185 9.8483 -26.9028 4.4142 2.0367 49.5194 -65.3461 -29.9152 45.2303 -4.6257 -0.7301 17.9287 15.4072 -24.4506 3.3576 13.9207 38.7552 -4.9174 18.2398 -3.8696 23.4994 -0.0000 0.0000 0.0000 7.5818 -18.7412 1.2529 -1.2547 45.0429 0.5203 -5.6557 -46.2112 -6.3176 -0.0000 0.0000 0.0000
0.4294 0.7128 0.0775 -4.9588 8.1810 36.4925 -7.4929 3.4761 -19.1791 -7.4929 3.4761 -19.1791 5.9470 9.0771 -2.2121 5.9470 9.0771 -2.2121 -35.0770 4.2288 -13.3264 -32.5770 12.0851 -39.8276 -47.4406 9.6443 -21.7366 4.5842 2.2366 51.9958 -53.6508 -30.1498 56.0828 0.3994 0.0389 11.1288 16.4491 -24.8055 3.6412 13.2512 35.1672 -4.2163 17.3495 -3.4460 22.4068 -0.0000 0.0000 0.0000 8.4561 -18.4730 1.3776 -1.6383 44.6176 0.6722 -6.2283 -46.8377 -6.9448 -0.0000 0.0000 0.0000
0.4140 0.7114 0.0741 -5.0128 8.1739 38.4645 -9.1301 3.2188 -16.1859 -9.1301 3.2188 -16.1859 6.1574 9.1253 -0.5170 6.1574 9.1253 -0.5170 -35.1231 3.7929 -11.9456 -26.8215 8.0924 -33.0488 -51.2118 6.3276 -13.1584 6.7544 3.6605 56.8715 -41.9580 -24.8407 59.7431 3.1999 0.1793 6.4124 17.3780 -24.9624 3.8749 12.8433 30.5281 -3.5185 16.8064 -3.4183 21.7151 -0.0000 0.0000 0.0000 9.5474 -18.4644 1.5554 -2.2931 44.3551 0.9348 -6.6449 -47.7404 -7.3905 -0.0000 0.0000 0.0000
0.4012 0.7103 0.0682 -5.3685 8.1596 41.2247 -10.4875 2.7135 -12.9632 -10.4875 2.7135 -12.9632 6.0125 8.4648 1.6168 6.0125 8.4648 1.6168 -35.1285 3.7013 -11.6570 -21.3583 5.3777 -27.9697 -48.3243 1.4750 -3.2872 9.5205 5.8885 63.4014 -34.5692 -18.5439 55.3671 5.1024 0.0591 1.3272 18.0681 -26.0723 4.2165 12.6957 26.2256 -2.9689 16.2647 -3.8651 20.9794 -0.0000 0.0000 0.0000 10.5799 -19.2305 1.7973 -2.7247 44.3852 1.1117 -7.4046 -48.4131 -8.2197 -0.0000 0.0000 0.0000
0.3883 0.7098 0.0617 -6.1653 8.2928 44.8560 -11.4770 2.2112 -10.1448 -11.4770 2.2112 -10.1448 5.8494 6.7850 3.7074 5.8494 6.7850 3.7074 -34.9762 4.1136 -13.0057 -17.5700 3.8512 -24.5472 -43.1846 -1.8439 4.6567 11.1279 7.9170 70.7756 -30.8487 -13.8518 47.5248 5.7822 -0.2811 -5.5622 18.6423 -28.5215 4.7777 12.2727 22.9365 -2.4990 15.6859 -4.3991 20.1909 -0.0000 0.0000 0.0000 11.4774 -20.5619 2.0886 -2.7266 44.1611 1.1062 -8.6443 -48.2917 -9.5979 -0.0000 0.0000 0.0000
0.3775 0.7100 0.0547 -7.3405 8.5156 49.1229 -11.9767 1.6957 -7.5000 -11.9767 1.6957 -7.5000 5.8852 4.0631 4.9608 5.8852 4.0631 4.9608 -35.1746 5.0921 -15.9710 -15.7488 3.3610 -23.9532 -38.2310 -3.7868 10.8969 12.5641 10.0855 77.4296 -27.5490 -10.2891 40.3312 4.3078 -0.5339 -14.1248 19.0300 -32.0744 5.5167 11.5233 21.0678 -2.1498 14.9694 -5.0740 19.2181 -0.0000 0.0000 0.0000 12.2245 -22.2979 2.4180 -2.5256 43.8318 1.0162 -10.4757 -47.5073 -11.6540 -0.0000 0.0000 0.0000
0.3692 0.7103 0.0470 -8.7574 8.7310 53.5873 -11.9470 1.2196 -5.2414 -11.9470 1.2196 -5.2414 5.9704 1.0070 5.4163 5.9704 1.0070 5.4163 -35.6306 5.5732 -17.2253 -13.4102 2.5966 -21.8232 -34.1180 -5.7703 18.6539 15.4157 12.9706 80.0537 -23.4912 -7.5559 35.2387 -2.8721 0.5259 -20.7477 19.3700 -35.9850 6.3450 10.6479 20.2508 -1.9069 14.5665 -5.8360 18.6422 -0.0000 0.0000 0.0000 12.6090 -24.6193 2.7621 -1.8898 44.0074 0.7637 -12.3361 -46.6679 -13.7520 -0.0000 0.0000 0.0000
0.3623 0.7097 0.0381 -10.0940 8.8001 57.8260 -11.5140 0.8159 -3.4671 -11.5140 0.8159 -3.4671 5.9931 -1.6368 5.2191 5.9931 -1.6368 5.2191 -36.8187 5.6985 -17.0090 -9.2548 1.6688 -20.4010 -28.9040 -6.6309 25.3362 21.3321 16.8820 76.4715 -21.2728 -6.0262 31.3138 -11.4603 1.9898 -19.6375 19.5159 -39.6972 7.1046 9.4467 20.0041 -1.6697 14.4216 -6.8200 18.3796 -0.0000 0.0000 0.0000 12.3420 -27.0449 2.9790 -0.3159 44.6126 0.1296 -13.9617 -46.2587 -15.5777 -0.0000 0.0000 0.0000
0.3543 0.7073 0.0279 -11.2366 8.7867 61.5039 -10.7998 0.4835 -2.0982 -10.7998 0.4835 -2.0982 5.6822 -3.6452 4.9012 5.6822 -3.6452 4.9012 -38.8545 5.1940 -14.6566 -2.8588 0.5238 -20.7625 -20.7540 -5.5041 29.4167 28.4999 20.1235 69.8815 -22.3434 -6.1051 30.2218 -17.5904 2.4339 -15.6352 19.5661 -42.9812 7.7674 8.3388 20.1072 -1.4809 14.4359 -7.7682 18.3235 -0.0000 0.0000 0.0000 11.6002 -29.6177 3.0766 1.8121 45.7711 -0.7650 -15.2313 -46.3167 -16.9876 -0.0000 0.0000 0.0000
0.3475 0.7022 0.0181 -12.2394 8.7170 64.9171 -9.8511 0.1931 -0.8866 -9.8511 0.1931 -0.8866 5.1562 -5.2107 4.3673 5.1562 -5.2107 4.3673 -41.4189 4.3834 -11.5609 2.6862 -0.5437 -22.8794 -11.8844 -3.0671 28.8493 35.1544 21.4218 61.6826 -24.3750 -6.8334 30.9048 -21.0467 2.0845 -11.1872 19.4088 -46.3056 8.3651 7.5398 21.0123 -1.4002 14.2718 -8.7944 18.0388 -0.0000 0.0000 0.0000 10.8780 -32.6131 3.1911 4.1136 48.0286 -1.8333 -17.1338 -46.6117 -19.0867 -0.0000 0.0000 0.0000
0.3407 0.6942 0.0104 -13.1755 8.6660 68.0178 -8.8053 -0.0496 0.2490 -8.8053 -0.0496 0.2490 4.4509 -6.4821 3.7294 4.4509 -6.4821 3.7294 -44.1155 3.8680 -9.5274 5.6826 -1.2751 -25.2741 -4.6337 -1.0116 24.6179 39.3478 21.1748 55.2002 -26.4334 -7.3824 30.7195 -22.5538 1.5273 -7.6486 19.0571 -49.6490 8.8799 7.1770 22.3447 -1.4193 14.0528 -9.7592 17.6929 -0.0000 0.0000 0.0000 10.0010 -36.1428 3.2707 6.6940 51.2159 -3.2112 -19.7511 -46.9069 -21.9716 -0.0000 0.0000 0.0000
0.3340 0.6837 0.0047 -14.0919 8.7827 70.6261 -7.7175 -0.2096 1.1654 -7.7175 -0.2096 1.1654 3.5404 -7.4954 2.9536 3.5404 -7.4954 2.9536 -49.0234 4.2392 -9.2809 4.6698 -1.0608 -25.5845 -0.4862 -0.0845 19.7093 40.8822 20.2807 51.2698 -28.2406 -7.6025 29.5901 -23.1423 1.1304 -5.5168 18.3404 -53.0233 9.2079 7.4270 24.1652 -1.5920 13.9145 -10.8699 17.4408 -0.0000 0.0000 0.0000 9.1904 -40.1090 3.3612 9.1898 55.2933 -4.8214 -22.6103 -47.5840 -25.0881 -0.0000 0.0000 0.0000
0.3275 0.6718 0.0017 -15.0337 9.0843 72.6635 -6.8063 -0.3059 1.8554 -6.8063 -0.3059 1.8554 2.5582 -8.3467 2.2518 2.5582 -8.3467 2.2518 -54.2822 4.7953 -9.3389 4.0257 -0.9141 -25.5777 2.2837 0.3552 17.6807 40.7587 19.5668 49.7983 -29.4886 -7.4084 27.6407 -24.1599 0.9552 -4.4612 17.6061 -56.3649 9.4866 8.2358 26.1435 -1.9154 13.9051 -12.0665 17.3458 -0.0000 0.0000 0.0000 8.4689 -44.2986 3.4526 12.1710 59.6539 -6.9957 -25.5254 -48.3625 -28.2407 -0.0000 0.0000 0.0000
0.3219 0.6593 0.0023 -15.9664 9.4772 74.3663 -6.1849 -0.3860 2.4232 -6.1849 -0.3860 2.4232 1.7157 -9.1550 1.5251 1.7157 -9.1550 1.5251 -59.2190 5.5114 -9.6824 3.1433 -0.7711 -27.5614 4.3243 0.6949 18.2497 40.3006 19.3087 49.7444 -29.4882 -7.0581 26.3778 -26.1266 1.0600 -4.5661 16.5822 -59.5306 9.5281 9.3944 28.0453 -2.3512 14.0849 -13.3872 17.4779 -0.0000 0.0000 0.0000 7.7929 -48.0715 3.4797 15.8589 63.1890 -9.7932 -28.2149 -49.2779 -31.1158 -0.0000 0.0000 0.0000
0.3167 0.6470 0.0071 -16.7939 9.8994 75.7476 -5.8655 -0.4530 2.7504 -5.8655 -0.4530 2.7504 1.0215 -9.8002 0.9033 1.0215 -9.8002 0.9033 -62.6676 5.9413 -9.7440 3.1567 -0.9081 -32.0915 6.6483 1.1951 20.3600 39.8975 19.4134 50.4668 -27.9339 -6.6837 26.4247 -28.8567 1.4589 -5.6659 15.5881 -62.2688 9.4531 10.8072 29.7552 -2.8790 14.3914 -14.5302 17.7775 -0.0000 0.0000 0.0000 7.4701 -50.9383 3.5620 20.1634 65.4407 -13.0337 -30.2730 -50.3536 -33.2706 -0.0000 0.0000 0.0000
0.3124 0.6357 0.0167 -17.4632 10.3276 76.8195 -5.7723 -0.5022 2.8426 -5.7723 -0.5022 2.8426 0.5106 -10.2789 0.4643 0.5106 -10.2789 0.4643 -64.7020 6.3131 -9.9517 3.4706 -1.2031 -38.2282 9.3051 1.8287 22.1915 39.5497 19.7493 51.6697 -24.4455 -6.2515 28.2979 -32.6558 2.2782 -7.7660 15.0089 -64.6132 9.5233 12.3084 31.4162 -3.4739 14.5606 -15.6574 17.9085 -0.0000 0.0000 0.0000 8.4905 -52.8600 4.2261 23.4202 66.7077 -15.5381 -32.4439 -51.2357 -35.5506 -0.0000 0.0000 0.0000
0.3087 0.6253 0.0309 -17.9823 10.7034 77.6446 -5.8139 -0.5298 2.8068 -5.8139 -0.5298 2.8068 0.2044 -10.6418 0.1991 0.2044 -10.6418 0.1991 -65.2058 7.0562 -11.0122 4.0667 -1.6248 -43.5431 12.2453 2.2919 21.1262 39.0342 20.0646 53.0476 -19.9770 -5.4715 30.3595 -36.9928 3.2525 -9.7022 14.9339 -66.3893 9.8022 13.7031 32.7618 -4.0457 14.6044 -17.2396 17.8565 -0.0000 0.0000 0.0000 10.3102 -54.1674 5.2828 25.0636 67.3904 -16.8613 -35.1461 -52.1041 -38.3916 -0.0000 0.0000 0.0000
0.3056 0.6155 0.0486 -18.4101 11.0453 78.3364 -5.8912 -0.5347 2.6749 -5.8912 -0.5347 2.6749 0.0318 -10.9729 0.0358 0.0318 -10.9729 0.0358 -65.2933 7.9916 -12.4448 4.1953 -1.7605 -45.5132 13.4534 2.2231 18.6835 38.3964 20.3331 54.4975 -15.5203 -4.4950 32.1326 -41.6317 4.2673 -11.1939 15.3152 -67.7081 10.3073 14.8642 33.7904 -4.5379 14.4747 -19.1131 17.5783 -0.0000 0.0000 0.0000 12.3977 -55.0975 6.4857 25.5509 67.8700 -17.3491 -37.9389 -53.1862 -41.2902 -0.0000 0.0000 0.0000
0.3031 0.6065 0.0685 -18.7430 11.2759 79.1386 -6.0127 -0.5726 2.7047 -6.0127 -0.5726 2.7047 0.0272 -11.3247 -0.2998 0.0272 -11.3247 -0.2998 -65.0409 9.4238 -14.7325 4.5945 -1.9736 -46.4753 14.0863 2.0176 16.2231 37.8403 20.4339 55.4723 -11.4560 -3.3989 32.9553 -46.2462 5.2039 -12.1494 15.9617 -68.6448 10.9352 15.7632 34.3969 -4.9071 14.2902 -20.7221 17.2561 -0.0000 0.0000 0.0000 15.7808 -55.2215 8.2919 24.1993 67.6350 -16.3444 -39.9456 -54.1197 -43.3434 -0.0000 0.0000 0.0000
0.3012 0.5986 0.0895 -19.0035 11.3971 80.1469 -6.1661 -0.6607 2.9325 -6.1661 -0.6607 2.9325 0.1268 -11.7058 -0.8982 0.1268 -11.7058 -0.8982 -64.4461 11.3581 -17.9317 5.0149 -2.1349 -46.0987 14.8224 1.7236 13.1932 37.7773 20.4538 55.6041 -8.3476 -2.4680 32.8911 -49.8283 5.8787 -12.6162 16.3742 -69.2652 11.3499 16.3770 34.5209 -5.1200 14.0779 -21.6197 16.9473 -0.0000 0.0000 0.0000 19.8510 -54.7449 10.3535 21.1610 66.9040 -14.0707 -40.8488 -54.7621 -44.2402 -0.0000 0.0000 0.0000
0.2989 0.5924 0.1103 -19.1739 11.4019 81.4512 -6.3562 -0.7971 3.3080 -6.3562 -0.7971 3.3080 0.3334 -12.0840 -1.7774 0.3334 -12.0840 -1.7774 -63.4080 13.7651 -22.1132 5.3473 -2.1860 -44.4450 16.0057 1.2976 9.2098 38.3776 20.4328 54.7554 -6.3627 -1.8278 32.0258 -52.0148 6.2493 -12.7684 16.0067 -69.7910 11.2019 16.9340 34.3586 -5.2700 13.7984 -21.3450 16.6284 -0.0000 0.0000 0.0000 23.3871 -53.9328 12.0227 18.3504 65.6805 -11.9036 -40.2393 -54.8138 -43.5845 -0.0000 0.0000 0.0000
0.2972 0.5880 0.1290 -19.2753 11.3628 82.8449 -6.5368 -0.9368 3.6695 -6.5368 -0.9368 3.6695 0.5482 -12.4370 -2.7179 0.5482 -12.4370 -2.7179 -62.1112 16.3848 -26.8912 5.8292 -2.2354 -41.9338 17.6519 0.6496 4.1819 39.2692 20.4269 53.5886 -5.0535 -1.4105 31.1725 -53.7201 6.5038 -12.8021 14.9964 -70.3395 10.5974 17.4003 34.1710 -5.3857 13.2517 -20.8353 16.0009 -0.0000 0.0000 0.0000 26.0467 -53.0873 13.1815 15.8978 64.3185 -10.0345 -39.7341 -54.1866 -43.1104 -0.0000 0.0000 0.0000
0.2950 0.5852 0.1443 -19.3354 11.2369 84.4116 -6.7299 -1.1001 4.0900 -6.7299 -1.1001 4.0900 0.8537 -12.8120 -3.7473 0.8537 -12.8120 -3.7473 -60.4055 19.2523 -32.4903 6.2735 -2.1971 -38.5708 19.4436 -0.2766 -1.6143 40.4133 20.3326 51.9514 -4.0631 -1.1128 30.6222 -55.1651 6.9111 -13.1870 13.4063 -70.9136 9.5689 17.9127 33.9818 -5.5141 12.6327 -20.2170 15.2899 -0.0000 0.0000 0.0000 27.5572 -52.4670 13.7810 14.1623 62.9350 -8.6953 -39.7853 -53.5404 -43.2327 -0.0000 0.0000 0.0000
0.2927 0.5836 0.1564 -19.3949 11.0776 85.9955 -6.9156 -1.2416 4.4287 -6.9156 -1.2416 4.4287 1.1564 -13.1988 -4.6710 1.1564 -13.1988 -4.6710 -58.3136 22.0313 -38.4706 6.7841 -2.1321 -34.8594 21.0423 -1.4145 -7.6055 41.6552 20.2777 50.3547 -3.0206 -0.8240 30.5110 -57.0355 7.4775 -13.7154 11.7052 -71.4700 8.4360 18.3951 33.8446 -5.6407 11.9183 -19.7155 14.4542 -0.0000 0.0000 0.0000 27.8537 -52.3114 13.8865 13.4582 61.7792 -8.0751 -40.5391 -52.9810 -44.0989 -0.0000 0.0000 0.0000
0.2904 0.5832 0.1651 -19.3700 10.8910 87.5788 -7.0659 -1.3921 4.7941 -7.0659 -1.3921 4.7941 1.4410 -13.4472 -5.5991 1.4410 -13.4472 -5.5991 -55.8171 24.7753 -45.0452 7.1884 -1.9743 -30.6798 22.4709 -2.7040 -13.5508 42.9835 20.0841 48.4311 -2.1836 -0.5852 30.0008 -58.0469 7.8540 -14.1058 9.7477 -71.7884 7.0628 18.8847 33.5093 -5.7326 11.2458 -19.1757 13.6678 -0.0000 0.0000 0.0000 28.0139 -51.9551 13.8603 13.1333 60.3728 -7.6618 -40.6846 -52.7254 -44.2821 -0.0000 0.0000 0.0000
0.2889 0.5840 0.1716 -19.2601 10.7407 89.0172 -7.1451 -1.5303 5.1422 -7.1451 -1.5303 5.1422 1.6452 -13.5211 -6.4576 1.6452 -13.5211 -6.4576 -52.9954 27.2796 -51.9091 7.5336 -1.7665 -26.3584 23.7594 -4.0492 -19.0786 44.2829 19.7062 46.2302 -1.7265 -0.4480 29.0904 -57.6182 7.8515 -14.2254 7.6727 -71.8758 5.5658 19.2550 33.0002 -5.7531 10.6150 -18.6618 12.9273 -0.0000 0.0000 0.0000 27.8624 -51.5855 13.6714 13.1182 59.0435 -7.4506 -40.3711 -52.6234 -43.9571 -0.0000 0.0000 0.0000
0.2878 0.5855 0.1768 -19.0870 10.6360 90.2769 -7.1573 -1.6412 5.4397 -7.1573 -1.6412 5.4397 1.7817 -13.4671 -7.2172 1.7817 -13.4671 -7.2172 -49.9370 29.4014 -58.7971 7.8432 -1.5381 -22.1579 24.9700 -5.3802 -23.9610 45.4548 19.1737 43.9215 -1.7164 -0.4243 27.7657 -56.0331 7.4447 -13.9422 5.4537 -71.7280 3.9440 19.5174 32.2727 -5.6974 10.1221 -18.2204 12.3487 -0.0000 0.0000 0.0000 26.6718 -51.5637 13.0641 14.1371 58.0785 -7.8766 -40.1749 -52.3551 -43.7755 -0.0000 0.0000 0.0000
0.2871 0.5873 0.1809 -18.9178 10.6289 91.1678 -7.1049 -1.6932 5.5977 -7.1049 -1.6932 5.5977 1.8057 -13.3486 -7.7433 1.8057 -13.3486 -7.7433 -46.6838 30.8570 -65.2005 8.2358 -1.3419 -18.4782 26.2785 -6.6544 -27.9701 46.1372 18.6200 42.1059 -1.9540 -0.4575 26.3550 -54.0482 6.8446 -13.3743 3.7224 -71.3903 2.6748 19.5417 31.4410 -5.5501 9.7117 -18.3371 11.8440 -0.0000 0.0000 0.0000 24.8371 -51.7785 12.2006 15.5327 57.5623 -8.5692 -40.8523 -51.8878 -44.5522 -0.0000 0.0000 0.0000
0.2866 0.5887 0.1835 -18.7531 10.6454 91.9239 -7.0587 -1.7530 5.7574 -7.0587 -1.7530 5.7574 1.8044 -13.2661 -8.1987 1.8044 -13.2661 -8.1987 -43.2417 31.7328 -71.2889 8.3585 -1.1203 -15.2417 27.5898 -7.8473 -31.2153 46.6893 18.0156 40.3366 -2.2291 -0.4980 25.1835 -52.1738 6.2624 -12.7504 2.1874 -70.9695 1.5594 19.3701 30.5664 -5.3401 9.6358 -18.4937 11.7449 -0.0000 0.0000 0.0000 23.6562 -51.5430 11.5471 16.1727 56.8198 -8.7895 -40.9158 -51.7318 -44.6373 -0.0000 0.0000 0.0000
0.2865 0.5896 0.1808 -18.6487 10.7025 92.4538 -7.0242 -1.7562 5.7044 -7.0242 -1.7562 5.7044 1.7190 -13.2724 -8.3834 1.7190 -13.2724 -8.3834 -39.6111 31.7256 -76.5493 8.4222 -0.9394 -12.7069 29.1233 -8.9511 -33.5372 47.1158 17.6736 39.2484 -2.3103 -0.5034 24.5797 -51.3575 5.8159 -12.0616 0.7324 -70.6523 0.5191 18.9176 29.9174 -5.0974 9.6729 -19.0051 11.7680 -0.0000 0.0000 0.0000 23.1256 -51.0690 11.1645 16.1735 56.1351 -8.6653 -41.0322 -51.7029 -44.7653 -0.0000 0.0000 0.0000
0.2865 0.5914 0.1760 -18.5652 10.8530 92.5952 -7.0142 -1.6924 5.4157 -7.0142 -1.6924 5.4157 1.5290 -13.2626 -8.2352 1.5290 -13.2626 -8.2352 -35.7977 30.7042 -80.7338 8.4259 -0.8018 -10.8525 31.0571 -9.9618 -34.8285 47.5050 17.6482 38.8621 -2.5480 -0.5493 24.3266 -51.0144 5.3230 -11.1292 -0.6385 -70.3724 -0.4502 18.3586 29.4668 -4.8665 9.7430 -19.6296 11.8264 -0.0000 0.0000 0.0000 23.4643 -50.2488 11.1250 15.3729 55.6095 -8.1421 -40.9062 -51.6085 -44.6404 -0.0000 0.0000 0.0000
0.2873 0.5946 0.1692 -18.4446 11.1056 92.3187 -6.9971 -1.5509 4.8945 -6.9971 -1.5509 4.8945 1.2441 -13.1088 -7.7475 1.2441 -13.1088 -7.7475 -31.9491 28.8052 -83.7897 8.4430 -0.7017 -9.4845 33.4348 -10.8446 -35.0769 48.0745 17.9136 38.9251 -3.2750 -0.7152 24.6299 -50.6834 4.6545 -9.8096 -2.6849 -70.2052 -1.8873 18.1589 29.3498 -4.7928 9.9362 -20.0745 12.0410 -0.0000 0.0000 0.0000 24.0761 -49.4555 11.2180 14.6315 55.6364 -7.7506 -40.1516 -51.3775 -43.8551 -0.0000 0.0000 0.0000
0.2885 0.5948 0.1591 -18.3236 11.5907 91.3353 -6.9860 -1.3596 4.3278 -6.9860 -1.3596 4.3278 0.8622 -12.7726 -6.9616 0.8622 -12.7726 -6.9616 -28.3145 26.4843 -86.0245 8.7966 -0.6280 -8.1506 36.1168 -11.5327 -34.4175 48.5294 18.3608 39.4479 -4.3463 -1.0060 26.0521 -50.2877 3.9630 -8.4315 -5.6290 -70.8539 -4.0059 18.0882 28.9287 -4.7024 9.3988 -19.8952 11.3986 -0.0000 0.0000 0.0000 21.4924 -48.8817 9.8597 17.2615 56.8434 -9.3919 -41.1284 -51.3736 -44.9044 -0.0000 0.0000 0.0000
0.2891 0.5963 0.1423 -18.1351 11.9522 90.3372 -6.8436 -1.1320 3.7738 -6.8436 -1.1320 3.7738 0.5339 -12.3669 -6.1693 0.5339 -12.3669 -6.1693 -25.2321 24.5738 -88.4368 9.6058 -0.5237 -6.2264 38.5324 -11.9935 -33.4548 49.5982 18.6438 39.1168 -5.9406 -1.5013 28.3424 -49.7843 2.8958 -6.2358 -7.0344 -70.2333 -4.9500 18.6175 30.9664 -5.1995 10.2907 -20.6319 12.4448 -0.0000 0.0000 0.0000 16.8410 -51.2034 8.1145 22.6888 57.8503 -12.6526 -38.6714 -50.0835 -42.3990 -0.0000 0.0000 0.0000
0.2895 0.6055 0.1210 -17.8692 12.1129 89.4195 -6.5421 -0.8639 3.1581 -6.5421 -0.8639 3.1581 0.2991 -11.9405 -5.3190 0.2991 -11.9405 -5.3190 -22.7509 23.1527 -91.0304 10.9229 -0.3539 -3.7003 40.5458 -12.2545 -32.4107 52.2287 18.9068 37.5219 -7.8180 -2.2557 32.1454 -49.5121 1.2289 -2.6646 -6.2283 -67.4369 -4.1590 18.4951 33.0137 -5.5247 13.2897 -20.0211 16.0931 -0.0000 0.0000 0.0000 11.9966 -56.1234 6.4121 30.3335 60.0908 -17.8217 -34.6667 -47.7861 -38.2912 -0.0000 0.0000 0.0000
0.2873 0.6200 0.0956 -17.5035 12.0378 88.3819 -6.0381 -0.5218 2.2179 -6.0381 -0.5218 2.2179 0.0813 -11.4556 -4.1071 0.0813 -11.4556 -4.1071 -20.6945 21.8718 -93.2426 12.7608 -0.0686 -0.6135 42.3860 -12.3128 -31.0924 56.8057 19.1362 34.6262 -9.3079 -3.2343 38.2540 -48.7010 -1.1990 2.6490 -3.4631 -62.6193 -2.1068 16.2286 34.1305 -5.0122 16.7444 -16.5584 20.5072 -0.0000 0.0000 0.0000 8.0791 -62.4114 4.8991 38.8926 64.0438 -24.9030 -31.6325 -44.5458 -35.2796 -0.0000 0.0000 0.0000
0.2877 0.6346 0.0675 -16.9241 11.9401 86.5165 -5.4377 -0.1473 0.7866 -5.4377 -0.1473 0.7866 -0.2909 -10.6136 -2.2771 -0.2909 -10.6136 -2.2771 -19.0407 20.3280 -93.8201 14.9146 0.3680 2.8108 44.2514 -12.1267 -29.2834 62.6927 19.1953 31.0299 -8.8702 -3.7455 45.7168 -45.9502 -4.1696 9.8151 -3.0164 -57.0740 -1.6405 14.9477 33.5205 -4.5250 17.7091 -11.1226 22.1361 -0.0000 0.0000 0.0000 7.0578 -66.8144 4.6584 44.4733 67.9109 -30.7848 -29.8564 -40.6754 -33.6741 -0.0000 0.0000 0.0000
0.2901 0.6448 0.0382 -15.8930 11.9922 83.2878 -4.8018 0.1838 -1.3449 -4.8018 0.1838 -1.3449 -0.8130 -8.8659 0.0327 -0.8130 -8.8659 0.0327 -17.9188 18.2701 -91.1310 16.8804 0.8998 6.0588 46.2856 -11.6106 -26.7604 69.2557 18.3637 26.3477 -4.8152 -2.4427 53.7758 -40.2027 -6.8601 18.6020 -5.9974 -52.8386 -2.9817 17.1987 31.3604 -4.8616 15.4369 -7.5638 19.6020 -0.0000 0.0000 0.0000 8.4784 -67.8375 5.7070 47.1445 71.1498 -34.6642 -28.7468 -36.7954 -32.7936 -0.0000 0.0000 0.0000
0.2952 0.6504 0.0112 -14.2199 12.2743 78.5504 -4.2153 0.3755 -3.9833 -4.2153 0.3755 -3.9833 -1.3333 -6.0144 2.1599 -1.3333 -6.0144 2.1599 -17.5373 15.9386 -84.4534 18.1727 1.3333 8.3227 48.2426 -10.7606 -23.7562 74.3084 16.4900 21.6510 2.1992 1.2666 59.8763 -31.3578 -7.6965 26.9530 -11.7250 -51.9319 -5.7253 23.0527 28.4300 -5.9145 11.6932 -9.6765 14.7405 -0.0000 0.0000 0.0000 8.4249 -64.0420 5.2745 47.8986 72.8556 -36.2985 -28.4487 -33.5652 -32.7638 -0.0000 0.0000 0.0000
0.2987 0.6484 -0.0102 -12.4104 12.4162 73.4472 -3.8573 0.4553 -6.7062 -3.8573 0.4553 -6.7062 -1.6488 -2.8657 3.5187 -1.6488 -2.8657 3.5187 -17.4005 13.6215 -75.9424 18.6454 1.6640 10.1104 49.8544 -9.8606 -21.0296 76.6275 14.1744 17.8845 8.6885 5.2610 62.3285 -21.8869 -6.4608 32.5454 -18.0873 -52.8950 -9.0539 31.2870 29.5050 -8.4344 10.0241 -11.1266 12.5684 -0.0000 0.0000 0.0000 3.3590 -60.1608 1.9460 54.8214 71.0586 -40.6397 -26.0252 -31.4565 -30.1967 -0.0000 0.0000 0.0000
0.3016 0.6346 -0.0254 -11.0470 12.5342 68.5198 -3.6989 0.5673 -9.3181 -3.6989 0.5673 -9.3181 -1.4924 -0.1880 3.8563 -1.4924 -0.1880 3.8563 -16.8143 10.9778 -66.0624 18.9264 1.4668 8.7835 50.3293 -8.9680 -18.9528 76.4220 12.7035 16.0966 12.3890 7.5559 62.6320 -13.9523 -4.4206 35.0131 -23.0854 -55.2647 -12.2052 39.7190 31.9973 -11.8252 9.9423 -10.2370 12.5115 -0.0000 0.0000 0.0000 -3.1316 -57.5447 -1.7200 66.0119 69.0743 -48.1738 -21.2383 -30.6313 -24.7556 -0.0000 0.0000 0.0000
0.3023 0.6183 -0.0353 -10.3940 12.8150 64.2085 -3.5400 0.7714 -11.8787 -3.5400 0.7714 -11.8787 -0.9430 1.6938 3.3643 -0.9430 1.6938 3.3643 -15.5809 8.1709 -55.1350 20.4525 0.9655 5.3485 49.5819 -7.8047 -16.8026 74.8769 12.1502 15.8280 13.3998 8.0044 61.5556 -7.4121 -2.4904 37.1010 -24.9677 -58.5948 -14.1632 45.4326 35.5423 -15.2845 10.4402 -9.6756 13.1665 -0.0000 0.0000 0.0000 -8.6159 -56.9571 -4.6801 78.7058 67.7987 -57.7118 -16.2350 -30.2015 -18.9821 -0.0000 0.0000 0.0000
0.3030 0.6063 -0.0410 -10.1318 13.3590 60.1320 -3.3195 0.9580 -14.4214 -3.3195 0.9580 -14.4214 -0.4476 3.0324 2.5269 -0.4476 3.0324 2.5269 -14.1727 5.6216 -43.1023 23.3598 0.3375 1.6324 48.1347 -6.4029 -14.2763 73.4562 12.0424 16.0926 12.1023 6.7202 57.9596 -1.0775 -0.4058 41.2774 -25.3050 -62.5032 -15.5155 50.2254 39.7574 -19.2372 10.3807 -10.9275 13.0247 -0.0000 0.0000 0.0000 -12.2500 -57.3126 -6.7125 88.6475 66.8461 -65.6082 -12.4821 -30.1859 -14.6097 -0.0000 0.0000 0.0000
0.3041 0.5978 -0.0445 -10.0083 14.1258 56.0604 -3.0127 1.0213 -16.7976 -3.0127 1.0213 -16.7976 -0.0400 4.1004 1.4872 -0.0400 4.1004 1.4872 -12.9228 3.5278 -30.4240 26.5696 -0.2129 -0.9017 46.6022 -5.0729 -11.7450 72.1133 11.7767 16.1255 9.3837 4.6010 52.1617 4.7995 2.1139 47.5203 -22.1281 -66.4016 -14.5841 52.7097 44.5196 -22.9262 10.6574 -12.5627 13.2833 -0.0000 0.0000 0.0000 -13.3833 -58.1198 -7.4602 95.4694 66.8039 -71.9281 -9.4480 -30.5042 -11.0541 -0.0000 0.0000 0.0000
0.3052 0.5912 -0.0419 -9.6918 14.8863 52.0451 -2.7164 0.9358 -18.7014 -2.7164 0.9358 -18.7014 0.5552 5.0030 0.2432 0.5552 5.0030 0.2432 -11.5258 1.8815 -18.4824 28.5419 -0.4400 -1.7297 45.7831 -4.0383 -9.5458 70.6905 10.9665 15.4163 4.5985 1.9073 45.0351 9.1152 4.7465 54.9414 -15.4164 -69.4689 -10.7221 53.1785 49.4860 -25.9787 11.5458 -14.1549 14.2973 -0.0000 0.0000 0.0000 -10.4601 -57.6568 -5.7684 96.9312 68.0362 -74.6141 -7.7030 -30.5863 -9.0126 -0.0000 0.0000 0.0000
0.3059 0.5847 -0.0359 -9.1528 15.3464 48.2860 -2.6623 0.7491 -19.8769 -2.6623 0.7491 -19.8769 1.3692 5.7376 -0.9829 1.3692 5.7376 -0.9829 -9.2887 0.7843 -9.6314 28.0520 -0.1204 -0.4819 45.8837 -3.5493 -8.3729 68.9845 9.9575 14.4520 -0.3514 -0.1225 38.4408 10.3184 6.0981 61.0773 -7.1500 -71.3384 -5.1352 53.0161 53.8994 -28.4580 12.4764 -15.8685 15.3442 -0.0000 0.0000 0.0000 -8.0170 -57.4187 -4.3959 99.9554 69.1730 -78.7770 -7.5098 -32.2008 -8.7420 -0.0000 0.0000 0.0000
0.3073 0.5790 -0.0299 -8.5475 15.4341 45.0577 -2.7812 0.5819 -20.5102 -2.7812 0.5819 -20.5102 2.7799 6.1331 -2.5738 2.7799 6.1331 -2.5738 -6.3530 0.2028 -3.6535 26.1752 0.0420 0.1805 46.0991 -3.5747 -8.3891 66.7727 9.5496 14.4468 -3.9449 -1.2000 33.8256 9.2566 5.7496 63.6226 1.5450 -72.1925 1.1265 52.7146 57.8093 -30.6001 13.7032 -17.4620 16.7463 -0.0000 0.0000 0.0000 -6.0703 -57.1862 -3.3109 102.2345 70.4429 -82.4026 -7.4555 -34.9777 -8.6044 -0.0000 0.0000 0.0000
0.3088 0.5733 -0.0259 -7.9500 15.1910 42.4232 -2.9514 0.4632 -20.9188 -2.9514 0.4632 -20.9188 4.6000 6.1696 -4.5023 4.6000 6.1696 -4.5023 -3.4887 -0.0127 0.4180 24.2489 0.0898 0.4181 45.9108 -3.6681 -8.6466 64.1143 9.6766 15.3950 -7.0056 -1.8929 30.2061 6.7516 4.2223 64.0060 9.4583 -72.0300 6.8830 51.7342 60.9597 -31.8550 15.2292 -19.2761 18.4787 -0.0000 0.0000 0.0000 -4.6361 -57.0627 -2.5215 105.0705 71.4446 -86.3613 -8.6300 -39.3049 -9.8299 -0.0000 0.0000 0.0000
0.3105 0.5675 -0.0213 -7.2399 14.5578 40.2171 -3.1707 0.3866 -21.2866 -3.1707 0.3866 -21.2866 6.3954 6.0441 -6.5746 6.3954 6.0441 -6.5746 -0.9740 -0.0300 3.5247 22.4193 0.0986 0.4976 45.1774 -3.6822 -8.8363 61.5980 9.7777 16.3314 -9.8913 -2.4360 27.6086 3.6866 2.2558 62.9142 15.0842 -71.1231 10.8144 51.1599 63.4198 -32.9521 16.5902 -22.0588 19.9238 -0.0000 0.0000 0.0000 -3.1477 -56.5765 -1.6944 107.1735 72.4785 -89.6354 -10.3642 -44.1763 -11.6378 -0.0000 0.0000 0.0000
0.3119 0.5630 -0.0176 -6.5805 13.7838 38.4145 -3.3809 0.3447 -21.5866 -3.3809 0.3447 -21.5866 7.8533 5.8578 -8.3921 7.8533 5.8578 -8.3921 1.0363 0.0547 6.0423 20.5223 0.1456 0.8044 43.9879 -3.5514 -8.7782 59.5060 9.8934 17.2200 -12.1426 -2.7975 25.8592 0.3129 0.1849 61.1609 19.2751 -69.4494 13.4247 48.8303 65.1194 -32.3291 18.4367 -24.1866 21.9659 -0.0000 0.0000 0.0000 -1.1314 -55.6746 -0.5975 107.7564 73.8542 -91.6835 -11.5827 -49.0583 -12.8291 -0.0000 0.0000 0.0000
0.3134 0.5598 -0.0152 -5.9709 12.9669 36.9215 -3.5921 0.3369 -21.7952 -3.5921 0.3369 -21.7952 8.9963 5.7114 -9.8714 8.9963 5.7114 -9.8714 2.7740 0.1963 8.0942 18.6469 0.2555 1.5560 42.7747 -3.3214 -8.4677 57.7275 9.8050 17.6901 -14.3221 -3.0937 24.2604 -3.8601 -2.1771 58.8347 21.6721 -67.5442 14.5889 46.3397 66.0958 -31.1188 20.1939 -25.9887 23.8992 -0.0000 0.0000 0.0000 1.1735 -54.0256 0.5983 105.5314 75.4639 -91.0305 -13.0245 -53.0693 -14.2686 -0.0000 0.0000 0.0000
0.3147 0.5589 -0.0140 -5.4824 12.2107 35.7101 -3.7484 0.3758 -21.8078 -3.7484 0.3758 -21.8078 9.8197 5.6445 -10.8916 9.8197 5.6445 -10.8916 4.2183 0.3448 9.3426 16.8407 0.4285 2.8942 41.7345 -3.0840 -8.0786 56.1460 9.6113 17.9157 -16.7452 -3.3625 22.5569 -9.1255 -4.8575 55.9807 22.7430 -65.6737 14.7907 44.1631 66.4556 -29.7650 21.7141 -27.8059 25.5315 -0.0000 0.0000 0.0000 2.9872 -52.3128 1.4673 101.6532 76.9318 -88.5515 -15.5731 -56.5586 -16.8995 -0.0000 0.0000 0.0000
0.3161 0.5604 -0.0128 -5.0387 11.4571 34.7411 -3.8768 0.4583 -21.7089 -3.8768 0.4583 -21.7089 10.4995 5.6324 -11.6940 10.4995 5.6324 -11.6940 5.4170 0.4759 10.0344 15.0892 0.5997 4.5255 40.8161 -2.9906 -8.0266 54.7158 9.4121 18.0800 -19.1693 -3.5933 21.0465 -14.5912 -7.2876 52.8935 22.9665 -63.8723 14.4335 42.4467 66.4386 -28.5370 22.8227 -29.5150 26.6778 -0.0000 0.0000 0.0000 4.4033 -50.4491 2.0751 95.2728 78.2318 -83.4428 -19.0244 -59.2564 -20.4920 -0.0000 0.0000 0.0000
0.3177 0.5639 -0.0120 -4.6533 10.7272 33.9836 -3.9713 0.5726 -21.5834 -3.9713 0.5726 -21.5834 10.9917 5.6863 -12.2400 10.9917 5.6863 -12.2400 6.4041 0.5893 10.5034 13.5891 0.6935 5.8160 40.1992 -2.8776 -7.8529 53.3629 9.2968 18.3810 -21.4690 -3.7814 19.7556 -19.6961 -9.1713 49.5972 22.7085 -62.1655 13.8042 41.2042 66.1399 -27.5084 23.5240 -31.0454 27.3593 -0.0000 0.0000 0.0000 5.4365 -48.7605 2.4653 87.1133 79.2324 -76.4098 -22.9865 -60.9952 -24.6356 -0.0000 0.0000 0.0000
0.3193 0.5685 -0.0118 -4.2561 9.9495 33.3787 -4.0956 0.7167 -21.5126 -4.0956 0.7167 -21.5126 11.3730 5.7985 -12.6975 11.3730 5.7985 -12.6975 7.4531 0.7090 10.8535 12.2184 0.7404 6.9097 39.7662 -2.8259 -7.8031 52.0164 9.1814 18.6907 -23.3982 -3.9344 18.8358 -23.9881 -10.3933 46.3513 22.2885 -60.5954 13.1321 40.4859 65.8025 -26.8382 23.6148 -32.6163 27.3326 -0.0000 0.0000 0.0000 6.3510 -46.9238 2.7588 75.1523 79.8748 -65.5798 -26.2327 -61.8588 -28.0379 -0.0000 0.0000 0.0000
0.3207 0.5732 -0.0125 -3.8951 9.2243 32.8963 -4.2218 0.8723 -21.4057 -4.2218 0.8723 -21.4057 11.6136 5.9896 -12.9420 11.6136 5.9896 -12.9420 8.4756 0.8112 10.9151 11.0188 0.7442 7.7039 39.3994 -2.7737 -7.7365 50.6164 8.9980 18.8944 -24.7725 -4.0175 18.1479 -27.3100 -11.0787 43.5239 21.7649 -59.2805 12.4859 40.4773 65.4846 -26.6751 23.1783 -34.2340 26.7019 -0.0000 0.0000 0.0000 7.0094 -45.3059 2.9283 63.2281 79.9289 -54.5740 -28.0105 -62.2105 -29.9018 -0.0000 0.0000 0.0000
0.3220 0.5768 -0.0142 -3.6176 8.6637 32.5079 -4.2969 1.0204 -21.2296 -4.2969 1.0204 -21.2296 11.7315 6.1932 -12.9460 11.7315 6.1932 -12.9460 9.2643 0.8713 10.7230 10.1956 0.7247 8.1107 39.2447 -2.6592 -7.4495 49.2022 8.7534 18.9800 -25.7785 -4.0646 17.6293 -29.9040 -11.5396 41.4500 21.1854 -58.5087 11.9600 41.5080 65.3212 -27.3067 22.2627 -35.5926 25.5526 -0.0000 0.0000 0.0000 7.2172 -44.2555 2.9379 55.9292 79.6283 -47.7451 -28.3436 -62.1874 -30.2571 -0.0000 0.0000 0.0000
0.3231 0.5789 -0.0166 -3.4272 8.2721 32.1992 -4.3019 1.1590 -21.0077 -4.3019 1.1590 -21.0077 11.7759 6.3613 -12.7745 11.7759 6.3613 -12.7745 9.8697 0.9011 10.4081 9.6260 0.7003 8.3025 39.1192 -2.4643 -6.9286 47.7547 8.4822 19.0200 -26.6617 -4.0777 17.0879 -32.1397 -11.8376 39.5867 20.4932 -58.2552 11.5038 43.4098 65.2701 -28.6009 21.1680 -36.6102 24.2326 -0.0000 0.0000 0.0000 6.9427 -43.9693 2.8058 54.9302 79.4168 -46.6968 -27.7930 -62.2168 -29.6705 -0.0000 0.0000 0.0000
0.3240 0.5791 -0.0186 -3.2468 7.9364 31.9404 -4.2762 1.2860 -20.8293 -4.2762 1.2860 -20.8293 11.7990 6.4812 -12.6286 11.7990 6.4812 -12.6286 10.4132 0.9317 10.1982 9.0316 0.6615 8.3602 38.9489 -2.2883 -6.4652 46.2456 8.1931 19.0429 -27.6170 -4.0899 16.5320 -34.3226 -12.0546 37.7521 19.7103 -58.3133 11.0713 45.8204 65.3166 -30.3139 19.8854 -37.4234 22.7195 -0.0000 0.0000 0.0000 6.4063 -44.1050 2.5974 57.4209 79.3594 -48.8740 -27.3473 -62.2347 -29.1959 -0.0000 0.0000 0.0000
0.3248 0.5781 -0.0200 -3.0841 7.6768 31.7245 -4.2118 1.4026 -20.6879 -4.2118 1.4026 -20.6879 11.7311 6.6069 -12.4253 11.7311 6.6069 -12.4253 10.8468 0.9596 10.0818 8.3667 0.6084 8.3029 38.8508 -2.1108 -5.9808 44.5792 7.8924 19.1051 -28.6499 -4.0813 15.8867 -36.3345 -12.1793 36.0201 18.7740 -58.6316 10.6072 48.6227 65.3726 -32.3305 18.5391 -38.0346 21.1520 -0.0000 0.0000 0.0000 5.8172 -44.4485 2.3785 60.6808 79.3841 -51.8198 -27.0237 -62.2464 -28.8515 -0.0000 0.0000 0.0000
0.3256 0.5766 -0.0201 -2.8460 7.4048 31.5360 -4.1852 1.5159 -20.5742 -4.1852 1.5159 -20.5742 11.6647 6.7379 -12.2409 11.6647 6.7379 -12.2409 11.2335 0.9908 10.0487 7.7135 0.5513 8.1641 38.5742 -1.9905 -5.6841 42.8165 7.5419 19.0860 -29.7456 -4.0226 15.0657 -38.0255 -12.0841 34.1517 17.5306 -59.0992 9.9913 51.4001 65.3786 -34.3257 17.6522 -38.3976 20.1237 -0.0000 0.0000 0.0000 5.4867 -44.2596 2.2327 62.8947 79.3465 -53.7907 -25.6921 -62.3120 -27.4323 -0.0000 0.0000 0.0000
0.3262 0.5757 -0.0183 -2.5205 7.1063 31.3710 -4.2149 1.6171 -20.4483 -4.2149 1.6171 -20.4483 11.6120 6.8878 -12.0776 11.6120 6.8878 -12.0776 11.5405 1.0119 9.9891 7.1837 0.4992 7.9392 38.1159 -1.9056 -5.5123 40.9305 7.1118 18.9075 -31.0653 -3.9338 14.0875 -39.5857 -11.8271 32.1132 15.9539 -59.6346 9.1831 53.9534 65.3199 -36.1407 17.1656 -38.6195 19.5589 -0.0000 0.0000 0.0000 5.2616 -43.7859 2.1156 65.4382 79.3005 -56.0651 -23.2509 -62.3676 -24.8331 -0.0000 0.0000 0.0000
0.3267 0.5767 -0.0144 -2.1324 6.8284 31.2341 -4.3128 1.7012 -20.3206 -4.3128 1.7012 -20.3206 11.5987 7.0291 -11.9408 11.5987 7.0291 -11.9408 11.6851 1.0167 9.9109 6.9382 0.4631 7.6282 37.5904 -1.8217 -5.3492 39.0456 6.6576 18.6319 -32.5035 -3.8417 13.1259 -40.8096 -11.4506 30.1678 14.3595 -60.0685 8.3309 55.9235 65.0808 -37.4242 16.9530 -38.1134 19.3462 -0.0000 0.0000 0.0000 5.1709 -43.1028 2.0434 66.8735 79.2003 -57.2912 -19.7014 -61.8706 -21.0799 -0.0000 0.0000 0.0000
0.3265 0.5802 -0.0088 -1.6645 6.5194 31.0919 -4.5112 1.7650 -20.1938 -4.5112 1.7650 -20.1938 11.6170 7.1521 -11.8838 11.6170 7.1521 -11.8838 11.8005 1.0172 9.8185 6.9188 0.4456 7.3617 36.9396 -1.7715 -5.3003 37.3154 6.1769 18.1574 -33.6711 -3.7646 12.3970 -41.4338 -11.0870 28.7855 12.8692 -60.3364 7.5014 57.4662 64.6703 -38.2787 17.0413 -36.7800 19.5232 -0.0000 0.0000 0.0000 5.3529 -42.0955 2.0612 67.4715 79.1140 -57.7644 -15.3242 -60.5989 -16.4586 -0.0000 0.0000 0.0000
0.3249 0.5862 -0.0021 -1.2532 6.3459 30.9384 -4.7276 1.8084 -20.1136 -4.7276 1.8084 -20.1136 11.5872 7.2783 -11.8062 11.5872 7.2783 -11.8062 11.8295 1.0140 9.7643 6.9424 0.4255 7.0064 36.4827 -1.7436 -5.2869 35.5847 5.7512 17.7918 -34.5779 -3.6700 11.7538 -41.7963 -10.7767 27.7521 11.9883 -60.2858 6.9783 57.9947 64.0781 -38.2590 16.7939 -35.1320 19.3361 -0.0000 0.0000 0.0000 6.0281 -40.7732 2.2420 62.5269 78.9642 -53.1454 -11.7930 -58.3972 -12.7425 -0.0000 0.0000 0.0000
0.3225 0.5939 0.0038 -1.0105 6.4339 30.7867 -4.8993 1.8505 -20.1057 -4.8993 1.8505 -20.1057 11.5016 7.4125 -11.5715 11.5016 7.4125 -11.5715 11.7488 1.0087 9.7802 7.0257 0.4007 6.5202 36.2385 -1.6953 -5.1776 33.7480 5.4103 17.7074 -35.8119 -3.5905 11.0813 -42.0885 -10.3832 26.5741 11.6660 -60.0670 6.7600 57.5026 63.3073 -37.3751 16.1229 -33.3703 18.6666 -0.0000 0.0000 0.0000 7.1995 -39.6212 2.5964 53.6894 78.7798 -45.1335 -9.8902 -55.5811 -10.7672 -0.0000 0.0000 0.0000
0.3186 0.6013 0.0056 -0.8902 6.6975 30.6263 -5.0474 1.8887 -20.1401 -5.0474 1.8887 -20.1401 11.3530 7.5488 -11.1734 11.3530 7.5488 -11.1734 11.5356 0.9889 9.7668 7.3626 0.3815 5.9248 35.9868 -1.6801 -5.1696 31.9470 5.1134 17.7326 -37.9506 -3.5567 10.3192 -42.3097 -9.8131 25.0159 11.5586 -59.8416 6.6672 56.3375 62.4644 -35.9791 15.2785 -32.0247 17.7668 -0.0000 0.0000 0.0000 8.7158 -38.5867 3.0562 44.5116 78.5260 -36.9911 -8.8263 -52.3858 -9.6916 -0.0000 0.0000 0.0000
0.3134 0.6065 0.0050 -0.9325 7.1772 30.4693 -5.1206 1.9076 -20.1890 -5.1206 1.9076 -20.1890 10.9838 7.8028 -10.5341 10.9838 7.8028 -10.5341 11.1325 0.9622 9.8486 8.0173 0.3563 5.0810 35.8530 -1.6791 -5.1871 30.0731 4.7576 17.5815 -41.2877 -3.6056 9.5513 -42.6627 -9.0277 22.8573 11.5579 -59.8565 6.6688 54.6858 61.6792 -34.3140 14.2550 -31.7452 16.5956 -0.0000 0.0000 0.0000 10.2601 -38.1068 3.5519 37.0918 78.3641 -30.5863 -8.7789 -49.9320 -9.7036 -0.0000 0.0000 0.0000
0.3078 0.6076 0.0042 -1.0921 7.8372 30.3115 -5.1218 1.8913 -20.1652 -5.1218 1.8913 -20.1652 10.1112 8.2887 -9.4854 10.1112 8.2887 -9.4854 10.5246 0.9146 9.9061 8.9281 0.3206 4.1053 35.8762 -1.6730 -5.1648 27.8627 4.4189 17.6815 -45.8476 -3.9312 9.2789 -43.6501 -8.8886 21.9665 11.7586 -59.9988 6.8046 52.6741 61.3414 -32.7232 12.9334 -32.3458 15.0336 -0.0000 0.0000 0.0000 11.3668 -38.7726 4.0113 33.6178 78.7292 -27.8378 -9.7473 -48.7450 -10.8079 -0.0000 0.0000 0.0000
0.3026 0.6037 0.0054 -1.3066 8.5697 30.2723 -5.1152 1.8549 -19.9680 -5.1152 1.8549 -19.9680 8.7564 8.8490 -8.1071 8.7564 8.8490 -8.1071 9.8372 0.8381 9.7156 10.0985 0.2717 3.0744 35.9899 -1.6967 -5.2202 25.0306 4.2414 18.9419 -51.4132 -4.7966 9.9445 -44.1581 -9.3973 22.9090 12.1292 -60.1639 7.0434 50.1766 62.3114 -31.6082 12.9456 -31.9667 15.0656 -0.0000 0.0000 0.0000 11.7306 -40.5602 4.3477 36.4117 79.7995 -30.7522 -11.2426 -48.6781 -12.4659 -0.0000 0.0000 0.0000
0.2972 0.6011 0.0120 -1.7123 9.5579 30.5733 -5.0397 1.8372 -19.5563 -5.0397 1.8372 -19.5563 7.0332 9.2203 -6.3891 7.0332 9.2203 -6.3891 9.0495 0.7005 8.8341 11.5286 0.1959 1.9400 36.1895 -1.5685 -4.7979 21.0623 4.1274 21.9398 -57.8764 -6.5066 11.7396 -42.7625 -9.9767 25.1356 13.1438 -60.1429 7.6327 45.8951 63.6768 -29.4605 14.7857 -28.4833 17.3902 -0.0000 0.0000 0.0000 11.4037 -42.9730 4.5015 43.0761 80.5110 -36.9577 -11.7900 -49.4448 -13.0446 -0.0000 0.0000 0.0000
0.2923 0.6023 0.0241 -2.2170 10.5727 31.2721 -5.0771 1.8845 -18.9259 -5.0771 1.8845 -18.9259 5.0054 9.4471 -4.1400 5.0054 9.4471 -4.1400 8.4580 0.5417 7.3166 13.3342 0.1397 1.1955 36.2184 -1.1827 -3.6153 16.3056 3.6720 25.2249 -66.5097 -10.7872 16.3863 -36.2454 -8.8350 26.5619 14.1635 -59.8013 8.1724 39.8791 67.0453 -27.0264 18.0305 -22.2472 21.6274 -0.0000 0.0000 0.0000 10.5540 -46.0473 4.4955 54.0566 80.7386 -46.8926 -11.2502 -49.3672 -12.4508 -0.0000 0.0000 0.0000
0.2874 0.6078 0.0402 -2.7331 11.3441 32.6252 -5.4159 2.0310 -18.2247 -5.4159 2.0310 -18.2247 3.1414 9.4047 -1.7315 3.1414 9.4047 -1.7315 8.4193 0.3913 5.3123 15.4109 0.1000 0.7394 35.7301 -0.5252 -1.6295 11.7945 3.0747 29.1300 -74.1685 -19.0923 25.0867 -23.6657 -5.3744 25.2543 15.2694 -57.9009 8.4815 28.1362 71.6960 -20.5246 22.0096 -8.2642 27.7617 -0.0000 0.0000 0.0000 9.7429 -48.5607 4.4035 60.6135 79.9430 -52.2067 -9.6591 -48.1446 -10.7278 -0.0000 0.0000 0.0000
0.2818 0.6173 0.0581 -3.2430 11.6942 34.8516 -6.1104 2.2439 -17.4572 -6.1104 2.2439 -17.4572 1.7677 9.2030 0.5708 1.7677 9.2030 0.5708 9.0013 0.2420 3.0734 17.5561 -0.0813 -0.5264 34.7511 0.3154 1.0080 8.4925 2.5751 33.6841 -73.5519 -27.3118 36.0139 -11.4830 -2.1303 20.9529 15.8921 -53.7061 8.0847 7.5378 74.9810 -5.7854 22.8729 11.4765 31.7453 -0.0000 0.0000 0.0000 9.3733 -49.5617 4.3349 57.8449 78.1195 -48.3023 -7.3240 -45.7977 -8.1895 -0.0000 0.0000 0.0000
0.2761 0.6296 0.0753 -3.6908 11.2817 37.6398 -7.0701 2.3816 -16.1130 -7.0701 2.3816 -16.1130 0.7744 8.6335 2.6618 0.7744 8.6335 2.6618 9.9866 0.0470 0.5383 19.4037 -0.5429 -3.1750 33.1409 0.8956 3.0092 6.9870 2.4666 38.8497 -62.2098 -30.1449 48.1068 -3.7366 -0.5210 15.8699 15.2150 -47.7869 6.7723 -16.7217 76.2705 13.1639 20.5310 24.8648 31.3647 -0.0000 0.0000 0.0000 9.4784 -48.9337 4.3208 50.0895 75.2698 -39.6273 -6.1032 -43.8076 -6.8636 -0.0000 0.0000 0.0000
0.2702 0.6435 0.0904 -4.3075 10.2874 41.8863 -8.3886 2.4338 -14.3927 -8.3886 2.4338 -14.3927 0.7098 7.1800 4.7833 0.7098 7.1800 4.7833 11.8654 -0.4978 -4.7879 20.4520 -1.0163 -5.6290 32.6058 1.2420 4.2449 8.6108 3.4893 44.0554 -51.4843 -26.1961 51.5189 0.4962 0.0529 12.1671 14.1739 -40.1388 5.2013 -30.7376 74.0073 23.4065 16.6698 32.9398 27.6408 -0.0000 0.0000 0.0000 9.5973 -46.5717 4.1383 40.4061 70.6850 -29.2515 -7.8034 -42.5027 -8.8071 -0.0000 0.0000 0.0000
0.2635 0.6553 0.1068 -5.2963 9.0190 47.7365 -9.6942 2.3262 -12.2457 -9.6942 2.3262 -12.2457 1.6986 4.2395 6.5096 1.6986 4.2395 6.5096 13.3329 -1.6822 -14.3183 21.2575 -1.4836 -7.8933 34.0882 1.4107 4.5994 13.3598 6.2183 49.7630 -47.2926 -21.0532 45.9917 3.5200 0.2487 8.0797 11.8962 -31.9048 3.4118 -25.2523 69.9820 17.8227 12.9851 36.8308 22.6528 -0.0000 0.0000 0.0000 10.3899 -43.4894 4.1536 30.7822 65.1163 -19.9375 -11.2861 -41.7686 -12.7585 -0.0000 0.0000 0.0000
0.2550 0.6610 0.1206 -6.4258 7.4221 54.1633 -10.5527 1.9504 -9.6792 -10.5527 1.9504 -9.6792 3.2909 0.1960 7.2675 3.2909 0.1960 7.2675 12.3496 -3.0079 -27.2809 22.6332 -2.0854 -10.3931 37.1793 1.1389 3.3854 19.7199 10.8788 57.4327 -50.0012 -17.6047 36.7393 5.5104 0.0391 0.8127 8.3977 -24.7530 1.8459 -18.3706 66.7216 12.1540 8.0341 43.5028 15.5518 -0.0000 0.0000 0.0000 12.3528 -41.3839 4.6813 22.1455 60.9866 -13.1481 -15.8572 -40.6129 -17.9698 -0.0000 0.0000 0.0000
0.2496 0.6626 0.1315 -7.6789 5.7397 60.4844 -10.5941 1.5144 -7.4991 -10.5941 1.5144 -7.4991 4.8786 -3.8133 7.0210 4.8786 -3.8133 7.0210 8.3327 -3.0704 -40.3990 24.5819 -3.0013 -13.7130 41.4959 0.4434 1.1704 25.3932 17.1187 67.4899 -58.6691 -15.4608 27.1597 5.5187 -0.4044 -8.3749 6.4729 -17.7317 1.0107 -11.6429 63.2017 7.1784 6.3305 47.1601 13.1418 -0.0000 0.0000 0.0000 14.3451 -41.5016 5.4596 15.4272 59.5427 -8.8610 -19.3784 -39.9705 -21.9807 -0.0000 0.0000 0.0000
0.2463 0.6583 0.1386 -9.0769 4.1418 66.6187 -9.9152 1.2404 -6.2461 -9.9152 1.2404 -6.2461 5.8878 -7.0382 6.3938 5.8878 -7.0382 6.3938 3.0519 -1.4355 -50.3731 26.1143 -4.3470 -18.5877 46.1957 -0.6948 -1.6291 28.9178 21.5586 72.8808 -67.5362 -15.3699 22.8194 2.8995 -0.4070 -15.9786 7.0131 -12.2267 0.7521 -5.8406 60.3298 3.3964 7.3664 46.3887 15.0409 -0.0000 0.0000 0.0000 15.8786 -43.8854 6.4314 12.7282 60.7297 -7.4773 -21.6143 -41.0334 -24.4266 -0.0000 0.0000 0.0000
0.2357 0.6452 0.1428 -10.4472 2.6488 72.1082 -8.6300 1.1036 -5.7291 -8.6300 1.1036 -5.7291 6.0270 -9.3121 5.6773 6.0270 -9.3121 5.6773 -1.8124 0.9659 -56.1074 26.5191 -5.7970 -24.2527 50.3857 -1.8205 -3.8688 31.3887 22.7346 71.1672 -72.1204 -15.5003 21.1738 -0.4845 0.0763 -17.8914 8.6499 -9.2461 0.7008 0.4622 58.8399 -0.2607 9.4336 42.0219 17.7934 -0.0000 0.0000 0.0000 16.4274 -47.7993 7.3198 15.7620 63.0141 -9.6998 -23.1650 -43.6185 -25.9784 -0.0000 0.0000 0.0000
0.2215 0.6275 0.1480 -12.0183 1.2397 78.5921 -7.3407 1.0185 -5.2130 -7.3407 1.0185 -5.2130 6.1827 -12.0149 4.4935 6.1827 -12.0149 4.4935 -4.7750 2.9325 -63.0926 26.4848 -6.5373 -27.2820 53.4879 -2.5522 -5.0624 31.8461 22.0356 68.6246 -77.6380 -14.7036 18.2210 -1.2064 0.2043 -19.2217 12.0210 -9.2726 0.9784 6.6046 57.4706 -3.6240 11.7272 35.2799 20.1025 -0.0000 0.0000 0.0000 17.6774 -51.9473 8.6642 22.3181 64.0045 -14.0553 -24.4074 -45.5635 -27.2161 -0.0000 0.0000 0.0000
0.2059 0.6093 0.1551 -13.3341 -0.3069 86.7922 -6.2557 0.9482 -4.4949 -6.2557 0.9482 -4.4949 6.4104 -15.1253 2.4473 6.4104 -15.1253 2.4473 -7.0303 5.1110 -72.0013 26.8411 -6.6359 -27.3124 55.5053 -2.8847 -5.4793 31.4177 20.0749 64.3667 -83.0749 -17.3917 19.5909 -0.8438 0.1850 -24.7281 15.6441 -11.1655 1.5386 14.1970 54.2196 -7.2956 13.2070 28.1577 20.9568 -0.0000 0.0000 0.0000 19.8581 -55.8287 10.5969 29.0203 62.6024 -17.8859 -25.5534 -45.8718 -28.4602 -0.0000 0.0000 0.0000
0.1904 0.5948 0.1658 -13.9077 -1.6815 95.4077 -5.4386 0.8134 -3.5259 -5.4386 0.8134 -3.5259 6.4261 -18.0928 -0.4284 6.4261 -18.0928 -0.4284 -9.6851 8.2402 -80.7453 26.2428 -6.0077 -25.3735 53.8087 -4.7030 -9.2534 30.3873 17.6244 59.4390 -85.6011 -24.5165 26.4087 -2.6402 0.8185 -34.4427 18.1297 -14.0702 2.2559 21.1571 50.0937 -9.9754 13.2683 22.3932 20.0297 -0.0000 0.0000 0.0000 22.5273 -59.2576 12.9248 33.5807 59.8105 -19.6903 -26.5848 -43.8971 -29.7576 -0.0000 0.0000 0.0000
0.1728 0.5858 0.1821 -13.6876 -2.4925 103.3145 -4.9337 0.5686 -2.2730 -4.9337 0.5686 -2.2730 6.3698 -20.3761 -3.8214 6.3698 -20.3761 -3.8214 -13.4929 12.8813 -87.3199 24.0297 -4.6664 -21.6755 60.2000 -3.6180 -6.2372 29.2784 15.3460 54.5670 -80.7403 -32.8031 38.1938 -10.0977 4.0406 -43.5317 20.2622 -17.1096 3.0794 25.7512 45.0468 -10.8299 12.6686 16.9005 18.3706 -0.0000 0.0000 0.0000 23.4178 -61.8592 14.1579 36.0959 56.0419 -19.6754 -27.6389 -40.7711 -31.1927 -0.0000 0.0000 0.0000
0.1582 0.5824 0.2015 -13.0039 -2.6919 109.9723 -4.7019 0.2464 -0.9248 -4.7019 0.2464 -0.9248 6.2968 -21.7489 -7.2790 6.2968 -21.7489 -7.2790 -18.6842 18.7333 -90.1529 20.2428 -2.8507 -15.8700 68.5592 17.4718 25.4081 28.5164 13.5060 49.9676 -70.7373 -36.8929 50.3379 -19.4071 8.4942 -46.9496 21.6915 -19.8964 3.8492 27.9456 40.1819 -10.4005 11.5399 13.3798 16.3599 -0.0000 0.0000 0.0000 22.2051 -63.6155 13.8786 37.2146 52.0669 -18.6777 -29.9797 -37.7489 -34.0885 -0.0000 0.0000 0.0000
0.1443 0.5834 0.2214 -12.3103 -2.6129 115.4304 -4.6445 -0.1090 0.3938 -4.6445 -0.1090 0.3938 6.4142 -22.6593 -10.0909 6.4142 -22.6593 -10.0909 -25.4208 25.3599 -89.8580 16.0550 -1.2259 -8.6762 28.7249 22.9783 76.8841 28.1776 12.3359 46.5932 -61.2117 -36.2409 57.9039 -26.8021 11.4847 -45.7666 22.6066 -21.8736 4.4238 27.6780 35.3700 -8.9825 10.8055 11.6628 15.1615 -0.0000 0.0000 0.0000 18.6947 -65.0171 11.9768 37.5420 48.4706 -17.3967 -32.5418 -35.2687 -37.2171 -0.0000 0.0000 0.0000
0.1300 0.5857 0.2393 -12.1053 -2.4944 119.4458 -4.7106 -0.4559 1.6342 -4.7106 -0.4559 1.6342 6.6876 -23.6561 -11.9173 6.6876 -23.6561 -11.9173 -31.8794 31.1487 -88.6023 14.2712 -0.2659 -2.1240 16.9626 14.2555 79.9658 27.6646 11.6847 45.1328 -55.0676 -33.4874 59.9774 -31.1125 12.7170 -43.6320 22.4167 -24.7457 4.9781 27.0682 33.2173 -8.2133 10.8527 12.1481 15.2729 -0.0000 0.0000 0.0000 15.1140 -66.2265 9.8906 37.3640 45.5862 -16.1740 -34.2704 -34.0894 -39.2899 -0.0000 0.0000 0.0000
0.1094 0.5859 0.2535 -12.3509 -2.5258 122.5241 -4.8734 -0.7650 2.7508 -4.8734 -0.7650 2.7508 6.9901 -24.7858 -12.7244 6.9901 -24.7858 -12.7244 -39.8262 36.7137 -84.9785 16.2563 0.0559 0.3912 19.2462 14.5503 73.9549 26.9301 11.1241 44.2651 -53.0177 -30.7209 57.6880 -32.0588 12.8110 -42.6869 22.0385 -28.8975 5.7448 26.4177 32.9663 -7.9456 11.2257 13.1838 15.8975 -0.0000 0.0000 0.0000 11.4848 -67.6456 7.7093 37.2481 43.2082 -15.2033 -35.5019 -33.1257 -40.7855 -0.0000 0.0000 0.0000
0.0877 0.5856 0.2655 -12.9944 -2.7284 124.9796 -5.0914 -1.0278 3.6972 -5.0914 -1.0278 3.6972 7.1504 -26.2237 -12.6277 7.1504 -26.2237 -12.6277 -50.8057 41.0646 -76.5223 19.8800 -0.2377 -1.3564 27.0366 17.3380 64.7642 26.1124 10.5504 43.4196 -54.1233 -28.4980 52.8621 -30.4267 12.1982 -42.9022 22.0568 -33.8083 6.7792 25.8628 32.9173 -7.7612 11.0213 14.2796 15.7202 -0.0000 0.0000 0.0000 8.0088 -69.6131 5.5723 37.7176 41.5438 -14.7642 -35.6426 -31.7867 -41.1022 -0.0000 0.0000 0.0000
0.0659 0.5845 0.2783 -13.7761 -2.9923 127.0301 -5.3420 -1.2296 4.4292 -5.3420 -1.2296 4.4292 7.2759 -27.6196 -12.0882 7.2759 -27.6196 -12.0882 -65.6041 42.2219 -61.8468 23.3297 -1.6621 -8.0380 37.0052 19.1031 53.3885 25.4624 10.0221 42.4218 -56.3083 -26.5223 47.5352 -27.6524 11.1238 -43.1753 21.9357 -38.7616 7.8001 25.7182 33.0775 -7.7560 10.5655 15.5164 15.1978 -0.0000 0.0000 0.0000 4.3055 -71.8188 3.1184 38.5985 40.3446 -14.6616 -34.9904 -30.1780 -40.5572 -0.0000 0.0000 0.0000
0.0462 0.5827 0.2877 -14.4682 -3.2355 128.7937 -5.6012 -1.3384 4.8455 -5.6012 -1.3384 4.8455 7.4498 -28.6988 -11.6088 7.4498 -28.6988 -11.6088 -80.7657 37.1665 -43.1365 23.6751 -4.2610 -20.1294 47.0999 18.1734 40.3014 25.0320 9.5427 41.2131 -58.6256 -24.6638 42.5489 -24.4851 9.7723 -43.0064 21.1785 -42.4901 8.3142 25.6537 32.6551 -7.6319 10.2985 16.4726 14.9124 -0.0000 0.0000 0.0000 -0.5777 -73.9708 -0.4351 39.7621 39.6949 -14.8735 -34.1011 -28.5085 -39.7464 -0.0000 0.0000 0.0000
0.0256 0.5804 0.2957 -14.9183 -3.5644 130.6920 -5.8302 -1.3735 4.9888 -5.8302 -1.3735 4.9888 7.6785 -29.5960 -11.1529 7.6785 -29.5960 -11.1529 -89.7280 25.7740 -25.8925 17.9759 -5.9425 -36.3356 54.5727 14.3540 27.4365 25.0230 9.2348 39.9985 -60.2431 -22.8473 38.4042 -21.7168 8.4988 -42.3487 19.9199 -44.7251 8.2643 25.2282 30.9542 -7.0916 10.2547 16.7638 14.8793 -0.0000 0.0000 0.0000 -7.2001 -75.8562 -5.6137 40.4455 39.2037 -14.9476 -32.9658 -26.2400 -38.7193 -0.0000 0.0000 0.0000
0.0058 0.5782 0.3025 -15.1691 -3.8736 132.4896 -6.0180 -1.3830 5.0464 -6.0180 -1.3830 5.0464 7.9197 -30.1914 -10.9554 7.9197 -30.1914 -10.9554 -90.2148 12.4496 -12.4034 7.8352 -3.8392 -52.1553 57.3541 9.7181 17.6687 24.8431 8.8338 38.6503 -60.6969 -20.8566 34.9005 -18.9733 7.3290 -41.9404 18.0435 -46.5068 7.8060 25.1413 29.1969 -6.6478 10.9353 17.0294 15.8897 -0.0000 0.0000 0.0000 -15.2152 -76.9862 -12.1258 40.6551 38.2927 -14.6581 -32.4648 -23.7757 -38.4413 -0.0000 0.0000 0.0000
-0.0125 0.5757 0.3082 -15.1858 -4.0116 133.9883 -6.1399 -1.3656 5.0402 -6.1399 -1.3656 5.0402 8.1431 -30.1995 -10.9190 8.1431 -30.1995 -10.9190 -85.3077 1.5692 -1.7033 -1.6766 1.0436 -63.7979 56.4199 6.4627 12.0164 24.4911 8.2335 36.6931 -60.2454 -18.9327 32.0670 -16.2125 6.2262 -41.7982 16.3538 -47.9284 7.3088 24.6606 27.1161 -6.0349 11.6542 16.2191 16.8324 -0.0000 0.0000 0.0000 -23.6220 -77.3031 -18.9885 40.9103 37.0055 -14.2299 -33.0181 -21.4495 -39.3771 -0.0000 0.0000 0.0000
-0.0335 0.5723 0.3117 -15.0796 -4.0932 135.2615 -6.2180 -1.3636 5.1044 -6.2180 -1.3636 5.1044 8.3534 -29.8785 -10.8117 8.3534 -29.8785 -10.8117 -78.2952 -5.8651 7.2016 -8.6257 6.2292 -71.6220 53.6606 4.7515 9.3785 23.8545 7.5720 34.7897 -58.7046 -17.0220 29.8021 -13.7341 5.2513 -41.6923 14.7569 -49.1036 6.7708 23.9329 24.8750 -5.3526 12.1518 13.9800 17.2873 -0.0000 0.0000 0.0000 -30.9940 -77.0911 -24.9142 41.0416 35.5779 -13.6962 -33.7909 -19.4703 -40.5406 -0.0000 0.0000 0.0000
-0.0517 0.5690 0.3130 -14.9318 -4.1449 136.2663 -6.2768 -1.3946 5.3143 -6.2768 -1.3946 5.3143 8.5528 -29.3509 -10.6645 8.5528 -29.3509 -10.6645 -70.8486 -10.3231 14.4749 -12.8949 10.2665 -76.9646 49.8941 4.1917 8.9963 23.0132 6.9191 33.0791 -56.4429 -15.2533 28.0188 -11.7238 4.4709 -41.6349 12.9957 -49.9973 6.0800 23.3641 23.3424 -4.8913 12.6906 10.5302 17.6660 -0.0000 0.0000 0.0000 -36.7275 -76.4574 -29.3084 41.1103 34.1642 -13.1466 -34.7108 -17.9627 -41.8260 -0.0000 0.0000 0.0000
-0.0700 0.5673 0.3129 -14.7615 -4.1768 137.0147 -6.3258 -1.4604 5.6737 -6.3258 -1.4604 5.6737 8.6769 -28.7746 -10.5266 8.6769 -28.7746 -10.5266 -63.7004 -12.4857 19.9732 -14.7186 12.5292 -80.7261 45.3366 4.3402 10.3684 22.0629 6.3035 31.5447 -53.7958 -13.7424 26.7256 -10.4260 3.9697 -41.5983 11.1023 -50.5163 5.2509 22.9112 22.4394 -4.6038 13.5027 6.2408 18.3347 -0.0000 0.0000 0.0000 -41.0890 -75.4970 -32.3615 40.9975 32.8424 -12.5754 -35.3263 -16.9295 -42.6962 -0.0000 0.0000 0.0000
-0.0867 0.5676 0.3120 -14.5189 -4.1332 137.5402 -6.3481 -1.5432 6.0980 -6.3481 -1.5432 6.0980 8.6716 -28.2241 -10.3129 8.6716 -28.2241 -10.3129 -57.2330 -13.0513 23.6823 -14.3464 12.7609 -83.2426 39.9402 4.7195 12.9400 21.2568 5.7991 30.2091 -51.2770 -12.6276 25.9638 -9.9321 3.7938 -41.7295 9.5418 -50.6366 4.5222 22.4096 21.7607 -4.3611 14.3418 2.2384 19.0622 -0.0000 0.0000 0.0000 -44.1041 -74.2943 -34.1211 40.6234 31.6899 -11.9943 -35.5210 -16.4355 -42.9973 -0.0000 0.0000 0.0000
-0.1043 0.5696 0.3103 -14.1580 -4.0083 137.9236 -6.3351 -1.6221 6.5072 -6.3351 -1.6221 6.5072 8.5370 -27.6074 -10.0682 8.5370 -27.6074 -10.0682 -51.7825 -12.8147 26.0533 -12.2759 11.1878 -84.6525 33.8114 4.7877 15.6634 20.6380 5.3855 28.9674 -48.8330 -11.7682 25.5810 -9.8311 3.7775 -41.9570 8.5492 -50.4741 4.0355 21.5279 21.1009 -4.0557 15.0391 -1.1999 19.6504 -0.0000 0.0000 0.0000 -46.1826 -72.9432 -34.9856 40.2362 30.7558 -11.5058 -35.4485 -16.1527 -42.9541 -0.0000 0.0000 0.0000
-0.1198 0.5725 0.3077 -13.6121 -3.7154 138.1807 -6.2847 -1.6984 6.8819 -6.2847 -1.6984 6.8819 8.3098 -26.7886 -9.9824 8.3098 -26.7886 -9.9824 -47.0998 -12.0871 27.3067 -9.0044 8.1855 -84.5247 27.0894 4.3256 17.8192 20.2293 5.0349 27.6901 -46.5060 -11.0611 25.3978 -9.9588 3.8519 -42.2089 7.7884 -50.2021 3.6529 20.3744 20.2694 -3.6796 15.2174 -3.7277 19.6516 -0.0000 0.0000 0.0000 -47.4087 -71.4122 -35.0279 40.1452 29.7960 -11.1049 -35.6532 -15.8866 -43.2343 -0.0000 0.0000 0.0000
-0.1342 0.5758 0.3044 -12.8929 -3.2683 138.3019 -6.2084 -1.7881 7.2560 -6.2084 -1.7881 7.2560 8.0900 -25.6912 -10.1174 8.0900 -25.6912 -10.1174 -42.7737 -11.0563 27.7631 -5.0782 4.4646 -82.6344 20.0912 3.3538 18.7678 19.9760 4.7176 26.3295 -44.3117 -10.3029 24.9679 -9.9260 3.8330 -42.1464 6.9734 -49.9418 3.2506 19.1848 19.4671 -3.3210 14.8979 -5.4006 19.0996 -0.0000 0.0000 0.0000 -48.0536 -69.6415 -34.4543 40.2899 28.7193 -10.7301 -36.0892 -15.3802 -43.8233 -0.0000 0.0000 0.0000
-0.1496 0.5788 0.3012 -12.0063 -2.7195 138.2745 -6.0800 -1.9048 7.6788 -6.0800 -1.9048 7.6788 7.8926 -24.3816 -10.4340 7.8926 -24.3816 -10.4340 -38.6523 -9.8322 27.5605 -0.8746 0.7198 -78.9029 13.2469 2.1236 18.1373 19.8302 4.3895 24.7327 -42.2796 -9.5711 24.4334 -9.7508 3.7339 -41.8284 6.0686 -49.6407 2.8088 18.2929 18.9856 -3.0843 14.4024 -6.2712 18.3987 -0.0000 0.0000 0.0000 -48.1664 -67.6145 -33.3252 40.6627 27.6976 -10.4385 -36.8898 -14.5905 -44.8868 -0.0000 0.0000 0.0000
-0.1632 0.5809 0.2990 -11.0212 -2.2089 138.1287 -5.8908 -2.0562 8.2122 -5.8908 -2.0562 8.2122 7.6604 -23.0485 -10.7202 7.6604 -23.0485 -10.7202 -34.8367 -8.5822 26.9012 3.3612 -2.5257 -73.8367 7.0302 0.9860 15.9482 19.7227 4.0459 22.9714 -40.3622 -8.8796 23.8564 -9.5833 3.5967 -41.0670 5.3548 -49.2591 2.4564 17.6897 18.8103 -2.9530 13.7826 -7.3047 17.5339 -0.0000 0.0000 0.0000 -47.7997 -65.4934 -31.8150 40.8177 26.7408 -10.1078 -37.6482 -13.7027 -45.9202 -0.0000 0.0000 0.0000
-0.1747 0.5826 0.2980 -10.0180 -1.8334 137.9020 -5.6367 -2.2242 8.8459 -5.6367 -2.2242 8.8459 7.4078 -21.8513 -10.8302 7.4078 -21.8513 -10.8302 -31.5087 -7.4950 26.1423 7.5369 -5.1103 -68.2356 1.7276 0.1914 12.6453 19.5567 3.7266 21.3796 -38.5595 -8.2513 23.3029 -9.5750 3.4992 -40.0758 5.0647 -48.8217 2.2998 17.3384 18.9757 -2.9194 12.8879 -8.7458 16.3023 -0.0000 0.0000 0.0000 -47.1871 -63.4086 -30.1968 40.7621 25.8891 -9.7617 -38.5431 -12.8694 -47.1097 -0.0000 0.0000 0.0000
-0.1842 0.5838 0.2979 -9.0403 -1.6339 137.6475 -5.3665 -2.3679 9.4890 -5.3665 -2.3679 9.4890 7.1143 -20.9179 -10.7033 7.1143 -20.9179 -10.7033 -28.7379 -6.6992 25.7384 11.6923 -7.1609 -62.8595 -2.5371 -0.1950 8.7909 19.3885 3.4847 20.1932 -36.8139 -7.7749 23.0813 -9.7717 3.4922 -39.2545 5.3433 -48.4125 2.4034 16.9909 19.1828 -2.8918 11.5885 -9.9839 14.5905 -0.0000 0.0000 0.0000 -46.3785 -61.5663 -28.6320 40.6308 25.1433 -9.4394 -39.0307 -12.0889 -47.8152 -0.0000 0.0000 0.0000
-0.1929 0.5841 0.2986 -8.0354 -1.5049 137.4176 -5.1030 -2.4953 10.1399 -5.1030 -2.4953 10.1399 6.8027 -20.1349 -10.5238 6.8027 -20.1349 -10.5238 -26.2518 -5.9820 25.2597 15.6379 -8.6628 -57.7598 -5.7476 -0.2577 5.1295 19.3612 3.2968 19.1513 -35.2082 -7.4215 23.1042 -10.1785 3.5778 -38.6508 6.0653 -48.0178 2.7036 16.3809 19.0972 -2.7739 10.3308 -9.8324 13.0205 -0.0000 0.0000 0.0000 -44.9648 -60.2298 -26.9965 40.2254 24.3893 -9.0498 -39.2561 -11.2339 -48.2282 -0.0000 0.0000 0.0000
-0.1991 0.5838 0.3003 -6.9132 -1.3186 137.2314 -4.8426 -2.6142 10.7645 -4.8426 -2.6142 10.7645 6.5215 -19.3433 -10.4247 6.5215 -19.3433 -10.4247 -23.8831 -5.2788 24.5930 19.1806 -9.4935 -52.3432 -7.8154 -0.0957 1.4006 19.4860 3.0025 17.3564 -33.8154 -7.0240 22.8296 -10.3757 3.5514 -37.7053 7.0163 -47.5692 3.0954 15.1939 18.5079 -2.4898 10.0973 -7.5230 12.8513 -0.0000 0.0000 0.0000 -42.7222 -59.3242 -25.1146 39.3816 23.5415 -8.5296 -39.2814 -10.2359 -48.4335 -0.0000 0.0000 0.0000
-0.2044 0.5830 0.3032 -5.6746 -1.0863 137.1016 -4.5630 -2.7295 11.3438 -4.5630 -2.7295 11.3438 6.2243 -18.5188 -10.3348 6.2243 -18.5188 -10.3348 -21.5828 -4.6191 23.8945 21.9890 -9.7284 -47.3098 -8.6289 0.1368 -1.8127 19.7259 2.6108 14.9343 -32.6662 -6.7264 22.6790 -10.5011 3.4843 -36.6265 8.0928 -47.0613 3.5287 13.6301 17.6080 -2.1208 10.5447 -3.9181 13.6335 -0.0000 0.0000 0.0000 -39.8919 -58.6809 -23.0590 38.1426 22.7493 -7.9571 -39.5127 -9.3893 -48.8587 -0.0000 0.0000 0.0000
-0.2098 0.5817 0.3073 -4.3723 -0.8114 136.9993 -4.2631 -2.8242 11.8107 -4.2631 -2.8242 11.8107 5.9910 -17.6363 -10.2139 5.9910 -17.6363 -10.2139 -19.2267 -4.0067 23.3369 23.1545 -8.9485 -41.8110 -7.3143 0.3488 -5.4538 19.9076 2.0409 11.5908 -31.8521 -6.3517 22.0075 -10.1401 3.1915 -34.8644 9.2443 -46.4457 3.9735 11.9034 16.4973 -1.7317 11.3371 -0.1248 14.9161 -0.0000 0.0000 0.0000 -36.7427 -58.1148 -20.9094 36.5879 22.0825 -7.3820 -39.9855 -8.8223 -49.5220 -0.0000 0.0000 0.0000
-0.2148 0.5800 0.3125 -3.1268 -0.5304 136.8919 -3.9533 -2.8754 12.1121 -3.9533 -2.8754 12.1121 5.8289 -16.7865 -10.0713 5.8289 -16.7865 -10.0713 -16.6344 -3.4417 23.2261 21.4319 -7.0773 -36.1929 -2.5833 0.2242 -9.9184 19.8325 1.4304 8.1688 -31.1033 -6.0018 21.3360 -9.5751 2.8376 -32.9488 10.3688 -45.7895 4.3887 10.4238 15.3967 -1.4129 11.8219 2.8784 15.7845 -0.0000 0.0000 0.0000 -33.7522 -57.4746 -18.8889 34.9633 21.5206 -6.8505 -40.6730 -8.4697 -50.4009 -0.0000 0.0000 0.0000
-0.2193 0.5777 0.3183 -2.0125 -0.2405 136.7629 -3.6601 -2.8815 12.2915 -3.6601 -2.8815 12.2915 5.6787 -16.1259 -9.9204 5.6787 -16.1259 -9.9204 -13.7515 -2.9066 23.7631 17.7447 -5.0592 -31.6046 3.2145 -0.3526 -12.5165 19.5497 0.9245 5.3627 -30.2659 -5.7468 21.0284 -9.1497 2.5826 -31.4662 11.4225 -45.1293 4.7595 9.4570 14.4014 -1.1975 11.4828 4.6867 15.4790 -0.0000 0.0000 0.0000 -31.3445 -56.6628 -17.2035 33.5386 21.0890 -6.4208 -41.1253 -8.3623 -50.9555 -0.0000 0.0000 0.0000
-0.2234 0.5747 0.3243 -1.0842 0.0217 136.6232 -3.3861 -2.8701 12.4205 -3.3861 -2.8701 12.4205 5.5678 -15.7355 -9.8773 5.5678 -15.7355 -9.8773 -10.6677 -2.3121 24.3930 13.4339 -3.4188 -28.4386 7.6524 -0.8244 -12.2799 19.2269 0.6016 3.5509 -29.5623 -5.6340 21.1269 -8.9773 2.4762 -30.7847 12.3625 -44.5317 5.0780 8.8742 13.4920 -1.0518 10.5680 5.5452 14.3174 -0.0000 0.0000 0.0000 -29.4873 -55.8260 -15.8732 32.3502 20.6886 -6.0612 -41.3424 -8.2518 -51.2329 -0.0000 0.0000 0.0000
-0.2266 0.5708 0.3299 -0.3609 0.2086 136.4941 -3.1230 -2.8532 12.5246 -3.1230 -2.8532 12.5246 5.4427 -15.5884 -9.9126 5.4427 -15.5884 -9.9126 -7.4322 -1.6407 24.8650 9.7457 -2.3066 -26.5724 9.6964 -0.8786 -10.3301 18.9210 0.4030 2.4183 -29.1983 -5.5619 21.1280 -8.8564 2.4123 -30.4193 13.1835 -44.0785 5.3568 8.4124 12.5452 -0.9263 9.6965 6.0017 13.1743 -0.0000 0.0000 0.0000 -28.1331 -55.0161 -14.8678 31.3800 20.2510 -5.7436 -41.1433 -8.0802 -51.0305 -0.0000 0.0000 0.0000
-0.2298 0.5664 0.3351 0.1461 0.2809 136.3997 -2.8692 -2.8329 12.6296 -2.8692 -2.8329 12.6296 5.2199 -15.7024 -9.9491 5.2199 -15.7024 -9.9491 -4.3831 -0.9711 24.9743 7.6031 -1.7497 -25.8854 9.3781 -0.6415 -7.8094 18.7075 0.3311 2.0100 -29.2620 -5.6016 21.2281 -8.8161 2.4029 -30.4384 13.8539 -43.8302 5.5964 8.1704 11.7236 -0.8402 8.6827 6.0556 11.8050 -0.0000 0.0000 0.0000 -27.2027 -54.2765 -14.1390 30.5813 19.7244 -5.4423 -40.6942 -7.8529 -50.5425 -0.0000 0.0000 0.0000
-0.2327 0.5622 0.3398 0.5236 0.3149 136.3327 -2.6180 -2.8158 12.7435 -2.6180 -2.8158 12.7435 4.9892 -15.9462 -10.0127 4.9892 -15.9462 -10.0127 -1.4112 -0.3090 24.7037 6.5883 -1.4943 -25.5319 7.7376 -0.3970 -5.8649 18.4735 0.2308 1.4195 -29.6146 -5.5076 20.6250 -8.5576 2.2946 -29.9700 14.3715 -43.6860 5.7862 7.9081 10.9412 -0.7586 7.9949 6.3122 10.8880 -0.0000 0.0000 0.0000 -26.5420 -53.5130 -13.5629 29.8449 19.1489 -5.1477 -40.0458 -7.4229 -49.8550 -0.0000 0.0000 0.0000
-0.2352 0.5584 0.3441 0.9080 0.4358 136.3192 -2.3186 -2.8325 12.9617 -2.3186 -2.8325 12.9617 4.7288 -16.2158 -10.1846 4.7288 -16.2158 -10.1846 1.3708 0.2944 24.2420 6.4566 -1.4507 -25.3017 6.7752 -0.2929 -4.9446 18.2432 0.0827 0.5152 -29.9596 -5.3336 19.7500 -8.3185 2.1667 -29.1533 14.7005 -43.4725 5.8880 7.6796 10.1848 -0.6854 7.5655 6.8706 10.3365 -0.0000 0.0000 0.0000 -26.0010 -52.5895 -13.0164 29.1584 18.4801 -4.8458 -39.2570 -6.8482 -49.0245 -0.0000 0.0000 0.0000
-0.2378 0.5551 0.3480 1.4298 0.7687 136.3653 -1.9282 -2.8880 13.2909 -1.9282 -2.8880 13.2909 4.4624 -16.3997 -10.5614 4.4624 -16.3997 -10.5614 4.0027 0.8416 23.7398 7.0777 -1.5740 -25.0465 5.7763 -0.2170 -4.2994 17.9652 -0.1426 -0.9018 -30.1746 -5.0358 18.5288 -8.1612 2.0377 -27.9953 14.7865 -43.0671 5.8620 7.4712 9.4929 -0.6212 7.4588 7.8500 10.2474 -0.0000 0.0000 0.0000 -25.5546 -51.3495 -12.4434 28.5878 17.8037 -4.5705 -38.4922 -6.2625 -48.2204 -0.0000 0.0000 0.0000
-0.2401 0.5522 0.3516 2.0754 1.3085 136.4463 -1.4464 -2.9588 13.6604 -1.4464 -2.9588 13.6604 4.2057 -16.5164 -11.1386 4.2057 -16.5164 -11.1386 6.6183 1.3497 23.0291 8.1042 -1.7760 -24.6829 4.6064 -0.1505 -3.7414 17.5705 -0.3904 -2.5260 -30.2419 -4.7020 17.2788 -8.1299 1.9412 -26.8172 14.6619 -42.4940 5.7273 7.2284 8.9639 -0.5673 7.6593 8.9715 10.5902 -0.0000 0.0000 0.0000 -25.2153 -49.8448 -11.8668 28.1146 17.1904 -4.3348 -37.8136 -5.6410 -47.5227 -0.0000 0.0000 0.0000
-0.2423 0.5495 0.3550 2.7308 1.9443 136.5179 -0.9336 -2.9942 13.9354 -0.9336 -2.9942 13.9354 3.9478 -16.6111 -11.8039 3.9478 -16.6111 -11.8039 9.3947 1.8645 22.4031 9.1783 -1.9834 -24.3395 3.1345 -0.0956 -3.4939 17.0291 -0.5817 -3.8841 -30.1997 -4.4296 16.3142 -8.1743 1.8822 -25.8929 14.3917 -41.9269 5.5388 7.0969 8.5796 -0.5330 7.9476 10.2404 11.0702 -0.0000 0.0000 0.0000 -25.0280 -48.2985 -11.3659 27.7902 16.6561 -4.1479 -37.2283 -5.1152 -46.9161 -0.0000 0.0000 0.0000
-0.2444 0.5467 0.3580 3.2843 2.5607 136.5315 -0.4617 -2.9678 14.0229 -0.4617 -2.9678 14.0229 3.6777 -16.7004 -12.4088 3.6777 -16.7004 -12.4088 12.7038 2.4191 21.4796 10.2428 -2.1859 -24.0339 1.0623 -0.0301 -3.2482 16.3518 -0.6859 -4.7713 -30.1016 -4.2541 15.7281 -8.1356 1.8266 -25.2697 14.0819 -41.4892 5.3567 7.1453 8.2821 -0.5180 8.0470 11.5782 11.2996 -0.0000 0.0000 0.0000 -24.9463 -46.9059 -10.9633 27.6271 16.1517 -3.9962 -36.7686 -4.6297 -46.4515 -0.0000 0.0000 0.0000
-0.2461 0.5437 0.3606 3.5846 2.9814 136.4952 -0.0902 -2.8627 13.9092 -0.0902 -2.8627 13.9092 3.3424 -16.9478 -12.7808 3.3424 -16.9478 -12.7808 16.8269 3.0107 20.1496 10.8059 -2.2601 -23.5614 -1.0881 0.0267 -2.8143 15.6725 -0.6667 -4.8417 -30.1199 -4.2724 15.7851 -8.1347 1.8183 -25.1609 13.7769 -41.3826 5.2251 7.3529 8.0971 -0.5211 7.9116 12.9110 11.2029 -0.0000 0.0000 0.0000 -24.9624 -46.0078 -10.7373 27.5425 15.8026 -3.8963 -36.3253 -4.1261 -46.0086 -0.0000 0.0000 0.0000
-0.2478 0.5410 0.3624 3.6118 3.1355 136.4559 0.1652 -2.6889 13.6593 0.1652 -2.6889 13.6593 2.9263 -17.3667 -12.8952 2.9263 -17.3667 -12.8952 21.4505 3.4225 17.9272 11.0816 -2.2533 -22.9203 -2.7546 0.0475 -1.9770 15.1698 -0.5312 -3.9874 -30.4121 -4.4965 16.4378 -8.4160 1.9125 -25.5634 13.5088 -41.6137 5.1538 7.6787 7.9426 -0.5339 7.5659 14.0137 10.7911 -0.0000 0.0000 0.0000 -24.8821 -45.7725 -10.6411 27.5358 15.5869 -3.8416 -35.8777 -3.6912 -45.5460 -0.0000 0.0000 0.0000
-0.2491 0.5395 0.3629 3.4459 3.0612 136.4015 0.3751 -2.4547 13.3215 0.3751 -2.4547 13.3215 2.4550 -17.9264 -12.8402 2.4550 -17.9264 -12.8402 26.7338 3.3985 14.2328 11.4325 -2.2906 -22.5887 -4.4405 0.0050 -0.1294 14.7275 -0.3267 -2.5273 -30.9670 -4.8116 17.2484 -8.9902 2.0959 -26.1965 13.3338 -42.0524 5.1452 8.0077 7.7662 -0.5444 7.2911 14.7437 10.4503 -0.0000 0.0000 0.0000 -24.7455 -46.0961 -10.6642 27.6492 15.5277 -3.8431 -35.4278 -3.3403 -45.0632 -0.0000 0.0000 0.0000
-0.2501 0.5401 0.3613 3.1493 2.7901 136.2739 0.6454 -2.1758 12.9642 0.6454 -2.1758 12.9642 2.0261 -18.5970 -12.6978 2.0261 -18.5970 -12.6978 32.5964 2.5885 8.8369 11.8706 -2.3464 -22.2874 -5.8535 -0.1438 2.8131 14.1553 -0.0900 -0.7246 -31.6928 -5.1763 18.0966 -10.0202 2.4042 -26.9219 13.1210 -42.6048 5.1353 8.3402 7.8937 -0.5764 7.1737 15.1712 10.3119 -0.0000 0.0000 0.0000 -24.6999 -47.0411 -10.8871 27.9833 15.9703 -4.0037 -34.9379 -3.1554 -44.4988 -0.0000 0.0000 0.0000
-0.2514 0.5437 0.3566 2.8205 2.4230 135.9722 1.0557 -1.8807 12.6776 1.0557 -1.8807 12.6776 1.6888 -19.3683 -12.6479 1.6888 -19.3683 -12.6479 38.3312 0.9563 2.7511 12.6452 -2.5382 -22.6135 -7.1515 -0.4028 6.4384 13.3157 0.1222 1.0470 -32.4070 -5.5536 18.9515 -11.4728 2.8419 -27.7416 12.8413 -43.1635 5.0975 8.7884 8.5236 -0.6562 7.1733 15.4954 10.3337 -0.0000 0.0000 0.0000 -25.1491 -48.5653 -11.4931 28.9242 17.2879 -4.4906 -34.2223 -3.2657 -43.6018 -0.0000 0.0000 0.0000
-0.2531 0.5506 0.3491 2.5790 2.1101 135.5148 1.6411 -1.6041 12.5581 1.6411 -1.6041 12.5581 1.4664 -20.0922 -12.7593 1.4664 -20.0922 -12.7593 43.1669 -1.2677 -3.2039 14.0910 -3.0062 -23.9731 -8.4065 -0.7664 10.3991 12.2197 0.2614 2.4420 -33.1042 -5.7865 19.3017 -12.9459 3.2850 -28.3678 12.6032 -43.4895 5.0439 9.2488 9.5718 -0.7760 7.2854 15.5748 10.5004 -0.0000 0.0000 0.0000 -26.3647 -50.2775 -12.5445 30.4891 19.4005 -5.3344 -33.0581 -3.5038 -42.1293 -0.0000 0.0000 0.0000
-0.2548 0.5613 0.3389 2.3383 1.7920 134.8283 2.3421 -1.3578 12.6199 2.3421 -1.3578 12.6199 1.2791 -20.9374 -12.9776 1.2791 -20.9374 -12.9776 47.4631 -3.9638 -9.0014 15.6354 -3.6989 -26.4691 -9.7989 -1.2863 14.9214 10.9313 0.3516 3.6734 -33.7152 -5.8803 19.2402 -14.4848 3.7326 -28.7621 12.1319 -43.7487 4.8860 10.0186 11.3007 -0.9937 7.5396 15.1330 10.8335 -0.0000 0.0000 0.0000 -28.9760 -51.8451 -14.3171 33.2672 22.0749 -6.6702 -31.2293 -3.5019 -39.8743 -0.0000 0.0000 0.0000
-0.2566 0.5745 0.3265 1.9729 1.3696 133.8543 3.0127 -1.1414 12.7556 3.0127 -1.1414 12.7556 1.1367 -21.8844 -13.2254 1.1367 -21.8844 -13.2254 51.0593 -7.1904 -14.9886 16.4233 -4.3820 -29.6965 -11.0846 -1.9575 19.9711 9.6213 0.4286 5.0888 -34.2798 -5.8669 18.8677 -16.1169 4.1740 -28.8681 11.5264 -44.0344 4.6742 10.9673 13.5690 -1.3087 7.9751 13.9520 11.3682 -0.0000 0.0000 0.0000 -32.8378 -53.1421 -16.7673 37.5581 24.8127 -8.5553 -28.9282 -2.9237 -37.1121 -0.0000 0.0000 0.0000
-0.2589 0.5885 0.3118 1.4513 0.8801 132.5896 3.5464 -0.9568 12.9501 3.5464 -0.9568 12.9501 1.0491 -22.8364 -13.4029 1.0491 -22.8364 -13.4029 53.4912 -10.7125 -21.0784 16.6880 -5.0152 -33.2505 -11.7334 -2.5209 24.1724 8.3850 0.4841 6.5969 -34.6517 -5.7337 18.2394 -17.6041 4.5223 -28.6110 10.5457 -44.2791 4.3008 12.3038 16.1087 -1.7477 8.6491 12.4043 12.2044 -0.0000 0.0000 0.0000 -37.5602 -53.8642 -19.6024 43.2928 26.8295 -10.8144 -26.4209 -1.4911 -34.1906 -0.0000 0.0000 0.0000
-0.2621 0.6016 0.2950 0.6598 0.2949 131.0800 3.8633 -0.8180 13.0501 3.8633 -0.8180 13.0501 1.0718 -23.8707 -13.4359 1.0718 -23.8707 -13.4359 54.7824 -15.0953 -28.6877 14.0258 -4.3560 -34.3601 -10.6477 -2.6413 27.7911 7.3306 0.5424 8.4513 -34.9250 -5.7623 18.1788 -19.0213 4.8756 -28.5160 9.1161 -44.6657 3.7515 14.3759 18.9350 -2.4096 9.2593 10.7311 12.9283 -0.0000 0.0000 0.0000 -42.4094 -54.2875 -22.4995 50.6559 28.1950 -13.5569 -25.0177 0.0788 -32.6494 -0.0000 0.0000 0.0000
-0.2657 0.6127 0.2761 -0.4414 -0.3096 129.3968 3.9744 -0.7193 12.9102 3.9744 -0.7193 12.9102 1.1987 -25.0259 -13.4172 1.1987 -25.0259 -13.4172 53.5763 -19.7682 -38.0809 8.8240 -2.4977 -31.5541 -7.5430 -2.0454 30.3046 6.4089 0.6116 10.8920 -35.2805 -6.2079 19.3550 -20.1638 5.2950 -29.1558 7.3457 -45.3354 3.0714 17.5786 21.7551 -3.4037 9.4382 9.2724 13.0635 -0.0000 0.0000 0.0000 -46.9286 -54.8591 -25.3919 58.9727 29.1917 -16.7529 -24.7501 0.5319 -32.3763 -0.0000 0.0000 0.0000
-0.2695 0.6220 0.2564 -1.7551 -0.8530 127.7778 3.8891 -0.6515 12.5074 3.8891 -0.6515 12.5074 1.4571 -26.2633 -13.3599 1.4571 -26.2633 -13.3599 49.5931 -23.0505 -47.6309 3.1818 -0.7249 -25.6616 -3.2619 -0.9394 32.1243 5.8285 0.7147 13.9707 -36.1134 -7.1238 21.6192 -20.8413 5.7512 -30.5535 5.4220 -46.1220 2.3097 21.4918 24.1596 -4.6517 9.2752 7.9076 12.7384 -0.0000 0.0000 0.0000 -50.7508 -55.7919 -28.1901 67.5426 30.0252 -20.3347 -25.2198 -0.7587 -32.7803 -0.0000 0.0000 0.0000
-0.2737 0.6303 0.2368 -3.2154 -1.3455 126.1979 3.6536 -0.5973 11.8560 3.6536 -0.5973 11.8560 1.8766 -27.4816 -13.2931 1.8766 -27.4816 -13.2931 44.1643 -24.7279 -56.7665 -1.6607 0.2617 -17.9093 1.6511 0.5116 34.4280 5.6291 0.8714 17.5869 -37.5754 -8.4625 24.5390 -21.1100 6.1892 -32.3597 3.0426 -46.7839 1.3164 25.9134 26.3265 -6.1599 9.2377 6.9781 12.6209 -0.0000 0.0000 0.0000 -54.2148 -56.9688 -31.0455 76.2599 30.6360 -24.2679 -25.0381 -2.7183 -32.2633 -0.0000 0.0000 0.0000
-0.2777 0.6384 0.2177 -4.7332 -1.7800 124.4203 3.3422 -0.5365 11.0220 3.3422 -0.5365 11.0220 2.4475 -28.4158 -13.1611 2.4475 -28.4158 -13.1611 38.0817 -24.5308 -64.4157 -4.7569 0.4273 -10.2606 7.2523 2.4212 36.8830 5.9413 1.1434 21.7690 -40.1987 -10.1191 27.2020 -21.1810 6.5511 -34.0379 0.5693 -47.1459 0.2484 29.6886 28.0371 -7.5718 9.4962 6.7141 12.9537 -0.0000 0.0000 0.0000 -57.0209 -58.1026 -33.5805 85.1336 31.7844 -29.3094 -22.8934 -3.8183 -29.4076 -0.0000 0.0000 0.0000
-0.2811 0.6465 0.1982 -6.1715 -2.0889 122.3170 2.9868 -0.4708 10.1884 2.9868 -0.4708 10.1884 3.1571 -28.7645 -12.8961 3.1571 -28.7645 -12.8961 32.1452 -22.5993 -69.4836 -5.0467 0.1990 -4.5133 13.2470 4.5553 37.8145 6.9444 1.6132 26.1271 -44.1694 -12.1011 29.2811 -21.1209 6.7887 -35.2967 -1.9614 -47.1628 -0.8562 32.4312 29.4956 -8.7555 10.2823 7.3027 14.0673 -0.0000 0.0000 0.0000 -58.5090 -58.8118 -35.0411 93.8403 33.5625 -35.7472 -17.9588 -1.6762 -23.3732 -0.0000 0.0000 0.0000
-0.2849 0.6549 0.1779 -7.4993 -2.2493 119.9610 2.5794 -0.4142 9.5140 2.5794 -0.4142 9.5140 3.8556 -28.6916 -12.5355 3.8556 -28.6916 -12.5355 25.9166 -19.4523 -73.3650 -3.0104 -0.0091 0.3465 19.7872 6.7143 37.1786 8.6214 2.3348 30.2551 -49.1083 -14.5629 31.2499 -21.3461 7.0561 -36.2297 -4.4967 -46.9976 -1.9559 34.3012 30.2259 -9.5284 11.0754 8.0334 15.2091 -0.0000 0.0000 0.0000 -57.9433 -58.8687 -34.6986 101.8791 36.1261 -43.7881 -13.5890 2.9120 -18.1308 -0.0000 0.0000 0.0000
-0.2884 0.6634 0.1562 -8.7138 -2.1798 117.0044 2.1841 -0.3538 9.0456 2.1841 -0.3538 9.0456 4.3750 -28.1171 -12.1574 4.3750 -28.1171 -12.1574 19.7995 -15.3570 -75.3740 0.5450 0.0208 4.3778 26.2928 8.2935 34.4904 11.3097 3.4990 34.2872 -54.8930 -17.9223 33.7777 -22.1442 7.3944 -36.5477 -6.6072 -46.7888 -2.8610 36.5080 31.0223 -10.4604 12.0679 10.9671 16.8494 -0.0000 0.0000 0.0000 -54.9535 -58.4718 -32.4579 108.0496 39.4146 -52.5293 -9.9265 9.4652 -13.7519 -0.0000 0.0000 0.0000
-0.2902 0.6722 0.1330 -9.7914 -1.7983 113.0382 1.8342 -0.2790 8.7034 1.8342 -0.2790 8.7034 4.5312 -27.0040 -11.5810 4.5312 -27.0040 -11.5810 14.6469 -11.1339 -74.3530 4.9382 0.2903 6.7250 31.3628 9.0018 31.3264 14.9312 5.2929 38.8582 -59.5450 -22.3243 38.0610 -24.3501 7.9876 -35.8635 -7.9254 -46.4932 -3.4089 39.7535 32.5676 -12.0573 12.6263 17.3780 18.3706 -0.0000 0.0000 0.0000 -49.2413 -57.7090 -28.3425 111.6622 43.5939 -61.0078 -7.5726 16.4031 -10.9750 -0.0000 0.0000 0.0000
-0.2913 0.6813 0.1085 -10.7232 -1.0415 107.8318 1.5713 -0.1841 8.2095 1.5713 -0.1841 8.2095 4.2306 -25.4477 -10.4422 4.2306 -25.4477 -10.4422 10.4610 -7.4062 -70.5203 8.5910 0.6821 9.0627 34.5469 9.0542 28.5708 18.8786 7.8302 44.7491 -60.4190 -27.2997 45.2813 -28.3567 8.8027 -33.8883 -8.7237 -45.9468 -3.7041 43.2696 36.0326 -14.7009 11.6684 25.0504 18.0302 -0.0000 0.0000 0.0000 -40.3496 -56.2093 -22.2039 111.5113 48.7312 -67.2723 -6.7747 20.9110 -10.1509 -0.0000 0.0000 0.0000
-0.2910 0.6906 0.0833 -11.5599 0.1192 101.2686 1.4546 -0.0667 7.3682 1.4546 -0.0667 7.3682 3.4887 -23.5920 -8.4742 3.4887 -23.5920 -8.4742 6.9783 -4.3408 -63.7286 13.4894 0.9147 7.7228 36.5194 9.6545 28.7145 22.8185 11.2599 52.0698 -55.4383 -31.5052 56.4577 -34.4371 9.3451 -29.5489 -9.1225 -45.3611 -3.8191 45.7560 41.1427 -17.9978 9.5100 30.7039 15.5260 -0.0000 0.0000 0.0000 -30.3852 -53.3282 -15.5305 107.7282 54.9440 -70.9083 -6.7382 22.3060 -10.2083 -0.0000 0.0000 0.0000
-0.2908 0.6992 0.0576 -12.1476 1.6644 93.6252 1.4819 0.0466 6.0536 1.4819 0.0466 6.0536 2.5564 -21.1675 -5.8362 2.5564 -21.1675 -5.8362 3.6071 -1.8578 -54.4899 22.3980 -0.3204 -1.6181 44.8796 12.3211 29.2947 26.6390 15.6181 60.1655 -45.0025 -32.4293 70.1393 -40.8015 8.5228 -22.6584 -9.2483 -44.9025 -3.8284 45.9050 47.1590 -20.9448 7.7364 31.7833 12.7915 -0.0000 0.0000 0.0000 -21.8669 -48.7718 -10.0093 98.7560 61.1029 -69.0659 -6.9004 19.8394 -10.2545 -0.0000 0.0000 0.0000
-0.2894 0.7062 0.0314 -12.2783 3.3819 85.5558 1.6111 0.1406 4.5818 1.6111 0.1406 4.5818 1.6544 -18.2450 -3.0894 1.6544 -18.2450 -3.0894 0.0019 -0.0008 -44.5410 37.0708 -9.3794 -27.4972 58.6984 11.8970 20.9957 30.8930 20.5452 66.5214 -32.5970 -28.9771 82.9379 -45.1540 6.2072 -14.8595 -9.4628 -44.6489 -3.8930 44.5474 51.9545 -22.5726 7.1628 29.1693 11.5330 -0.0000 0.0000 0.0000 -18.6670 -43.5861 -7.5196 87.6579 64.0620 -61.9744 -7.1095 13.4216 -10.1032 -0.0000 0.0000 0.0000
-0.2863 0.7098 0.0049 -11.7270 4.9131 77.6142 1.7784 0.1767 3.1225 1.7784 0.1767 3.1225 0.8694 -14.7302 -0.7466 0.8694 -14.7302 -0.7466 -3.4665 1.1279 -36.0372 39.4647 -25.5713 -64.6404 56.7871 3.9310 7.2653 36.7336 25.7600 69.1118 -21.1473 -22.1783 92.7925 -46.2483 3.1317 -7.3255 -9.8790 -44.5209 -4.0521 43.1071 55.8619 -23.6548 7.0443 27.7698 11.1908 -0.0000 0.0000 0.0000 -19.1386 -39.3875 -6.9063 79.3810 64.1759 -54.9826 -7.6353 6.6898 -10.4212 -0.0000 0.0000 0.0000
-0.2833 0.7104 -0.0212 -10.4735 5.8781 70.2682 1.9491 0.1263 1.5441 1.9491 0.1263 1.5441 0.1216 -10.7046 1.1571 0.1216 -10.7046 1.1571 -6.3151 1.7067 -30.2189 30.3964 -28.1603 -85.4304 47.6880 0.7132 1.6137 44.8597 30.5265 66.9357 -10.8859 -12.8331 99.4527 -44.4922 0.1424 -0.3481 -10.7362 -44.4408 -4.3965 43.2389 59.1929 -25.3727 6.4222 27.8748 10.2159 -0.0000 0.0000 0.0000 -21.7368 -36.7350 -7.2951 76.2279 63.2826 -51.5986 -9.3922 -0.4886 -12.3447 -0.0000 0.0000 0.0000
-0.2816 0.7086 -0.0458 -8.8719 6.1113 64.1066 2.0448 -0.0174 -0.1717 2.0448 -0.0174 -0.1717 -0.5539 -6.7794 2.7373 -0.5539 -6.7794 2.7373 -8.2415 2.0613 -28.0413 27.4060 -25.0006 -84.5569 45.2625 1.1741 2.8159 54.7025 33.6148 60.5653 -1.6159 -2.0165 102.5875 -41.2118 -2.1661 5.7569 -11.8594 -44.4906 -4.8652 44.2079 62.3005 -27.5849 5.6374 26.7703 8.8788 -0.0000 0.0000 0.0000 -24.1860 -35.2180 -7.7805 75.0733 62.7160 -50.1804 -11.9818 -9.3077 -15.1258 -0.0000 0.0000 0.0000
-0.2822 0.7057 -0.0669 -7.3323 5.8197 59.2485 1.9946 -0.2220 -1.9334 1.9946 -0.2220 -1.9334 -1.1311 -3.4626 4.2037 -1.1311 -3.4626 4.2037 -9.3445 2.4335 -29.1355 27.5892 -21.1194 -74.4161 47.4947 3.5836 8.1344 65.0073 34.3543 51.7601 7.4825 9.2328 101.9976 -37.1978 -3.9292 11.6405 -12.8953 -44.7630 -5.3289 45.3835 65.1826 -29.9329 5.2098 24.5777 8.0484 -0.0000 0.0000 0.0000 -25.5203 -34.5428 -8.0552 73.3926 62.8512 -48.9667 -15.0455 -18.2380 -18.3256 -0.0000 0.0000 0.0000
-0.2845 0.7022 -0.0841 -6.0465 5.2953 55.4963 1.7827 -0.4284 -3.5865 1.7827 -0.4284 -3.5865 -1.5862 -0.8320 5.3637 -1.5862 -0.8320 5.3637 -9.9248 2.8737 -32.2264 30.0911 -16.8519 -57.7163 47.0600 4.9247 11.2802 73.9978 32.7869 42.6535 15.6015 18.0272 98.3698 -32.2087 -4.7462 16.3367 -13.3287 -45.2601 -5.5772 44.8508 67.7258 -30.9577 5.7437 21.0724 8.6204 -0.0000 0.0000 0.0000 -25.6859 -33.7667 -7.9164 69.3693 62.9873 -45.9515 -17.3119 -25.1344 -20.5693 -0.0000 0.0000 0.0000
-0.2877 0.6987 -0.0978 -5.2925 4.9418 52.4719 1.5626 -0.6128 -5.2771 1.5626 -0.6128 -5.2771 -1.8716 1.2349 6.0351 -1.8716 1.2349 6.0351 -10.3011 3.1355 -33.7813 33.2423 -12.0164 -38.8427 43.9156 4.4231 10.9429 80.0899 29.6146 34.9204 19.7414 21.1583 94.0536 -26.1490 -4.2428 18.1249 -12.8334 -46.3090 -5.5072 43.7500 69.6363 -31.2029 7.1821 17.2944 10.4757 -0.0000 0.0000 0.0000 -25.8248 -34.1584 -8.0583 67.5912 63.6693 -45.1320 -19.0233 -28.8586 -22.3164 -0.0000 0.0000 0.0000
-0.2922 0.6949 -0.1087 -5.2991 5.1068 50.1390 1.4428 -0.7230 -7.1218 1.4428 -0.7230 -7.1218 -1.9064 2.8924 5.7234 -1.9064 2.8924 5.7234 -10.0436 2.9035 -32.1760 34.9027 -7.5430 -23.6859 40.1911 3.0341 8.2806 82.2763 26.4175 30.0792 17.1508 17.3670 90.7289 -18.5011 -2.9118 17.7389 -11.6275 -48.1039 -5.2038 42.2046 70.7626 -30.6529 8.6638 13.5412 12.3136 -0.0000 0.0000 0.0000 -25.7776 -35.4072 -8.3553 65.7766 64.4772 -44.3731 -20.6234 -30.9976 -24.0171 -0.0000 0.0000 0.0000
-0.3006 0.6910 -0.1170 -5.9509 5.8509 48.3599 1.5203 -0.7270 -9.2169 1.5203 -0.7270 -9.2169 -1.8318 4.3711 4.3675 -1.8318 4.3711 4.3675 -9.1549 2.2212 -27.2233 34.6945 -4.3020 -13.7128 37.2673 1.4303 4.2402 81.3404 24.1901 28.0076 11.5951 10.8325 86.0799 -9.9562 -1.6337 18.5918 -10.2241 -50.5697 -4.8396 40.9741 71.2890 -29.9979 9.7790 9.0792 13.5180 -0.0000 0.0000 0.0000 -26.2654 -37.7034 -9.1091 64.9177 65.2413 -44.3026 -22.4760 -32.8463 -26.0082 -0.0000 0.0000 0.0000
-0.3088 0.6864 -0.1230 -6.9743 7.0085 46.9985 1.7646 -0.6182 -11.4809 1.7646 -0.6182 -11.4809 -1.6671 5.5541 2.2679 -1.6671 5.5541 2.2679 -7.6993 1.3851 -20.3678 33.2077 -2.3182 -7.7634 35.4508 0.6903 2.1596 78.1849 22.7770 27.8483 8.9469 7.4607 79.6132 -3.2648 -0.6058 21.0170 -8.5417 -53.3042 -4.2930 39.8257 71.4554 -29.2094 10.5987 5.0897 14.3238 -0.0000 0.0000 0.0000 -27.1101 -40.6513 -10.2067 64.4274 65.9335 -44.4549 -23.1475 -34.1767 -26.6713 -0.0000 0.0000 0.0000
-0.3169 0.6807 -0.1267 -8.0866 8.3616 45.8320 2.1237 -0.4263 -13.7345 2.1237 -0.4263 -13.7345 -1.4340 6.1572 0.1347 -1.4340 6.1572 0.1347 -5.7746 0.6828 -13.4747 31.0068 -1.0568 -3.8087 34.6826 0.1632 0.5227 74.1871 21.9696 28.7953 10.8687 7.9625 72.3777 1.4567 0.3023 23.4438 -7.0911 -56.1800 -3.7882 39.9846 71.6889 -29.4512 10.9266 1.7334 14.5107 -0.0000 0.0000 0.0000 -28.4057 -44.0333 -11.6868 65.4064 66.5942 -45.7316 -22.7735 -35.2716 -26.1589 -0.0000 0.0000 0.0000
-0.3264 0.6729 -0.1289 -8.9894 9.6498 44.6411 2.4634 -0.2175 -15.6054 2.4634 -0.2175 -15.6054 -1.3197 6.2045 -1.4635 -1.3197 6.2045 -1.4635 -3.6722 0.2559 -7.9691 28.3562 0.1280 0.5067 34.6095 -0.4923 -1.5801 70.4443 21.1776 29.6619 15.7579 10.0448 64.8352 5.0088 1.1580 26.0209 -5.7458 -58.8410 -3.2421 40.3847 71.9954 -29.9180 10.8738 -2.3534 14.1587 -0.0000 0.0000 0.0000 -29.5724 -47.2047 -13.1579 67.2582 67.1706 -47.6588 -22.3286 -36.2016 -25.5817 -0.0000 0.0000 0.0000
-0.3365 0.6627 -0.1306 -9.5849 10.7786 43.3417 2.7020 -0.0693 -16.8841 2.7020 -0.0693 -16.8841 -1.1537 5.8381 -2.4836 -1.1537 5.8381 -2.4836 -1.6881 0.0567 -3.8481 25.5730 0.9069 3.9944 34.6383 -1.0835 -3.4736 67.6887 20.2943 29.8883 18.6201 10.0052 56.2002 8.5597 2.3433 30.5699 -4.2453 -61.2400 -2.5134 41.1627 72.5350 -30.8065 11.1810 -7.7818 14.2097 -0.0000 0.0000 0.0000 -30.1897 -50.3278 -14.4435 69.7764 67.8567 -50.2596 -22.8352 -37.4390 -26.0631 -0.0000 0.0000 0.0000
-0.3463 0.6506 -0.1317 -9.8200 11.6202 41.9818 2.7807 -0.0036 -17.6821 2.7807 -0.0036 -17.6821 -0.5807 5.3494 -3.2841 -0.5807 5.3494 -3.2841 0.1645 -0.0012 -0.8490 22.8805 1.3057 6.4457 34.6208 -1.5307 -4.9087 65.8510 19.3186 29.4525 16.0007 6.9970 47.0169 12.3889 4.2458 37.7128 -2.3411 -63.0633 -1.4365 41.4138 73.3348 -31.4356 12.6537 -13.7960 15.6853 -0.0000 0.0000 0.0000 -29.9940 -53.1075 -15.2509 72.8933 68.4716 -53.3658 -24.0274 -39.0212 -27.2876 -0.0000 0.0000 0.0000
-0.3570 0.6373 -0.1389 -9.7116 12.0683 40.6796 2.6971 -0.0143 -18.1046 2.6971 -0.0143 -18.1046 0.3948 4.9744 -3.9369 0.3948 4.9744 -3.9369 1.7717 0.0203 1.3143 20.4284 1.4140 7.8356 34.3613 -1.8132 -5.8598 64.9584 18.2112 28.2645 7.0418 2.3711 37.1802 14.6753 6.3626 46.6932 -0.0663 -64.1344 -0.0415 40.8003 74.4092 -31.5324 15.6388 -19.2689 18.9734 -0.0000 0.0000 0.0000 -28.9382 -55.3974 -15.4295 76.7721 68.9376 -57.0769 -25.4497 -41.4476 -28.6913 -0.0000 0.0000 0.0000
-0.3670 0.6238 -0.1492 -9.3730 12.1443 39.5651 2.4886 -0.0726 -18.3622 2.4886 -0.0726 -18.3622 1.8404 4.7246 -4.6184 1.8404 4.7246 -4.6184 3.2685 0.0801 2.8056 18.0431 1.3894 8.7343 33.8604 -2.0002 -6.5646 64.2685 16.9308 26.6604 -4.3200 -1.0274 26.7445 12.5605 6.5671 55.0674 2.7040 -64.4594 1.7050 38.0614 75.5469 -29.9302 19.8978 -23.1644 23.7740 -0.0000 0.0000 0.0000 -26.8897 -57.0295 -14.8002 80.2470 69.3626 -60.4981 -26.4258 -44.3827 -29.5422 -0.0000 0.0000 0.0000
-0.3775 0.6095 -0.1531 -9.0051 12.0687 38.6994 2.3451 -0.1257 -18.7662 2.3451 -0.1257 -18.7662 3.6467 4.4212 -5.4485 3.6467 4.4212 -5.4485 4.7199 0.1647 3.9942 15.4164 1.3411 9.8839 33.6724 -2.1532 -7.1072 62.7033 15.7233 25.5395 -12.9985 -2.1362 18.5891 7.2254 3.9588 57.3919 4.8625 -64.3968 3.0630 35.6595 76.3505 -28.3828 23.8936 -25.5774 28.2684 -0.0000 0.0000 0.0000 -24.7487 -58.3640 -13.9707 84.1664 69.7025 -64.3255 -26.8280 -47.0604 -29.7727 -0.0000 0.0000 0.0000
-0.3862 0.5947 -0.1445 -8.7130 12.0482 38.0133 2.2940 -0.1408 -19.2046 2.2940 -0.1408 -19.2046 5.4919 4.0157 -6.5212 5.4919 4.0157 -6.5212 6.1888 0.2830 5.2305 12.1511 1.0721 10.0473 31.9877 -1.9496 -6.7947 59.7990 14.5868 25.0965 -17.4566 -2.0711 13.4299 1.3305 0.6873 54.6363 6.1331 -64.7392 3.8899 36.0390 77.0425 -29.0356 26.4923 -27.3682 31.1230 -0.0000 0.0000 0.0000 -23.5360 -59.3365 -13.5359 88.7761 69.8055 -68.6611 -26.9503 -48.7744 -29.7721 -0.0000 0.0000 0.0000
-0.3938 0.5942 -0.1228 -8.5501 11.7406 38.1896 2.1060 0.0837 -20.6108 2.1060 0.0837 -20.6108 8.0869 3.6413 -7.7164 8.0869 3.6413 -7.7164 8.2435 0.5559 7.7023 9.9557 1.0799 12.3503 36.1159 -1.7518 -5.3695 57.3582 14.2848 25.8052 -18.1055 -2.0451 12.7840 -0.1173 -0.0603 54.3903 3.3517 -64.4343 2.1124 43.8945 75.9035 -34.8935 26.0056 -31.2731 30.1911 -0.0000 0.0000 0.0000 -24.5756 -61.3131 -14.7128 97.4026 68.9024 -75.9744 -28.9605 -50.5101 -31.8286 -0.0000 0.0000 0.0000
-0.4009 0.6213 -0.0894 -7.9295 11.4322 37.0875 1.8446 0.2730 -20.9289 1.8446 0.2730 -20.9289 9.6088 2.9699 -8.9402 9.6088 2.9699 -8.9402 8.8876 0.6562 8.4286 9.9515 1.3240 15.1204 42.5429 -1.9358 -4.9697 53.9095 13.5722 26.3405 -16.7893 -1.7715 11.9615 -2.4686 -1.2241 52.7430 5.0609 -62.6430 3.0809 40.4852 75.1088 -31.6588 26.2973 -35.0543 30.1832 -0.0000 0.0000 0.0000 -18.2004 -61.2379 -10.8309 92.0391 71.1116 -73.0521 -25.9683 -50.7623 -28.5464 -0.0000 0.0000 0.0000
-0.4102 0.6567 -0.0465 -6.5870 11.3475 33.6182 1.6619 0.1047 -18.9523 1.6619 0.1047 -18.9523 8.7496 2.2243 -9.9867 8.7496 2.2243 -9.9867 6.5646 0.3250 5.6622 13.3514 2.0465 17.3534 48.8298 -3.7427 -8.2337 48.5617 11.7177 25.6297 -14.3900 -1.1207 8.8598 -8.1371 -3.4243 45.5886 14.3886 -57.9868 8.0027 15.8397 73.8383 -11.9341 30.3604 -37.7478 34.5156 -0.0000 0.0000 0.0000 -1.9685 -54.6642 -1.0175 47.4762 74.0199 -36.6812 -13.5159 -48.0440 -15.0075 -0.0000 0.0000 0.0000
-0.4201 0.6874 0.0034 -4.2043 11.6159 26.8941 1.7535 -0.4062 -14.1671 1.7535 -0.4062 -14.1671 3.8801 2.0315 -10.3061 3.8801 2.0315 -10.3061 0.7670 -0.0046 -0.6911 19.5073 2.9948 17.2938 45.6761 -6.8931 -16.2771 40.8344 8.5644 22.7473 -11.3335 -0.2793 2.8137 -17.1230 -4.1510 27.0699 27.8913 -47.1216 12.3605 -19.1556 64.8184 12.2288 40.5795 -36.8818 45.9937 -0.0000 0.0000 0.0000 12.8317 -34.3849 3.9853 -4.2835 54.9084 2.2263 8.8948 -34.3985 10.2816 -0.0000 0.0000 0.0000
-0.4267 0.7079 0.0573 -0.8969 11.8818 17.7029 2.2875 -0.6255 -7.2022 2.2875 -0.6255 -7.2022 -7.3448 2.6108 -8.0375 -7.3448 2.6108 -8.0375 -7.4418 0.5863 -8.9966 25.2394 3.2947 14.6396 34.0042 -6.7139 -21.7186 31.3117 5.0196 17.7783 -9.1250 0.5115 -6.4034 -21.9258 -0.4804 2.4798 36.0214 -30.5444 10.1462 -35.6207 47.3968 16.0532 52.1897 -31.5154 59.5110 -0.0000 0.0000 0.0000 15.8774 -6.8940 0.9625 -14.6029 22.6218 2.9361 20.8529 23.9318 31.6006 -0.0000 0.0000 0.0000
-0.4321 0.7138 0.1126 2.8112 11.5405 8.2838 2.8846 0.0139 0.0906 2.8846 0.0139 0.0906 -21.0382 0.2798 -2.9446 -21.0382 0.2798 -2.9446 -14.4272 2.0594 -16.1643 26.3543 2.5653 10.9254 23.8747 -4.2511 -19.9144 21.6361 2.2914 11.9496 -8.3520 1.2814 -17.4153 -18.5065 1.5542 -9.5185 38.6010 -14.3615 5.0527 -40.2440 30.3077 11.3335 58.1528 -21.6178 67.7172 -0.0000 0.0000 0.0000 10.2454 12.2780 -1.1049 -11.8545 0.3004 0.0312 -153.5992 76.2355 178.2216 -0.0000 0.0000 0.0000
-0.4363 0.7014 0.1659 5.5081 10.7108 2.9798 3.1760 0.8616 4.3473 3.1760 0.8616 4.3473 -26.4312 -3.3567 -0.3300 -26.4312 -3.3567 -0.3300 -18.7284 3.4291 -20.5761 27.8596 2.4946 10.0336 19.7870 -3.2655 -18.5641 14.9658 1.0802 8.2102 -10.3434 2.3563 -25.6033 -15.1964 1.5231 -11.3807 37.6656 -4.6654 1.5920 -37.7515 20.7229 7.1542 58.7090 -15.3633 69.5567 -0.0000 0.0000 0.0000 4.5865 19.0804 -0.7712 -6.9509 -5.5778 -0.3390 173.1968 61.0070 177.9252 -0.0000 0.0000 0.0000
-0.4400 0.6760 0.2132 7.6319 9.6172 -0.7069 3.2293 1.7017 7.3978 3.2293 1.7017 7.3978 -28.5478 -6.2374 0.8299 -28.5478 -6.2374 0.8299 -21.3732 4.5344 -23.6971 28.6845 2.2489 8.7796 17.0556 -2.5880 -17.1333 9.8970 0.4838 5.5833 -13.7455 3.9544 -31.9657 -11.6242 0.9419 -9.2338 36.4986 0.8989 -0.2964 -33.8493 15.5846 4.7690 56.4290 -9.4124 68.3124 -0.0000 0.0000 0.0000 0.0764 21.6307 -0.0146 -3.1953 -5.4754 -0.1528 153.2096 61.1442 171.7619 -0.0000 0.0000 0.0000
-0.4433 0.6577 0.2505 9.1344 8.4513 -2.8806 3.2226 2.3726 9.4524 3.2226 2.3726 9.4524 -29.4132 -8.3703 1.3762 -29.4132 -8.3703 1.3762 -22.6721 5.2846 -25.9276 29.0582 1.8987 7.3170 15.4818 -2.2364 -16.3425 5.1474 0.1724 3.8333 -17.2278 5.6641 -36.1703 -8.0250 0.3885 -5.5334 35.6582 4.4340 -1.4267 -29.3974 12.3624 3.2547 53.7926 -4.8133 66.4028 -0.0000 0.0000 0.0000 -2.8288 22.7756 0.5699 -1.2318 -3.5746 -0.0384 138.7951 65.5343 170.4251 -0.0000 0.0000 0.0000
-0.4455 0.6563 0.2744 10.2144 7.3082 -4.1689 3.2248 2.8322 10.7437 3.2248 2.8322 10.7437 -29.6632 -9.7105 1.4687 -29.6632 -9.7105 1.4687 -22.9099 5.7072 -27.6396 28.7995 1.5549 6.0509 14.1664 -1.9926 -15.9339 -0.3802 -0.0087 2.6130 -19.6687 6.8543 -38.1172 -4.4244 0.1110 -2.8721 35.3159 7.6345 -2.4336 -25.8906 9.4940 2.1871 52.4789 -1.3050 65.7557 -0.0000 0.0000 0.0000 -4.3490 23.8565 0.9191 -0.9872 -1.9866 -0.0171 128.0204 69.4485 172.3975 -0.0000 0.0000 0.0000
-0.4470 0.6548 0.2809 11.0615 6.3544 -4.8514 3.2591 3.1738 11.6092 3.2591 3.1738 11.6092 -29.6985 -10.3970 1.3192 -29.6985 -10.3970 1.3192 -23.0521 6.0425 -29.0214 28.6041 1.2908 5.0601 13.4838 -1.8741 -15.7551 -6.5427 -0.0899 1.5728 -20.8785 7.4422 -38.8857 -2.4665 0.0322 -1.4937 35.0934 9.6900 -3.0705 -23.8273 7.9390 1.6776 52.5215 -0.1733 66.0912 -0.0000 0.0000 0.0000 -4.1651 24.0980 0.8894 -3.1896 0.2814 0.0078 116.0532 73.8777 179.0208 -0.0000 0.0000 0.0000
-0.4478 0.6496 0.2792 11.9745 5.4068 -5.3311 3.4222 3.6386 12.5402 3.4222 3.6386 12.5402 -29.9392 -11.2425 1.2119 -29.9392 -11.2425 1.2119 -24.1109 6.6701 -30.5241 29.1123 0.9659 3.7186 12.9815 -1.7884 -15.6225 -13.5947 -0.0650 0.5450 -20.4168 7.6023 -40.5030 -0.6260 0.0021 -0.3830 34.7415 11.7196 -3.6777 -22.5235 6.8331 1.3622 52.6509 1.7538 66.7439 -0.0000 0.0000 0.0000 -2.4728 23.7748 0.5206 -7.9976 3.7841 0.2646 106.6441 76.8239 -172.4931 -0.0000 0.0000 0.0000
-0.4487 0.6441 0.2758 12.3348 4.7391 -5.3489 3.4488 3.6866 12.5901 3.4488 3.6866 12.5901 -29.6504 -10.9989 1.1811 -29.6504 -10.9989 1.1811 -23.9828 6.6927 -30.7831 28.8525 0.8118 3.1550 12.8333 -1.7607 -15.5605 -18.6749 -0.1517 0.9224 -20.3319 7.4419 -39.8694 -1.0046 0.0046 -0.5290 35.1365 12.9463 -4.1147 -22.2852 5.9152 1.1661 52.7004 1.6249 66.7667 -0.0000 0.0000 0.0000 1.2612 23.1079 -0.2578 -14.2002 6.4392 0.8029 101.4333 78.4231 -165.7954 -0.0000 0.0000 0.0000
-0.4497 0.6432 0.2693 12.0753 4.8003 -4.6938 2.9204 3.0175 11.2419 2.9204 3.0175 11.2419 -28.3682 -8.1986 0.1188 -28.3682 -8.1986 0.1188 -21.3568 5.5514 -28.8389 26.7709 0.9262 3.8909 13.1529 -1.7850 -15.3913 -19.8310 -0.5057 2.8923 -20.3731 6.6827 -36.0002 -5.3756 0.0499 -1.0634 36.2795 11.1240 -3.6547 -21.9064 6.2023 1.2015 51.5617 -3.9536 64.0585 -0.0000 0.0000 0.0000 5.6347 21.7615 -1.0840 -20.0508 8.5034 1.5060 95.1460 80.2002 -155.9591 -0.0000 0.0000 0.0000
-0.4504 0.6443 0.2572 11.3770 5.6134 -3.4593 1.6444 1.8037 8.3178 1.6444 1.8037 8.3178 -24.7990 -1.9758 -3.0048 -24.7990 -1.9758 -3.0048 -15.9831 3.5069 -24.6025 24.5163 1.3221 6.0795 14.3868 -1.9919 -15.6854 -17.1650 -1.0076 6.6689 -21.4392 5.7117 -29.5252 -12.7046 0.0724 -0.6507 36.7084 6.9575 -2.3108 -19.7384 7.7943 1.3580 48.5346 -12.3709 58.7804 -0.0000 0.0000 0.0000 10.5135 19.4180 -1.8037 -24.6262 10.7296 2.3485 45.6124 81.4510 -109.5866 -0.0000 0.0000 0.0000
-0.4521 0.6456 0.2398 10.2880 6.9880 -1.5054 -0.4965 0.5216 3.7486 -0.4965 0.5216 3.7486 -14.8751 4.3935 -9.0688 -14.8751 4.3935 -9.0688 -7.7912 1.2182 -17.7468 22.2782 1.6880 8.5577 16.5970 -2.1929 -14.9512 -11.1601 -1.1978 12.2138 -23.3832 4.5593 -21.7779 -21.6674 -0.2815 1.4711 36.6967 0.5081 -0.1685 -16.1002 11.1817 1.5864 43.0980 -21.3711 50.9925 -0.0000 0.0000 0.0000 14.8215 15.9404 -2.0866 -27.2938 13.5449 3.3031 -21.9219 59.0178 -59.9453 -0.0000 0.0000 0.0000
-0.4538 0.6475 0.2196 9.0449 8.6140 1.1595 -2.8465 -0.0878 -1.4818 -2.8465 -0.0878 -1.4818 -1.1434 4.1811 -14.7803 -1.1434 4.1811 -14.7803 1.2141 -0.1025 -9.6516 20.3571 1.8459 10.2547 19.9756 -2.2331 -12.6303 -3.9468 -0.6217 17.8975 -26.3102 3.5041 -14.9124 -29.1682 -1.2799 4.9164 36.2983 -7.5051 2.4633 -11.2318 16.4244 1.6261 35.8081 -27.4917 41.8178 -0.0000 0.0000 0.0000 17.9580 10.4959 -1.6630 -28.0947 19.2594 4.8618 -45.1014 -12.6645 -54.7850 -0.0000 0.0000 0.0000
-0.4550 0.6499 0.1985 8.1900 10.1812 4.2256 -4.2266 -0.0775 -5.2724 -4.2266 -0.0775 -5.2724 4.3963 3.1034 -15.5621 4.3963 3.1034 -15.5621 6.6663 -0.2229 -3.8254 20.2003 1.7591 9.8519 23.2378 -1.9615 -9.5189 0.9332 0.1733 21.0427 -29.8088 2.8274 -10.5946 -32.4108 -2.5979 8.9222 35.3353 -14.9367 4.7820 -6.0250 21.9852 1.1714 30.6059 -28.8227 35.7134 -0.0000 0.0000 0.0000 19.6351 1.7651 -0.3055 -28.2231 30.3359 7.7976 -42.1073 -45.7700 -46.5942 -0.0000 0.0000 0.0000
-0.4570 0.6522 0.1762 7.0712 11.6016 7.8205 -4.8713 0.1205 -8.2743 -4.8713 0.1205 -8.2743 5.7345 3.7231 -13.8846 5.7345 3.7231 -13.8846 9.9851 0.0340 0.3895 20.6223 1.4902 8.1773 25.4603 -1.4586 -6.4500 4.6262 0.9313 22.7529 -33.3841 2.1423 -7.1359 -33.7466 -3.7508 12.3229 35.1437 -21.5234 6.8890 -1.8289 26.9256 0.4379 26.1885 -27.8305 30.7261 -0.0000 0.0000 0.0000 20.5911 -9.0768 1.6522 -28.0934 43.3918 11.3694 -34.4675 -53.0567 -37.5698 -0.0000 0.0000 0.0000
-0.4588 0.6526 0.1527 5.8528 13.0119 11.4306 -5.0284 0.3436 -10.4189 -5.0284 0.3436 -10.4189 4.7502 5.5462 -10.8121 4.7502 5.5462 -10.8121 11.4893 0.3068 3.0489 21.0694 1.1426 6.1385 25.6381 -0.9415 -4.1360 7.2788 1.4826 22.9973 -36.1558 1.5550 -4.7614 -34.9042 -4.6323 14.6623 35.6807 -28.1534 9.2278 1.7713 31.1521 -0.4938 21.4048 -25.6563 25.3468 -0.0000 0.0000 0.0000 19.9851 -19.3948 3.4492 -26.7843 55.4489 14.2646 -24.8098 -47.7266 -27.5011 -0.0000 0.0000 0.0000
-0.4594 0.6516 0.1275 4.7598 14.5069 14.6016 -4.9872 0.5461 -11.9308 -4.9872 0.5461 -11.9308 2.3613 7.5706 -6.8376 2.3613 7.5706 -6.8376 11.9055 0.4570 4.3805 23.0724 1.0285 5.0359 26.5349 -0.6783 -2.8762 9.1137 1.8265 22.6208 -38.7042 1.2736 -3.6252 -35.3470 -5.0234 15.6772 35.7412 -33.6949 11.1531 5.1752 33.9342 -1.5799 17.6649 -22.3518 21.1843 -0.0000 0.0000 0.0000 19.1414 -27.1803 4.6683 -23.9427 64.4349 15.2210 -16.8916 -39.2077 -19.2150 -0.0000 0.0000 0.0000
-0.4595 0.6502 0.1009 3.8023 16.0797 17.2071 -4.8706 0.7255 -12.8531 -4.8706 0.7255 -12.8531 -0.7886 9.0092 -2.6247 -0.7886 9.0092 -2.6247 11.4582 0.4845 4.8268 25.8329 1.0347 4.5094 27.5761 -0.2836 -1.1557 10.3118 1.9890 21.7790 -40.6770 1.2917 -3.4839 -35.9885 -5.1325 15.7129 35.7393 -38.1081 12.7078 7.7734 35.3185 -2.4781 15.2335 -18.1629 18.5585 -0.0000 0.0000 0.0000 18.2037 -32.3494 5.3210 -19.6362 70.0372 13.8277 -12.0239 -30.4659 -14.0623 -0.0000 0.0000 0.0000
-0.4590 0.6424 0.0750 2.9163 17.6673 19.3689 -4.7492 0.8761 -13.2594 -4.7492 0.8761 -13.2594 -3.7048 9.5391 1.0184 -3.7048 9.5391 1.0184 10.7130 0.4012 4.2765 28.3583 1.1962 4.7322 28.9881 0.2406 0.9308 11.2239 2.0705 20.8412 -42.1806 1.6210 -4.2015 -36.6542 -5.0653 15.2116 35.7349 -41.7766 14.0269 9.7698 35.9185 -3.1736 14.2066 -13.8502 17.5964 -0.0000 0.0000 0.0000 17.2020 -36.2584 5.6702 -13.1068 74.2257 9.9357 -9.4791 -24.2408 -11.3219 -0.0000 0.0000 0.0000
-0.4587 0.6266 0.0527 1.9951 19.0909 21.4210 -4.6127 1.0089 -13.4526 -4.6127 1.0089 -13.4526 -5.9420 9.4296 3.8843 -5.9420 9.4296 3.8843 9.9576 0.2836 3.2550 30.1998 1.4536 5.3835 30.5629 0.9024 3.3021 11.9204 2.1419 20.3028 -43.0829 2.2089 -5.5920 -37.1437 -4.9381 14.6264 35.7384 -44.3737 14.9808 11.0317 35.7649 -3.5693 14.3368 -10.2993 18.0086 -0.0000 0.0000 0.0000 15.6754 -42.3853 6.1102 0.7911 80.4681 -0.6693 -9.6737 -22.9507 -11.6053 -0.0000 0.0000 0.0000
-0.4588 0.6060 0.0362 1.0131 20.2205 23.3912 -4.4557 1.1234 -13.5459 -4.4557 1.1234 -13.5459 -7.4546 8.9659 6.1018 -7.4546 8.9659 6.1018 9.4278 0.1626 1.9717 31.1881 1.7373 6.2190 32.0751 1.6505 5.7374 12.4144 2.2218 20.2177 -43.2521 2.9060 -7.3216 -37.4061 -4.7822 14.0631 35.8601 -45.4884 15.4496 11.5219 34.8874 -3.6314 14.9615 -7.8479 18.9797 -0.0000 0.0000 0.0000 13.7355 -50.0475 6.4360 54.7133 85.6250 -51.2186 -12.3319 -26.5220 -14.6072 -0.0000 0.0000 0.0000
-0.4593 0.5853 0.0263 0.0932 20.9200 25.1873 -4.3123 1.2265 -13.6613 -4.3123 1.2265 -13.6613 -8.5656 8.4933 8.0048 -8.5656 8.4933 8.0048 9.1453 0.0749 0.9371 31.5449 1.9462 6.8827 33.3171 2.3778 7.9348 12.9068 2.3137 20.2443 -42.8577 3.5736 -9.0891 -37.7246 -4.6183 13.4631 36.0881 -45.2674 15.4703 11.2913 33.4869 -3.4069 15.8987 -6.1416 20.3069 -0.0000 0.0000 0.0000 11.5182 -56.8966 6.2553 121.7213 82.4508 -115.0669 -15.7588 -30.2355 -18.4260 -0.0000 0.0000 0.0000
-0.4601 0.5685 0.0219 -0.7102 21.3625 26.7383 -4.2052 1.3177 -13.7907 -4.2052 1.3177 -13.7907 -9.5441 8.1174 9.7736 -9.5441 8.1174 9.7736 9.0322 0.0159 0.2012 31.3027 2.0330 7.2475 34.1812 3.0250 9.8168 13.5154 2.4169 20.1880 -42.2402 4.1417 -10.6959 -38.1460 -4.5265 13.0419 36.3514 -44.2045 15.1888 10.6324 31.6757 -3.0242 17.0662 -5.6908 21.8271 -0.0000 0.0000 0.0000 9.4191 -61.1810 5.5765 133.9788 78.0445 -124.6877 -18.7407 -32.9191 -21.7101 -0.0000 0.0000 0.0000
-0.4602 0.5569 0.0214 -1.3545 21.6545 27.9719 -4.1253 1.3868 -13.9296 -4.1253 1.3868 -13.9296 -10.4240 7.8589 11.3302 -10.4240 7.8589 11.3302 8.9686 -0.0178 -0.2265 30.6354 1.9710 7.1871 34.8607 3.5562 11.2936 14.3006 2.5298 19.9650 -41.8017 4.4909 -11.7250 -38.8217 -4.4961 12.7139 36.6137 -42.9212 14.8209 9.8768 29.7651 -2.6309 18.2162 -6.0085 23.2507 -0.0000 0.0000 0.0000 8.0209 -62.3990 4.8626 134.7529 75.4948 -123.4146 -18.7287 -32.8813 -21.6989 -0.0000 0.0000 0.0000
-0.4604 0.5487 0.0253 -1.8495 21.9082 28.8989 -4.1014 1.4350 -14.0227 -4.1014 1.4350 -14.0227 -11.1701 7.6755 12.6112 -11.1701 7.6755 12.6112 9.0275 -0.0509 -0.6454 29.5992 1.7972 6.7949 35.3257 3.8965 12.1952 15.2842 2.6487 19.5518 -41.5994 4.6206 -12.1251 -39.6111 -4.4916 12.4296 36.8070 -42.0474 14.5747 9.3730 27.9204 -2.3349 19.6271 -6.8718 24.9384 -0.0000 0.0000 0.0000 7.9091 -60.6389 4.6301 129.8516 74.8021 -117.0713 -14.4153 -28.4975 -16.9556 -0.0000 0.0000 0.0000
-0.4603 0.5412 0.0337 -2.2037 22.0947 29.5770 -4.1022 1.4643 -14.1396 -4.1022 1.4643 -14.1396 -11.6800 7.5768 13.6140 -11.6800 7.5768 13.6140 9.0706 -0.0622 -0.7843 28.2871 1.5572 6.1741 35.5954 4.0997 12.7237 16.2869 2.7686 19.1709 -41.3262 4.6363 -12.2535 -40.5190 -4.5451 12.2731 36.9664 -41.4549 14.4185 9.0596 26.2221 -2.1143 20.9491 -7.6484 26.5096 -0.0000 0.0000 0.0000 7.7482 -57.7775 4.2798 123.7604 74.1139 -109.4259 -7.0346 -17.9623 -8.5958 -0.0000 0.0000 0.0000
-0.4601 0.5327 0.0471 -2.4839 22.2699 30.0728 -4.1191 1.4785 -14.2279 -4.1191 1.4785 -14.2279 -12.0599 7.4739 14.4222 -12.0599 7.4739 14.4222 9.2027 -0.0740 -0.9190 26.6308 1.3299 5.6147 35.2842 4.1567 13.0195 17.1507 2.8636 18.8230 -40.6279 4.6174 -12.4310 -41.3987 -4.6623 12.2983 37.1752 -40.8767 14.2866 8.7942 24.5173 -1.9144 21.9176 -7.7302 27.7081 -0.0000 0.0000 0.0000 7.5259 -55.2032 3.9388 118.6674 73.3958 -102.9899 -2.2593 -9.1966 -2.8594 -0.0000 0.0000 0.0000
-0.4596 0.5244 0.0627 -2.7077 22.4165 30.4395 -4.1514 1.4861 -14.3027 -4.1514 1.4861 -14.3027 -12.2962 7.3432 15.0962 -12.2962 7.3432 15.0962 9.4025 -0.0835 -1.0148 24.8081 1.1344 5.1546 34.4560 4.0906 13.1394 17.8723 2.9298 18.4747 -39.5936 4.5821 -12.6842 -42.1545 -4.8183 12.4597 37.3714 -40.3081 14.1515 8.5588 22.9445 -1.7401 22.5500 -7.1612 28.5627 -0.0000 0.0000 0.0000 7.2285 -53.0504 3.6116 114.7239 72.7035 -97.9380 0.8530 -2.1222 1.1143 -0.0000 0.0000 0.0000
-0.4592 0.5191 0.0777 -2.9137 22.5896 30.7043 -4.2098 1.4862 -14.3212 -4.2098 1.4862 -14.3212 -12.4929 7.1452 15.7139 -12.4929 7.1452 15.7139 9.6818 -0.1072 -1.2660 22.8420 0.9721 4.8094 33.3511 3.9668 13.1894 18.5265 2.9944 18.2088 -38.4776 4.5797 -13.0724 -42.8012 -4.9721 12.6434 37.5345 -39.8827 14.0559 8.3977 21.5285 -1.5993 22.8176 -6.5765 28.9669 -0.0000 0.0000 0.0000 6.9700 -51.2041 3.3429 110.9424 72.3081 -93.4428 2.4322 0.9582 3.2245 -0.0000 0.0000 0.0000
-0.4588 0.5203 0.0896 -3.1623 22.8282 30.9518 -4.2648 1.4850 -14.2824 -4.2648 1.4850 -14.2824 -12.7154 6.8171 16.2805 -12.7154 6.8171 16.2805 10.0305 -0.1516 -1.7273 20.8436 0.8460 4.5970 32.2758 3.8654 13.3038 19.1040 3.0630 18.0556 -37.2863 4.5575 -13.4538 -43.2605 -5.0939 12.8008 37.6023 -39.7436 14.0302 8.4026 20.4719 -1.5199 22.9596 -6.5814 29.1437 -0.0000 0.0000 0.0000 6.7097 -50.4825 3.1661 108.5326 72.2426 -90.8157 2.8362 -1.9133 3.7079 -0.0000 0.0000 0.0000
-0.4586 0.5276 0.0976 -3.4626 23.1307 31.2041 -4.3190 1.4920 -14.1856 -4.3190 1.4920 -14.1856 -12.9796 6.3200 16.7708 -12.9796 6.3200 16.7708 10.4517 -0.2195 -2.3990 19.0078 0.7597 4.5353 31.4022 3.8030 13.4712 19.7313 3.1385 17.9039 -36.2211 4.5050 -13.7156 -43.5594 -5.1607 12.8704 37.5225 -39.7796 14.0121 8.5338 19.5095 -1.4697 23.3261 -7.3139 29.5108 -0.0000 0.0000 0.0000 7.4801 -49.4613 3.4492 102.7876 73.3156 -85.9732 1.5614 -10.1277 1.9686 -0.0000 0.0000 0.0000
-0.4585 0.5378 0.1010 -3.7905 23.4272 31.4851 -4.3570 1.5074 -14.0502 -4.3570 1.5074 -14.0502 -13.2546 5.7328 17.1377 -13.2546 5.7328 17.1377 10.8487 -0.2933 -3.0885 17.4884 0.7054 4.5836 30.7621 3.7649 13.6265 20.2907 3.2089 17.7926 -35.0938 4.4428 -13.9878 -43.7491 -5.1988 12.9031 37.3084 -39.9616 13.9955 8.7708 18.9758 -1.4686 24.0103 -8.4155 30.2247 -0.0000 0.0000 0.0000 8.2747 -49.4045 3.8116 98.3024 74.4739 -82.6323 -1.5387 -19.9903 -1.8673 -0.0000 0.0000 0.0000
-0.4585 0.5468 0.1017 -4.1363 23.7090 31.7877 -4.3441 1.5280 -13.9376 -4.3441 1.5280 -13.9376 -13.5493 5.1258 17.4300 -13.5493 5.1258 17.4300 11.1873 -0.3633 -3.7080 16.2021 0.6649 4.6686 30.2313 3.7175 13.7018 20.6978 3.2590 17.7092 -33.8990 4.3509 -14.2096 -43.8538 -5.2036 12.8812 37.0791 -39.8841 13.8751 8.9003 18.5037 -1.4526 24.8691 -9.4837 31.1523 -0.0000 0.0000 0.0000 9.4750 -49.2024 4.3460 91.6508 75.8517 -77.4581 -8.0841 -32.1061 -9.4126 -0.0000 0.0000 0.0000
-0.4584 0.5526 0.1010 -4.4780 23.9569 32.0959 -4.2808 1.5514 -13.8740 -4.2808 1.5514 -13.8740 -13.7798 4.6004 17.6453 -13.7798 4.6004 17.6453 11.4113 -0.4206 -4.2075 15.0080 0.6166 4.6784 29.6848 3.6145 13.5801 20.9570 3.2860 17.6312 -32.8056 4.2506 -14.3706 -43.8482 -5.1914 12.8529 36.8508 -39.8139 13.7582 8.9848 18.2653 -1.4473 25.4839 -10.5925 31.7689 -0.0000 0.0000 0.0000 10.4700 -49.3317 4.8187 85.3461 76.9773 -72.4840 -17.7294 -42.5376 -19.9726 -0.0000 0.0000 0.0000
-0.4583 0.5553 0.1005 -4.7555 24.1570 32.3348 -4.1767 1.5675 -13.8732 -4.1767 1.5675 -13.8732 -13.8919 4.2446 17.8177 -13.8919 4.2446 17.8177 11.5173 -0.4478 -4.4382 13.9279 0.5454 4.4628 29.1339 3.4568 13.2469 21.1574 3.3144 17.6116 -32.0942 4.1753 -14.4454 -43.8377 -5.1685 12.8001 36.7332 -39.6190 13.6395 8.8413 17.9895 -1.4022 25.5854 -11.4812 31.7832 -0.0000 0.0000 0.0000 11.2187 -48.8824 5.1117 78.8186 77.5112 -66.8178 -23.3202 -47.1308 -25.9023 -0.0000 0.0000 0.0000
-0.4584 0.5583 0.1019 -4.9606 24.3242 32.4829 -4.0266 1.5784 -13.9696 -4.0266 1.5784 -13.9696 -13.7408 4.1377 17.6282 -13.7408 4.1377 17.6282 11.2588 -0.4328 -4.3892 12.6560 0.4513 4.0675 28.1401 3.1761 12.6245 21.0196 3.3128 17.7195 -31.5076 4.1008 -14.4654 -43.7015 -5.0775 12.6191 36.6113 -39.8769 13.6866 8.9099 18.2124 -1.4309 25.1551 -12.3201 31.1576 -0.0000 0.0000 0.0000 11.6216 -49.0810 5.3206 74.5741 77.8352 -63.1656 -26.0830 -50.1194 -28.7198 -0.0000 0.0000 0.0000
-0.4584 0.5646 0.1050 -5.1119 24.5365 32.4989 -3.8257 1.5940 -14.2720 -3.8257 1.5940 -14.2720 -13.2079 4.3540 16.8364 -13.2079 4.3540 16.8364 10.3461 -0.3606 -3.9811 10.9110 0.3440 3.6007 26.9608 2.8140 11.7002 20.3097 3.2802 18.1649 -31.0361 4.0594 -14.5472 -43.3893 -4.8483 12.1480 36.4282 -40.9916 14.0245 9.4375 19.2972 -1.6080 24.1145 -12.9354 29.8195 -0.0000 0.0000 0.0000 12.5279 -48.9048 5.7148 66.5180 78.1632 -56.0838 -23.3154 -49.2199 -25.7528 -0.0000 0.0000 0.0000
-0.4586 0.5759 0.1089 -5.1548 24.8958 32.1860 -3.6072 1.6082 -14.7751 -3.6072 1.6082 -14.7751 -12.2948 4.8580 15.3574 -12.2948 4.8580 15.3574 8.6839 -0.2434 -3.2044 8.6085 0.2414 3.2062 25.4497 2.3505 10.3820 18.6160 3.1486 19.0386 -30.4218 4.0190 -14.7062 -42.7701 -4.4886 11.4302 36.1585 -43.3446 14.7831 10.5474 21.6797 -2.0251 22.9214 -12.6174 28.4002 -0.0000 0.0000 0.0000 14.2017 -48.9903 6.4970 54.3896 78.7726 -45.7446 -22.0497 -46.9713 -24.5102 -0.0000 0.0000 0.0000
-0.4588 0.5912 0.1130 -5.0928 25.4765 31.4641 -3.4435 1.6364 -15.3994 -3.4435 1.6364 -15.3994 -11.1860 5.4812 13.4221 -11.1860 5.4812 13.4221 6.3585 -0.1325 -2.3855 6.0974 0.1602 3.0075 23.9681 1.8629 8.7601 16.1320 2.8887 20.1770 -29.7161 3.9407 -14.7773 -42.0103 -4.0308 10.4729 35.9917 -46.6934 15.9630 12.1876 25.2832 -2.7434 21.6493 -11.5314 26.9584 -0.0000 0.0000 0.0000 17.3094 -47.3997 7.6452 29.3666 78.0597 -23.9847 -21.0856 -42.8594 -23.7110 -0.0000 0.0000 0.0000
-0.4591 0.6081 0.1159 -4.9374 26.2097 30.3872 -3.3723 1.6841 -16.0915 -3.3723 1.6841 -16.0915 -9.9370 6.0561 11.4310 -9.9370 6.0561 11.4310 3.1180 -0.0516 -1.8964 3.3854 0.0827 2.7985 22.1635 1.3629 6.9504 12.9841 2.4547 21.3252 -29.4525 3.9428 -14.9220 -41.3773 -3.4794 9.1965 36.0535 -50.6859 17.5243 14.0596 29.9909 -3.7837 20.3206 -10.0389 25.4743 -0.0000 0.0000 0.0000 20.5897 -45.2252 8.6530 5.6302 75.0165 -4.3229 -22.5181 -39.0757 -25.5829 -0.0000 0.0000 0.0000
-0.4594 0.6233 0.1179 -4.6105 26.8164 29.0681 -3.5085 1.7633 -16.6905 -3.5085 1.7633 -16.6905 -8.6710 6.5103 9.8393 -8.6710 6.5103 9.8393 -0.9831 0.0193 -2.2490 1.3438 0.0310 2.6441 20.1522 0.8776 4.9357 9.4409 1.8723 22.3874 -30.2002 4.0894 -15.0746 -40.9854 -3.0225 8.0756 36.3146 -54.2113 19.0583 15.3211 34.7902 -4.8258 19.0785 -8.3676 24.0981 -0.0000 0.0000 0.0000 23.1300 -41.9856 8.9796 -9.2022 70.0285 6.4539 -23.5768 -35.6191 -27.0456 -0.0000 0.0000 0.0000
-0.4591 0.6350 0.1202 -4.1438 27.0913 27.7291 -3.8786 1.8941 -17.1073 -3.8786 1.8941 -17.1073 -7.4715 6.8682 8.6976 -7.4715 6.8682 8.6976 -5.6942 0.1732 -3.4807 0.6722 0.0172 2.9349 18.2626 0.4927 3.0645 5.8768 1.2127 23.2995 -31.6845 4.2063 -14.7478 -40.3249 -2.7271 7.4181 36.4953 -57.0947 20.3378 16.1005 39.4998 -5.8140 17.9705 -8.1139 22.7368 -0.0000 0.0000 0.0000 24.4034 -39.3506 8.8426 -16.4727 65.8163 10.7028 -24.3845 -33.1471 -28.1693 -0.0000 0.0000 0.0000
-0.4587 0.6423 0.1230 -3.7148 27.0426 26.6659 -4.3560 2.0708 -17.4016 -4.3560 2.0708 -17.4016 -6.2488 7.2161 7.9005 -6.2488 7.2161 7.9005 -10.4167 0.4702 -5.1549 1.3660 0.0445 3.7306 16.9128 0.2378 1.5995 2.6842 0.5885 24.7289 -33.7206 4.3020 -14.1295 -39.1003 -2.6285 7.3932 36.4315 -59.1484 21.1565 16.0941 42.8260 -6.3468 17.6727 -6.7431 22.4932 -0.0000 0.0000 0.0000 24.6966 -39.0503 8.8781 -19.8230 64.6058 12.6084 -24.4173 -31.6436 -28.3353 -0.0000 0.0000 0.0000
-0.4581 0.6465 0.1249 -2.8933 26.0937 25.6691 -5.1350 2.2656 -17.4980 -5.1350 2.2656 -17.4980 -4.6270 7.8841 7.0854 -4.6270 7.8841 7.0854 -14.8527 0.8998 -6.8947 2.7675 0.1032 4.2703 15.6120 -0.0009 -0.0062 -0.4848 -0.1161 26.9421 -35.7085 4.3224 -13.3644 -37.7347 -2.8414 8.3015 35.4616 -60.1002 20.9592 16.1570 46.3842 -6.9599 18.2746 -3.4820 23.5846 -0.0000 0.0000 0.0000 23.3735 -39.2050 8.4262 -20.0514 66.0549 13.1123 -24.2993 -30.5275 -28.2965 -0.0000 0.0000 0.0000
-0.4568 0.6483 0.1248 -1.5522 24.0143 24.6796 -6.2652 2.4547 -17.3733 -6.2652 2.4547 -17.3733 -2.5693 8.9235 6.0426 -2.5693 8.9235 6.0426 -18.9021 1.4358 -8.6098 4.1588 0.1560 4.2942 13.7119 -0.2642 -2.1975 -3.2088 -0.8619 30.0634 -37.6543 4.0961 -11.9748 -36.0434 -3.2643 10.0106 32.8867 -59.2392 19.0505 16.4129 51.5766 -7.9720 19.2122 4.8858 25.7990 -0.0000 0.0000 0.0000 20.3042 -38.6236 7.1811 -16.8151 68.9711 11.5944 -23.2815 -28.9867 -27.2538 -0.0000 0.0000 0.0000
-0.4529 0.6463 0.1215 0.0599 21.2150 23.7891 -7.5571 2.6298 -17.1045 -7.5571 2.6298 -17.1045 -0.4797 10.0309 4.8913 -0.4797 10.0309 4.8913 -23.3316 2.0508 -9.9090 4.3816 0.1349 3.5265 9.4456 -0.4462 -5.3974 -5.2779 -1.5787 33.2845 -39.7458 3.6417 -10.0526 -34.3697 -3.7155 11.9745 29.1801 -56.3139 15.8625 18.1960 58.6527 -10.2813 17.2639 26.9163 26.9593 -0.0000 0.0000 0.0000 16.1855 -36.9333 5.4373 -10.2654 72.2098 7.4963 -20.7905 -25.6164 -24.6291 -0.0000 0.0000 0.0000
-0.4477 0.6402 0.1167 1.7495 18.0932 23.0036 -8.9112 2.8154 -16.6717 -8.9112 2.8154 -16.6717 1.4231 10.9957 3.7050 1.4231 10.9957 3.7050 -28.6523 2.7120 -10.5912 3.8780 0.0721 2.1308 0.8906 -0.0790 -10.1423 -6.6000 -2.1817 36.5499 -42.5162 2.8840 -7.4043 -32.4127 -4.0882 14.0018 24.6061 -51.0334 11.8864 23.1342 66.5147 -15.2898 7.8472 57.3130 21.5377 -0.0000 0.0000 0.0000 12.1179 -33.3230 3.6390 -0.7380 74.8077 0.5643 -14.5043 -15.8933 -17.8239 -0.0000 0.0000 0.0000
-0.4414 0.6353 0.1135 3.2383 15.2791 22.2603 -10.0786 3.0046 -16.2633 -10.0786 3.0046 -16.2633 2.5941 11.6506 2.9500 2.5941 11.6506 2.9500 -34.9051 3.3356 -10.5827 2.1142 0.0245 1.3283 -11.7000 1.5190 -14.7447 -7.7787 -2.7792 39.2730 -46.0418 2.0958 -4.9300 -30.0528 -4.2711 15.8168 19.7819 -46.0269 8.4714 33.0482 74.3878 -25.3755 1.4731 68.7143 9.5529 -0.0000 0.0000 0.0000 9.2568 -29.8528 2.4726 8.0554 76.5529 -6.3603 -8.0994 -1.7692 -10.5850 -0.0000 0.0000 0.0000
-0.4342 0.6311 0.1115 4.2157 13.4206 21.6037 -10.8367 3.2052 -16.0572 -10.8367 3.2052 -16.0572 3.0183 11.8620 2.8333 3.0183 11.8620 2.8333 -41.4906 3.9411 -10.3806 -1.3490 -0.0156 1.3208 -26.3851 4.1820 -17.7063 -9.1031 -3.4470 41.4106 -50.9388 1.5150 -3.1799 -26.6321 -4.0462 16.9769 15.1990 -43.4587 6.0875 50.6368 80.3052 -43.5161 0.0665 67.0902 0.3489 -0.0000 0.0000 0.0000 7.5390 -29.2393 1.9692 15.2602 78.6741 -12.5311 -3.4616 12.8579 -4.9064 -0.0000 0.0000 0.0000
-0.4281 0.6210 0.1076 4.8629 12.1940 21.0456 -11.3537 3.3923 -15.9016 -11.3537 3.3923 -15.9016 3.1470 11.8429 3.0402 3.1470 11.8429 3.0402 -48.3515 4.7424 -10.5404 -6.3687 -0.0773 1.3888 -35.7299 5.7769 -17.7939 -10.8266 -4.3369 43.5613 -56.4865 0.7708 -1.4349 -22.2139 -3.4295 17.3410 10.9119 -44.0505 4.4255 85.7939 83.8672 -79.7015 -0.9961 61.4011 -3.3401 -0.0000 0.0000 0.0000 6.2930 -30.3132 1.7062 23.1218 81.0243 -19.8286 -2.5212 14.4822 -3.6119 -0.0000 0.0000 0.0000
-0.4224 0.6051 0.0995 5.4064 11.2338 20.4067 -11.7539 3.5635 -15.8965 -11.7539 3.5635 -15.8965 3.2538 11.7348 3.2724 3.2538 11.7348 3.2724 -54.5973 5.7587 -11.1322 -12.8192 -0.1039 0.9247 -37.3023 5.8607 -17.2473 -13.2283 -5.6744 46.2841 -61.4984 0.1286 -0.2162 -17.4194 -2.5933 16.8092 6.8381 -46.7947 2.9616 135.5297 84.0544 -131.2025 -2.1983 55.4750 -5.6977 -0.0000 0.0000 0.0000 5.1576 -31.4704 1.4541 32.0604 82.8546 -28.4546 -5.6986 -3.5894 -7.3889 -0.0000 0.0000 0.0000
-0.4163 0.5904 0.0867 5.8207 10.6650 19.7274 -12.0362 3.7179 -15.9939 -12.0362 3.7179 -15.9939 3.2610 11.5304 3.6533 3.2610 11.5304 3.6533 -59.9811 6.9350 -11.9871 -17.9976 0.0103 -0.0647 -34.4623 5.2219 -16.7288 -15.2961 -7.0784 49.4609 -65.8011 -1.0085 1.5588 -13.0756 -1.7737 15.3847 3.3461 -50.7604 1.5878 157.6468 80.9215 -153.9139 -3.1454 49.2685 -6.8530 -0.0000 0.0000 0.0000 3.7302 -31.9276 1.0674 42.3714 83.7688 -38.3320 -17.7805 -40.1128 -20.1688 -0.0000 0.0000 0.0000
-0.4095 0.5807 0.0706 6.0797 10.3378 18.7208 -12.0764 3.7259 -15.9533 -12.0764 3.7259 -15.9533 3.0815 10.9664 4.0007 3.0815 10.9664 4.0007 -65.0369 8.3682 -13.0922 -20.5058 0.2361 -1.3050 -30.6093 4.6301 -16.8072 -15.7224 -8.4264 56.1640 -68.6784 -3.2905 4.8151 -9.0046 -1.0461 13.2265 1.1299 -53.7815 0.5730 163.4699 78.3301 -159.7775 -3.1966 45.2192 -6.4049 -0.0000 0.0000 0.0000 2.9683 -31.7847 0.8453 51.8145 84.3552 -47.5074 -33.8641 -61.0079 -36.2081 -0.0000 0.0000 0.0000
-0.4046 0.5784 0.0557 6.4352 9.9368 18.7005 -12.5813 3.9525 -16.1926 -12.5813 3.9525 -16.1926 3.0132 10.4323 5.2966 3.0132 10.4323 5.2966 -68.8245 9.8197 -14.2953 -19.2347 0.2113 -1.2471 -28.2242 4.2397 -16.7511 -13.2994 -9.3021 69.8168 -68.7703 -3.6216 5.2902 -5.1208 -0.5095 11.3570 -0.3869 -54.5934 -0.1996 161.5046 79.1789 -157.7232 -3.0129 44.6045 -5.9697 -0.0000 0.0000 0.0000 2.9014 -31.3295 0.8138 41.7691 83.8866 -37.8506 -43.6643 -65.5774 -46.0755 -0.0000 0.0000 0.0000
-0.4005 0.5865 0.0436 6.9073 9.1362 20.0288 -13.6208 4.5758 -16.8429 -13.6208 4.5758 -16.8429 3.3125 10.1360 7.5910 3.3125 10.1360 7.5910 -69.5016 10.2857 -14.7837 -18.5797 0.1829 -1.1180 -28.1176 4.0610 -16.1167 -5.6586 -5.7323 90.7423 -69.4179 -3.9420 5.6886 -1.4224 -0.1147 9.2238 0.1852 -51.9919 0.0903 136.3230 83.5902 -131.7073 -1.8831 44.4691 -3.7236 -0.0000 0.0000 0.0000 2.4099 -33.8502 0.7334 30.7362 83.7096 -27.6639 -36.2192 -59.1371 -38.8759 -0.0000 0.0000 0.0000
-0.3942 0.6071 0.0325 7.2745 8.5089 22.6463 -14.9319 5.7599 -17.9466 -14.9319 5.7599 -17.9466 3.9384 10.3408 10.5251 3.9384 10.3408 10.5251 -66.3098 9.7286 -14.8447 -21.1626 0.3384 -1.8114 -29.0934 3.8908 -14.9152 3.5800 5.0780 109.6506 -69.9034 -6.2954 8.9975 -0.5510 -0.0346 7.1871 3.3328 -46.6363 1.4369 48.1909 80.4712 -41.4545 0.0841 43.5114 0.1635 -0.0000 0.0000 0.0000 0.7677 -36.9726 0.2567 31.7871 83.0596 -28.3072 -29.4878 -49.9562 -32.4491 -0.0000 0.0000 0.0000
-0.3847 0.6298 0.0188 7.5473 8.0971 25.7556 -16.1443 7.4733 -19.5179 -16.1443 7.4733 -19.5179 4.5117 11.0826 13.1702 4.5117 11.0826 13.1702 -60.0193 8.3560 -14.4166 -28.3682 0.9937 -3.9303 -30.2704 3.7800 -13.9115 10.0826 17.0756 119.1221 -67.7683 -9.7661 14.4996 -2.9766 -0.1916 7.3632 8.2055 -39.6225 2.9604 28.0129 66.0617 -18.4245 1.1948 42.1996 2.2730 -0.0000 0.0000 0.0000 -1.7454 -37.3879 -0.5906 38.9455 80.8990 -33.5509 -22.5888 -38.0746 -25.7366 -0.0000 0.0000 0.0000
-0.3754 0.6469 -0.0024 7.5687 7.9659 28.0458 -16.1549 8.8320 -21.0649 -16.1549 8.8320 -21.0649 4.2033 11.8699 14.2120 4.2033 11.8699 14.2120 -54.9923 7.3410 -14.0526 -37.9548 2.5563 -7.4243 -29.7319 3.5852 -13.4488 17.4908 29.6336 119.6402 -59.9832 -15.3414 26.2708 -5.5663 -0.5106 10.4734 13.7898 -33.1662 4.1246 24.5554 49.8340 -11.5457 1.0339 42.2942 1.9700 -0.0000 0.0000 0.0000 -5.2572 -36.7099 -1.7453 52.9345 78.6113 -44.3498 -15.8920 -25.3361 -18.8788 -0.0000 0.0000 0.0000
-0.3667 0.6570 -0.0333 7.2373 8.0674 27.9357 -14.2161 8.4141 -21.6214 -14.2161 8.4141 -21.6214 2.6514 12.1019 12.5228 2.6514 12.1019 12.5228 -56.0187 7.7225 -14.4630 -46.8828 4.8384 -11.1302 -26.6949 3.2200 -13.5121 29.6912 41.0892 109.4592 -42.2556 -18.4169 45.5188 -4.9057 -0.6195 14.3861 18.9835 -28.7992 4.9160 24.1863 37.1413 -8.2344 0.7216 41.8555 1.3653 -0.0000 0.0000 0.0000 -7.6366 -36.4807 -2.5201 64.9917 77.8063 -54.4087 -10.3549 -13.8121 -12.8442 -0.0000 0.0000 0.0000
-0.3557 0.6615 -0.0675 6.8222 8.6572 27.4745 -12.0714 7.3754 -21.4746 -12.0714 7.3754 -21.4746 1.0113 12.0235 10.4328 1.0113 12.0235 10.4328 -60.1861 9.4546 -16.2421 -51.7046 6.8127 -14.0063 -23.9688 2.8358 -13.3021 43.4483 47.1062 95.1438 -27.4619 -15.0896 56.9200 -3.3878 -0.5414 18.1542 22.8682 -26.1859 5.3864 23.5351 27.8677 -5.9173 0.7539 40.3595 1.3938 -0.0000 0.0000 0.0000 -9.7326 -36.9976 -3.2632 75.8606 77.7074 -64.2412 -6.2682 -2.3417 -8.1736 -0.0000 0.0000 0.0000
-0.3429 0.6583 -0.1010 6.3919 9.3274 26.9940 -10.0790 6.2886 -21.0296 -10.0790 6.2886 -21.0296 -0.5447 11.7647 8.6660 -0.5447 11.7647 8.6660 -64.5508 12.1819 -19.1801 -54.7783 8.9120 -17.1075 -21.3843 2.5074 -13.2234 54.1253 47.9715 82.1033 -17.2310 -10.6222 63.0636 -1.7887 -0.3145 19.9421 25.7420 -24.7744 5.7459 22.6798 22.3085 -4.5289 1.4557 35.7130 2.5256 -0.0000 0.0000 0.0000 -13.2909 -41.5471 -5.0611 75.8490 80.4357 -66.7588 -5.7717 -1.9170 -7.5420 -0.0000 0.0000 0.0000
-0.3299 0.6484 -0.1312 5.8856 10.1547 26.5925 -8.3275 5.5019 -20.5808 -8.3275 5.5019 -20.5808 -1.8151 11.2896 7.4012 -1.8151 11.2896 7.4012 -67.2310 15.4700 -23.0951 -56.1705 11.9825 -22.2533 -19.3843 2.2134 -12.9061 58.9026 46.7188 74.8242 -10.9987 -7.2362 66.5912 -1.2873 -0.2258 19.8978 27.9700 -24.4528 6.1781 21.7292 19.5381 -3.7853 2.7932 29.5402 4.5220 -0.0000 0.0000 0.0000 -18.1168 -48.0078 -8.1219 71.5311 84.3751 -66.2771 -10.4878 -16.3378 -12.8833 -0.0000 0.0000 0.0000
-0.3172 0.6329 -0.1603 5.3801 11.0637 26.2661 -6.9264 5.0336 -20.2605 -6.9264 5.0336 -20.2605 -3.0083 10.7480 6.8824 -3.0083 10.7480 6.8824 -67.5496 18.7781 -27.7742 -55.0533 15.7323 -29.6952 -18.5434 2.0625 -12.5849 60.5013 45.4776 71.4045 -6.9234 -4.8154 69.6057 -1.3752 -0.2369 19.5476 29.5318 -24.8820 6.6558 21.0621 18.5755 -3.4827 4.6020 23.8523 7.0671 -0.0000 0.0000 0.0000 -23.9826 -53.4861 -12.2176 25.8046 86.7537 -24.4263 -17.5359 -25.4728 -20.8103 -0.0000 0.0000 0.0000
-0.2978 0.6134 -0.1897 4.9700 11.8675 25.9437 -5.7799 4.7234 -20.0917 -5.7799 4.7234 -20.0917 -4.2522 10.1854 6.8051 -4.2522 10.1854 6.8051 -66.1838 21.5753 -32.5950 -50.7265 19.3837 -39.6254 -18.6291 2.0659 -12.5463 62.9555 45.0614 68.2392 -3.3015 -2.4533 73.2248 -1.1398 -0.1946 19.3759 30.9013 -25.0935 7.0399 20.1400 18.0875 -3.2382 7.0267 20.1598 10.4669 -0.0000 0.0000 0.0000 -32.7013 -58.2138 -18.5535 -6.7865 86.8816 6.4276 -23.2102 -27.9735 -27.2582 -0.0000 0.0000 0.0000
-0.2768 0.5901 -0.2171 4.7533 12.4178 25.5229 -4.9210 4.4385 -19.8776 -4.9210 4.4385 -19.8776 -5.4112 9.7393 6.8658 -5.4112 9.7393 6.8658 -64.3897 23.0797 -35.9349 -44.2182 21.5957 -50.2979 -19.4785 2.1788 -12.6438 67.0042 45.2089 64.3388 0.4944 0.3901 76.5527 -0.4235 -0.0721 19.3266 32.0472 -25.4398 7.4181 19.1587 18.3141 -3.1166 9.6486 17.6901 14.0959 -0.0000 0.0000 0.0000 -42.6796 -59.8987 -25.3718 56.2535 88.2189 -54.7851 -27.4807 -27.3834 -32.2658 -0.0000 0.0000 0.0000
-0.2563 0.5696 -0.2394 4.5570 13.0715 24.9655 -4.1016 4.0414 -19.5039 -4.1016 4.0414 -19.5039 -6.3841 9.3836 6.9246 -6.3841 9.3836 6.9246 -62.3767 23.3110 -37.6347 -37.2483 22.0235 -60.0056 -20.9245 2.3643 -12.7527 70.4573 45.5431 61.4579 3.4083 2.7660 78.1158 0.5810 0.1004 19.6005 32.9710 -27.3805 8.2465 18.4790 20.5612 -3.3801 11.8626 15.6133 17.0612 -0.0000 0.0000 0.0000 -51.8515 -58.6738 -30.5622 126.0628 82.3659 -119.6366 -30.1189 -22.6771 -35.8460 -0.0000 0.0000 0.0000
-0.2349 0.5537 -0.2535 4.3935 13.6301 24.4733 -3.4163 3.5252 -18.7845 -3.4163 3.5252 -18.7845 -7.1302 9.0913 6.8717 -7.1302 9.0913 6.8717 -60.2538 22.6617 -38.0995 -31.9985 21.5339 -67.1054 -22.9526 2.6850 -13.1692 71.4988 45.7025 60.6889 4.4251 3.5930 78.1416 1.2954 0.2270 19.8772 33.5826 -31.6819 9.7875 18.9659 25.5649 -4.3405 13.5708 12.9978 19.1677 -0.0000 0.0000 0.0000 -59.9445 -56.7195 -34.5827 125.3255 78.5454 -115.3963 -28.7313 -21.5948 -34.3477 -0.0000 0.0000 0.0000
-0.2141 0.5414 -0.2571 4.2641 13.8900 24.1658 -2.9531 2.9439 -17.6666 -2.9531 2.9439 -17.6666 -7.3934 8.8398 6.7947 -7.3934 8.8398 6.7947 -57.8781 21.0408 -37.1310 -28.4639 21.1760 -72.7808 -26.0233 3.4143 -14.6985 70.7368 45.5363 61.1896 3.6588 2.9183 77.1447 1.5977 0.2873 20.3885 34.0991 -37.8771 12.0142 20.8244 32.6334 -6.1581 14.5812 10.1433 20.2267 -0.0000 0.0000 0.0000 -67.1771 -54.3810 -37.6759 125.5521 76.2408 -113.4997 -25.6072 -23.1254 -30.5137 -0.0000 0.0000 0.0000
-0.1939 0.5305 -0.2545 4.1046 13.9454 24.0455 -2.7151 2.3579 -16.2495 -2.7151 2.3579 -16.2495 -7.3435 8.6737 7.1368 -7.3435 8.6737 7.1368 -54.3952 18.8824 -35.8626 -24.7455 20.0950 -77.8555 -29.3295 4.9923 -18.9156 67.9970 44.8570 62.9303 1.2924 0.9925 75.0437 1.3557 0.2511 20.9866 34.5110 -44.6726 14.5458 24.3200 40.1627 -9.0082 15.1582 7.4584 20.6993 -0.0000 0.0000 0.0000 -72.6038 -51.1417 -38.7346 119.8313 74.8422 -105.7388 -24.6300 -21.3896 -29.5368 -0.0000 0.0000 0.0000
-0.1682 0.5198 -0.2496 3.9036 13.9081 24.0738 -2.6018 1.8232 -14.8069 -2.6018 1.8232 -14.8069 -7.1401 8.5113 7.8824 -7.1401 8.5113 7.8824 -50.2055 16.7407 -34.8716 -20.1386 17.4976 -81.8270 -30.9540 7.4545 -26.4785 64.4157 43.6359 64.8742 -1.3500 -0.9839 72.1684 0.7800 0.1478 21.4531 34.8733 -50.5212 16.8601 28.8646 46.7889 -12.7062 15.8362 5.3318 21.3676 -0.0000 0.0000 0.0000 -76.5580 -47.5499 -38.3398 111.6977 73.3858 -95.3758 -25.2896 -17.7806 -30.6985 -0.0000 0.0000 0.0000
-0.1448 0.5090 -0.2460 3.6901 13.7016 24.2101 -2.5707 1.3512 -13.2675 -2.5707 1.3512 -13.2675 -7.0114 8.3294 9.1583 -7.0114 8.3294 9.1583 -46.0807 14.8450 -34.0610 -14.6039 12.9374 -83.0080 -29.8389 10.3153 -37.4292 62.1184 42.0213 65.0528 -2.8242 -1.9763 69.9605 -0.0026 -0.0005 21.1765 35.1000 -54.2825 18.4179 32.4230 51.5321 -15.9773 16.7907 4.1618 22.5027 -0.0000 0.0000 0.0000 -78.7570 -43.3184 -36.1069 101.7381 71.1091 -82.5990 -26.7390 -13.5783 -32.9262 -0.0000 0.0000 0.0000
-0.1210 0.5001 -0.2463 3.4000 13.4933 24.4194 -2.4584 0.9344 -11.7666 -2.4584 0.9344 -11.7666 -7.0041 8.1006 10.7944 -7.0041 8.1006 10.7944 -42.2616 13.3307 -33.6470 -8.3328 7.0834 -80.7055 -25.0610 12.1180 -51.0573 61.1251 40.6183 64.1531 -3.0367 -2.0831 68.8921 -0.9698 -0.1713 20.0313 35.3815 -56.6146 19.4961 34.2784 55.2063 -18.3195 17.7554 3.8936 23.7468 -0.0000 0.0000 0.0000 -79.8265 -39.2546 -33.2220 93.5535 68.2177 -71.5560 -28.3377 -9.2575 -35.4341 -0.0000 0.0000 0.0000
-0.0954 0.4943 -0.2490 3.1247 13.0314 24.7786 -2.3162 0.5833 -10.2530 -2.3162 0.5833 -10.2530 -7.1236 7.8219 12.3743 -7.1236 7.8219 12.3743 -39.2939 12.2801 -33.5379 -3.3288 2.6126 -76.2466 -18.3210 11.3621 -63.3405 62.0174 39.5800 61.8132 -2.0896 -1.4413 69.1890 -1.9921 -0.3263 18.6006 35.2792 -57.9917 19.9891 35.1425 58.1238 -19.9612 18.4847 3.7771 24.6944 -0.0000 0.0000 0.0000 -80.3128 -36.4430 -31.0470 89.7789 66.1750 -65.9729 -28.6063 -8.2057 -35.9115 -0.0000 0.0000 0.0000
-0.0747 0.4925 -0.2491 2.8556 12.4439 25.2498 -2.1047 0.2915 -8.8258 -2.1047 0.2915 -8.8258 -7.0887 7.5779 13.4721 -7.0887 7.5779 13.4721 -37.1487 11.5273 -33.4371 0.7225 -0.5177 -71.2507 -11.2190 8.3087 -72.9670 63.9605 38.7695 58.8043 -0.7600 -0.5327 70.0561 -3.0260 -0.4621 17.3616 34.8678 -58.9750 20.1392 35.3321 60.5939 -21.0828 18.8844 3.9091 25.2378 -0.0000 0.0000 0.0000 -80.0027 -34.3100 -29.0449 86.4539 64.7920 -61.6252 -28.2366 -8.4641 -35.4218 -0.0000 0.0000 0.0000
-0.0569 0.4952 -0.2470 2.4782 12.0104 25.7482 -1.8257 0.0375 -7.5981 -1.8257 0.0375 -7.5981 -6.8678 7.4320 14.1722 -6.8678 7.4320 14.1722 -35.1962 10.8957 -33.4702 5.0531 -3.2718 -65.8260 -2.3141 1.9139 -79.1849 65.8534 38.2883 56.3875 0.0504 0.0358 70.7799 -4.0131 -0.5749 16.2990 34.4646 -59.9491 20.2850 35.1217 62.6834 -21.8177 19.0258 4.3445 25.4810 -0.0000 0.0000 0.0000 -78.7706 -32.6575 -27.0476 82.9181 63.3210 -57.1622 -28.1592 -8.6089 -35.3066 -0.0000 0.0000 0.0000
-0.0431 0.5021 -0.2427 1.8290 12.1258 26.2054 -1.4587 -0.1925 -6.7907 -1.4587 -0.1925 -6.7907 -6.4263 7.2521 14.2448 -6.4263 7.2521 14.2448 -33.2873 10.4246 -33.9396 9.4392 -5.5715 -61.0285 8.3677 -6.7713 -77.9264 66.5175 37.9133 55.2840 -0.3607 -0.2590 71.3619 -4.4550 -0.6049 15.4559 34.4560 -61.5956 20.9439 35.8024 64.7019 -23.1266 19.0862 4.5759 25.5912 -0.0000 0.0000 0.0000 -76.8160 -31.4330 -25.1531 78.6592 61.6636 -52.1218 -28.4189 -8.9543 -35.5758 -0.0000 0.0000 0.0000
-0.0305 0.5124 -0.2359 0.9204 12.6622 26.6796 -1.0608 -0.4117 -6.2069 -1.0608 -0.4117 -6.2069 -5.8730 6.8359 13.8564 -5.8730 6.8359 13.8564 -31.2212 10.0246 -34.8541 13.9070 -7.5282 -56.6887 20.9572 -14.3905 -68.6333 66.9602 37.1581 53.8812 -0.4453 -0.3283 72.7924 -4.7504 -0.6151 14.7472 34.7954 -63.6329 22.0023 36.6939 66.2144 -24.4041 19.1974 4.2804 25.6989 -0.0000 0.0000 0.0000 -74.2453 -30.3625 -23.2124 73.5804 59.7648 -46.5078 -29.0262 -9.3527 -36.2608 -0.0000 0.0000 0.0000
-0.0194 0.5249 -0.2271 -0.1929 13.4181 27.2459 -0.6573 -0.6036 -5.8348 -0.6573 -0.6036 -5.8348 -5.2833 6.1562 13.1096 -5.2833 6.1562 13.1096 -28.9315 9.6051 -36.0780 18.4386 -9.1379 -52.4260 33.9700 -17.8163 -54.3302 67.9345 36.0911 51.6179 0.5986 0.4609 75.1965 -5.0600 -0.6294 14.1714 35.4638 -65.9496 23.4396 37.6274 67.4249 -25.6139 19.4106 3.4272 25.8673 -0.0000 0.0000 0.0000 -70.9893 -29.1718 -21.0261 67.1524 57.8047 -40.2530 -29.6134 -9.8627 -36.9026 -0.0000 0.0000 0.0000
-0.0096 0.5382 -0.2166 -1.3857 14.1056 27.9071 -0.2750 -0.7626 -5.6343 -0.2750 -0.7626 -5.6343 -4.8701 5.4249 12.3519 -4.8701 5.4249 12.3519 -26.2886 9.0643 -37.4982 22.5442 -10.1196 -47.9042 43.6048 -16.6019 -40.0774 69.5733 34.6317 48.3410 3.2244 2.6304 78.4088 -5.5199 -0.6654 13.7369 36.1602 -68.1792 24.9184 38.7310 68.3300 -26.8344 19.7046 2.1792 26.0903 -0.0000 0.0000 0.0000 -67.0887 -27.5089 -18.4363 59.8090 55.5330 -33.6928 -30.1462 -11.2795 -37.3463 -0.0000 0.0000 0.0000
0.0041 0.5511 -0.2046 -2.4267 14.4387 28.5934 -0.0097 -0.8547 -5.4840 -0.0097 -0.8547 -5.4840 -4.7099 4.8089 11.6492 -4.7099 4.8089 11.6492 -23.7656 8.3931 -38.4480 25.1222 -10.1618 -43.5080 48.1172 -13.0528 -28.7452 71.6324 32.8632 44.4564 7.5013 6.4392 81.2648 -6.4982 -0.7721 13.5376 36.3653 -70.1073 25.9534 40.2336 69.2880 -28.4061 20.3124 0.4868 26.6630 -0.0000 0.0000 0.0000 -62.2987 -24.6855 -15.0680 50.6501 52.3607 -26.1946 -30.3143 -13.6163 -37.2237 -0.0000 0.0000 0.0000
0.0161 0.5626 -0.1924 -3.2560 14.4264 29.2179 0.1349 -0.8885 -5.3545 0.1349 -0.8885 -5.3545 -4.9033 4.4659 11.3159 -4.9033 4.4659 11.3159 -21.5806 7.7042 -38.9165 26.2527 -9.5008 -39.2284 48.2581 -9.1138 -20.1783 73.9470 31.1965 40.6926 12.4667 10.8380 81.9499 -7.6117 -0.9337 13.9668 35.9508 -71.5955 26.3380 41.4393 70.2378 -29.7950 21.0809 -0.8222 27.4858 -0.0000 0.0000 0.0000 -57.2504 -20.9788 -11.5404 41.5219 48.1747 -19.2373 -30.5602 -16.3071 -37.1567 -0.0000 0.0000 0.0000
0.0285 0.5717 -0.1814 -3.9559 14.2984 29.7467 0.2183 -0.8989 -5.2859 0.2183 -0.8989 -5.2859 -5.3108 4.3537 11.2837 -5.3108 4.3537 11.2837 -20.0830 7.2167 -39.2046 26.7099 -8.5953 -35.1302 45.5296 -5.9816 -14.1941 75.9955 29.6558 37.4399 16.6276 14.0413 80.2446 -8.0337 -1.0684 15.1265 35.3841 -72.7138 26.4282 42.3530 71.1620 -30.9824 21.7119 -1.7702 28.1719 -0.0000 0.0000 0.0000 -52.5313 -17.1130 -8.4928 33.7855 43.5025 -13.8172 -31.3455 -18.5029 -37.7993 -0.0000 0.0000 0.0000
0.0399 0.5781 -0.1723 -4.6255 14.2095 30.2517 0.2556 -0.9020 -5.2336 0.2556 -0.9020 -5.2336 -5.8116 4.2665 11.4269 -5.8116 4.2665 11.4269 -19.1994 7.0008 -39.7670 27.3652 -7.8803 -31.5944 42.2522 -4.2978 -11.0934 77.6855 28.1404 34.5770 19.8275 15.7840 76.8378 -7.9622 -1.2039 17.1697 35.1999 -73.3267 26.5719 41.6988 71.6782 -30.7603 21.8195 -2.1871 28.2556 -0.0000 0.0000 0.0000 -48.7965 -14.0478 -6.3973 28.4870 39.4846 -10.4108 -32.5007 -19.6791 -39.0031 -0.0000 0.0000 0.0000
0.0494 0.5816 -0.1655 -5.2595 14.1594 30.7747 0.2754 -0.9051 -5.2201 0.2754 -0.9051 -5.2201 -6.3154 4.0934 11.6061 -6.3154 4.0934 11.6061 -18.8287 6.8818 -39.8651 28.5766 -7.3042 -28.1394 40.0249 -3.5884 -9.8314 78.7794 26.8037 32.3631 21.2956 15.8822 73.1472 -7.2301 -1.2392 19.4263 35.4228 -73.5132 26.8327 40.0327 71.9339 -29.6153 21.6668 -2.3197 28.0441 -0.0000 0.0000 0.0000 -46.3426 -12.1982 -5.2371 25.3706 36.9376 -8.5986 -33.4717 -20.1580 -40.0753 -0.0000 0.0000 0.0000
0.0573 0.5829 -0.1604 -5.9471 14.2501 31.3850 0.2868 -0.9166 -5.2765 0.2868 -0.9166 -5.2765 -6.8220 3.8007 11.8655 -6.8220 3.8007 11.8655 -18.4236 6.5962 -39.1235 30.2680 -6.5677 -23.9552 39.6296 -3.3888 -9.3868 79.1152 25.6453 30.8109 20.9595 14.7765 70.0619 -6.0416 -1.1574 21.6713 36.4469 -73.2727 27.5150 36.9268 71.9873 -27.2649 21.3405 -2.3357 27.6266 -0.0000 0.0000 0.0000 -44.8168 -11.4378 -4.7293 23.8883 35.6595 -7.7846 -34.2117 -20.2857 -40.9211 -0.0000 0.0000 0.0000
0.0650 0.5831 -0.1563 -6.6325 14.3556 32.1051 0.2333 -0.9141 -5.3397 0.2333 -0.9141 -5.3397 -7.3657 3.3244 12.0744 -7.3657 3.3244 12.0744 -17.8556 6.0955 -37.4461 31.8334 -5.6669 -19.6918 40.3884 -3.3994 -9.2250 79.1961 24.3723 29.2624 20.1151 13.4693 67.3104 -4.8820 -1.0479 24.2161 37.7747 -72.7082 28.2684 32.8296 72.0069 -24.1652 21.1198 -2.7396 27.2954 -0.0000 0.0000 0.0000 -43.6288 -10.9770 -4.4050 22.4916 34.9096 -7.1550 -34.2434 -20.4804 -40.9318 -0.0000 0.0000 0.0000
0.0718 0.5830 -0.1523 -7.3476 14.5258 32.9351 0.1366 -0.8885 -5.4108 0.1366 -0.8885 -5.4108 -8.0440 2.6998 12.2753 -8.0440 2.6998 12.2753 -17.0974 5.4366 -35.0575 33.1200 -4.4501 -14.8890 41.9417 -3.3895 -8.8285 79.0105 22.9867 27.7071 18.7756 11.9756 64.7839 -3.4757 -0.8368 27.0662 38.8129 -72.1718 28.8000 28.6765 71.9242 -21.0125 21.2206 -3.2857 27.3568 -0.0000 0.0000 0.0000 -42.8976 -10.9731 -4.3223 21.3229 34.6395 -6.7195 -33.7545 -21.0672 -40.2842 -0.0000 0.0000 0.0000
0.0784 0.5831 -0.1487 -8.0735 14.7528 33.7985 0.0300 -0.8455 -5.4933 0.0300 -0.8455 -5.4933 -8.8103 2.0494 12.5066 -8.8103 2.0494 12.5066 -16.1929 4.7319 -32.3906 33.9749 -2.9418 -9.6094 43.7258 -3.2331 -8.0465 78.6098 21.4691 26.0770 17.0893 10.3144 61.9865 -1.7516 -0.4792 30.5994 39.5377 -72.0446 29.2921 26.2026 72.0005 -19.1948 21.2174 -3.9735 27.2696 -0.0000 0.0000 0.0000 -41.9885 -10.6187 -4.0849 20.0976 34.0685 -6.2154 -33.1797 -21.9173 -39.5047 -0.0000 0.0000 0.0000
0.0846 0.5833 -0.1455 -8.8203 15.0528 34.6743 -0.0661 -0.7851 -5.5534 -0.0661 -0.7851 -5.5534 -9.5901 1.3840 12.7057 -9.5901 1.3840 12.7057 -14.9606 4.0714 -30.2946 34.1094 -1.6219 -5.2837 45.2913 -2.9414 -7.0431 77.9772 19.9722 24.5442 15.2706 8.6498 58.8588 -0.3014 -0.0947 34.8686 40.6495 -72.2244 30.2429 24.2149 72.2983 -17.8128 21.1970 -4.4474 27.1871 -0.0000 0.0000 0.0000 -40.7530 -9.6684 -3.5985 18.6956 32.9933 -5.5819 -32.6798 -22.9363 -38.7948 -0.0000 0.0000 0.0000
0.0890 0.5822 -0.1420 -9.5225 15.3288 35.5527 -0.1274 -0.7213 -5.5960 -0.1274 -0.7213 -5.5960 -10.2491 0.7686 12.8657 -10.2491 0.7686 12.8657 -13.5362 3.4333 -28.3459 33.7449 -0.8263 -2.7240 46.4514 -2.6045 -6.0646 77.1365 18.6963 23.3297 13.3721 7.0761 55.6179 0.5752 0.2061 39.4239 42.3903 -72.5184 31.7542 21.9295 72.7862 -16.2541 21.3751 -4.7260 27.3789 -0.0000 0.0000 0.0000 -39.3929 -8.2089 -2.9430 17.3804 31.7298 -4.9745 -32.3180 -24.1901 -38.2205 -0.0000 0.0000 0.0000
0.0935 0.5806 -0.1382 -10.1207 15.5300 36.3539 -0.1481 -0.6761 -5.6898 -0.1481 -0.6761 -5.6898 -10.7823 0.2997 13.0135 -10.7823 0.2997 13.0135 -12.1209 2.8216 -26.1198 32.8495 -0.1848 -0.6270 47.4942 -2.2463 -5.1030 76.3341 17.6247 22.3156 11.7232 5.7404 52.0579 1.1812 0.4807 44.2833 44.6967 -72.7444 33.6919 18.9994 73.4236 -14.2255 21.6753 -4.8616 27.7413 -0.0000 0.0000 0.0000 -37.9336 -6.4360 -2.2140 16.2623 30.5048 -4.4621 -32.0757 -25.2488 -37.8127 -0.0000 0.0000 0.0000
0.0971 0.5790 -0.1331 -10.6949 15.7078 37.1759 -0.1338 -0.6332 -5.7475 -0.1338 -0.6332 -5.7475 -11.1891 -0.1827 13.0782 -11.1891 -0.1827 13.0782 -10.5720 2.2765 -24.2408 31.5516 0.0918 0.3251 48.1686 -1.8707 -4.1836 75.4754 16.7983 21.6022 10.2179 4.4907 47.3600 1.1500 0.5295 49.4452 47.4317 -72.5846 35.7600 14.0789 73.8025 -10.5944 22.0505 -5.0174 28.1949 -0.0000 0.0000 0.0000 -36.5159 -4.7854 -1.5795 15.1109 29.6214 -4.0172 -31.8797 -26.2808 -37.4647 -0.0000 0.0000 0.0000
0.0998 0.5789 -0.1243 -11.3131 15.8734 38.1668 -0.0774 -0.5857 -5.7516 -0.0774 -0.5857 -5.7516 -11.5370 -0.7617 13.0560 -11.5370 -0.7617 13.0560 -8.8691 1.7631 -22.4447 29.5519 0.3919 1.4857 48.7522 -1.3898 -3.0666 74.4825 16.2259 21.2420 9.0608 3.4547 41.6734 0.3334 0.1723 54.6604 50.0461 -71.8823 37.3933 6.9179 73.4872 -5.1674 22.3894 -5.5824 28.5520 -0.0000 0.0000 0.0000 -35.3950 -3.6476 -1.1643 13.8614 29.2717 -3.6364 -31.8975 -27.3975 -37.3555 -0.0000 0.0000 0.0000
0.1026 0.5815 -0.1097 -11.9286 15.9198 39.3958 -0.0115 -0.5287 -5.6691 -0.0115 -0.5287 -5.6691 -11.7449 -1.4379 12.9110 -11.7449 -1.4379 12.9110 -7.0587 1.3063 -20.9444 27.0207 0.7631 3.1751 49.1462 -0.9031 -1.9749 73.4968 15.7424 20.9790 7.3677 2.3336 35.1090 -1.3589 -0.7720 59.2009 51.7712 -71.3041 38.3842 0.8496 72.8150 -0.6266 22.1815 -6.4563 28.1863 -0.0000 0.0000 0.0000 -34.2901 -2.5799 -0.7960 12.2445 29.0115 -3.1792 -32.2287 -28.2789 -37.6337 -0.0000 0.0000 0.0000
0.1058 0.5875 -0.0904 -12.5599 15.8616 40.8684 0.0257 -0.4547 -5.4235 0.0257 -0.4547 -5.4235 -11.7581 -2.2967 12.6018 -11.7581 -2.2967 12.6018 -4.9524 0.8949 -20.4736 24.3627 0.9826 4.5497 49.1331 -0.4477 -0.9793 72.4796 15.3610 20.8508 5.3408 1.3643 28.6399 -4.2728 -2.5374 61.3919 52.7301 -70.9880 38.9331 -3.7877 71.9711 2.7509 21.4692 -7.2566 27.2029 -0.0000 0.0000 0.0000 -33.3435 -1.6498 -0.4941 10.4277 28.8283 -2.6871 -32.6085 -28.9399 -37.9921 -0.0000 0.0000 0.0000
0.1092 0.5968 -0.0678 -13.2368 15.7069 42.5925 0.0397 -0.3774 -5.0883 0.0397 -0.3774 -5.0883 -11.5432 -3.3387 12.1964 -11.5432 -3.3387 12.1964 -2.5439 0.4751 -21.1553 21.8668 1.0237 5.2959 48.7239 0.0400 0.0883 71.4472 15.0619 20.8315 3.1549 0.6440 23.0687 -7.4380 -4.3788 60.9244 53.6784 -69.2150 38.4944 -11.0975 69.8393 7.7598 20.5267 -7.6135 25.9858 -0.0000 0.0000 0.0000 -32.7269 -0.8757 -0.2571 8.6941 28.5876 -2.2191 -32.9714 -29.1571 -38.3812 -0.0000 0.0000 0.0000
0.1120 0.6076 -0.0439 -13.8801 15.4520 44.3788 0.0772 -0.3199 -4.8139 0.0772 -0.3199 -4.8139 -11.1936 -4.3877 11.8355 -11.1936 -4.3877 11.8355 -0.1462 0.0288 -22.2575 19.4860 1.0086 5.8691 48.0489 0.5146 1.1545 70.5167 14.8233 20.8525 1.5452 0.2605 19.1386 -10.0220 -5.6794 58.9946 54.4154 -66.2390 37.0816 -18.2849 66.7455 12.1023 19.6298 -7.7858 24.8463 -0.0000 0.0000 0.0000 -32.4116 -0.0625 -0.0182 7.2749 28.1109 -1.8236 -33.2389 -28.9200 -38.7141 -0.0000 0.0000 0.0000
0.1151 0.6166 -0.0204 -14.6122 15.2037 46.2545 0.1182 -0.2564 -4.4216 0.1182 -0.2564 -4.4216 -10.7376 -5.6570 11.4832 -10.7376 -5.6570 11.4832 2.4792 -0.5241 -23.8710 17.0378 0.9142 6.0977 47.3195 1.0456 2.3862 69.6847 14.8417 21.1957 0.6012 0.0828 15.6895 -12.4013 -6.7725 57.1463 55.7485 -61.2615 34.7782 -25.9964 61.7963 15.7303 18.9213 -8.2677 23.9116 -0.0000 0.0000 0.0000 -32.0790 0.9685 0.2784 6.1337 27.2662 -1.4890 -33.5176 -28.5186 -39.0794 -0.0000 0.0000 0.0000
0.1186 0.6232 0.0024 -15.4910 15.0312 48.1552 0.2047 -0.1884 -3.9219 0.2047 -0.1884 -3.9219 -10.2481 -7.1561 11.2024 -10.2481 -7.1561 11.2024 5.1537 -1.1687 -25.5381 14.5070 0.7858 6.1682 46.6031 1.6658 3.8665 69.0094 15.7162 22.7057 0.2087 0.0217 11.8626 -16.1301 -8.5669 55.7207 57.2843 -55.5365 32.0881 -31.7609 55.8864 17.1628 18.3601 -9.5647 23.0864 -0.0000 0.0000 0.0000 -31.6250 2.0985 0.5944 5.0666 26.1615 -1.1780 -34.1428 -27.9766 -39.8580 -0.0000 0.0000 0.0000
0.1211 0.6264 0.0241 -16.4216 14.9139 49.9146 0.3591 -0.1309 -3.4182 0.3591 -0.1309 -3.4182 -9.7301 -8.6782 10.9640 -9.7301 -8.6782 10.9640 7.4744 -1.8050 -27.1175 12.4591 0.6536 5.9825 45.8248 2.1632 5.1150 68.3823 17.6713 25.7756 0.2603 0.0197 8.6742 -21.0367 -10.5104 52.7063 58.2282 -51.8660 30.3067 -33.9146 51.8151 16.8495 17.8734 -11.2864 22.3252 -0.0000 0.0000 0.0000 -31.3321 2.9465 0.8265 4.1870 25.1687 -0.9351 -34.6993 -26.9521 -40.6197 -0.0000 0.0000 0.0000
0.1230 0.6266 0.0432 -17.3685 14.9254 51.3450 0.5832 -0.0892 -2.9351 0.5832 -0.0892 -2.9351 -9.2238 -10.0930 10.7184 -9.2238 -10.0930 10.7184 9.3619 -2.3842 -28.5183 11.1887 0.5254 5.3604 44.8823 2.4683 5.9719 67.1321 20.6004 30.6336 1.0489 0.0667 7.2727 -26.3908 -11.8111 47.6113 58.3026 -52.1806 30.5532 -32.0861 51.6137 15.8329 17.7064 -12.3659 22.0244 -0.0000 0.0000 0.0000 -31.2696 3.2435 0.9080 3.8112 24.7242 -0.8356 -35.1262 -25.1618 -41.3353 -0.0000 0.0000 0.0000
0.1246 0.6249 0.0569 -18.3704 15.1393 52.4264 0.8305 -0.0539 -2.3659 0.8305 -0.0539 -2.3659 -8.7635 -11.4645 10.3547 -8.7635 -11.4645 10.3547 10.9656 -2.9386 -29.9224 10.6935 0.3962 4.2311 43.9417 2.5383 6.2865 64.3555 24.1884 37.6133 2.0950 0.1576 8.6050 -31.7909 -11.9260 40.2850 58.0643 -54.3607 31.8165 -28.3973 53.1632 14.4303 18.1228 -12.4967 22.5262 -0.0000 0.0000 0.0000 -31.5886 2.9803 0.8432 3.8285 24.5768 -0.8342 -35.2193 -22.7644 -41.7567 -0.0000 0.0000 0.0000
0.1269 0.6229 0.0632 -19.3569 15.5196 53.1722 1.0633 -0.0263 -1.7380 1.0633 -0.0263 -1.7380 -8.3798 -12.7389 9.9064 -8.3798 -12.7389 9.9064 12.4814 -3.5147 -31.3448 11.0530 0.2162 2.2338 43.1047 2.4129 6.1043 59.5050 27.4920 46.3380 2.4622 0.2894 13.4030 -36.6935 -10.4412 30.8082 57.3786 -57.4945 33.4188 -23.4269 55.4450 12.4365 19.1429 -11.9757 23.8300 -0.0000 0.0000 0.0000 -32.3720 2.3763 0.6898 4.0758 24.3970 -0.8815 -35.0243 -20.0427 -41.9005 -0.0000 0.0000 0.0000
0.1296 0.6219 0.0613 -20.2823 15.9713 53.7098 1.2068 -0.0069 -1.0164 1.2068 -0.0069 -1.0164 -8.0460 -13.9610 9.3593 -8.0460 -13.9610 9.3593 14.1502 -4.2014 -32.9287 12.0831 -0.0277 -0.2620 42.3896 2.3290 6.0016 52.6691 29.4270 55.8935 0.8295 0.1501 20.5187 -39.9478 -7.6218 20.7708 56.6850 -59.7239 34.4148 -19.2181 56.8864 10.4793 20.4065 -11.2581 25.4568 -0.0000 0.0000 0.0000 -33.2401 1.8676 0.5575 4.4643 23.9131 -0.9458 -34.7507 -17.5186 -41.9360 -0.0000 0.0000 0.0000
0.1318 0.6214 0.0517 -21.1070 16.4273 54.0915 1.2307 0.0005 -0.2234 1.2307 0.0005 -0.2234 -7.7295 -15.1572 8.7532 -7.7295 -15.1572 8.7532 15.8864 -4.9764 -34.5972 13.4214 -0.2997 -2.5463 41.6442 2.4107 6.3333 44.2228 29.3526 65.6134 -3.6101 -0.8880 27.6310 -41.1491 -4.0031 10.6382 55.8897 -60.8643 34.6170 -16.3694 57.3678 8.9989 21.6114 -10.6661 27.0036 -0.0000 0.0000 0.0000 -33.9701 1.4571 0.4451 4.7666 23.2925 -0.9830 -34.5960 -15.5555 -42.0388 -0.0000 0.0000 0.0000
0.1336 0.6207 0.0374 -21.8405 16.8892 54.3817 1.1314 -0.0062 0.5489 1.1314 -0.0062 0.5489 -7.3990 -16.3132 8.1978 -7.3990 -16.3132 8.1978 17.7106 -5.8333 -36.2177 14.6383 -0.5074 -3.9491 40.7236 2.6614 7.1628 35.0791 27.0791 74.6085 -10.8272 -3.2221 33.0599 -39.3346 -0.3004 0.8404 54.7621 -61.9503 34.5409 -13.8005 57.6757 7.6244 22.7706 -10.3493 28.4668 -0.0000 0.0000 0.0000 -34.5232 0.9712 0.3018 4.9854 22.7307 -1.0027 -34.5077 -14.1697 -42.1405 -0.0000 0.0000 0.0000
0.1352 0.6185 0.0228 -22.4878 17.3790 54.6506 0.9342 -0.0246 1.2337 0.9342 -0.0246 1.2337 -7.0704 -17.3713 7.7647 -7.0704 -17.3713 7.7647 19.6342 -6.6757 -37.2530 15.1454 -0.5943 -4.4684 39.6634 3.0260 8.3773 26.5687 22.9731 81.4358 -19.5901 -6.3714 35.7379 -34.6045 2.4294 -7.7879 52.9313 -64.2697 34.7302 -9.3822 58.8306 5.2980 24.2290 -9.5374 30.3579 -0.0000 0.0000 0.0000 -34.8452 0.3713 0.1165 5.2045 22.4878 -1.0354 -34.5021 -13.0779 -42.2996 -0.0000 0.0000 0.0000
0.1364 0.6144 0.0104 -23.1242 17.9585 55.0308 0.6517 -0.0614 1.9984 0.6517 -0.0614 1.9984 -6.7915 -18.4662 7.3367 -6.7915 -18.4662 7.3367 21.7051 -7.5387 -37.9312 14.8433 -0.5753 -4.4146 38.7479 3.4498 9.7896 18.8780 17.5633 85.7971 -28.5144 -9.1484 34.9537 -28.3370 3.8853 -15.3045 51.0831 -67.6348 35.5011 -3.7486 60.6304 2.1924 26.1167 -8.5388 32.8083 -0.0000 0.0000 0.0000 -35.0039 -0.2593 -0.0818 5.5860 22.4564 -1.1098 -34.6583 -12.5318 -42.5694 -0.0000 0.0000 0.0000
0.1374 0.6083 0.0015 -23.6426 18.5364 55.5012 0.1307 -0.1311 2.8013 0.1307 -0.1311 2.8013 -6.4235 -19.5799 6.9496 -6.4235 -19.5799 6.9496 24.2403 -8.5437 -38.3584 13.9803 -0.5426 -4.4231 37.8495 3.8398 11.1679 11.8317 11.4698 88.2083 -37.4003 -10.7474 31.0613 -20.3853 3.8575 -21.2170 49.4645 -71.1578 36.4764 1.6408 62.3638 -0.9930 28.3249 -7.7583 35.6306 -0.0000 0.0000 0.0000 -35.1244 -0.7439 -0.2354 6.1076 22.5441 -1.2184 -34.8870 -12.2095 -42.8917 -0.0000 0.0000 0.0000
0.1380 0.6016 -0.0032 -23.8210 18.9037 55.9528 -0.7287 -0.2290 3.4329 -0.7287 -0.2290 3.4329 -5.8071 -20.3890 6.6534 -5.8071 -20.3890 6.6534 26.9138 -9.4924 -38.2718 12.7679 -0.5190 -4.6359 36.8495 4.2108 12.5945 5.2518 5.1740 89.1444 -44.3566 -10.3407 25.0299 -12.0793 2.6478 -24.6426 48.4319 -73.7960 37.3155 5.1264 63.7524 -3.1892 30.3343 -7.8225 38.0817 -0.0000 0.0000 0.0000 -35.1855 -0.8375 -0.2655 6.8320 22.7680 -1.3772 -35.4204 -12.2866 -43.5138 -0.0000 0.0000 0.0000
0.1386 0.5958 -0.0041 -23.5448 18.9154 56.2764 -1.9657 -0.3401 3.8406 -1.9657 -0.3401 3.8406 -4.8603 -20.6993 6.3909 -4.8603 -20.6993 6.3909 29.4957 -10.2975 -37.7917 11.4075 -0.5128 -5.1310 35.7048 4.4908 13.8824 -0.7745 -0.7561 88.6194 -47.7390 -8.1768 18.3515 -4.7904 1.0923 -25.6752 48.9150 -74.5403 38.1829 4.3648 64.4691 -2.7532 31.7589 -8.7281 39.6767 -0.0000 0.0000 0.0000 -35.0835 -0.4837 -0.1529 7.7398 23.3053 -1.5985 -36.4407 -13.1713 -44.5820 -0.0000 0.0000 0.0000
0.1388 0.5924 -0.0026 -22.9591 18.5978 56.4750 -3.5026 -0.4572 4.1087 -3.5026 -0.4572 4.1087 -3.6272 -20.5793 6.1461 -3.6272 -20.5793 6.1461 32.0273 -11.0586 -37.2782 10.2114 -0.5214 -5.8303 34.4605 4.6854 15.0295 -6.2085 -5.8838 86.9182 -48.1250 -5.4781 12.2307 1.1538 -0.2596 -25.3622 50.8333 -73.3448 38.9716 -0.7202 64.2402 0.4522 32.5818 -10.3893 40.4150 -0.0000 0.0000 0.0000 -34.7464 0.1578 0.0494 8.6387 24.0822 -1.8460 -37.9033 -14.6724 -46.0636 -0.0000 0.0000 0.0000
0.1382 0.5918 -0.0006 -22.3064 18.0875 56.6020 -5.0616 -0.5625 4.2426 -5.0616 -0.5625 4.2426 -2.3345 -20.0967 5.9398 -2.3345 -20.0967 5.9398 34.3417 -11.7375 -36.8001 9.2756 -0.5342 -6.5779 33.4777 4.7965 15.8558 -10.2859 -9.3612 84.5845 -46.9444 -3.4350 7.9002 5.3826 -1.1776 -24.6641 52.6029 -70.7654 38.6851 -7.4061 62.7958 4.5243 32.7902 -12.0678 40.4109 -0.0000 0.0000 0.0000 -34.2164 0.8411 0.2589 9.3540 24.9013 -2.0697 -39.5402 -16.4346 -47.6909 -0.0000 0.0000 0.0000
0.1369 0.5935 -0.0015 -21.8233 17.5693 56.7499 -6.3555 -0.6507 4.3313 -6.3555 -0.6507 4.3313 -1.2509 -19.4425 5.7103 -1.2509 -19.4425 5.7103 36.2405 -12.3017 -36.4555 8.7961 -0.5538 -7.1915 32.9806 4.8586 16.3115 -12.5766 -11.0393 82.4983 -46.1441 -2.3405 5.4912 8.0845 -1.7611 -24.5401 53.9677 -67.9250 37.8593 -13.3523 60.6191 7.8287 32.7500 -13.6620 40.1278 -0.0000 0.0000 0.0000 -33.5760 1.4011 0.4227 9.9405 25.5861 -2.2625 -41.1321 -18.0738 -49.2688 -0.0000 0.0000 0.0000
0.1354 0.5962 -0.0049 -21.5128 17.0486 56.9564 -7.3408 -0.7376 4.4827 -7.3408 -0.7376 4.4827 -0.4134 -18.8629 5.4219 -0.4134 -18.8629 5.4219 37.8055 -12.8160 -36.3166 8.8554 -0.6197 -7.9909 32.8585 4.8948 16.4951 -13.4378 -11.4665 80.8773 -46.5762 -1.7572 4.0810 10.0078 -2.1760 -24.4765 55.5251 -64.4192 36.6929 -20.0789 57.3157 11.0530 33.0112 -14.8461 40.2673 -0.0000 0.0000 0.0000 -32.9435 2.0112 0.5947 10.3111 25.8918 -2.3763 -42.3563 -19.3518 -50.4687 -0.0000 0.0000 0.0000
0.1331 0.5970 -0.0111 -21.3140 16.6215 57.0588 -8.0275 -0.7651 4.3784 -8.0275 -0.7651 4.3784 0.2049 -18.1798 5.3878 0.2049 -18.1798 5.3878 39.1435 -13.2516 -36.1871 9.1977 -0.6616 -8.2113 32.7640 4.8307 16.3307 -13.9330 -11.7416 80.1618 -46.9181 -1.4737 3.3950 10.8097 -2.3534 -24.4976 55.7731 -63.2479 36.0968 -22.0880 55.9146 11.8285 33.0143 -16.2213 40.0759 -0.0000 0.0000 0.0000 -32.4409 2.4256 0.7057 10.7913 25.9653 -2.4949 -43.1292 -19.6586 -51.3027 -0.0000 0.0000 0.0000
0.1303 0.5902 -0.0202 -21.2002 16.3932 56.9081 -8.4421 -0.7051 3.8948 -8.4421 -0.7051 3.8948 0.5293 -17.3448 5.7504 0.5293 -17.3448 5.7504 40.1950 -13.4614 -35.7529 9.7860 -0.6740 -7.8611 32.2571 4.6057 15.8342 -14.0591 -11.9948 80.8619 -47.5507 -1.2998 2.9500 11.1580 -2.4240 -24.4421 54.0276 -65.8858 36.5635 -16.9402 58.1582 9.4683 32.4923 -17.5262 39.2802 -0.0000 0.0000 0.0000 -32.1275 2.4522 0.7062 11.6453 25.8904 -2.6855 -43.2344 -18.8753 -51.5510 -0.0000 0.0000 0.0000
0.1244 0.5784 -0.0326 -21.2048 16.4935 56.4162 -8.6272 -0.5672 3.0749 -8.6272 -0.5672 3.0749 0.4691 -16.3619 6.4572 0.4691 -16.3619 6.4572 41.0229 -13.3975 -34.8589 10.4497 -0.6379 -6.9673 31.4732 4.2815 15.1135 -14.0479 -12.4479 83.0268 -48.5122 -0.9246 2.0518 11.4749 -2.4479 -24.0095 48.9251 -72.6784 37.0071 -0.0358 63.5752 0.0222 30.9696 -18.3442 37.3766 -0.0000 0.0000 0.0000 -32.0258 1.8307 0.5254 13.1775 25.9394 -3.0477 -42.6109 -16.7098 -51.1965 -0.0000 0.0000 0.0000
0.1177 0.5650 -0.0488 -21.4107 17.0137 55.6093 -8.5944 -0.3657 1.9631 -8.5944 -0.3657 1.9631 0.0091 -15.3682 7.4561 0.0091 -15.3682 7.4561 41.5520 -12.9638 -33.3431 11.4046 -0.6182 -6.1853 30.4001 4.0128 14.6945 -14.2574 -13.3334 86.1267 -49.4280 -0.2483 0.5395 11.7551 -2.4006 -23.0084 31.2532 -81.6880 27.1875 33.7653 66.5923 -22.5458 28.5130 -17.7197 34.5464 -0.0000 0.0000 0.0000 -32.4430 0.3099 0.0902 15.7380 26.2383 -3.6899 -41.2647 -13.0470 -50.2661 -0.0000 0.0000 0.0000
0.1095 0.5522 -0.0712 -21.6972 17.8854 54.5241 -8.3153 -0.1361 0.7483 -8.3153 -0.1361 0.7483 -0.7526 -14.3816 8.5231 -0.7526 -14.3816 8.5231 41.3037 -12.1753 -31.5991 12.5972 -0.6065 -5.4909 29.2553 3.8202 14.5636 -14.2374 -14.2099 89.8881 -50.9185 0.4639 -0.9743 11.7828 -2.2661 -21.7008 -56.8948 -85.8337 -53.4723 65.5605 62.7735 -42.8973 25.5830 -16.1280 31.2333 -0.0000 0.0000 0.0000 -33.6274 -1.8415 -0.5565 19.4877 26.8221 -4.6893 -39.8366 -8.8222 -49.3457 -0.0000 0.0000 0.0000
0.0995 0.5406 -0.0979 -21.8602 18.8744 53.2691 -7.8503 0.0356 -0.2122 -7.8503 0.0356 -0.2122 -1.5167 -13.4632 9.3333 -1.5167 -13.4632 9.3333 39.8272 -11.4267 -30.8777 14.1426 -0.6891 -5.5511 28.2713 3.7467 14.7996 -13.1713 -14.1151 93.9996 -53.3245 0.6166 -1.2279 11.1762 -2.0616 -20.8407 -103.1355 -81.8524 -95.0703 81.7018 57.8319 -51.0647 23.3808 -13.7185 28.8402 -0.0000 0.0000 0.0000 -36.4653 -4.5742 -1.5075 25.1333 28.1854 -6.4061 -38.7503 -5.4801 -48.6786 -0.0000 0.0000 0.0000
0.0861 0.5301 -0.1246 -21.7749 19.8214 51.7810 -7.2962 0.1609 -1.1103 -7.2962 0.1609 -1.1103 -2.0143 -12.2824 10.0172 -2.0143 -12.2824 10.0172 37.3394 -11.2125 -32.3982 16.1920 -0.7935 -5.5741 27.5336 3.7196 15.0986 -11.3998 -13.2050 98.4568 -55.0126 -0.1256 0.2411 9.3923 -1.7038 -20.5198 -117.6849 -78.5630 -107.0582 90.6529 54.2480 -54.7797 21.9957 -12.5090 27.2801 -0.0000 0.0000 0.0000 -41.2882 -8.1794 -3.0861 33.2691 30.9849 -9.4681 -38.4128 -3.4441 -48.6696 -0.0000 0.0000 0.0000
0.0714 0.5174 -0.1474 -21.4249 20.5669 50.1245 -6.6813 0.2247 -1.9357 -6.6813 0.2247 -1.9357 -2.1678 -10.9882 10.6505 -2.1678 -10.9882 10.6505 33.4838 -11.0731 -35.7219 17.5492 -0.8757 -5.6688 27.5938 3.6776 14.8966 -7.7085 -9.7038 103.1233 -56.0087 -2.6853 5.0471 6.1358 -1.1250 -20.7612 -126.0414 -77.0220 -114.7829 95.0668 52.3385 -56.4620 20.9185 -11.8560 26.0267 -0.0000 0.0000 0.0000 -47.6533 -12.3579 -5.4744 43.3095 34.8891 -14.2232 -38.3482 -3.2526 -48.6296 -0.0000 0.0000 0.0000
0.0568 0.5042 -0.1646 -20.9313 21.0839 48.4649 -6.0825 0.2272 -2.5705 -6.0825 0.2272 -2.5705 -2.2355 -9.8817 11.2876 -2.2355 -9.8817 11.2876 28.1858 -10.3878 -39.8084 17.7342 -0.8936 -5.7234 28.8181 3.4901 13.5253 -2.4173 -3.2435 106.6130 -54.4787 -6.9138 13.3852 1.0805 -0.2019 -21.1707 -133.2849 -77.7585 -123.6525 95.1336 52.5448 -56.7352 20.2026 -11.2205 25.2092 -0.0000 0.0000 0.0000 -55.1352 -17.1243 -8.9887 54.3269 39.4668 -20.8586 -37.9937 -3.6414 -48.1240 -0.0000 0.0000 0.0000
0.0409 0.4903 -0.1763 -20.4845 21.4185 47.0264 -5.4664 0.1936 -2.9935 -5.4664 0.1936 -2.9935 -2.5916 -9.2867 11.9277 -2.5916 -9.2867 11.9277 22.0701 -8.8187 -43.1483 15.8807 -0.7582 -5.4319 30.4528 3.1762 11.6319 3.8729 5.2903 107.6037 -47.8862 -10.8839 24.2179 -6.1608 1.1147 -20.4925 -142.1820 -80.4084 -135.8751 91.3230 54.1889 -55.2691 19.8678 -9.6287 24.9546 -0.0000 0.0000 0.0000 -62.8137 -21.9921 -13.5317 63.9915 43.6894 -28.1215 -37.0137 -4.3457 -46.8020 -0.0000 0.0000 0.0000
0.0255 0.4819 -0.1848 -20.0572 21.5817 45.8596 -4.6097 0.1452 -3.3815 -4.6097 0.1452 -3.3815 -3.4273 -8.9176 12.4273 -3.4273 -8.9176 12.4273 14.5722 -6.0142 -44.6726 11.8864 -0.4725 -4.5369 31.8178 2.6912 9.4225 11.8666 15.3600 104.7580 -35.9248 -12.2857 36.7302 -15.2510 2.2323 -16.5594 -159.7581 -83.9160 -157.5408 83.2925 56.5206 -51.0991 19.9325 -7.3929 25.2662 -0.0000 0.0000 0.0000 -69.8544 -26.0504 -18.3529 71.1353 46.9364 -34.4941 -35.5614 -5.5453 -44.8207 -0.0000 0.0000 0.0000
0.0102 0.4816 -0.1918 -19.7276 21.7298 44.9562 -3.4964 0.1035 -3.9104 -3.4964 0.1035 -3.9104 -4.7087 -8.4781 12.8065 -4.7087 -8.4781 12.8065 5.8568 -2.3619 -43.8973 7.1880 -0.2352 -3.7431 31.9120 2.0536 7.1739 20.9787 24.3110 98.6374 -21.6374 -9.0672 45.0698 -23.9296 1.7986 -8.4726 132.9336 -86.0168 129.9461 69.4293 58.7644 -42.6211 20.2355 -5.0375 25.9042 -0.0000 0.0000 0.0000 -75.9117 -29.0661 -22.8636 75.6663 49.0327 -39.0070 -33.7729 -5.8259 -42.5985 -0.0000 0.0000 0.0000
-0.0063 0.4880 -0.1975 -19.4353 21.8978 44.1376 -2.2735 0.0872 -4.6970 -2.2735 0.0872 -4.6970 -6.0265 -7.4757 12.8622 -6.0265 -7.4757 12.8622 -3.4766 1.3151 -41.4300 4.0604 -0.1203 -3.3916 29.7325 1.4024 5.2795 30.5619 30.8455 90.5553 -9.5409 -4.1170 46.6031 -28.8338 -0.5196 2.0209 84.7556 -81.7809 76.6241 52.3204 58.8762 -30.9875 20.7754 -4.0016 26.7064 -0.0000 0.0000 0.0000 -80.5696 -30.8818 -26.3536 78.8289 49.8419 -41.7984 -32.7007 -5.7242 -41.3080 -0.0000 0.0000 0.0000
-0.0236 0.4967 -0.1994 -19.1193 22.1321 43.2551 -1.0853 0.1189 -5.6655 -1.0853 0.1189 -5.6655 -7.1144 -5.9409 12.6050 -7.1144 -5.9409 12.6050 -12.4487 4.2706 -37.7474 2.3239 -0.0702 -3.4622 25.6713 0.8234 3.6127 39.8512 34.8436 81.7622 -0.8900 -0.3583 43.8628 -29.1334 -3.3306 12.7674 73.2263 -77.3237 61.4596 39.7993 56.4338 -21.9838 20.8257 -3.8037 26.7935 -0.0000 0.0000 0.0000 -83.4049 -31.5098 -28.2215 81.8782 49.3978 -43.4991 -32.5815 -5.9998 -41.1163 -0.0000 0.0000 0.0000
-0.0395 0.5024 -0.1971 -18.8148 22.4872 42.2707 -0.1577 0.2229 -6.6271 -0.1577 0.2229 -6.6271 -7.7187 -4.2049 12.0282 -7.7187 -4.2049 12.0282 -21.0452 6.5047 -34.0208 1.7022 -0.0596 -4.0071 21.0205 0.3023 1.6293 47.7789 36.5015 73.3374 4.1999 1.4626 38.3878 -26.5620 -5.5101 23.0459 67.9695 -73.8189 53.7079 32.5662 52.9821 -16.5658 20.5976 -3.8630 26.4973 -0.0000 0.0000 0.0000 -84.7193 -31.6117 -28.9470 85.1272 48.2004 -44.6669 -33.1486 -6.5761 -41.7115 -0.0000 0.0000 0.0000
-0.0529 0.5004 -0.1907 -18.3853 22.8064 41.1021 0.4566 0.3573 -7.5124 0.4566 0.3573 -7.5124 -7.8204 -2.4752 11.1329 -7.8204 -2.4752 11.1329 -29.2183 8.2917 -31.0818 1.7839 -0.0621 -3.9883 16.1468 -0.0381 -0.2684 54.6500 36.7471 65.4681 5.6811 1.6181 31.7740 -22.3196 -6.6106 32.6349 65.6096 -71.4472 49.7426 30.2794 50.4713 -14.5347 20.0544 -3.8125 25.8138 -0.0000 0.0000 0.0000 -85.4118 -31.4255 -29.1114 88.3739 46.5671 -45.3976 -33.4774 -7.2944 -41.9912 -0.0000 0.0000 0.0000
-0.0680 0.4937 -0.1805 -17.5843 22.8535 39.6109 0.8770 0.4793 -8.4394 0.8770 0.4793 -8.4394 -7.5430 -0.6748 9.8477 -7.5430 -0.6748 9.8477 -38.2141 10.0850 -28.5798 2.5686 -0.0765 -3.4116 10.0776 -0.1943 -2.2036 61.4438 35.5320 56.6637 5.2580 1.2163 26.0324 -16.4181 -6.2240 41.2994 65.1131 -70.5878 48.6414 31.8437 50.2429 -15.2374 19.4578 -4.1762 25.0155 -0.0000 0.0000 0.0000 -85.9660 -31.2098 -29.1799 91.9545 45.4025 -46.8111 -33.2395 -9.0295 -41.4208 -0.0000 0.0000 0.0000
-0.0823 0.4852 -0.1680 -16.3984 22.4593 37.8343 1.1735 0.5727 -9.6702 1.1735 0.5727 -9.6702 -7.3172 1.3178 8.6793 -7.3172 1.3178 8.6793 -48.4338 11.8430 -25.9711 3.1879 -0.0758 -2.7235 -0.1744 0.0091 -5.9554 68.1565 33.0418 47.3500 3.1672 0.6078 21.7214 -9.4214 -4.2200 48.1799 64.2998 -69.2578 46.9265 33.5806 50.8893 -16.3393 18.9392 -4.8003 24.2900 -0.0000 0.0000 0.0000 -86.6056 -31.1599 -29.4466 94.9289 45.0100 -48.6063 -32.0893 -12.5035 -39.5073 -0.0000 0.0000 0.0000
-0.0936 0.4781 -0.1557 -15.0013 21.6409 35.9135 1.3812 0.6609 -11.2922 1.3812 0.6609 -11.2922 -7.1127 3.4522 7.7487 -7.1127 3.4522 7.7487 -59.3016 13.5598 -23.5931 2.8800 -0.0457 -1.8191 -15.3070 1.6053 -11.9038 73.2721 29.3441 38.7926 0.2746 0.0464 19.1829 -2.7778 -1.3748 52.6557 62.0866 -66.6891 43.2109 33.4006 50.8126 -16.2201 18.4760 -6.0709 23.5724 -0.0000 0.0000 0.0000 -87.6694 -31.4098 -30.2158 97.4027 45.2471 -50.7584 -29.9708 -17.0061 -36.3662 -0.0000 0.0000 0.0000
-0.1076 0.4747 -0.1427 -13.6037 20.6082 33.9803 1.5523 0.7878 -13.1352 1.5523 0.7878 -13.1352 -7.0456 5.4776 7.1369 -7.0456 5.4776 7.1369 -69.2315 15.5237 -22.3409 0.8322 -0.0047 -0.6457 -26.8385 4.2242 -17.5740 75.5793 25.6770 32.7580 -3.3308 -0.5103 17.4164 1.6471 0.8635 55.3294 59.6126 -63.2465 38.8597 31.3566 50.0273 -14.9225 18.2067 -7.8218 23.0607 -0.0000 0.0000 0.0000 -89.1090 -32.0449 -31.5752 99.5441 46.0154 -53.3123 -27.2567 -21.5050 -32.6245 -0.0000 0.0000 0.0000
-0.1206 0.4752 -0.1285 -12.6380 19.9294 32.2463 1.7558 1.0089 -15.0608 1.7558 1.0089 -15.0608 -6.7128 7.0377 6.6467 -6.7128 7.0377 6.6467 -76.7832 18.4613 -23.1816 -3.7472 -0.0139 0.4245 -29.2888 5.7350 -21.7024 74.6277 23.2166 30.1678 -7.5616 -1.0077 15.1603 3.1774 1.7461 57.5733 57.5807 -58.1040 33.9512 25.9378 47.5653 -11.5902 18.3120 -9.8001 23.0046 -0.0000 0.0000 0.0000 -90.5600 -33.1702 -33.4778 101.0051 46.8564 -55.4628 -24.7928 -24.6704 -29.4059 -0.0000 0.0000 0.0000
-0.1326 0.4785 -0.1151 -12.0753 19.6771 30.6944 1.9747 1.3411 -16.9615 1.9747 1.3411 -16.9615 -5.8543 7.9755 6.2300 -5.8543 7.9755 6.2300 -81.1199 22.3727 -26.0203 -9.6748 -0.0242 0.2859 -25.0345 5.5499 -24.6314 71.3668 22.1224 30.4559 -12.1566 -1.3521 12.6468 1.8187 1.0336 59.2172 56.6322 -51.4840 29.1266 18.4342 43.4272 -7.3946 19.1532 -10.5904 23.9739 -0.0000 0.0000 0.0000 -92.2222 -34.5363 -35.8167 102.6484 47.3421 -57.4142 -23.4532 -25.8365 -27.7300 -0.0000 0.0000 0.0000
-0.1423 0.4823 -0.1057 -11.6571 19.6524 29.1691 2.1607 1.7707 -18.5793 2.1607 1.7707 -18.5793 -4.1225 8.2193 5.4360 -4.1225 8.2193 5.4360 -82.2371 26.5335 -30.2298 -14.8731 0.1886 -1.4445 -18.1978 4.1712 -25.6207 66.9355 21.9744 32.7335 -15.8583 -1.3650 9.7771 -1.2954 -0.7314 58.9001 56.3856 -44.6328 24.8173 11.3552 38.5358 -3.9808 20.7263 -9.5820 26.0243 -0.0000 0.0000 0.0000 -93.6028 -36.0669 -38.2438 104.7988 47.9303 -59.9856 -23.3796 -25.8429 -27.6434 -0.0000 0.0000 0.0000
-0.1500 0.4850 -0.1011 -11.2549 19.7142 27.6037 2.3177 2.2795 -20.0045 2.3177 2.2795 -20.0045 -1.6710 7.8302 4.3079 -1.6710 7.8302 4.3079 -79.5171 31.3887 -37.3238 -18.9923 0.7510 -4.4876 -9.9421 2.1444 -24.2870 61.9456 22.2263 36.2431 -18.6256 -1.3026 7.9309 -4.1008 -2.1828 56.0379 56.7670 -39.5131 21.9654 6.4506 34.8793 -2.0283 22.0322 -6.9737 27.9387 -0.0000 0.0000 0.0000 -94.5152 -37.6264 -40.4727 107.3082 48.6243 -63.0983 -23.4907 -26.1005 -27.7501 -0.0000 0.0000 0.0000
-0.1552 0.4848 -0.1011 -10.7502 19.5914 26.0340 2.5104 2.7657 -21.4573 2.5104 2.7657 -21.4573 1.5863 6.7174 2.4277 1.5863 6.7174 2.4277 -71.8069 36.3258 -48.7552 -21.4554 1.6343 -8.6106 -1.5326 0.2766 -20.4587 55.9223 22.6218 41.2922 -21.1312 -1.2349 6.6134 -7.0380 -3.4559 52.2624 57.4820 -36.8561 20.7110 3.5299 33.7363 -1.0706 22.5053 -4.8818 28.7838 -0.0000 0.0000 0.0000 -94.6882 -39.1367 -42.1938 109.4731 49.4937 -66.1998 -23.1098 -26.8120 -27.2424 -0.0000 0.0000 0.0000
-0.1581 0.4813 -0.1048 -10.0854 19.1926 24.4294 2.6911 3.1762 -22.7975 2.6911 3.1762 -22.7975 4.7440 4.6201 -0.0116 4.7440 4.6201 -0.0116 -57.2261 38.8428 -65.7507 -22.0878 2.7421 -13.9823 5.1607 -0.6474 -14.2912 49.0808 22.5097 47.1001 -24.4180 -1.1847 5.4712 -11.0336 -5.0020 48.6672 58.6738 -37.2008 21.4214 2.3129 36.0990 -0.7538 21.9899 -4.2150 28.2168 -0.0000 0.0000 0.0000 -93.8884 -40.3156 -42.8988 110.4684 50.5183 -68.4106 -21.9816 -27.8658 -25.8381 -0.0000 0.0000 0.0000
-0.1598 0.4770 -0.1116 -9.3885 18.7741 22.7704 2.9224 3.4447 -23.9763 2.9224 3.4447 -23.9763 6.8652 1.6530 -2.4234 6.8652 1.6530 -2.4234 -38.9436 35.4354 -84.2020 -20.3816 3.9007 -21.4533 8.4842 -0.5238 -7.0530 41.9320 21.6895 53.1249 -28.4373 -1.1414 4.5025 -16.9070 -7.1799 45.7725 60.1641 -38.9178 23.1328 1.8935 40.3960 -0.6966 20.8806 -4.9454 26.7291 -0.0000 0.0000 0.0000 -91.9620 -40.9157 -42.2176 109.1427 51.5341 -68.3154 -20.7949 -28.5818 -24.3995 -0.0000 0.0000 0.0000
-0.1600 0.4742 -0.1207 -8.6103 18.1819 21.0274 3.0857 3.5935 -25.0625 3.0857 3.5935 -25.0625 7.9271 -1.6899 -4.7266 7.9271 -1.6899 -4.7266 -23.8348 26.6515 -96.5969 -15.2794 4.0830 -29.7648 8.3234 -0.1218 -1.6735 35.3841 20.0244 57.9254 -32.5854 -1.0458 3.5770 -24.3898 -9.3323 41.3803 61.7868 -41.2873 25.4064 2.2912 45.7627 -0.9671 19.4675 -6.2332 24.8053 -0.0000 0.0000 0.0000 -88.8608 -40.9086 -40.1681 105.6897 52.5649 -66.1831 -20.0359 -28.9504 -23.4885 -0.0000 0.0000 0.0000
-0.1577 0.4733 -0.1304 -7.7868 17.4127 19.2443 3.1248 3.6731 -25.8796 3.1248 3.6731 -25.8796 8.0715 -4.5037 -6.5786 8.0715 -4.5037 -6.5786 -13.4381 16.6544 -102.3400 -7.9427 2.6261 -36.5415 7.1138 0.0562 0.9041 29.5519 17.7263 61.1833 -36.0692 -0.7320 2.2480 -31.8596 -10.5031 35.7006 63.1536 -43.6154 27.6338 3.5012 51.1571 -1.6763 18.1681 -7.2696 23.0657 -0.0000 0.0000 0.0000 -85.2218 -40.4940 -37.4855 101.0965 53.6050 -63.0914 -19.9527 -29.2417 -23.3701 -0.0000 0.0000 0.0000
-0.1530 0.4748 -0.1382 -6.9782 16.7800 17.4843 3.1094 3.6732 -26.3314 3.1094 3.6732 -26.3314 7.7169 -6.0429 -7.4714 7.7169 -6.0429 -7.4714 -5.6783 7.3047 -104.3103 -0.4238 0.1571 -40.6901 6.3068 0.1257 2.2813 23.5718 14.6340 63.2159 -38.0008 -0.1446 0.4201 -37.5851 -10.4205 30.0030 64.4176 -45.7381 29.7593 4.7858 56.1634 -2.5545 17.2041 -7.5997 21.8231 -0.0000 0.0000 0.0000 -81.9806 -40.0354 -35.1345 96.7281 54.5953 -60.2744 -20.5986 -29.6903 -24.0866 -0.0000 0.0000 0.0000
-0.1459 0.4784 -0.1421 -6.1045 16.0971 15.8879 2.9997 3.5801 -26.4577 2.9997 3.5801 -26.4577 7.1982 -6.2836 -7.5213 7.1982 -6.2836 -7.5213 0.4157 -0.5368 -104.4900 6.8730 -2.6691 -42.4081 4.8801 0.1411 3.3111 17.1371 10.9166 64.7638 -38.3731 0.5724 -1.6449 -40.4853 -9.6235 25.7168 65.2136 -47.3850 31.3595 5.3836 60.3236 -3.1300 16.7311 -7.7489 21.2150 -0.0000 0.0000 0.0000 -79.4721 -39.8841 -33.5676 93.4803 55.8749 -58.8062 -21.5216 -30.4184 -25.0995 -0.0000 0.0000 0.0000
-0.1376 0.4832 -0.1409 -5.1619 15.4274 14.4711 2.8305 3.3796 -26.2990 2.8305 3.3796 -26.2990 6.6455 -5.5628 -6.9233 6.6455 -5.5628 -6.9233 6.9726 -8.8697 -103.7001 14.2978 -5.3880 -41.1282 2.3841 0.0690 3.3152 9.9759 6.4326 65.5520 -37.9910 1.3611 -3.9526 -41.7018 -8.4699 22.0037 65.4044 -48.2183 32.0611 4.2838 63.2792 -2.6402 16.6887 -7.9312 21.1455 -0.0000 0.0000 0.0000 -77.7667 -39.9591 -32.6808 91.3069 57.3556 -58.4629 -22.1714 -31.3865 -25.7734 -0.0000 0.0000 0.0000
-0.1277 0.4880 -0.1347 -4.1251 14.6948 13.1413 2.6026 3.0749 -25.8749 2.6026 3.0749 -25.8749 6.1889 -4.1438 -5.9605 6.1889 -4.1438 -5.9605 14.5156 -17.6607 -101.3113 21.2106 -7.2112 -37.1997 -0.1458 -0.0028 2.1999 2.4200 1.5551 65.4444 -36.8301 2.0590 -6.1790 -41.1133 -7.0772 18.7273 64.7747 -47.8375 31.4264 0.8083 64.7918 -0.5129 17.0916 -7.1533 21.7226 -0.0000 0.0000 0.0000 -76.1892 -39.6903 -31.5964 88.6490 58.5605 -57.4148 -22.8057 -31.8311 -26.4679 -0.0000 0.0000 0.0000
-0.1159 0.4922 -0.1249 -3.0478 13.7947 11.9031 2.2910 2.7360 -25.3481 2.2910 2.7360 -25.3481 5.8757 -2.4161 -4.9425 5.8757 -2.4161 -4.9425 23.1191 -25.7213 -96.2873 26.2248 -7.7449 -32.4074 -1.6407 -0.0052 0.3619 -4.9330 -3.0776 63.8979 -34.3113 2.4074 -7.7875 -39.7833 -5.6902 15.6412 63.4658 -46.4741 29.7404 -3.6793 65.0638 2.3474 17.6498 -5.4574 22.5890 -0.0000 0.0000 0.0000 -74.6139 -39.0249 -30.2213 85.8055 59.5601 -56.0092 -23.1179 -32.0881 -26.8058 -0.0000 0.0000 0.0000
-0.1033 0.4971 -0.1127 -2.0477 12.9514 10.8193 1.9214 2.4363 -24.7432 1.9214 2.4363 -24.7432 5.6042 -0.7358 -3.9245 5.6042 -0.7358 -3.9245 31.6597 -31.3032 -89.3174 29.9042 -7.7155 -28.3423 -1.8938 0.0230 -1.3924 -11.9522 -7.1383 61.5767 -31.3142 2.5622 -9.1237 -38.4271 -4.5702 13.0639 62.0270 -44.9389 27.9260 -7.5966 64.9934 4.8431 18.2088 -3.3187 23.5179 -0.0000 0.0000 0.0000 -73.1416 -38.1585 -28.7828 82.7625 60.2319 -54.1383 -23.2993 -32.5039 -26.9801 -0.0000 0.0000 0.0000
-0.0917 0.5032 -0.1000 -1.1473 12.2933 9.9028 1.5402 2.1705 -24.0308 1.5402 2.1705 -24.0308 5.2967 1.0226 -2.9037 5.2967 1.0226 -2.9037 40.2889 -35.0415 -81.4314 33.1452 -7.5510 -25.0057 -1.7714 0.0320 -2.0685 -18.8017 -10.4811 57.9721 -28.2780 2.6491 -10.4887 -38.0478 -3.8513 11.1389 60.6575 -43.6150 26.3494 -10.5538 64.7682 6.7048 18.4985 -0.3780 24.2136 -0.0000 0.0000 0.0000 -71.7550 -37.1050 -27.2886 79.4007 60.4380 -51.6141 -23.4068 -32.7828 -27.0805 -0.0000 0.0000 0.0000
-0.0804 0.5105 -0.0890 -0.3475 11.8072 9.2005 1.1919 1.9228 -23.2057 1.1919 1.9228 -23.2057 4.8533 3.0596 -1.9217 4.8533 3.0596 -1.9217 49.3679 -37.5579 -72.9880 36.5669 -7.2100 -21.5918 -2.1192 0.0432 -2.3374 -25.2103 -12.8513 53.4618 -25.9985 2.6779 -11.5628 -38.8139 -3.6557 10.3523 59.3646 -42.6512 25.0901 -12.4524 64.5846 7.8884 18.3874 3.0752 24.4789 -0.0000 0.0000 0.0000 -70.4825 -35.9364 -25.8100 76.1661 60.3073 -48.9531 -23.5199 -32.5556 -27.2288 -0.0000 0.0000 0.0000
-0.0689 0.5183 -0.0790 0.3799 11.4226 8.6369 0.9279 1.6754 -22.4210 0.9279 1.6754 -22.4210 4.2954 5.2896 -1.0956 4.2954 5.2896 -1.0956 60.0151 -38.9610 -62.9751 39.7900 -6.1629 -16.9218 -2.8945 0.0714 -2.8255 -31.5784 -14.4395 48.2645 -24.9028 2.8494 -12.8533 -40.1050 -3.6349 9.9367 58.1158 -42.0024 24.0815 -13.4029 64.5335 8.4854 17.8390 5.9671 24.1173 -0.0000 0.0000 0.0000 -69.3612 -34.6261 -24.3428 73.2121 59.9164 -46.3564 -23.6442 -31.5885 -27.4519 -0.0000 0.0000 0.0000
-0.0581 0.5255 -0.0696 1.0673 10.9446 8.1583 0.6654 1.4587 -21.6354 0.6654 1.4587 -21.6354 3.7874 7.4947 -0.4400 3.7874 7.4947 -0.4400 69.7422 -38.4720 -53.1973 42.4870 -4.3806 -11.2378 -4.0024 0.1298 -3.7134 -37.5087 -15.3623 43.3276 -25.7673 3.2900 -14.3129 -40.4265 -3.6496 9.8908 56.8060 -41.5438 23.1828 -13.6226 64.6114 8.6381 16.8990 8.9126 23.2367 -0.0000 0.0000 0.0000 -68.1901 -32.9637 -22.6508 70.1287 59.1602 -43.4449 -23.8303 -30.0003 -27.8014 -0.0000 0.0000 0.0000
-0.0475 0.5303 -0.0614 1.7326 10.0121 7.7899 0.1733 1.3848 -20.7727 0.1733 1.3848 -20.7727 3.3163 9.3465 0.1769 3.3163 9.3465 0.1769 77.8927 -36.9330 -44.8988 44.8025 -2.0673 -5.0126 -5.3523 0.2529 -5.4072 -42.3484 -15.7161 39.2219 -29.0335 4.2403 -16.2734 -38.7684 -3.7200 10.5468 55.3489 -41.0079 22.1923 -13.1775 64.9030 8.4014 15.8187 11.9997 22.1687 -0.0000 0.0000 0.0000 -67.0958 -31.1461 -20.9404 67.5768 58.6397 -41.1938 -23.8677 -28.5049 -27.9750 -0.0000 0.0000 0.0000
-0.0376 0.5314 -0.0548 2.3535 8.7124 7.5688 -0.6513 1.4834 -19.7677 -0.6513 1.4834 -19.7677 2.7643 10.2536 0.7897 2.7643 10.2536 0.7897 82.5597 -35.2803 -39.8225 46.6558 0.4635 1.0748 -5.9691 0.4128 -7.9044 -45.6422 -16.1300 37.2208 -34.5786 5.7693 -18.3913 -34.5028 -3.8512 12.3585 53.9308 -40.3754 21.1912 -12.3933 65.4603 7.9838 14.9685 14.9409 21.3847 -0.0000 0.0000 0.0000 -66.3462 -29.7444 -19.6968 66.2011 58.9322 -40.4397 -23.9599 -27.9854 -28.1280 -0.0000 0.0000 0.0000
-0.0295 0.5284 -0.0502 2.9137 7.0641 7.5029 -1.7767 1.6882 -18.6034 -1.7767 1.6882 -18.6034 2.1766 10.2933 1.3127 2.1766 10.2933 1.3127 84.8380 -33.4654 -36.4245 48.4781 2.9406 6.5257 -5.4739 0.5198 -10.8413 -47.5419 -16.7737 37.0144 -41.6100 7.7084 -20.1089 -28.2717 -3.8010 15.0114 52.6017 -39.5923 20.1751 -11.4483 66.2754 7.4881 14.3385 17.3792 20.8347 -0.0000 0.0000 0.0000 -66.0146 -28.9350 -19.0289 66.3027 60.2706 -41.5302 -23.9219 -28.6589 -28.0242 -0.0000 0.0000 0.0000
-0.0223 0.5225 -0.0479 3.4049 5.1965 7.6552 -3.0521 1.8767 -17.1774 -3.0521 1.8767 -17.1774 1.5953 10.0241 1.7000 1.5953 10.0241 1.7000 85.5754 -30.4855 -32.8082 49.6599 4.9792 10.7365 -2.9047 0.3587 -14.0784 -49.2164 -17.6333 37.4177 -48.0130 9.1434 -20.3570 -21.0784 -3.3043 17.6254 51.4169 -38.7048 19.1953 -10.3128 67.2637 6.8704 14.0844 19.0163 20.7092 -0.0000 0.0000 0.0000 -65.9945 -28.4539 -18.6979 67.5728 62.3082 -44.0455 -23.9129 -29.7812 -27.9156 -0.0000 0.0000 0.0000
-0.0159 0.5155 -0.0479 3.8206 3.3336 8.3200 -4.2902 1.9617 -15.6305 -4.2902 1.9617 -15.6305 1.1866 9.9632 1.9183 1.1866 9.9632 1.9183 83.8678 -26.3161 -29.1740 50.4889 5.7288 12.1147 2.0604 -0.2879 -15.9097 -51.7011 -19.1343 38.3629 -51.1269 9.4782 -19.6649 -14.2413 -2.4169 19.1693 50.3302 -38.1333 18.4468 -8.2663 68.2632 5.6086 14.2389 19.0768 20.9428 -0.0000 0.0000 0.0000 -66.1471 -27.6339 -18.1988 69.3486 64.0312 -46.7796 -24.0581 -30.6698 -28.0064 -0.0000 0.0000 0.0000
-0.0096 0.5093 -0.0499 4.1313 1.9737 9.5860 -5.2280 1.8583 -14.1042 -5.2280 1.8583 -14.1042 1.0373 9.9032 1.8717 1.0373 9.9032 1.8717 78.0350 -22.0453 -27.0344 53.5276 4.9032 9.7045 8.1842 -1.1263 -15.6452 -54.3144 -22.0440 41.5831 -52.0526 8.6688 -17.6461 -7.1997 -1.2255 19.2964 49.4391 -38.2987 18.1648 -5.4099 68.9932 3.7191 14.5216 17.8124 21.1616 -0.0000 0.0000 0.0000 -66.5185 -26.2903 -17.4164 70.8316 64.5820 -48.3953 -24.0364 -31.1596 -27.9393 -0.0000 0.0000 0.0000
-0.0041 0.5044 -0.0540 4.3405 1.1372 11.4907 -5.8853 1.6172 -12.6056 -5.8853 1.6172 -12.6056 1.0546 10.0358 1.7391 1.0546 10.0358 1.7391 71.0051 -17.9655 -24.9889 59.1633 3.2081 5.6484 13.5932 -1.5737 -13.1473 -57.1714 -27.4021 48.2088 -47.9650 8.0116 -17.8917 -0.9857 -0.1647 18.9752 48.8160 -39.3188 18.4170 -2.1895 69.2500 1.5120 15.2817 15.5397 21.9130 -0.0000 0.0000 0.0000 -67.0137 -24.1715 -16.1371 70.9810 63.6073 -47.7070 -24.3084 -30.9359 -28.2714 -0.0000 0.0000 0.0000
0.0008 0.5008 -0.0596 4.3803 0.9302 13.7817 -6.2455 1.3256 -11.3232 -6.2455 1.3256 -11.3232 0.9972 10.1828 1.6666 0.9972 10.1828 1.6666 64.4362 -14.5166 -22.8521 67.0672 2.6344 3.9742 16.5738 -1.4634 -10.0221 -54.6999 -34.3937 61.7882 -43.5075 8.5618 -21.2494 4.9865 0.7845 17.8699 48.6686 -41.1850 19.2869 0.5921 69.1602 -0.4082 16.3007 12.9603 22.9708 -0.0000 0.0000 0.0000 -67.6996 -21.7528 -14.6865 70.4671 61.5379 -45.6155 -25.1812 -30.1757 -29.3436 -0.0000 0.0000 0.0000
0.0064 0.4976 -0.0664 4.2285 1.1897 16.0414 -6.3638 1.0608 -10.4302 -6.3638 1.0608 -10.4302 0.6543 10.2267 1.6929 0.6543 10.2267 1.6929 58.2287 -11.7134 -20.8720 75.1834 2.5727 3.3413 17.3165 -0.9365 -6.1443 -38.4251 -36.6039 87.0103 -47.6854 10.3796 -23.2273 10.9454 1.3514 14.0349 49.0589 -43.6512 20.7144 2.5856 69.1081 -1.7808 17.4184 10.7553 24.1979 -0.0000 0.0000 0.0000 -68.5488 -19.5178 -13.3705 69.9142 59.0257 -43.1808 -26.3994 -29.2158 -30.8366 -0.0000 0.0000 0.0000
0.0113 0.4941 -0.0744 3.9112 1.7353 17.9931 -6.2804 0.8364 -9.8358 -6.2804 0.8364 -9.8358 -0.0470 10.0500 1.7805 -0.0470 10.0500 1.7805 50.5781 -9.4263 -19.7972 84.6133 1.4959 1.6435 16.4727 -0.2939 -2.0301 -15.2381 -22.5072 112.1764 -63.0744 8.9560 -14.5447 13.2453 0.8855 7.6156 49.8377 -46.5915 22.6244 4.7291 69.6370 -3.2901 18.4374 9.2850 25.3745 -0.0000 0.0000 0.0000 -69.4317 -17.6691 -12.2924 69.2638 56.5284 -40.7434 -27.7395 -28.0872 -32.4935 -0.0000 0.0000 0.0000
0.0160 0.4899 -0.0832 3.5358 2.2964 19.6961 -6.0411 0.6403 -9.3961 -6.0411 0.6403 -9.3961 -0.8907 9.6171 2.0333 -0.8907 9.6171 2.0333 39.8280 -7.8734 -21.5114 95.6543 -3.9451 -3.5741 15.0483 0.2059 1.5588 1.7832 3.1047 120.2669 -76.7138 -3.9104 4.9402 10.4714 0.2558 2.7907 50.5917 -49.8512 24.7749 8.5891 70.8714 -6.1177 19.1328 8.0370 26.1323 -0.0000 0.0000 0.0000 -70.2808 -16.2485 -11.4755 69.0078 54.4527 -38.9538 -28.8633 -27.1430 -33.8891 -0.0000 0.0000 0.0000
0.0205 0.4850 -0.0931 3.1267 2.8919 21.1310 -5.6586 0.4693 -9.1529 -5.6586 0.4693 -9.1529 -1.5937 8.7027 2.4158 -1.5937 8.7027 2.4158 26.0720 -6.4531 -27.3686 102.8330 -18.6179 -14.9012 15.9350 0.4025 2.8750 15.1419 22.9636 113.6027 -73.5511 -18.8545 25.0491 5.6250 0.1297 2.6393 51.0934 -53.1262 26.8796 14.8255 72.4457 -10.8878 19.2886 6.8298 26.1682 -0.0000 0.0000 0.0000 -71.0805 -15.6352 -11.2030 69.5512 53.2240 -38.3661 -29.2226 -27.0946 -34.3092 -0.0000 0.0000 0.0000
0.0249 0.4795 -0.1040 2.7265 3.4530 22.4425 -5.2051 0.3104 -8.8431 -5.2051 0.3104 -8.8431 -2.1090 7.6416 3.1316 -2.1090 7.6416 3.1316 11.3751 -3.5193 -34.2865 94.2877 -38.7679 -36.1584 19.8690 -0.0236 -0.1347 25.9826 32.8329 103.8745 -64.9476 -25.3696 38.9537 2.5161 0.1039 4.7267 51.2512 -56.1261 28.6888 22.7969 73.7241 -17.1918 19.3019 5.3987 25.9871 -0.0000 0.0000 0.0000 -71.8722 -15.8483 -11.5223 70.8142 53.0125 -39.0402 -29.0870 -27.5618 -34.1028 -0.0000 0.0000 0.0000
0.0287 0.4734 -0.1154 2.3276 3.9931 23.6378 -4.6991 0.1690 -8.4219 -4.6991 0.1690 -8.4219 -2.4240 6.5662 4.1561 -2.4240 6.5662 4.1561 0.3186 -0.1130 -39.0561 70.9167 -48.0842 -64.1248 22.0646 -1.2365 -6.3358 33.4803 36.9234 95.9666 -58.8019 -27.4430 46.8558 0.9702 0.0533 6.2902 51.3193 -58.6515 30.2055 30.9038 74.5124 -23.7461 19.1129 3.8655 25.5331 -0.0000 0.0000 0.0000 -72.7176 -16.5793 -12.2440 72.4743 53.5239 -40.5683 -28.8104 -28.0266 -33.7349 -0.0000 0.0000 0.0000
0.0325 0.4665 -0.1270 1.9497 4.4901 24.6953 -4.1648 0.0483 -7.9532 -4.1648 0.0483 -7.9532 -2.6342 5.6102 5.3830 -2.6342 5.6102 5.3830 -6.6542 2.5556 -41.9828 45.0753 -44.3949 -89.0334 23.0142 -2.8210 -13.7928 38.3178 38.4352 90.1890 -54.2183 -27.6200 51.2972 -0.2721 -0.0175 7.3607 51.5718 -60.8257 31.6653 38.3069 75.0400 -29.8670 18.9033 2.5477 25.0900 -0.0000 0.0000 0.0000 -73.6297 -17.4220 -13.0846 74.0225 54.3402 -42.3064 -28.4054 -28.2991 -33.2397 -0.0000 0.0000 0.0000
0.0360 0.4589 -0.1378 1.5719 4.9953 25.6650 -3.5990 -0.0564 -7.5377 -3.5990 -0.0564 -7.5377 -2.9325 4.8059 6.7337 -2.9325 4.8059 6.7337 -10.6680 4.3188 -43.9831 27.6758 -34.0179 -102.3149 22.2897 -4.4327 -22.2286 41.2544 38.3491 85.4643 -51.3976 -26.7415 52.5712 -1.2378 -0.0979 9.0406 52.1768 -62.9991 33.4036 45.8397 75.5198 -36.2676 18.6853 1.4971 24.6763 -0.0000 0.0000 0.0000 -74.5297 -18.1895 -13.8881 75.1363 55.2900 -43.8897 -27.7951 -28.4002 -32.5260 -0.0000 0.0000 0.0000
0.0397 0.4515 -0.1456 1.2619 5.3708 26.6062 -3.0679 -0.1499 -7.0885 -3.0679 -0.1499 -7.0885 -3.3367 4.2893 8.3116 -3.3367 4.2893 8.3116 -13.3824 5.6475 -45.6063 15.9950 -21.5216 -107.0522 19.3786 -5.4712 -31.2682 44.2809 38.0999 80.6399 -48.0846 -25.8035 54.3576 -2.0265 -0.1855 10.4570 52.8576 -65.1700 35.2482 54.0831 75.8630 -43.3870 18.5174 0.8568 24.3815 -0.0000 0.0000 0.0000 -75.3001 -18.7234 -14.4972 75.9800 56.3930 -45.4391 -27.0196 -27.9737 -31.6734 -0.0000 0.0000 0.0000
0.0429 0.4457 -0.1479 1.0255 5.6046 27.5440 -2.6288 -0.2366 -6.6732 -2.6288 -0.2366 -6.6732 -3.7716 4.0996 9.9396 -3.7716 4.0996 9.9396 -16.1345 6.9821 -46.5753 6.6818 -9.0361 -107.0894 14.1133 -5.1391 -39.8544 48.2970 37.8527 74.8178 -42.9053 -24.6610 58.1724 -2.8273 -0.2931 11.8333 53.3273 -67.2824 36.9541 62.8700 75.9003 -50.9741 18.4314 0.7007 24.2514 -0.0000 0.0000 0.0000 -75.9148 -19.0958 -14.9504 76.7636 57.5019 -46.9759 -26.1647 -27.2757 -30.7523 -0.0000 0.0000 0.0000
0.0458 0.4432 -0.1414 0.8410 5.7315 28.4403 -2.2743 -0.3217 -6.2607 -2.2743 -0.3217 -6.2607 -4.1643 4.1744 11.3954 -4.1643 4.1744 11.3954 -19.1641 8.3403 -46.7195 -0.5433 0.7097 -105.1357 8.6789 -3.6913 -46.0168 53.6069 37.6884 68.0809 -37.0087 -23.8742 64.5592 -3.0155 -0.3365 12.7321 53.5344 -69.1780 38.3586 70.6179 75.6448 -57.6073 18.2574 0.8306 24.0404 -0.0000 0.0000 0.0000 -75.9515 -18.4041 -14.4146 76.0355 57.5830 -46.5004 -25.6664 -26.3920 -30.2594 -0.0000 0.0000 0.0000
0.0489 0.4454 -0.1255 0.6566 5.8555 29.2287 -1.9697 -0.4042 -5.8381 -1.9697 -0.4042 -5.8381 -4.4718 4.3782 12.5110 -4.4718 4.3782 12.5110 -21.8077 9.4459 -46.4264 -6.3617 7.9164 -102.4603 3.9889 -1.8541 -49.8471 59.2374 37.3318 61.4389 -31.4267 -23.3040 72.4817 -2.6014 -0.2813 12.3389 53.7411 -70.7640 39.5817 76.5373 75.2884 -62.6392 17.9257 0.9669 23.6245 -0.0000 0.0000 0.0000 -75.0077 -16.0335 -12.3377 72.5188 55.8522 -42.4909 -25.8395 -25.6911 -30.5293 -0.0000 0.0000 0.0000
0.0517 0.4525 -0.1021 0.4461 6.0414 29.8585 -1.6842 -0.4852 -5.4717 -1.6842 -0.4852 -5.4717 -4.6552 4.6069 13.1918 -4.6552 4.6069 13.1918 -24.1111 10.3767 -46.0670 -11.2395 13.1084 -98.8442 0.1873 -0.0914 -51.9959 64.0042 36.5035 55.6432 -26.9243 -22.4751 79.3856 -2.0055 -0.1990 11.3310 54.2939 -72.1116 40.9418 81.2746 74.9809 -66.7153 17.4371 1.0921 23.0020 -0.0000 0.0000 0.0000 -72.8892 -12.0402 -8.9062 66.6109 52.2266 -35.7031 -26.8908 -25.1436 -31.8096 -0.0000 0.0000 0.0000
0.0543 0.4634 -0.0741 0.1791 6.3453 30.3349 -1.3948 -0.5795 -5.2507 -1.3948 -0.5795 -5.2507 -4.7814 4.8161 13.5073 -4.7814 4.8161 13.5073 -26.0869 11.1748 -45.7870 -14.9091 16.0525 -94.2817 -2.7417 1.3902 -53.7681 67.8358 35.4744 50.8786 -21.5758 -20.2735 86.3549 -1.8111 -0.1501 9.4774 55.4167 -73.3934 42.7530 84.9786 74.8174 -70.0260 16.9133 0.9616 22.3045 -0.0000 0.0000 0.0000 -69.4252 -6.2808 -4.3533 59.2207 46.5850 -27.4967 -28.7803 -24.0675 -34.1264 -0.0000 0.0000 0.0000
0.0570 0.4758 -0.0444 -0.1676 6.8044 30.7208 -1.1704 -0.6784 -5.0801 -1.1704 -0.6784 -5.0801 -4.8388 4.8645 13.5419 -4.8388 4.8645 13.5419 -27.2571 11.7154 -45.8712 -16.1355 16.2576 -90.4376 -3.6220 1.8945 -55.2138 70.6277 34.7812 47.7026 -15.4989 -16.4584 93.4847 -2.6174 -0.1426 6.2367 57.4326 -74.6349 45.3325 87.2035 74.8535 -72.1713 16.6175 0.6769 21.8882 -0.0000 0.0000 0.0000 -64.6638 0.2098 0.1328 51.6033 40.3406 -20.1406 -31.1369 -21.8759 -37.1302 -0.0000 0.0000 0.0000
0.0594 0.4875 -0.0148 -0.6091 7.4498 31.0420 -1.0359 -0.7793 -4.9420 -1.0359 -0.7793 -4.9420 -4.8623 4.6850 13.3839 -4.8623 4.6850 13.3839 -27.7437 12.0104 -46.1456 -16.0998 15.3607 -87.2744 -3.1397 1.6935 -56.6737 72.9677 34.4741 45.5201 -8.4589 -10.0731 99.9991 -5.0789 -0.1308 2.9497 60.7125 -75.9163 49.1101 88.8904 75.0757 -74.0062 16.6745 0.2598 21.9183 -0.0000 0.0000 0.0000 -59.2212 6.0577 3.4449 44.7419 35.1135 -14.8384 -33.5018 -18.7119 -40.3054 -0.0000 0.0000 0.0000
0.0610 0.4969 0.0134 -1.1334 8.2136 31.3413 -1.0444 -0.8538 -4.7469 -1.0444 -0.8538 -4.7469 -4.7911 4.2923 12.9658 -4.7911 4.2923 12.9658 -27.8603 12.1873 -46.5754 -14.5911 13.3041 -84.6644 -0.7292 0.4083 -58.4908 75.3672 34.7614 44.1184 -0.5452 -0.7154 105.3721 -9.6343 -0.0413 0.4904 65.6381 -77.2097 54.4904 90.4589 75.6928 -76.1379 17.3326 -0.5558 22.6856 -0.0000 0.0000 0.0000 -53.6419 10.1909 5.1626 38.5314 31.8680 -11.3972 -35.4086 -15.8160 -42.9573 -0.0000 0.0000 0.0000
0.0622 0.5031 0.0379 -1.8063 9.0925 31.8140 -1.1651 -0.8705 -4.4039 -1.1651 -0.8705 -4.4039 -4.6107 3.6299 12.4576 -4.6107 3.6299 12.4576 -27.6109 12.3594 -47.5605 -12.1214 10.4781 -81.6282 3.5629 -2.0615 -60.0985 76.9913 35.4404 43.7771 6.0170 8.2446 107.7991 -15.0298 -0.0068 0.0518 71.9665 -77.5138 60.4756 87.0886 77.5874 -74.7595 18.9892 -0.5882 24.8231 -0.0000 0.0000 0.0000 -49.5167 11.1544 5.1571 33.9978 31.5207 -9.8624 -36.3018 -15.7897 -44.0106 -0.0000 0.0000 0.0000
0.0653 0.5064 0.0568 -2.6102 9.9941 32.4895 -1.3941 -0.8202 -3.9187 -1.3941 -0.8202 -3.9187 -4.2991 2.6968 11.7650 -4.2991 2.6968 11.7650 -27.0475 12.5900 -49.2771 -8.5678 6.9186 -77.8058 9.7695 -5.7043 -60.4803 78.4753 36.1518 43.5684 13.3641 18.0380 107.1376 -21.9506 -0.4544 2.3427 77.6519 -76.7722 65.0376 77.3416 80.1887 -67.9436 20.7923 -1.3074 27.0545 -0.0000 0.0000 0.0000 -46.8090 9.7571 4.2315 30.6701 33.3281 -9.3851 -36.4960 -17.6240 -43.9623 -0.0000 0.0000 0.0000
0.0681 0.5077 0.0669 -3.4944 10.8431 33.3159 -1.6804 -0.7044 -3.2552 -1.6804 -0.7044 -3.2552 -3.9345 1.5514 10.9960 -3.9345 1.5514 10.9960 -26.2780 12.9071 -51.7084 -4.4669 3.3051 -72.9835 17.3236 -9.8278 -58.8777 80.5776 36.6740 42.7080 25.1318 30.0560 100.5970 -29.4962 -2.6387 10.0000 81.3082 -75.2856 67.0364 56.5526 82.5632 -50.5591 22.3916 -3.1761 28.8556 -0.0000 0.0000 0.0000 -44.6033 8.1105 3.3313 27.5737 35.2954 -8.9274 -36.0380 -19.1147 -43.2110 -0.0000 0.0000 0.0000
0.0707 0.5079 0.0673 -4.4079 11.6175 34.2472 -2.0330 -0.5263 -2.4041 -2.0330 -0.5263 -2.4041 -3.5453 0.2606 10.1347 -3.5453 0.2606 10.1347 -25.2724 13.2190 -54.6642 -0.2295 0.1549 -68.0375 25.3782 -13.3800 -55.0343 82.6816 37.6536 42.3665 39.6863 37.8442 87.0587 -32.9870 -6.4855 21.6653 83.7343 -73.8076 67.8803 27.5650 83.3685 -24.6435 23.6381 -6.0225 30.0606 -0.0000 0.0000 0.0000 -42.3581 7.1518 2.7740 24.4645 36.6096 -8.2043 -35.5632 -19.8453 -42.5549 -0.0000 0.0000 0.0000
0.0733 0.5074 0.0609 -5.2801 12.2580 35.1957 -2.4369 -0.3336 -1.5342 -2.4369 -0.3336 -1.5342 -3.1565 -0.9751 9.2978 -3.1565 -0.9751 9.2978 -23.9520 13.2961 -57.5752 3.4462 -2.1327 -63.4938 32.4700 -15.4570 -49.9766 84.0131 39.3794 43.3398 49.5414 38.5376 74.2941 -32.7032 -9.5210 31.6920 85.5270 -72.9198 68.6924 6.0529 82.8335 -5.3406 24.5517 -9.2214 30.7939 -0.0000 0.0000 0.0000 -39.8374 7.3781 2.6768 21.2117 36.5785 -7.0828 -35.5721 -19.7756 -42.5750 -0.0000 0.0000 0.0000
0.0785 0.5065 0.0514 -6.0750 12.7436 36.0969 -2.9189 -0.1740 -0.8238 -2.9189 -0.1740 -0.8238 -2.6959 -1.9042 8.5663 -2.6959 -1.9042 8.5663 -22.5773 13.1001 -59.8163 6.5148 -3.7358 -59.6270 37.8297 -15.9438 -44.4576 83.8426 42.0384 46.3352 49.1905 35.2272 69.4894 -33.2587 -10.9183 35.4876 86.9359 -72.7916 69.8875 -4.1095 82.0827 3.5779 25.4700 -11.7506 31.6096 -0.0000 0.0000 0.0000 -37.4699 7.8451 2.6644 17.9736 35.9440 -5.8734 -36.0595 -19.7046 -43.1516 -0.0000 0.0000 0.0000
0.0838 0.5037 0.0429 -6.8963 13.1570 37.1016 -3.4569 -0.0362 -0.1820 -3.4569 -0.0362 -0.1820 -2.2295 -2.7910 8.1299 -2.2295 -2.7910 8.1299 -21.0374 12.6674 -61.7416 9.1647 -4.8900 -56.0928 42.1343 -15.6205 -39.1996 79.7958 45.0846 52.8057 39.3932 29.9248 73.4848 -37.1767 -10.8652 31.5796 87.2149 -72.4136 69.7780 -13.6874 80.6015 11.6236 26.8206 -11.6481 33.2664 -0.0000 0.0000 0.0000 -36.0733 7.7487 2.5266 15.6855 35.2340 -5.0090 -36.8955 -20.7050 -43.9783 -0.0000 0.0000 0.0000
0.0889 0.5023 0.0386 -7.8019 13.5439 38.2508 -4.0055 0.0845 0.4636 -4.0055 0.0845 0.4636 -1.8523 -3.7730 7.7727 -1.8523 -3.7730 7.7727 -19.1889 11.9906 -63.7046 11.6379 -5.7860 -52.7520 44.9563 -14.7001 -34.6295 72.8496 47.4671 61.5739 27.7257 22.7996 78.4995 -41.7304 -9.5303 24.6723 85.8647 -71.7089 67.8263 -20.3737 78.6629 16.7521 27.7659 -10.2977 34.5939 -0.0000 0.0000 0.0000 -35.0115 7.4393 2.3494 13.4700 34.2711 -4.1704 -38.1658 -22.4298 -45.1959 -0.0000 0.0000 0.0000
0.0952 0.5043 0.0392 -8.8026 13.9306 39.5248 -4.4943 0.1864 1.1484 -4.4943 0.1864 1.1484 -1.6873 -4.9145 7.4457 -1.6873 -4.9145 7.4457 -17.0596 11.0904 -65.8307 13.9908 -6.4836 -49.5565 46.2752 -13.4235 -30.7948 64.2394 48.1263 70.8498 16.6532 14.5784 82.3044 -45.4686 -7.0941 16.8301 83.1136 -70.6089 64.2392 -24.6392 76.4067 19.5054 27.9398 -7.8395 35.1460 -0.0000 0.0000 0.0000 -34.0105 6.9716 2.1345 10.7768 33.1644 -3.2177 -39.1511 -24.4669 -46.0338 -0.0000 0.0000 0.0000
0.1026 0.5109 0.0438 -9.8501 14.3285 40.8099 -4.8602 0.2439 1.7390 -4.8602 0.2439 1.7390 -1.7413 -6.0288 7.0792 -1.7413 -6.0288 7.0792 -14.9059 10.0049 -67.5742 15.8811 -6.9783 -47.2236 46.6858 -12.1796 -27.7725 55.2016 46.9040 79.3708 6.0347 5.4370 84.0251 -47.3363 -3.6188 8.2448 80.4062 -69.6633 60.9190 -26.6636 74.5844 20.4608 27.3709 -4.7280 34.8932 -0.0000 0.0000 0.0000 -33.2291 6.4777 1.9347 7.9898 32.0559 -2.2987 -39.3474 -26.2964 -46.0011 -0.0000 0.0000 0.0000
0.1104 0.5216 0.0522 -10.8905 14.6993 42.0620 -5.0951 0.2612 2.2092 -5.0951 0.2612 2.2092 -1.9022 -7.0482 6.7392 -1.9022 -7.0482 6.7392 -12.8079 8.7746 -68.7110 17.5770 -7.5062 -45.9829 46.2837 -10.7744 -24.8850 46.5148 44.2482 86.8168 -3.9995 -3.5081 82.5052 -46.9470 0.0972 -0.2238 77.8505 -68.1477 57.2926 -29.5505 72.2878 21.8076 26.4780 -0.9878 34.3407 -0.0000 0.0000 0.0000 -32.9086 5.9877 1.7699 5.4278 30.8791 -1.5001 -38.6680 -27.5542 -45.0593 -0.0000 0.0000 0.0000
0.1180 0.5355 0.0642 -11.8943 15.0621 43.2621 -5.2152 0.2509 2.5701 -5.2152 0.2509 2.5701 -2.0586 -7.9043 6.4183 -2.0586 -7.9043 6.4183 -10.8478 7.4707 -69.0245 19.4119 -8.3359 -46.1536 44.7700 -9.0438 -21.7392 38.7153 40.6411 93.0154 -13.3116 -10.8000 78.0200 -44.6432 3.2689 -7.9512 76.0279 -66.0531 53.8741 -33.4561 69.2542 23.4499 25.6274 2.8009 33.8618 -0.0000 0.0000 0.0000 -33.0982 5.5357 1.6461 3.2072 29.3693 -0.8407 -37.6048 -27.8821 -43.8106 -0.0000 0.0000 0.0000
0.1241 0.5502 0.0798 -12.9395 15.4747 44.5750 -5.3027 0.2369 3.0575 -5.3027 0.2369 3.0575 -2.1821 -8.9784 6.0361 -2.1821 -8.9784 6.0361 -8.8469 6.1208 -69.2995 21.7746 -9.4393 -46.4619 42.9225 -7.1101 -17.9606 31.1137 35.7413 98.3832 -22.2488 -16.0756 71.3683 -41.6417 5.8541 -15.3157 75.2717 -63.3911 50.9238 -38.1289 65.3684 25.0037 25.0468 6.3384 33.7100 -0.0000 0.0000 0.0000 -33.5997 5.4409 1.6438 2.3182 27.7411 -0.5725 -37.2325 -28.2934 -43.3348 -0.0000 0.0000 0.0000
0.1292 0.5627 0.0984 -14.0229 15.8942 46.0434 -5.3657 0.2160 3.6934 -5.3657 0.2160 3.6934 -2.2725 -10.2473 5.5103 -2.2725 -10.2473 5.5103 -6.8084 4.7582 -69.8648 24.6620 -10.6012 -45.9940 40.8664 -5.1920 -13.8775 24.6943 30.1828 101.8638 -30.3472 -19.2002 63.9011 -37.9220 7.6100 -21.9116 75.1560 -60.6888 48.4989 -42.5762 61.4056 26.0557 24.9193 9.0811 34.0408 -0.0000 0.0000 0.0000 -34.3251 5.6542 1.7475 2.1205 25.7882 -0.4855 -37.4791 -28.7055 -43.5609 -0.0000 0.0000 0.0000
0.1330 0.5702 0.1181 -15.1678 16.2333 47.7621 -5.4113 0.1814 4.4239 -5.4113 0.1814 4.4239 -2.2734 -11.6988 4.8552 -2.2734 -11.6988 4.8552 -4.6893 3.3489 -71.0509 27.9391 -11.2437 -43.1773 39.6381 -3.4683 -9.6040 20.0198 24.9461 102.8246 -36.6190 -20.6325 57.6289 -34.3017 8.5502 -27.2324 75.0436 -58.3735 46.4338 -45.6913 57.7178 26.1422 25.2192 10.1153 34.6384 -0.0000 0.0000 0.0000 -35.1004 6.0638 1.9194 2.4229 23.8085 -0.5108 -37.9596 -28.7421 -44.1002 -0.0000 0.0000 0.0000
0.1361 0.5747 0.1369 -16.3257 16.4895 49.5681 -5.3880 0.1245 5.0402 -5.3880 0.1245 5.0402 -2.2969 -13.1038 4.2435 -2.2969 -13.1038 4.2435 -2.5878 1.8808 -72.0145 30.5810 -11.1139 -39.1784 39.6337 -1.9619 -5.4407 16.9285 20.6949 101.6379 -41.7807 -21.3173 52.4966 -30.4120 8.6954 -31.2538 74.9511 -57.2249 45.3901 -47.3716 55.5152 26.0003 25.9935 9.1944 35.4877 -0.0000 0.0000 0.0000 -35.8542 6.5191 2.1111 3.1993 22.2035 -0.6279 -38.3230 -28.3575 -44.5618 -0.0000 0.0000 0.0000
0.1381 0.5770 0.1522 -17.3733 16.6413 51.2410 -5.3086 0.0575 5.4824 -5.3086 0.0575 5.4824 -2.3653 -14.3256 3.8254 -2.3653 -14.3256 3.8254 -0.5466 0.4002 -72.4133 32.3036 -10.3204 -34.6367 40.3820 -0.4668 -1.2693 14.7626 17.4563 99.6840 -45.9618 -21.3673 47.9647 -26.6762 8.2495 -33.8360 74.7732 -56.9565 45.0324 -47.9363 54.7246 25.9130 26.8871 7.1708 36.2729 -0.0000 0.0000 0.0000 -36.4776 6.9326 2.2870 4.2315 21.0995 -0.7884 -38.5878 -27.6495 -44.9557 -0.0000 0.0000 0.0000
0.1406 0.5782 0.1639 -18.2939 16.7219 52.7328 -5.1768 -0.0112 5.7935 -5.1768 -0.0112 5.7935 -2.4471 -15.3154 3.5515 -2.4471 -15.3154 3.5515 1.4369 -1.0479 -72.1998 33.0396 -9.0507 -29.8830 41.0242 1.0260 2.7419 13.1296 14.9726 97.5797 -49.1270 -20.9702 44.0870 -23.3894 7.5423 -35.3269 74.5852 -57.5661 45.4084 -47.6310 55.0889 25.9274 27.5628 4.7928 36.7056 -0.0000 0.0000 0.0000 -36.9477 7.2950 2.4401 5.1437 20.2255 -0.9180 -38.7514 -26.5643 -45.2879 -0.0000 0.0000 0.0000
0.1426 0.5786 0.1733 -19.1400 16.7781 54.1305 -5.0654 -0.0874 6.1184 -5.0654 -0.0874 6.1184 -2.5150 -16.2489 3.2854 -2.5150 -16.2489 3.2854 3.4644 -2.5095 -71.8294 32.5124 -7.4943 -25.3179 41.4543 2.3871 6.3029 11.6122 12.7957 95.5941 -51.3632 -20.2950 40.8310 -20.7033 6.8736 -36.3994 74.4494 -58.3149 45.9397 -46.7983 55.6883 25.7503 27.7678 2.9910 36.6441 -0.0000 0.0000 0.0000 -37.1208 7.7492 2.6055 6.2316 19.7041 -1.0832 -39.2542 -26.1256 -45.9190 -0.0000 0.0000 0.0000
0.1437 0.5787 0.1807 -19.8940 16.8263 55.4213 -4.9983 -0.1702 6.4566 -4.9983 -0.1702 6.4566 -2.5327 -17.0811 3.0042 -2.5327 -17.0811 3.0042 5.5351 -3.9741 -71.3351 30.8155 -5.8118 -20.8725 41.7862 3.6307 9.4927 10.1840 10.8626 93.7146 -52.9935 -19.4257 37.9000 -18.3211 6.2108 -37.1894 74.6308 -59.2011 46.8263 -45.7749 56.5924 25.6085 27.6128 1.6582 36.2138 -0.0000 0.0000 0.0000 -37.1853 8.2721 2.7870 7.1825 19.1540 -1.2134 -39.8436 -25.5999 -46.6616 -0.0000 0.0000 0.0000
0.1445 0.5782 0.1867 -20.6289 16.8652 56.7461 -4.9956 -0.2628 6.8612 -4.9956 -0.2628 6.8612 -2.4413 -17.9605 2.6296 -2.4413 -17.9605 2.6296 7.6949 -5.4951 -71.0230 27.8945 -3.9372 -15.7597 41.9294 4.7455 12.3444 8.7855 9.0552 91.7391 -54.2804 -18.5072 35.2639 -16.1084 5.5769 -37.9869 74.8073 -59.8799 47.5382 -44.5152 57.1025 25.1084 27.3238 0.3434 35.6256 -0.0000 0.0000 0.0000 -37.1806 8.8579 2.9846 8.0980 18.5189 -1.3224 -40.4852 -24.7339 -47.5138 -0.0000 0.0000 0.0000
0.1449 0.5769 0.1919 -21.3424 16.9466 58.0461 -5.0067 -0.3653 7.2460 -5.0067 -0.3653 7.2460 -2.3587 -18.8102 2.2379 -2.3587 -18.8102 2.2379 9.8699 -6.9746 -70.4271 24.1650 -2.5722 -11.9742 42.2488 5.5943 14.4147 7.3879 7.3360 89.5949 -55.6288 -17.3483 32.2575 -13.5956 4.7719 -38.5334 75.0486 -60.6170 48.3541 -43.0772 57.6553 24.5119 27.2158 -1.0674 35.2606 -0.0000 0.0000 0.0000 -37.1918 9.3837 3.1635 8.8103 17.8462 -1.3860 -41.0896 -23.5840 -48.3690 -0.0000 0.0000 0.0000
0.1454 0.5747 0.1969 -21.9429 17.0568 59.1459 -5.0233 -0.4604 7.5274 -5.0233 -0.4604 7.5274 -2.3110 -19.4857 1.9580 -2.3110 -19.4857 1.9580 11.9091 -8.2404 -69.2609 20.2317 -1.6199 -9.0610 42.6030 6.2082 15.8359 6.1081 5.8639 87.6592 -56.6418 -16.0135 29.2565 -11.1602 3.9164 -38.5751 75.2865 -61.3450 49.1651 -41.7091 58.2136 23.9494 27.3899 -2.7647 35.2136 -0.0000 0.0000 0.0000 -37.2228 9.7662 3.2959 9.2649 17.3082 -1.4131 -41.6542 -22.4366 -49.1839 -0.0000 0.0000 0.0000
0.1460 0.5721 0.2019 -22.4232 17.1636 60.0574 -5.0683 -0.5431 7.7549 -5.0683 -0.5431 7.7549 -2.2481 -20.0491 1.7431 -2.2481 -20.0491 1.7431 13.6419 -9.1258 -67.4226 16.4029 -0.9515 -6.5944 42.5968 6.5014 16.5778 4.9990 4.6699 86.0960 -56.9679 -14.6833 26.7156 -9.1910 3.1905 -38.2200 75.4003 -61.9502 49.7772 -40.4515 58.6200 23.3728 27.7322 -4.5484 35.3695 -0.0000 0.0000 0.0000 -37.2601 10.0703 3.4027 9.6727 16.9312 -1.4430 -42.1885 -21.5857 -49.9235 -0.0000 0.0000 0.0000
0.1463 0.5692 0.2068 -22.7857 17.2508 60.7937 -5.1479 -0.6115 7.9213 -5.1479 -0.6115 7.9213 -2.1876 -20.5083 1.5768 -2.1876 -20.5083 1.5768 14.9920 -9.6182 -65.1892 13.0725 -0.5629 -4.9103 42.2739 6.4686 16.6315 4.0244 3.6799 84.8766 -56.7897 -13.3355 24.4050 -7.6221 2.5967 -37.5803 75.3176 -62.2995 50.0141 -39.3847 58.8208 22.8129 28.1170 -6.0976 35.6160 -0.0000 0.0000 0.0000 -37.2609 10.2844 3.4755 10.0290 16.7504 -1.4802 -42.7082 -20.9641 -50.6132 -0.0000 0.0000 0.0000
0.1462 0.5668 0.2113 -23.0601 17.3026 61.3908 -5.2719 -0.6706 8.0378 -5.2719 -0.6706 8.0378 -2.1027 -20.9103 1.4701 -2.1027 -20.9103 1.4701 15.9390 -9.7946 -62.9358 10.6159 -0.3670 -3.9489 41.7513 6.1684 16.0831 3.2548 2.9219 83.8280 -56.2732 -12.0533 22.3355 -6.3536 2.1089 -36.6930 75.1387 -62.4773 50.0262 -38.4384 58.8913 22.2670 28.5018 -7.3547 35.9062 -0.0000 0.0000 0.0000 -37.2201 10.4387 3.5237 10.4236 16.7527 -1.5390 -43.2189 -20.5044 -51.2684 -0.0000 0.0000 0.0000
0.1464 0.5649 0.2153 -23.3066 17.3481 61.9172 -5.4331 -0.7268 8.1222 -5.4331 -0.7268 8.1222 -1.9938 -21.3002 1.3798 -1.9938 -21.3002 1.3798 16.5699 -9.7978 -60.9629 9.0836 -0.3186 -4.0093 41.1248 5.7638 15.2864 2.5586 2.2594 82.8897 -55.5076 -10.8689 20.4959 -5.3742 1.7399 -35.8563 74.8878 -62.6637 49.9880 -37.4314 58.9638 21.6857 28.7733 -8.2601 36.1082 -0.0000 0.0000 0.0000 -37.1335 10.5120 3.5397 10.7806 16.8652 -1.6028 -43.6622 -20.0445 -51.8477 -0.0000 0.0000 0.0000
0.1467 0.5637 0.2188 -23.5738 17.4335 62.4088 -5.6268 -0.7934 8.1674 -5.6268 -0.7934 8.1674 -1.8492 -21.6695 1.3209 -1.8492 -21.6695 1.3209 17.0033 -9.7737 -59.5370 8.3234 -0.3785 -5.1978 40.6581 5.4095 14.5334 1.8344 1.5883 81.7724 -54.6604 -9.6468 18.5466 -4.2926 1.3501 -34.9041 74.5769 -63.0458 50.0701 -36.0305 59.2100 20.9386 28.8870 -8.6429 36.1923 -0.0000 0.0000 0.0000 -37.0075 10.4750 3.5144 11.0658 17.0540 -1.6642 -44.0478 -19.5226 -52.3725 -0.0000 0.0000 0.0000
0.1468 0.5632 0.2222 -23.8455 17.5581 62.8524 -5.8257 -0.8620 8.1006 -5.8257 -0.8620 8.1006 -1.6688 -21.9214 1.3167 -1.6688 -21.9214 1.3167 17.2286 -9.7124 -58.5696 7.6599 -0.4196 -6.2614 40.3735 5.0810 13.7622 1.1550 0.9780 80.5102 -53.6997 -8.4316 16.5693 -3.1489 0.9521 -33.6378 74.1079 -63.5653 50.1426 -34.2979 59.5951 20.0421 28.8976 -8.8379 36.1772 -0.0000 0.0000 0.0000 -36.8663 10.3506 3.4582 11.2384 17.2562 -1.7106 -44.3981 -18.9118 -52.8733 -0.0000 0.0000 0.0000
0.1474 0.5632 0.2258 -24.1069 17.7198 63.2746 -6.0176 -0.9288 7.9284 -6.0176 -0.9288 7.9284 -1.4458 -22.0877 1.3313 -1.4458 -22.0877 1.3313 17.1842 -9.5056 -57.6454 6.8347 -0.4311 -7.2105 40.1960 4.7515 12.9376 0.5304 0.4391 79.2378 -52.4538 -7.2748 14.7054 -2.1045 0.6060 -32.1242 73.3570 -64.2539 50.1307 -31.9714 60.1620 18.8433 28.7284 -8.8938 35.9626 -0.0000 0.0000 0.0000 -36.7678 10.1927 3.3954 11.3721 17.3986 -1.7456 -44.7614 -18.2204 -53.4042 -0.0000 0.0000 0.0000
0.1487 0.5637 0.2292 -24.3070 17.8992 63.6685 -6.2328 -1.0117 7.7475 -6.2328 -1.0117 7.7475 -1.1989 -22.2680 1.3381 -1.1989 -22.2680 1.3381 16.9576 -9.2382 -56.9133 6.0309 -0.4412 -8.3614 40.1531 4.4879 12.2388 0.0162 0.0131 77.8407 -50.9202 -6.1321 12.8377 -1.2671 0.3440 -30.3796 72.2362 -64.9405 49.8143 -29.4245 60.6449 17.4618 28.4344 -9.0386 35.5829 -0.0000 0.0000 0.0000 -36.6405 10.1451 3.3670 11.5350 17.3981 -1.7708 -45.2940 -17.5268 -54.1306 -0.0000 0.0000 0.0000
0.1500 0.5649 0.2317 -24.2881 18.0247 63.9646 -6.4732 -1.1050 7.5733 -6.4732 -1.1050 7.5733 -0.9369 -22.4107 1.4118 -0.9369 -22.4107 1.4118 16.5597 -8.9406 -56.4919 5.1855 -0.4126 -9.0932 40.3776 4.2191 11.4412 -0.2724 -0.2156 76.7421 -48.9066 -5.2084 11.4233 -1.0584 0.2728 -28.9045 70.8108 -65.3982 49.0557 -27.2497 60.9199 16.2254 27.9649 -9.2773 34.9758 -0.0000 0.0000 0.0000 -36.4836 10.3550 3.4212 11.7988 17.3038 -1.8016 -46.0314 -16.9556 -55.0710 -0.0000 0.0000 0.0000
0.1507 0.5673 0.2328 -24.0298 18.0670 64.1744 -6.7853 -1.2350 7.5384 -6.7853 -1.2350 7.5384 -0.6332 -22.5106 1.5140 -0.6332 -22.5106 1.5140 16.1491 -8.7462 -56.6537 4.1463 -0.3382 -9.3226 40.8965 3.9227 10.4954 -0.3182 -0.2482 75.9082 -46.3768 -4.5267 10.5431 -1.6278 0.4068 -28.0629 69.3090 -65.5538 47.9868 -25.8222 60.9050 15.3514 27.1263 -9.4174 33.9308 -0.0000 0.0000 0.0000 -36.2886 10.8191 3.5549 12.0005 17.1520 -1.8163 -46.8188 -16.3661 -56.0727 -0.0000 0.0000 0.0000
0.1511 0.5710 0.2325 -23.4968 18.0013 64.2670 -7.1805 -1.3837 7.4924 -7.1805 -1.3837 7.4924 -0.2279 -22.4889 1.8271 -0.2279 -22.4889 1.8271 15.6855 -8.5699 -57.0885 3.9363 -0.2860 -8.3075 39.6074 3.1305 8.6790 -0.4339 -0.3339 75.1579 -43.0834 -3.9102 9.8848 -2.4913 0.6074 -27.4001 67.4459 -65.2823 46.2989 -24.9225 60.4053 14.6594 25.7634 -9.3053 32.2741 -0.0000 0.0000 0.0000 -36.0401 11.4263 3.7281 11.9662 17.0625 -1.8014 -47.2639 -15.6468 -56.7102 -0.0000 0.0000 0.0000
0.1503 0.5758 0.2307 -22.6636 17.7950 64.2085 -7.5196 -1.4766 7.1814 -7.5196 -1.4766 7.1814 0.2423 -22.1333 2.5531 0.2423 -22.1333 2.5531 14.8162 -8.0957 -57.1155 5.3112 -0.2769 -5.9643 39.3731 2.3934 6.6827 -0.8058 -0.6166 74.8493 -39.4443 -3.4777 9.6809 -3.3779 0.8114 -27.0077 65.0974 -64.6831 44.0115 -24.1225 59.3757 13.8908 23.7558 -9.3846 29.7930 -0.0000 0.0000 0.0000 -35.7933 12.1214 3.9274 11.6078 16.9928 -1.7399 -47.2339 -14.8650 -56.8202 -0.0000 0.0000 0.0000
0.1475 0.5812 0.2272 -21.5700 17.5055 63.9726 -7.8671 -1.5256 6.7480 -7.8671 -1.5256 6.7480 0.7680 -21.4306 3.3185 0.7680 -21.4306 3.3185 13.8719 -7.5854 -57.1755 8.0285 -0.1652 -2.3536 41.4223 1.8959 5.0116 -1.7711 -1.3376 74.1178 -35.5380 -2.7970 8.7127 -3.1883 0.7194 -25.4246 62.3363 -64.4488 41.7398 -22.5149 58.6290 12.7546 21.3037 -9.9448 26.7008 -0.0000 0.0000 0.0000 -35.5078 12.9203 4.1526 11.1664 16.8886 -1.6629 -47.2056 -14.3431 -56.8853 -0.0000 0.0000 0.0000
0.1421 0.5862 0.2210 -20.2101 17.0786 63.5849 -8.3033 -1.5707 6.3706 -8.3033 -1.5707 6.3706 1.3623 -20.3867 4.0070 1.3623 -20.3867 4.0070 12.8151 -7.1110 -57.9107 11.9042 0.1995 1.9134 45.0335 1.4700 3.5451 -2.9157 -2.1492 72.7854 -32.1923 -2.0875 7.2252 -2.6176 0.5217 -22.5384 58.9843 -64.6117 39.3575 -19.9012 58.1306 11.1384 18.5254 -10.9685 23.1609 -0.0000 0.0000 0.0000 -34.9272 13.9704 4.4148 10.8681 16.7547 -1.6052 -47.7140 -14.6796 -57.4018 -0.0000 0.0000 0.0000
0.1359 0.5896 0.2111 -18.5250 16.5006 63.0126 -8.8561 -1.6577 6.1877 -8.8561 -1.6577 6.1877 2.0379 -18.9512 4.3914 2.0379 -18.9512 4.3914 11.6165 -6.6617 -59.5520 15.9018 0.8655 6.1911 48.6810 0.7740 1.7108 -4.5194 -3.2063 70.6938 -29.1357 -1.4539 5.5905 -1.4050 0.2370 -19.1478 55.1994 -64.8136 36.7172 -16.8666 57.6909 9.3369 15.9244 -11.7540 19.8724 -0.0000 0.0000 0.0000 -34.1764 15.3181 4.7346 10.8841 16.6783 -1.6001 -48.9568 -16.1850 -58.5313 -0.0000 0.0000 0.0000
0.1270 0.5904 0.1975 -16.6358 15.8477 62.2831 -9.4189 -1.7904 6.1877 -9.4189 -1.7904 6.1877 2.6713 -17.2828 4.5633 2.6713 -17.2828 4.5633 10.2690 -6.1191 -61.4927 18.8648 1.5370 9.2323 51.5539 -0.2258 -0.4677 -6.5293 -4.4132 68.0788 -26.6721 -0.9194 3.8770 0.2115 -0.0289 -15.5914 51.4367 -64.7358 33.9542 -13.9781 57.1364 7.6377 14.0297 -11.5923 17.5335 -0.0000 0.0000 0.0000 -33.3814 16.8083 5.0729 11.0420 16.7205 -1.6277 -50.6248 -18.2731 -60.0233 -0.0000 0.0000 0.0000
0.1161 0.5886 0.1810 -14.6026 15.1306 61.4419 -9.9751 -1.9270 6.2115 -9.9751 -1.9270 6.2115 3.2263 -15.5950 4.6480 3.2263 -15.5950 4.6480 8.8612 -5.4660 -63.2730 21.2442 2.1597 11.4786 52.2126 -1.5761 -3.2156 -9.0758 -5.7856 64.9690 -24.3090 -0.6197 2.8766 2.4222 -0.2716 -12.7915 47.7156 -64.6408 31.2637 -10.8139 56.9192 5.8739 13.3282 -10.3868 16.7426 -0.0000 0.0000 0.0000 -32.7295 18.3974 5.4452 11.4403 17.0049 -1.7158 -52.3938 -20.7808 -61.5394 -0.0000 0.0000 0.0000
0.1055 0.5846 0.1638 -12.5208 14.4282 60.4354 -10.3519 -1.9125 5.8940 -10.3519 -1.9125 5.8940 3.5416 -13.8326 4.9264 3.5416 -13.8326 4.9264 7.4692 -4.6489 -63.7518 23.1534 2.6973 13.1124 52.1831 -2.7686 -5.6500 -12.0120 -7.3199 62.5974 -23.8711 -0.3753 1.7755 5.6583 -0.5235 -10.5642 43.4836 -64.7762 28.3922 -6.6254 57.1119 3.6085 13.5142 -8.4859 17.1087 -0.0000 0.0000 0.0000 -32.2440 19.5966 5.7155 12.3986 18.1303 -1.9858 -54.3450 -23.8963 -63.1372 -0.0000 0.0000 0.0000
0.0946 0.5799 0.1488 -10.4619 13.8875 59.0937 -10.5073 -1.7207 5.2405 -10.5073 -1.7207 5.2405 3.4367 -11.8690 5.1745 3.4367 -11.8690 5.1745 6.2958 -3.8511 -62.8756 24.4439 3.1830 14.6186 51.9602 -3.5770 -7.3328 -14.7904 -8.7731 61.1677 -25.1656 0.2088 -0.9355 9.1105 -0.5666 -7.1027 38.0083 -65.5837 25.0210 -0.5002 58.1102 0.2779 14.0473 -6.6438 17.9191 -0.0000 0.0000 0.0000 -31.6256 20.2696 5.7963 13.5680 20.0317 -2.4072 -56.5770 -26.9834 -65.0350 -0.0000 0.0000 0.0000
0.0822 0.5768 0.1383 -8.5237 13.5114 57.4037 -10.5125 -1.3882 4.2818 -10.5125 -1.3882 4.2818 3.0216 -9.4502 5.2959 3.0216 -9.4502 5.2959 5.3575 -3.1357 -60.6569 25.2692 3.6132 16.0188 51.7955 -4.0064 -8.2408 -16.8282 -10.0570 61.4928 -27.9814 1.3735 -5.5086 11.4037 -0.2950 -2.9534 31.4342 -66.4817 20.9000 6.7173 59.1944 -3.8185 14.4299 -4.7807 18.5544 -0.0000 0.0000 0.0000 -30.6383 20.4714 5.6635 14.3609 22.2551 -2.8390 -58.6867 -29.4725 -66.8880 -0.0000 0.0000 0.0000
0.0701 0.5772 0.1329 -6.6271 13.1655 55.4487 -10.4295 -1.0871 3.4738 -10.4295 -1.0871 3.4738 2.4842 -7.0340 5.1808 2.4842 -7.0340 5.1808 4.1768 -2.3434 -58.5740 25.9350 4.0532 17.4727 51.6559 -4.3499 -8.9729 -17.8346 -10.8534 62.3857 -31.2747 2.9663 -10.5698 12.8073 0.1207 1.0756 25.6686 -66.2315 16.9053 12.1765 59.3166 -6.9513 14.4621 -2.7521 18.7663 -0.0000 0.0000 0.0000 -29.4151 20.2055 5.3554 14.1984 24.7243 -3.1271 -59.9136 -31.1412 -67.9215 -0.0000 0.0000 0.0000
0.0591 0.5816 0.1325 -4.7473 12.7147 53.4369 -10.2930 -0.8926 2.9805 -10.2930 -0.8926 2.9805 2.0109 -5.0957 5.0693 2.0109 -5.0957 5.0693 2.6102 -1.4208 -57.1148 26.5760 4.4826 18.8191 51.5266 -4.7483 -9.8199 -17.4196 -10.7957 63.3318 -34.4966 4.5642 -14.6283 13.0373 0.4654 4.0710 22.8215 -63.7291 14.3014 13.4373 57.7490 -7.4337 13.8773 -0.5378 18.2006 -0.0000 0.0000 0.0000 -28.0858 19.7413 4.9840 12.7655 26.9635 -3.0724 -59.7076 -31.6888 -67.6085 -0.0000 0.0000 0.0000
0.0459 0.5891 0.1360 -2.9708 12.1095 51.6820 -10.2154 -0.8749 3.0282 -10.2154 -0.8749 3.0282 1.7522 -4.1477 5.0100 1.7522 -4.1477 5.0100 0.7309 -0.3973 -57.0579 27.2954 4.8949 19.9673 51.3411 -5.3450 -11.0939 -15.6640 -9.7394 63.5469 -36.8666 5.6974 -16.9824 12.8068 0.6601 5.8768 22.9476 -59.1530 13.1426 10.7914 54.4264 -5.5612 12.8061 1.8327 17.0003 -0.0000 0.0000 0.0000 -26.8234 19.3520 4.6563 10.4422 28.7725 -2.6854 -58.0216 -31.8122 -65.7789 -0.0000 0.0000 0.0000
0.0339 0.5980 0.1427 -1.1207 11.1093 50.2674 -10.0623 -0.9770 3.5359 -10.0623 -0.9770 3.5359 1.5444 -3.6565 5.1831 1.5444 -3.6565 5.1831 -2.0883 1.1634 -58.2425 28.6550 5.3648 20.7890 50.9606 -6.2520 -13.0751 -13.3324 -8.1207 62.5458 -38.6458 6.0758 -17.2132 12.4603 0.7219 6.6055 24.3357 -52.7485 12.2051 7.0800 49.1589 -3.2417 11.6544 4.2916 15.6764 -0.0000 0.0000 0.0000 -25.9171 19.2160 4.4614 8.3821 30.6719 -2.3025 -54.9175 -33.5963 -62.1447 -0.0000 0.0000 0.0000
0.0218 0.6064 0.1509 0.5973 9.8657 49.2931 -9.8780 -1.1032 4.1492 -9.8780 -1.1032 4.1492 1.2618 -3.2593 5.6242 1.2618 -3.2593 5.6242 -5.2101 2.9805 -59.5210 30.2851 5.7641 21.0769 50.4560 -7.2522 -15.3208 -11.2446 -6.5380 60.2445 -41.6366 5.5276 -14.4713 13.2449 0.7793 6.7046 25.6654 -46.0044 11.0470 3.9199 42.9301 -1.5418 10.8638 6.5121 14.7938 -0.0000 0.0000 0.0000 -25.0955 19.3453 4.3450 6.9707 32.1699 -2.0123 -52.2172 -36.4635 -58.7856 -0.0000 0.0000 0.0000
0.0106 0.6129 0.1596 1.9820 8.6259 48.7550 -9.8078 -1.2024 4.5321 -9.8078 -1.2024 4.5321 1.0494 -2.5613 6.1241 1.0494 -2.5613 6.1241 -7.6940 4.4452 -59.9852 31.5046 5.9384 20.8389 49.9868 -8.1320 -17.3401 -9.5787 -5.2278 57.1704 -43.5387 3.9437 -9.8547 13.7218 0.8441 7.0065 26.4453 -40.4055 9.8834 1.9568 37.1838 -0.6583 10.4483 8.2979 14.3739 -0.0000 0.0000 0.0000 -24.2230 19.7070 4.2692 6.1421 32.9307 -1.8169 -50.4147 -39.6675 -56.3734 -0.0000 0.0000 0.0000
-0.0017 0.6174 0.1679 3.0931 7.4209 48.5529 -9.9781 -1.2785 4.6658 -9.9781 -1.2785 4.6658 1.0228 -1.8394 6.7100 1.0228 -1.8394 6.7100 -9.1869 5.3301 -60.1725 32.1089 5.9971 20.6326 49.4934 -8.9316 -19.2338 -7.4926 -3.8340 54.1496 -44.2958 2.2041 -5.4118 13.4022 0.8925 7.5852 26.6996 -36.4368 8.9323 0.8112 32.6294 -0.2374 10.2276 9.4758 14.1679 -0.0000 0.0000 0.0000 -23.1059 20.1175 4.1533 5.3155 33.3549 -1.5935 -49.6116 -42.3455 -55.1371 -0.0000 0.0000 0.0000
-0.0135 0.6200 0.1740 4.2106 6.1652 48.5465 -10.0035 -1.2480 4.4630 -10.0035 -1.2480 4.4630 0.9078 -0.3873 7.1656 0.9078 -0.3873 7.1656 -10.6468 6.1382 -59.8346 32.4384 6.0718 20.6658 49.1023 -9.5871 -20.8048 -3.5097 -1.6458 50.2353 -45.0623 -0.6666 1.6069 11.4347 0.7274 7.2562 26.2186 -33.2995 7.9678 0.4518 29.0384 -0.1170 10.1070 9.2736 13.9851 -0.0000 0.0000 0.0000 -21.8877 20.4288 3.9909 4.3659 33.7374 -1.3244 -49.2838 -44.6189 -54.4801 -0.0000 0.0000 0.0000
-0.0244 0.6207 0.1765 5.2953 5.0154 48.5775 -9.6987 -1.0708 3.8719 -9.6987 -1.0708 3.8719 0.6761 1.6574 7.4385 0.6761 1.6574 7.4385 -12.3220 6.9315 -58.5889 32.4853 6.1696 20.9605 49.1303 -9.9666 -21.5996 2.9856 1.2759 46.2731 -46.4334 -4.4605 10.3755 8.0760 0.4387 6.2087 25.2687 -30.7457 7.0532 0.3955 26.1079 -0.0917 9.7829 7.9929 13.4393 -0.0000 0.0000 0.0000 -20.3915 20.6242 3.7485 2.8288 34.0450 -0.8662 -48.6777 -45.8944 -53.6626 -0.0000 0.0000 0.0000
-0.0358 0.6213 0.1754 6.1848 4.1161 48.5726 -9.1422 -0.8053 2.9748 -9.1422 -0.8053 2.9748 0.2550 3.9372 7.8971 0.2550 3.9372 7.8971 -13.9997 7.5160 -56.2900 32.1323 6.1689 21.1958 49.6900 -10.0447 -21.4939 10.6263 4.0929 42.0364 -45.7888 -8.9161 20.9203 3.3216 0.1419 4.8910 24.2506 -28.5973 6.2685 0.7281 23.2850 -0.1500 9.6311 6.4574 13.1185 -0.0000 0.0000 0.0000 -18.4292 21.0492 3.4526 0.8581 33.9431 -0.2619 -47.5540 -46.1481 -52.4239 -0.0000 0.0000 0.0000
-0.0465 0.6226 0.1717 6.8031 3.5641 48.5705 -8.4261 -0.4701 1.7663 -8.4261 -0.4701 1.7663 -0.3377 6.2355 8.5954 -0.3377 6.2355 8.5954 -15.4329 7.7099 -52.8822 31.2285 5.9761 21.1590 50.7887 -9.7874 -20.4479 17.4135 5.9220 37.3256 -44.2149 -13.7954 33.1679 -0.3696 -0.0131 4.0683 23.1276 -26.9711 5.6183 1.1478 20.5766 -0.2084 10.1209 4.8664 13.6645 -0.0000 0.0000 0.0000 -16.4279 21.4221 3.1281 -0.8263 33.3385 0.2474 -46.4740 -46.0213 -51.2789 -0.0000 0.0000 0.0000
-0.0555 0.6251 0.1667 7.1188 3.3962 48.5544 -7.7183 -0.0936 0.3493 -7.7183 -0.0936 0.3493 -0.9500 7.9891 9.4802 -0.9500 7.9891 9.4802 -16.2364 7.3890 -48.7090 29.6608 5.5618 20.7909 52.2445 -9.2087 -18.6528 22.8671 7.1625 34.3902 -40.6828 -17.1000 44.1480 -3.6326 -0.1366 4.3060 22.1537 -25.7986 5.1343 1.5703 18.1458 -0.2508 11.0620 3.3804 14.8132 -0.0000 0.0000 0.0000 -14.7878 21.6498 2.8428 -2.1202 32.2504 0.6130 -45.6048 -45.3390 -50.4277 -0.0000 0.0000 0.0000
-0.0634 0.6282 0.1614 7.2923 3.3543 48.5711 -7.2225 0.2099 -0.7599 -7.2225 0.2099 -0.7599 -1.2870 8.7066 10.4034 -1.2870 8.7066 10.4034 -16.4066 6.9011 -45.3951 27.7957 5.0910 20.3714 53.4837 -8.6585 -17.0892 27.7268 8.4738 33.4173 -36.8889 -18.4880 52.0236 -5.9396 -0.2591 4.9913 21.4367 -24.8259 4.7713 1.8402 16.0434 -0.2594 12.2978 1.7902 16.3261 -0.0000 0.0000 0.0000 -13.4471 21.8584 2.6081 -3.1452 31.2314 0.8793 -45.0840 -44.0790 -50.0222 -0.0000 0.0000 0.0000
-0.0705 0.6320 0.1561 7.7154 3.0750 48.7371 -6.7119 0.3708 -1.3367 -6.7119 0.3708 -1.3367 -1.5758 9.1052 11.1159 -1.5758 9.1052 11.1159 -17.1772 6.9289 -43.6859 26.3646 4.7691 20.1625 54.2358 -8.4427 -16.4026 32.2540 9.3311 31.5229 -31.5364 -18.6101 60.2490 -7.9494 -0.3797 5.4604 20.8875 -23.3639 4.3651 2.3425 14.0883 -0.2895 13.7705 -0.3474 18.0778 -0.0000 0.0000 0.0000 -12.9141 21.9407 2.5135 -3.3514 30.8952 0.9264 -44.7793 -43.1564 -49.8076 -0.0000 0.0000 0.0000
-0.0770 0.6358 0.1509 8.4387 2.4970 49.1551 -6.1648 0.3782 -1.4091 -6.1648 0.3782 -1.4091 -1.7596 9.3511 11.5043 -1.7596 9.3511 11.5043 -18.7183 7.5512 -43.6421 25.4895 4.6366 20.2958 54.5113 -8.6353 -16.6755 36.9459 9.7135 28.5408 -24.9001 -17.0809 68.4463 -10.1932 -0.5494 6.1539 20.4021 -21.5063 3.9146 3.1833 12.3221 -0.3437 14.9055 -2.7008 19.3419 -0.0000 0.0000 0.0000 -13.0117 22.1838 2.5615 -2.9001 31.0579 0.8060 -45.1477 -42.8067 -50.2512 -0.0000 0.0000 0.0000
-0.0823 0.6386 0.1461 9.1801 1.8968 49.8865 -5.7366 0.2862 -1.1065 -5.7366 0.2862 -1.1065 -1.8752 9.2263 11.7938 -1.8752 9.2263 11.7938 -20.2379 8.4264 -44.8591 24.7837 4.5758 20.6119 54.4934 -9.0664 -17.5053 41.5389 9.3957 24.4517 -17.3724 -13.2598 74.5282 -12.5915 -0.9408 8.5122 20.0726 -19.4982 3.4834 4.5248 10.6034 -0.4201 15.8995 -4.4964 20.4547 -0.0000 0.0000 0.0000 -13.1155 22.7462 2.6493 -2.1541 31.1800 0.6011 -46.4999 -42.6466 -51.7369 -0.0000 0.0000 0.0000
-0.0866 0.6398 0.1416 9.9287 1.3468 50.8590 -5.3255 0.2069 -0.8386 -5.3255 0.2069 -0.8386 -2.0718 9.0898 12.1187 -2.0718 9.0898 12.1187 -21.7986 9.4004 -46.2431 24.1582 4.5400 20.9880 54.4222 -9.5052 -18.3698 44.8434 8.3517 20.0690 -10.6388 -8.5801 77.7158 -13.9891 -1.4580 11.8424 19.7368 -17.4871 3.0652 6.2770 8.9851 -0.4937 16.8804 -5.6443 21.5959 -0.0000 0.0000 0.0000 -13.4941 23.4610 2.8144 -1.1679 31.1121 0.3251 -47.4979 -42.9952 -52.7705 -0.0000 0.0000 0.0000
-0.0899 0.6407 0.1373 10.5373 0.9776 51.8872 -4.9525 0.2042 -0.8672 -4.9525 0.2042 -0.8672 -2.3686 8.8954 12.4275 -2.3686 8.8954 12.4275 -23.1041 10.1743 -47.0691 23.4298 4.4743 21.3381 54.5387 -9.7625 -18.8144 46.9448 7.3399 16.8045 -5.7929 -4.6767 77.8128 -14.1728 -1.9188 15.3440 19.4644 -15.7363 2.7155 8.0058 7.5305 -0.5277 17.6968 -6.3480 22.5616 -0.0000 0.0000 0.0000 -14.1465 24.1287 3.0383 -0.2372 30.6920 0.0651 -48.0434 -43.2557 -53.3250 -0.0000 0.0000 0.0000
-0.0928 0.6413 0.1323 10.9556 0.7306 52.8590 -4.6310 0.2248 -0.9960 -4.6310 0.2248 -0.9960 -2.6121 8.5714 12.6313 -2.6121 8.5714 12.6313 -24.1509 10.8064 -47.7022 22.6685 4.3995 21.6966 54.7611 -9.9163 -19.0178 48.9469 6.3519 13.9009 -0.6177 -0.4997 77.9399 -14.0089 -2.2523 18.1799 19.3005 -14.3501 2.4525 9.3342 6.1780 -0.5048 18.4959 -6.7071 23.5335 -0.0000 0.0000 0.0000 -14.4334 24.9961 3.2155 0.2837 29.9497 -0.0759 -47.8564 -43.1876 -53.1322 -0.0000 0.0000 0.0000
-0.0950 0.6415 0.1272 11.1572 0.5399 53.7444 -4.4128 0.2417 -1.0979 -4.4128 0.2417 -1.0979 -2.7065 8.1263 12.7129 -2.7065 8.1263 12.7129 -24.8162 11.2809 -48.3507 21.8703 4.3056 22.0205 54.9996 -10.0383 -19.1527 51.3069 5.2999 11.0092 6.1527 4.9979 78.1564 -14.3003 -2.6515 20.9049 19.3260 -13.3537 2.2838 10.1725 4.8724 -0.4339 19.1487 -6.9092 24.3338 -0.0000 0.0000 0.0000 -14.3259 25.9962 3.3233 0.5550 29.0136 -0.1436 -47.7173 -42.6297 -53.0555 -0.0000 0.0000 0.0000
-0.0967 0.6407 0.1226 11.2186 0.3243 54.5522 -4.2813 0.2252 -1.0329 -4.2813 0.2252 -1.0329 -2.6136 7.6470 12.6069 -2.6136 7.6470 12.6069 -25.2195 11.7189 -49.2865 21.0887 4.2099 22.3399 55.1423 -10.2144 -19.4261 54.5647 3.9017 7.5571 15.1026 12.1013 77.2919 -14.8078 -3.2608 24.7101 19.3781 -12.8415 2.2015 10.5777 3.7279 -0.3452 19.5022 -7.1447 24.7530 -0.0000 0.0000 0.0000 -13.8417 27.1069 3.3521 0.6905 28.1023 -0.1728 -47.7715 -42.2578 -53.1632 -0.0000 0.0000 0.0000
-0.0980 0.6386 0.1182 11.1632 0.0859 55.2221 -4.1975 0.1881 -0.8646 -4.1975 0.1881 -0.8646 -2.4312 7.1667 12.3745 -2.4312 7.1667 12.3745 -25.4448 12.1208 -50.3711 20.3268 4.1239 22.7120 55.2384 -10.4048 -19.7435 58.5547 2.1477 3.8296 26.2719 19.4290 72.5256 -14.3543 -3.9586 30.6933 19.4816 -12.7130 2.1911 10.7518 2.9080 -0.2737 19.7290 -7.1959 25.0320 -0.0000 0.0000 0.0000 -13.2309 28.0585 3.3198 0.6779 27.4893 -0.1658 -48.0026 -42.0052 -53.4465 -0.0000 0.0000 0.0000
-0.0988 0.6353 0.1135 11.0115 -0.1326 55.7143 -4.1294 0.1473 -0.6788 -4.1294 0.1473 -0.6788 -2.2880 6.6904 12.1284 -2.2880 6.6904 12.1284 -25.5738 12.4696 -51.4098 19.5828 4.0477 23.1444 55.3607 -10.5540 -19.9715 62.4069 0.2556 0.4220 36.8983 23.5932 64.0956 -11.9612 -4.1000 37.7284 19.6216 -13.0024 2.2578 10.7476 2.6567 -0.2500 19.8632 -7.1101 25.2094 -0.0000 0.0000 0.0000 -12.9017 28.5888 3.3003 0.5533 27.3078 -0.1344 -48.5487 -41.4721 -54.1083 -0.0000 0.0000 0.0000
-0.0983 0.6309 0.1086 10.7825 -0.2846 55.9928 -4.0497 0.1183 -0.5514 -4.0497 0.1183 -0.5514 -2.2799 6.2999 11.9261 -2.2799 6.2999 11.9261 -25.6866 12.7552 -52.2330 18.8632 3.9819 23.6390 55.5801 -10.6099 -19.9846 65.3365 -1.2297 -1.9178 41.2029 23.5811 58.0867 -9.5294 -3.7071 42.4380 19.7268 -13.7673 2.4049 10.6467 3.0913 -0.2881 19.8292 -7.1252 25.1651 -0.0000 0.0000 0.0000 -13.2293 28.5015 3.3740 0.5535 27.6349 -0.1361 -49.4077 -40.5716 -55.1593 -0.0000 0.0000 0.0000
-0.0965 0.6260 0.1032 10.4783 -0.3326 56.0799 -3.9153 0.1005 -0.4827 -3.9153 0.1005 -0.4827 -2.4375 5.9653 11.8084 -2.4375 5.9653 11.8084 -25.8796 13.0224 -52.8318 18.1773 3.9217 24.1600 55.9252 -10.5489 -19.7299 67.5244 -2.2882 -3.4225 42.1516 22.4632 54.5220 -7.7503 -3.2662 45.6532 19.8646 -14.9601 2.6342 10.4911 4.1707 -0.3831 19.7213 -7.0421 25.0386 -0.0000 0.0000 0.0000 -14.1116 28.0572 3.5427 0.7591 28.1821 -0.1905 -50.2177 -39.6747 -56.1594 -0.0000 0.0000 0.0000
-0.0939 0.6208 0.0970 10.0465 -0.2452 56.0502 -3.7311 0.0843 -0.4212 -3.7311 0.0843 -0.4212 -2.7045 5.6200 11.7412 -2.7045 5.6200 11.7412 -26.0430 13.2365 -53.2866 17.4349 3.8269 24.5834 56.3830 -10.3718 -19.2210 68.9974 -2.9596 -4.3053 41.9714 21.3404 52.3206 -6.4805 -2.9035 48.2313 20.0928 -16.4551 2.9348 10.3166 5.5939 -0.5054 19.5208 -6.9127 24.8007 -0.0000 0.0000 0.0000 -15.1979 27.4377 3.7307 1.1689 28.7551 -0.2996 -51.1062 -39.2345 -57.1815 -0.0000 0.0000 0.0000
-0.0907 0.6155 0.0904 9.5603 -0.0658 56.0100 -3.4728 0.0496 -0.2611 -3.4728 0.0496 -0.2611 -3.0018 5.3091 11.5630 -3.0018 5.3091 11.5630 -26.2661 13.5108 -53.8333 16.6398 3.6965 24.8874 56.8589 -10.1436 -18.6206 69.9274 -3.6023 -5.1498 42.6046 20.9107 50.6513 -5.0344 -2.3777 50.5395 20.2560 -18.1159 3.2624 10.2184 7.0816 -0.6340 19.2286 -6.8041 24.4449 -0.0000 0.0000 0.0000 -16.4015 26.8196 3.9357 1.7382 29.1723 -0.4524 -51.7569 -39.4257 -57.8563 -0.0000 0.0000 0.0000
-0.0863 0.6100 0.0836 9.0093 0.2005 55.9864 -3.1697 0.0063 -0.0354 -3.1697 0.0063 -0.0354 -3.3196 5.0765 11.2798 -3.3196 5.0765 11.2798 -26.4657 13.8031 -54.4725 15.7749 3.5317 25.0919 57.3494 -9.8605 -17.9264 70.6636 -4.2828 -6.0389 44.2557 21.0037 49.0146 -3.2258 -1.5992 52.7303 20.4297 -19.8945 3.6202 10.2237 8.5265 -0.7641 18.7418 -6.4381 23.8702 -0.0000 0.0000 0.0000 -17.5962 26.1613 4.1192 2.3308 29.5679 -0.6152 -52.1300 -39.2883 -58.2781 -0.0000 0.0000 0.0000
-0.0807 0.6046 0.0786 8.3955 0.5512 55.9996 -2.8457 -0.0415 0.2492 -2.8457 -0.0415 0.2492 -3.6061 4.8250 10.8817 -3.6061 4.8250 10.8817 -26.6141 14.1100 -55.2418 14.8613 3.3428 25.2226 57.8388 -9.5299 -17.1601 71.4216 -4.8087 -6.6857 45.9718 21.2575 47.7304 -1.4890 -0.7672 54.5146 20.7531 -21.7798 4.0352 10.1570 10.1204 -0.9017 18.1196 -5.8204 23.1474 -0.0000 0.0000 0.0000 -18.7742 25.5548 4.2941 3.0551 29.9062 -0.8161 -52.4675 -38.8918 -58.6992 -0.0000 0.0000 0.0000
-0.0753 0.5993 0.0751 7.7453 0.9621 56.0365 -2.5188 -0.0860 0.5586 -2.5188 -0.0860 0.5586 -3.8675 4.5306 10.4419 -3.8675 4.5306 10.4419 -26.7072 14.4151 -56.0930 13.9186 3.1404 25.3140 58.3174 -9.1550 -16.3322 72.4384 -4.8987 -6.6850 46.5552 21.3707 47.3643 -0.5375 -0.2839 55.6734 21.3276 -23.6349 4.5123 9.9663 11.9089 -1.0421 17.4321 -4.8717 22.3702 -0.0000 0.0000 0.0000 -19.9321 25.0592 4.4726 3.8784 30.2001 -1.0468 -52.4462 -38.1171 -58.7893 -0.0000 0.0000 0.0000
-0.0670 0.5937 0.0721 7.1231 1.3863 56.0729 -2.1759 -0.1211 0.8632 -2.1759 -0.1211 0.8632 -4.1047 4.1992 9.9933 -4.1047 4.1992 9.9933 -26.8428 14.7527 -56.9604 12.9984 2.9429 25.4133 58.7695 -8.7466 -15.4679 73.6698 -4.4419 -5.9278 46.0182 21.4431 48.0606 -0.6320 -0.3363 56.0410 22.2222 -25.4933 5.0876 9.5140 14.1532 -1.1838 16.6844 -3.6773 21.5338 -0.0000 0.0000 0.0000 -21.1090 24.7978 4.6913 4.7256 30.3686 -1.2832 -52.1255 -37.1236 -58.5888 -0.0000 0.0000 0.0000
-0.0581 0.5868 0.0686 6.5245 1.8259 56.1149 -1.8111 -0.1538 1.2172 -1.8111 -0.1538 1.2172 -4.3483 3.7795 9.5572 -4.3483 3.7795 9.5572 -27.0082 15.1335 -57.8971 12.0768 2.7386 25.4667 59.1786 -8.3208 -14.6000 74.9698 -3.5746 -4.6600 45.2268 21.5255 49.0595 -1.4384 -0.7674 56.1566 23.5676 -27.2324 5.7856 8.5372 16.6986 -1.2552 15.9631 -2.4253 20.7287 -0.0000 0.0000 0.0000 -22.1198 24.8972 4.9415 5.6061 30.1460 -1.5109 -51.5903 -36.7955 -58.0579 -0.0000 0.0000 0.0000
-0.0487 0.5800 0.0641 5.9416 2.2650 56.1968 -1.4562 -0.1942 1.7299 -1.4562 -0.1942 1.7299 -4.5152 3.1516 9.0090 -4.5152 3.1516 9.0090 -27.1600 15.6212 -59.1816 11.1946 2.5438 25.5297 59.4955 -7.9407 -13.8490 76.2255 -2.4342 -3.1027 44.1417 21.6324 50.4591 -2.8264 -1.5069 56.1221 25.0442 -29.1270 6.6048 7.2712 19.6187 -1.2588 15.1544 -1.1197 19.8073 -0.0000 0.0000 0.0000 -23.1683 25.3141 5.2713 6.4033 29.6466 -1.6962 -50.9418 -36.4669 -57.4032 -0.0000 0.0000 0.0000
-0.0395 0.5743 0.0587 5.3561 2.6995 56.3662 -1.1926 -0.2422 2.4425 -1.1926 -0.2422 2.4425 -4.5968 2.3601 8.3609 -4.5968 2.3601 8.3609 -27.1713 16.2065 -61.0106 10.3898 2.3740 25.6772 59.6898 -7.6608 -13.3120 77.4710 -1.1358 -1.4159 42.5002 21.6829 52.4372 -4.8282 -2.5605 55.8559 26.2308 -31.8362 7.6033 6.1634 23.4855 -1.2824 14.3109 0.4764 18.8568 -0.0000 0.0000 0.0000 -24.2953 26.0914 5.7106 7.0771 28.7670 -1.8171 -50.4947 -35.9747 -56.9897 -0.0000 0.0000 0.0000
-0.0273 0.5703 0.0529 4.8021 3.1096 56.6486 -1.0424 -0.2894 3.3154 -1.0424 -0.2894 3.3154 -4.5658 1.4590 7.5648 -4.5658 1.4590 7.5648 -27.0434 16.8873 -63.3735 9.6879 2.2389 25.9690 59.7625 -7.4965 -13.0091 78.6574 0.4382 0.5348 39.5429 21.2366 55.0884 -7.4828 -3.9225 55.2791 26.7250 -35.7169 8.7530 5.7891 28.6893 -1.4816 13.5488 2.0270 17.9969 -0.0000 0.0000 0.0000 -25.6387 27.0327 6.2617 7.6964 27.7369 -1.9029 -50.6603 -35.5542 -57.2315 -0.0000 0.0000 0.0000
-0.0154 0.5687 0.0471 4.1677 3.5118 57.0256 -1.0850 -0.3210 4.1145 -1.0850 -0.3210 4.1145 -4.3784 0.3927 6.8003 -4.3784 0.3927 6.8003 -26.5612 17.4168 -65.9625 9.0566 2.1343 26.4709 59.7798 -7.3655 -12.7787 80.0432 2.8727 3.4206 34.4151 19.6228 58.3582 -11.1341 -5.7161 54.2428 26.6580 -40.2260 9.9175 6.2843 34.3343 -1.9431 12.8380 3.3594 17.1748 -0.0000 0.0000 0.0000 -27.0176 27.7723 6.7978 8.1465 26.8816 -1.9500 -50.5138 -33.3084 -57.4064 -0.0000 0.0000 0.0000
-0.0044 0.5704 0.0419 3.4432 3.8945 57.4296 -1.2819 -0.3330 4.7397 -1.2819 -0.3330 4.7397 -4.0205 -0.8140 6.1057 -4.0205 -0.8140 6.1057 -25.7485 17.7077 -68.5518 8.4412 2.0447 27.1878 59.7876 -7.2043 -12.4985 81.4004 6.3183 7.3430 28.0757 16.9215 61.4995 -15.6845 -7.7456 52.3480 26.2161 -44.5707 10.9026 7.4631 39.4343 -2.6780 12.1842 4.6640 16.4169 -0.0000 0.0000 0.0000 -28.4232 28.1684 7.2712 8.5771 26.2566 -2.0040 -49.6188 -29.2912 -57.0415 -0.0000 0.0000 0.0000
0.0070 0.5747 0.0376 2.6185 4.2764 57.8023 -1.5730 -0.3267 5.1770 -1.5730 -0.3267 5.1770 -3.5685 -2.1802 5.5899 -3.5685 -2.1802 5.5899 -24.6807 17.7318 -70.9783 7.7928 1.9478 28.0273 59.8163 -6.9660 -12.0802 82.2740 10.5382 12.0539 21.8562 13.7430 63.9401 -20.7070 -9.6188 49.4556 26.1892 -47.6331 11.7243 7.9178 42.8462 -3.1108 11.6101 5.8928 15.7510 -0.0000 0.0000 0.0000 -29.6446 28.1701 7.5973 8.9737 25.7777 -2.0574 -47.7112 -24.3790 -55.7085 -0.0000 0.0000 0.0000
0.0177 0.5800 0.0341 1.7637 4.6338 58.1351 -1.9252 -0.3108 5.5480 -1.9252 -0.3108 5.5480 -3.0156 -3.6944 5.1411 -3.0156 -3.6944 5.1411 -23.4927 17.6121 -73.3742 7.1492 1.8487 28.9632 59.8216 -6.7115 -11.6397 82.2863 15.1401 17.2981 15.7763 10.2358 65.7595 -26.0692 -11.0699 45.4273 26.7489 -49.3313 12.4624 7.5706 44.5963 -3.1084 10.7711 7.2366 14.7272 -0.0000 0.0000 0.0000 -30.6141 27.9028 7.7797 9.3455 25.6741 -2.1341 -44.9503 -18.9241 -53.5000 -0.0000 0.0000 0.0000
0.0278 0.5842 0.0311 0.9021 4.9923 58.4311 -2.2812 -0.2888 5.8034 -2.2812 -0.2888 5.8034 -2.4904 -5.2503 4.8272 -2.4904 -5.2503 4.8272 -22.3226 17.3583 -75.4564 6.4917 1.7301 29.8182 59.8190 -6.4150 -11.1282 81.0533 19.6205 22.8694 10.1494 6.7609 67.2608 -31.4720 -11.7003 39.9665 27.6230 -50.4065 13.1994 7.1051 45.7900 -3.0037 9.7952 8.5993 13.5028 -0.0000 0.0000 0.0000 -31.3135 27.6533 7.8920 9.5458 25.6056 -2.1740 -42.3820 -14.3629 -51.3347 -0.0000 0.0000 0.0000
0.0381 0.5879 0.0284 0.0215 5.4144 58.6973 -2.5672 -0.2766 5.9589 -2.5672 -0.2766 5.9589 -2.0986 -6.7064 4.6025 -2.0986 -6.7064 4.6025 -21.3142 17.0261 -77.0006 5.8014 1.5741 30.3373 59.8208 -6.0496 -10.4965 78.2774 23.6741 28.8842 4.7103 3.1765 67.9725 -36.5977 -11.3053 33.3254 28.4448 -51.6778 13.9947 7.5181 47.1694 -3.2860 8.7207 9.4087 12.0838 -0.0000 0.0000 0.0000 -31.7586 27.3735 7.9258 9.5651 25.5618 -2.1746 -40.6530 -11.5317 -49.8181 -0.0000 0.0000 0.0000
0.0492 0.5907 0.0256 -0.9784 5.9299 59.0485 -2.8167 -0.2831 6.0756 -2.8167 -0.2831 6.0756 -1.7741 -8.1199 4.3929 -1.7741 -8.1199 4.3929 -20.3840 16.6416 -78.2569 5.1334 1.4015 30.5222 59.8051 -5.6444 -9.7989 74.0291 27.0251 35.3577 -0.6482 -0.4355 67.7937 -41.1018 -9.9301 26.0935 29.2657 -53.4529 14.9791 8.4418 49.2410 -3.8741 7.5576 10.0351 10.5156 -0.0000 0.0000 0.0000 -31.9605 26.6307 7.7548 9.3299 26.0959 -2.1667 -39.0361 -10.0433 -48.1777 -0.0000 0.0000 0.0000
0.0580 0.5924 0.0228 -2.1558 6.5538 59.4992 -3.0362 -0.3034 6.1514 -3.0362 -0.3034 6.1514 -1.5190 -9.5420 4.2420 -1.5190 -9.5420 4.2420 -19.4848 16.1979 -79.3048 4.5127 1.2274 30.4167 59.7777 -5.1803 -9.0004 68.4113 29.4063 42.2166 -6.1218 -4.0235 66.6003 -44.5406 -7.6226 18.4790 29.8989 -55.8919 16.1241 9.9499 51.9298 -4.8546 6.4606 10.6215 9.0242 -0.0000 0.0000 0.0000 -32.2397 25.5970 7.5126 9.2736 26.7496 -2.2095 -38.4023 -10.4541 -47.3553 -0.0000 0.0000 0.0000
0.0659 0.5929 0.0191 -3.5297 7.2902 59.9520 -3.2282 -0.3425 6.0551 -3.2282 -0.3425 6.0551 -1.3804 -10.9003 4.3345 -1.3804 -10.9003 4.3345 -18.6120 15.5713 -79.6832 3.8976 1.0408 29.8931 59.7515 -4.6117 -8.0191 61.8275 30.5578 49.0441 -12.2922 -7.6955 63.9764 -45.8290 -4.5161 10.6582 30.6838 -58.7361 17.5531 11.0876 54.7590 -5.7554 5.6589 10.9067 7.9199 -0.0000 0.0000 0.0000 -32.7943 24.4348 7.2914 9.5489 27.0337 -2.3005 -38.8492 -12.2630 -47.5720 -0.0000 0.0000 0.0000
0.0732 0.5926 0.0140 -4.9557 8.0614 60.3097 -3.3983 -0.3999 5.8234 -3.3983 -0.3999 5.8234 -1.3433 -12.0179 4.6397 -1.3433 -12.0179 4.6397 -17.8270 14.8031 -79.2684 3.2693 0.8434 28.9245 59.6870 -4.0032 -6.9720 55.1341 30.5422 55.2178 -18.7004 -10.7985 59.7128 -44.7138 -1.4531 3.5320 31.7383 -61.8153 19.3169 11.5406 57.4437 -6.3390 5.1684 10.8203 7.2306 -0.0000 0.0000 0.0000 -33.6021 23.4438 7.1696 10.1438 26.6317 -2.4068 -40.1236 -14.7239 -48.6496 -0.0000 0.0000 0.0000
0.0796 0.5915 0.0083 -6.3364 8.8344 60.4734 -3.5296 -0.4587 5.3955 -3.5296 -0.4587 5.3955 -1.4109 -12.8347 5.1640 -1.4109 -12.8347 5.1640 -17.1625 13.8802 -77.7822 2.5884 0.6324 27.4573 59.5826 -3.3427 -5.8354 48.8654 29.7577 60.6391 -24.8035 -12.8503 54.2354 -41.7546 0.8867 -2.3246 33.2219 -64.7766 21.4313 11.6184 59.8494 -6.7029 5.0424 10.0288 7.0210 -0.0000 0.0000 0.0000 -34.5366 22.7706 7.1638 10.7594 25.4812 -2.4396 -41.9184 -16.7476 -50.3924 -0.0000 0.0000 0.0000
0.0855 0.5899 0.0028 -7.6476 9.6373 60.4172 -3.6248 -0.5149 4.8666 -3.6248 -0.5149 4.8666 -1.5989 -13.3487 5.7423 -1.5989 -13.3487 5.7423 -16.5872 12.8371 -75.3172 1.8302 0.4128 25.4192 59.4260 -2.6462 -4.6351 43.0521 28.5221 65.5952 -30.3172 -13.6956 47.8121 -37.8728 2.3193 -6.7532 35.2236 -67.3508 23.8856 11.5310 61.7046 -6.9031 5.3129 8.4407 7.3285 -0.0000 0.0000 0.0000 -35.3168 22.3258 7.1891 11.2577 23.8173 -2.3815 -43.7432 -17.9908 -52.2801 -0.0000 0.0000 0.0000
0.0924 0.5885 -0.0012 -8.7720 10.3877 60.2647 -3.7139 -0.5648 4.4688 -3.7139 -0.5648 4.4688 -1.8120 -13.6274 6.1162 -1.8120 -13.6274 6.1162 -16.1359 11.9340 -72.8078 1.1138 0.2292 23.2530 59.1853 -2.0518 -3.6121 38.1937 27.0286 69.5362 -34.2607 -13.5508 42.1596 -34.3554 2.9888 -9.6479 37.9522 -69.1081 26.6453 10.3676 63.2627 -6.3969 5.9015 7.4178 8.0918 -0.0000 0.0000 0.0000 -35.9083 21.8031 7.1422 11.5091 22.5034 -2.2971 -44.6962 -18.7647 -53.2376 -0.0000 0.0000 0.0000
0.0991 0.5878 -0.0026 -9.7568 11.0974 60.1101 -3.8032 -0.6144 4.2260 -3.8032 -0.6144 4.2260 -2.0243 -13.8381 6.3273 -2.0243 -13.8381 6.3273 -15.7658 11.1973 -70.5964 0.4481 0.0837 21.1498 58.8781 -1.5545 -2.7540 34.1024 25.3426 72.4868 -37.0462 -12.9065 37.3088 -31.3844 3.2382 -11.4908 41.1333 -69.8710 29.3734 7.9886 64.3768 -5.0334 6.6916 6.8970 9.1464 -0.0000 0.0000 0.0000 -36.3992 21.1722 7.0324 11.6331 21.5572 -2.2220 -44.9115 -19.0866 -53.4285 -0.0000 0.0000 0.0000
0.1050 0.5877 -0.0007 -10.6200 11.7713 59.9822 -3.8879 -0.6720 4.1354 -3.8879 -0.6720 4.1354 -2.2126 -14.0690 6.4337 -2.2126 -14.0690 6.4337 -15.4749 10.6306 -68.8021 -0.1776 -0.0300 19.2021 58.5191 -1.1448 -2.0433 30.6298 23.5169 74.4776 -39.0199 -12.0161 33.0874 -28.8077 3.2813 -12.7272 44.3055 -69.7744 31.6967 4.7948 65.0496 -3.0586 7.6012 6.6594 10.3730 -0.0000 0.0000 0.0000 -36.8745 20.4288 6.8753 11.7466 20.9572 -2.1799 -44.2800 -19.2531 -52.6818 -0.0000 0.0000 0.0000
0.1102 0.5875 0.0045 -11.3266 12.3725 59.8689 -3.9903 -0.7424 4.2081 -3.9903 -0.7424 4.2081 -2.3365 -14.3357 6.4645 -2.3365 -14.3357 6.4645 -15.2559 10.2535 -67.6372 -0.7550 -0.1171 17.6306 58.1165 -0.8457 -1.5219 27.7748 21.7837 75.7854 -40.1969 -11.0879 29.7123 -26.9487 3.2644 -13.5640 47.1363 -69.2079 33.5012 1.1257 65.4003 -0.7227 8.4589 6.5822 11.5351 -0.0000 0.0000 0.0000 -37.3791 19.6609 6.7092 11.7957 20.6121 -2.1523 -43.3174 -19.4051 -51.5589 -0.0000 0.0000 0.0000
0.1147 0.5857 0.0123 -11.8803 12.8547 59.8759 -4.1551 -0.8404 4.4642 -4.1551 -0.8404 4.4642 -2.3410 -14.6947 6.3536 -2.3410 -14.6947 6.3536 -15.0482 10.0513 -67.3118 -1.3055 -0.1897 16.5354 57.6764 -0.7104 -1.2901 25.5586 20.3100 76.5972 -40.8637 -10.2279 27.0165 -26.1071 3.3167 -14.2355 49.2645 -68.6002 34.7372 -1.1922 65.6949 0.7697 9.0602 6.1984 12.3261 -0.0000 0.0000 0.0000 -37.8582 19.0457 6.5852 11.7950 20.4692 -2.1369 -42.7498 -19.3930 -50.9123 -0.0000 0.0000 0.0000
0.1187 0.5818 0.0214 -12.3205 13.2074 60.0689 -4.3995 -0.9558 4.7858 -4.3995 -0.9558 4.7858 -2.2350 -15.1350 6.1385 -2.2350 -15.1350 6.1385 -14.7782 9.9229 -67.5973 -1.8675 -0.2597 15.8352 57.2076 -0.7114 -1.3045 23.8630 19.1345 77.1553 -41.3052 -9.3838 24.5680 -25.8635 3.4355 -14.8823 50.7408 -68.3461 35.6910 -1.6712 66.2309 1.0901 9.4851 5.2649 12.8368 -0.0000 0.0000 0.0000 -38.2287 18.6932 6.5294 11.7823 20.4343 -2.1309 -43.0195 -19.1348 -51.2628 -0.0000 0.0000 0.0000
0.1233 0.5763 0.0305 -12.6926 13.4201 60.5121 -4.7583 -1.0869 5.1521 -4.7583 -1.0869 5.1521 -1.9775 -15.6415 5.7808 -1.9775 -15.6415 5.7808 -14.4060 9.8445 -68.5439 -2.4041 -0.3286 15.5651 56.7092 -0.8589 -1.5914 22.5236 18.1574 77.4919 -41.4195 -8.5641 22.4049 -26.1329 3.6505 -15.6363 52.1020 -68.4441 36.7826 -0.7595 66.9931 0.5027 9.8126 3.8114 13.1764 -0.0000 0.0000 0.0000 -38.3950 18.7026 6.5633 11.8562 20.4127 -2.1420 -44.1548 -18.5492 -52.6566 -0.0000 0.0000 0.0000
0.1275 0.5701 0.0382 -13.0687 13.5409 61.1640 -5.1922 -1.2242 5.4641 -5.1922 -1.2242 5.4641 -1.6376 -16.1017 5.3743 -1.6376 -16.1017 5.3743 -13.9426 9.7300 -69.6828 -2.9379 -0.3985 15.4440 56.1834 -1.0793 -2.0219 21.4251 17.2874 77.5679 -41.2761 -7.7470 20.3828 -26.6038 3.8940 -16.3647 53.4292 -68.8252 38.0440 0.5564 67.7412 -0.3734 10.1060 2.3065 13.4642 -0.0000 0.0000 0.0000 -38.3840 18.9543 6.6510 12.0646 20.3180 -2.1696 -45.6132 -17.6773 -54.4682 -0.0000 0.0000 0.0000
0.1307 0.5646 0.0436 -13.4621 13.6097 61.9220 -5.6724 -1.3814 5.7824 -5.6724 -1.3814 5.7824 -1.2325 -16.4902 4.9418 -1.2325 -16.4902 4.9418 -13.4568 9.6101 -70.9422 -3.4616 -0.4676 15.3803 55.6274 -1.3564 -2.5708 20.4630 16.4580 77.4055 -40.6867 -6.9232 18.5318 -27.2742 4.1742 -17.0850 54.8729 -69.3947 39.5416 1.6861 68.4169 -1.1463 10.2805 1.1589 13.6171 -0.0000 0.0000 0.0000 -38.1532 19.3473 6.7472 12.3632 20.1232 -2.2020 -46.9969 -16.7245 -56.2108 -0.0000 0.0000 0.0000
0.1340 0.5602 0.0464 -13.9011 13.6830 62.6382 -6.1547 -1.5212 6.0132 -6.1547 -1.5212 6.0132 -0.8202 -16.8049 4.6181 -0.8202 -16.8049 4.6181 -12.9936 9.4683 -72.0504 -3.8959 -0.5255 15.3575 55.0539 -1.5926 -3.0553 19.4915 15.6533 77.3410 -39.7980 -6.1531 16.8917 -27.8020 4.4413 -17.8092 56.6796 -70.0224 41.3939 1.7580 68.9995 -1.2083 10.3432 0.7360 13.6712 -0.0000 0.0000 0.0000 -37.7844 19.7159 6.8066 12.6869 19.7807 -2.2208 -48.1647 -15.8413 -57.6979 -0.0000 0.0000 0.0000
0.1365 0.5574 0.0468 -14.3799 13.7497 63.2909 -6.6762 -1.6406 6.1783 -6.6762 -1.6406 6.1783 -0.3093 -17.1596 4.3968 -0.3093 -17.1596 4.3968 -12.5422 9.3259 -73.1678 -4.1753 -0.5693 15.5225 54.4618 -1.8125 -3.5213 18.4345 14.7931 77.3185 -38.7119 -5.4755 15.5032 -28.0026 4.6867 -18.6399 58.9210 -70.6747 43.6521 0.8513 69.5465 -0.5911 10.4253 0.7497 13.7803 -0.0000 0.0000 0.0000 -37.2892 20.0792 6.8369 12.9443 19.2430 -2.2035 -49.2398 -14.9880 -59.0765 -0.0000 0.0000 0.0000
0.1395 0.5559 0.0456 -14.8301 13.7577 63.8974 -7.2545 -1.7357 6.2578 -7.2545 -1.7357 6.2578 0.3220 -17.5898 4.3035 0.3220 -17.5898 4.3035 -12.1017 9.1898 -74.3378 -4.3109 -0.6049 15.9689 53.8449 -2.0494 -4.0345 17.1978 13.8256 77.4429 -37.8289 -4.9023 14.2416 -27.1974 4.8335 -19.7940 61.3951 -71.3026 46.1335 -0.8087 70.1201 0.5675 10.6676 0.7703 14.1006 -0.0000 0.0000 0.0000 -36.8638 20.4549 6.8821 13.2489 18.5715 -2.1757 -50.3438 -14.2926 -60.4591 -0.0000 0.0000 0.0000
0.1427 0.5556 0.0435 -15.2815 13.7548 64.4192 -7.9287 -1.7442 6.0432 -7.9287 -1.7442 6.0432 1.1035 -18.0527 4.4325 1.1035 -18.0527 4.4325 -11.5608 8.9027 -75.1216 -4.2585 -0.6219 16.6094 53.2228 -2.2277 -4.4446 15.2842 12.3093 77.5759 -37.1869 -4.2630 12.6266 -24.5546 4.6459 -21.1182 64.0070 -71.9509 48.8026 -2.4180 70.8506 1.7201 10.9623 0.6096 14.4769 -0.0000 0.0000 0.0000 -36.6375 20.6300 6.8966 13.6246 17.9292 -2.1592 -51.2113 -13.8605 -61.5231 -0.0000 0.0000 0.0000
0.1458 0.5566 0.0417 -15.7180 13.7690 64.7262 -8.6760 -1.5757 5.2977 -8.6760 -1.5757 5.2977 1.9513 -18.4199 4.9206 1.9513 -18.4199 4.9206 -10.8668 8.3451 -74.9764 -3.9472 -0.6037 17.3859 52.6317 -2.2409 -4.5291 12.5060 10.1074 77.8129 -36.5554 -3.5300 10.6603 -20.0713 3.9345 -21.9686 65.8642 -72.4448 50.7640 -3.9816 71.4187 2.8626 11.4178 0.5815 15.0735 -0.0000 0.0000 0.0000 -36.6851 20.4175 6.8337 14.0799 17.4556 -2.1722 -51.5128 -13.6450 -61.9058 -0.0000 0.0000 0.0000
0.1493 0.5590 0.0415 -16.2305 13.9350 64.6777 -9.4211 -1.2345 4.0297 -9.4211 -1.2345 4.0297 2.8644 -18.5556 5.7770 2.8644 -18.5556 5.7770 -9.8821 7.3544 -73.2535 -3.6093 -0.5614 17.6779 52.1052 -1.9833 -4.0556 9.0879 7.3271 77.7138 -35.9215 -2.7281 8.4022 -14.4403 2.7333 -21.3295 66.7353 -72.6674 51.6877 -5.2922 71.6145 3.8192 12.1002 0.7515 15.9829 -0.0000 0.0000 0.0000 -36.8605 19.6098 6.5921 14.3874 17.1385 -2.1792 -51.0978 -13.1624 -61.5338 -0.0000 0.0000 0.0000
0.1528 0.5630 0.0435 -16.8974 14.3685 64.2036 -10.0014 -0.7317 2.3332 -10.0014 -0.7317 2.3332 3.5755 -18.4432 6.9213 3.5755 -18.4432 6.9213 -8.6541 6.0360 -69.7367 -3.3481 -0.5041 17.1210 51.6400 -1.3584 -2.8070 5.4876 4.4122 77.5861 -35.7130 -1.8765 5.8204 -8.9776 1.4890 -18.7973 66.8569 -72.3322 51.5159 -7.2701 71.2674 5.2148 13.1129 1.4515 17.3720 -0.0000 0.0000 0.0000 -36.9978 18.1943 6.1331 14.4424 16.8615 -2.1517 -50.1468 -12.3876 -60.6120 -0.0000 0.0000 0.0000
0.1560 0.5683 0.0462 -17.5246 14.9746 63.1704 -10.4252 -0.0942 0.2991 -10.4252 -0.0942 0.2991 4.2333 -17.6490 8.1569 4.2333 -17.6490 8.1569 -7.2597 4.5968 -64.6420 -3.1630 -0.4452 16.0212 51.2430 -0.3844 -0.8016 2.4229 1.9531 77.7414 -36.7878 -1.2359 3.7154 -4.6120 0.6224 -15.3635 66.1530 -71.1498 49.9578 -10.3870 70.2057 7.3110 14.4579 2.1791 19.2097 -0.0000 0.0000 0.0000 -37.0850 16.3833 5.5288 14.0722 16.5365 -2.0551 -48.8442 -11.1577 -59.3753 -0.0000 0.0000 0.0000
0.1597 0.5749 0.0474 -17.9530 15.6166 61.6526 -10.6810 0.5452 -1.7587 -10.6810 0.5452 -1.7587 4.7102 -15.9085 9.0121 4.7102 -15.9085 9.0121 -5.9638 3.3627 -58.8027 -3.1265 -0.4041 14.7257 50.5992 0.5519 1.1676 0.4113 0.3356 78.4354 -39.3271 -0.7833 2.1918 -1.6343 0.1707 -11.9268 64.7875 -69.0013 47.1209 -14.4638 68.3708 9.8524 16.0770 2.7330 21.3998 -0.0000 0.0000 0.0000 -37.1304 14.4771 4.8854 13.5895 16.2303 -1.9467 -47.5375 -9.5112 -58.2094 -0.0000 0.0000 0.0000
0.1636 0.5825 0.0450 -18.0446 16.2122 59.6780 -10.7661 1.1181 -3.7788 -10.7661 1.1181 -3.7788 5.0427 -13.5129 9.3299 5.0427 -13.5129 9.3299 -5.0764 2.5187 -52.7555 -3.1065 -0.3691 13.5473 49.5884 1.2632 2.7341 -0.6144 -0.5091 79.2855 -42.9625 -0.6308 1.6027 0.3973 -0.0307 -8.8269 63.1067 -66.4535 43.8253 -18.3738 66.2342 12.0448 17.6508 3.3505 23.5434 -0.0000 0.0000 0.0000 -37.2323 12.5739 4.2507 13.2870 16.0715 -1.8841 -46.0855 -7.8347 -56.8726 -0.0000 0.0000 0.0000
0.1671 0.5901 0.0382 -17.6869 16.4532 57.4375 -10.9451 1.5634 -5.6631 -10.9451 1.5634 -5.6631 5.2345 -10.4861 9.5989 5.2345 -10.4861 9.5989 -4.5380 2.0009 -47.5694 -3.3018 -0.4056 14.0023 48.1687 1.3709 3.0663 -0.3046 -0.2577 80.4726 -46.5510 -0.6259 1.4551 1.2316 -0.0660 -6.1387 60.6005 -63.1247 39.4933 -21.7505 63.3934 13.5320 19.3639 3.2955 25.7889 -0.0000 0.0000 0.0000 -37.2230 10.8707 3.6706 13.0959 16.1267 -1.8632 -44.6154 -5.7418 -55.5900 -0.0000 0.0000 0.0000
0.1696 0.5962 0.0270 -17.0934 16.3814 55.0531 -11.1672 1.8857 -7.3987 -11.1672 1.8857 -7.3987 5.2777 -7.4271 9.8499 5.2777 -7.4271 9.8499 -4.3270 1.6909 -42.6746 -3.0543 -0.3918 14.6153 45.8340 1.2032 2.8455 0.8909 0.7626 81.1224 -49.1974 -0.4908 1.0721 1.1524 -0.0267 -2.6562 56.8270 -60.5723 35.0690 -21.0927 60.9287 12.4991 21.0522 1.1718 27.7092 -0.0000 0.0000 0.0000 -37.0103 9.1962 3.0838 13.1567 16.2646 -1.8882 -43.1478 -3.1224 -54.4137 -0.0000 0.0000 0.0000
0.1710 0.5990 0.0127 -16.4577 16.2093 52.5473 -11.3174 2.1054 -8.9481 -11.3174 2.1054 -8.9481 5.0864 -4.8704 9.9234 5.0864 -4.8704 9.9234 -4.4634 1.5444 -38.1569 -1.9210 -0.2482 14.7246 42.7545 1.0321 2.6363 1.6787 1.4179 80.3700 -50.0554 -0.0501 0.1073 0.6454 0.0105 1.8725 52.1390 -60.1562 31.6401 -15.9279 60.4402 9.3174 22.5464 -2.5922 29.1274 -0.0000 0.0000 0.0000 -37.5093 6.8749 2.3368 14.9410 17.1191 -2.2614 -41.9412 -0.9561 -53.4457 -0.0000 0.0000 0.0000
0.1693 0.5980 -0.0039 -15.7412 16.0354 49.7696 -11.3224 2.2796 -10.5062 -11.3224 2.2796 -10.5062 4.9362 -2.7226 9.6210 4.9362 -2.7226 9.6210 -4.8079 1.4448 -33.4358 -0.1112 -0.0138 14.1877 39.7755 1.0531 2.9105 1.0372 0.8307 77.3801 -48.9652 0.2905 -0.6379 -0.2919 -0.0194 7.5979 46.5458 -62.5384 29.2764 -5.7427 62.7687 3.5050 23.7757 -6.8804 30.1240 -0.0000 0.0000 0.0000 -39.1836 3.5507 1.2641 18.7528 19.2968 -3.2160 -41.1346 -0.0264 -52.6803 -0.0000 0.0000 0.0000
0.1663 0.5939 -0.0216 -15.1098 16.1202 46.7579 -11.0671 2.4451 -12.0918 -11.0671 2.4451 -12.0918 5.0411 -0.9382 8.7850 5.0411 -0.9382 8.7850 -5.1620 1.3199 -28.6689 1.6916 0.1878 12.6707 38.1833 1.0398 3.0035 -1.4641 -1.0468 71.1266 -46.0856 -0.2979 0.7003 -2.6537 -0.3199 13.7436 41.5054 -65.7975 27.5459 6.1658 65.8211 -3.9927 24.8263 -9.6792 31.0754 -0.0000 0.0000 0.0000 -41.7408 -0.6965 -0.2656 23.9341 22.6481 -4.8610 -40.5142 -0.2974 -51.8697 -0.0000 0.0000 0.0000
0.1626 0.5886 -0.0392 -14.5170 16.5578 43.5408 -10.4890 2.5532 -13.5993 -10.4890 2.5532 -13.5993 5.3472 0.5772 7.4103 5.3472 0.5772 7.4103 -5.5050 1.1673 -23.9273 2.9498 0.2726 10.5582 37.5637 0.9330 2.7430 -4.4770 -2.6722 61.6457 -44.2549 -1.9169 4.7119 -6.7164 -1.1362 19.1820 39.6826 -68.2549 27.4847 14.3775 68.6499 -9.8444 25.8166 -9.8034 32.2757 -0.0000 0.0000 0.0000 -44.9574 -5.4923 -2.2740 29.7696 26.6804 -7.2130 -39.8664 -1.5739 -50.8105 -0.0000 0.0000 0.0000
0.1568 0.5837 -0.0547 -13.8871 17.0784 40.3804 -9.8362 2.6090 -14.9305 -9.8362 2.6090 -14.9305 5.7272 2.2039 6.0118 5.7272 2.2039 6.0118 -5.3189 0.9154 -19.5171 2.9482 0.2341 9.0772 36.8078 0.6114 1.8372 -5.7895 -2.8962 53.1237 -43.8952 -3.4126 8.4559 -12.2168 -2.4522 22.6191 42.1336 -68.3500 29.3134 13.6758 70.6981 -9.7235 26.9896 -8.5044 33.8864 -0.0000 0.0000 0.0000 -48.1847 -10.1550 -4.5505 35.2494 30.6800 -9.9614 -39.3821 -3.9943 -49.7286 -0.0000 0.0000 0.0000
0.1467 0.5805 -0.0667 -13.1833 17.4912 37.3736 -9.2176 2.5533 -15.9270 -9.2176 2.5533 -15.9270 6.0289 3.8211 4.7495 6.0289 3.8211 4.7495 -4.8524 0.6414 -15.0511 2.4915 0.1658 7.6146 34.8300 0.2813 0.8967 -4.6598 -2.0156 46.7626 -44.7391 -4.5076 10.9253 -18.0756 -3.9190 24.2782 45.4176 -66.5075 30.6900 6.8243 71.2999 -4.8976 28.1785 -6.5914 35.6195 -0.0000 0.0000 0.0000 -51.0101 -14.3334 -6.8659 40.1398 34.2005 -12.8261 -39.0533 -6.7402 -48.8017 -0.0000 0.0000 0.0000
0.1333 0.5785 -0.0728 -12.3948 17.6880 34.5535 -8.5857 2.4041 -16.6437 -8.5857 2.4041 -16.6437 6.3053 5.4359 3.4179 6.3053 5.4359 3.4179 -3.8621 0.3527 -10.4309 1.7213 0.0952 6.3281 32.3025 0.0406 0.1403 -2.5716 -0.9856 41.9357 -45.3152 -4.8260 11.5287 -23.6836 -5.2614 24.7203 47.8839 -63.4862 30.7196 -0.8209 70.4935 0.5801 28.8458 -5.2495 36.6445 -0.0000 0.0000 0.0000 -53.8523 -18.4467 -9.4296 45.3496 37.7635 -16.2643 -38.9391 -9.7257 -48.1192 -0.0000 0.0000 0.0000
0.1189 0.5765 -0.0715 -11.5056 17.5967 31.9045 -7.9725 2.2074 -17.0648 -7.9725 2.2074 -17.0648 6.6433 6.8985 2.0105 6.6433 6.8985 2.0105 -2.1511 0.1051 -5.5937 0.7427 0.0344 5.3089 30.1488 -0.1564 -0.5806 -0.7728 -0.2609 37.3134 -44.6821 -4.5750 11.1033 -29.1164 -6.3517 24.1201 49.2019 -60.8762 30.1157 -4.4598 69.7437 3.1087 28.8742 -5.1882 36.6890 -0.0000 0.0000 0.0000 -56.4227 -22.3229 -12.0840 50.9178 41.3115 -20.3504 -39.0350 -12.6435 -47.7258 -0.0000 0.0000 0.0000
0.1008 0.5735 -0.0635 -10.7182 17.4726 29.5255 -7.2682 2.0256 -17.4632 -7.2682 2.0256 -17.4632 7.2257 8.2498 0.4188 7.2257 8.2498 0.4188 0.0825 -0.0005 -0.7028 -0.2885 -0.0110 4.3834 30.0349 -0.3690 -1.3755 -0.0312 -0.0094 33.5467 -42.5329 -4.0729 10.4400 -33.8199 -6.9750 22.6709 50.0101 -58.5757 29.3211 -5.4351 69.0443 3.7400 28.4377 -6.2443 35.9903 -0.0000 0.0000 0.0000 -58.3259 -25.7765 -14.5530 56.1304 44.2468 -24.4595 -39.0766 -15.1349 -47.3612 -0.0000 0.0000 0.0000
0.0808 0.5698 -0.0516 -10.1275 17.4624 27.5154 -6.5009 1.8817 -17.7877 -6.5009 1.8817 -17.7877 7.9178 9.2729 -1.1836 7.9178 9.2729 -1.1836 2.5657 0.0877 3.9155 -1.2999 -0.0412 3.6270 30.9285 -0.5285 -1.9103 -0.1241 -0.0343 30.9132 -39.4361 -3.2852 9.1491 -37.4924 -7.2618 21.1814 50.7735 -56.4886 28.6030 -5.4487 68.2595 3.6947 27.8427 -7.9454 35.0118 -0.0000 0.0000 0.0000 -59.7397 -28.8585 -16.8120 61.0219 46.4316 -28.3708 -39.0289 -17.0902 -46.9929 -0.0000 0.0000 0.0000
0.0610 0.5664 -0.0405 -9.7186 17.5606 25.9463 -5.6955 1.8142 -17.9839 -5.6955 1.8142 -17.9839 8.4733 9.8876 -2.5302 8.4733 9.8876 -2.5302 5.3713 0.3715 7.9078 -1.8660 -0.0517 3.1724 32.2779 -0.4903 -1.6941 -0.7422 -0.1979 29.8651 -35.3715 -2.2662 7.0990 -39.7566 -7.1939 19.7254 51.3344 -54.2724 27.6730 -4.9606 66.9774 3.2831 26.8197 -10.9881 33.3499 -0.0000 0.0000 0.0000 -60.7692 -31.5813 -18.8294 65.6130 48.0105 -32.0346 -38.6686 -19.1443 -46.2583 -0.0000 0.0000 0.0000
0.0419 0.5642 -0.0317 -9.3677 17.6475 24.6979 -4.9065 1.8089 -18.0726 -4.9065 1.8089 -18.0726 8.6490 10.2622 -3.4134 8.6490 10.2622 -3.4134 8.4404 0.8309 11.2242 -1.9756 -0.0533 3.0924 33.2093 -0.2634 -0.8834 -1.5250 -0.4053 29.7629 -31.4552 -1.4050 4.9865 -40.7701 -6.9279 18.5037 51.2017 -51.5662 26.0633 -4.2631 64.8260 2.7076 25.5399 -13.6472 31.4677 -0.0000 0.0000 0.0000 -61.3443 -33.8942 -20.4890 69.8309 49.1720 -35.4236 -38.1073 -20.7965 -45.3645 -0.0000 0.0000 0.0000
0.0233 0.5631 -0.0249 -9.0032 17.6667 23.6641 -4.1298 1.8387 -18.0375 -4.1298 1.8387 -18.0375 8.6227 10.4865 -3.9983 8.6227 10.4865 -3.9983 11.5978 1.4077 13.7949 -1.8554 -0.0531 3.2800 33.3901 0.0802 0.2674 -2.3274 -0.6232 29.9753 -28.0073 -0.7304 2.9281 -41.0538 -6.4792 17.1930 50.4626 -48.3366 23.8805 -3.2480 61.8208 1.9450 23.7831 -16.5141 29.0277 -0.0000 0.0000 0.0000 -61.5477 -35.9292 -21.8568 73.4938 50.1714 -38.5320 -37.5368 -21.8961 -44.5487 -0.0000 0.0000 0.0000
0.0057 0.5623 -0.0194 -8.5530 17.5777 22.6557 -3.4121 1.8681 -17.8083 -3.4121 1.8681 -17.8083 8.5799 10.5280 -4.4542 8.5799 10.5280 -4.4542 15.0664 2.0777 15.6161 -1.2359 -0.0406 3.7654 32.3990 0.3305 1.1376 -2.0043 -0.5356 29.9181 -25.4584 -0.3152 1.3954 -41.1053 -5.9088 15.6750 49.4637 -45.4973 21.8632 -1.8119 58.8134 1.0213 21.5542 -20.0721 26.0081 -0.0000 0.0000 0.0000 -61.2313 -37.6051 -22.7833 76.4154 51.2026 -41.3286 -37.2081 -22.2340 -44.1226 -0.0000 0.0000 0.0000
-0.0103 0.5610 -0.0154 -8.0611 17.4382 21.6348 -2.7073 1.8469 -17.5048 -2.7073 1.8469 -17.5048 8.7488 10.4028 -5.0318 8.7488 10.4028 -5.0318 18.6676 2.8193 17.0298 -0.1598 -0.0061 4.3927 30.5200 0.3812 1.3974 -0.1343 -0.0361 30.0554 -24.2894 -0.1281 0.5953 -41.3053 -5.3708 14.1866 48.5567 -43.9598 20.6362 0.1550 57.1950 -0.0845 19.2266 -23.8110 22.9286 -0.0000 0.0000 0.0000 -60.5301 -38.9475 -23.3175 78.3627 52.4605 -43.7592 -37.1451 -21.7674 -44.1157 -0.0000 0.0000 0.0000
-0.0238 0.5584 -0.0137 -7.5747 17.2527 20.6095 -2.0272 1.7486 -17.2153 -2.0272 1.7486 -17.2153 9.2195 10.0698 -5.7845 9.2195 10.0698 -5.7845 22.2530 3.6429 18.3700 0.7779 0.0332 4.8915 28.0604 0.2426 0.9706 3.4537 0.9352 30.2946 -24.4422 -0.1578 0.7287 -42.1618 -5.1659 13.3493 48.0018 -44.2425 20.5177 2.5799 57.6289 -1.4193 17.5274 -26.6321 20.7210 -0.0000 0.0000 0.0000 -59.8393 -40.0139 -23.6688 79.6669 53.9925 -46.0467 -37.1139 -20.9563 -44.1948 -0.0000 0.0000 0.0000
-0.0336 0.5542 -0.0145 -7.0680 16.8876 19.6060 -1.3656 1.6156 -17.0115 -1.3656 1.6156 -17.0115 9.9777 9.5807 -6.7405 9.9777 9.5807 -6.7405 25.9922 4.5993 19.7411 1.2531 0.0559 5.1099 25.2198 0.0509 0.2277 8.2317 2.2559 30.6047 -25.2553 -0.3940 1.7583 -43.0307 -5.2918 13.3720 47.7590 -45.5093 21.0385 5.0388 59.2320 -2.8656 16.4640 -29.0569 19.3187 -0.0000 0.0000 0.0000 -59.2749 -40.6139 -23.7785 80.4021 55.5581 -47.9949 -37.1994 -20.1264 -44.4130 -0.0000 0.0000 0.0000
-0.0402 0.5494 -0.0186 -6.5952 16.4190 18.6745 -0.6397 1.4243 -16.8982 -0.6397 1.4243 -16.8982 10.7148 8.9236 -7.8231 10.7148 8.9236 -7.8231 29.4898 5.6037 21.0683 1.6629 0.0747 5.1471 22.8842 -0.1303 -0.6439 14.4039 4.0853 31.5235 -26.3860 -0.8015 3.4181 -43.7655 -6.3115 15.6322 47.7184 -47.1230 21.8339 7.4212 61.3203 -4.4034 16.2916 -30.3767 19.0374 -0.0000 0.0000 0.0000 -58.8906 -40.6667 -23.6310 80.3565 56.7850 -49.0668 -37.6045 -19.3151 -45.0010 -0.0000 0.0000 0.0000
-0.0441 0.5451 -0.0248 -6.2251 15.9347 17.8532 0.1103 1.1828 -16.8259 0.1103 1.1828 -16.8259 11.2197 8.1812 -8.8434 11.2197 8.1812 -8.8434 32.3659 6.3753 21.7267 2.2222 0.1027 5.2906 21.7384 -0.2484 -1.2934 20.3706 5.9770 32.4055 -26.0385 -1.3299 5.7472 -43.6688 -8.3838 20.7328 47.9054 -48.1870 22.4719 8.8476 63.1172 -5.4410 16.7039 -31.0684 19.4743 -0.0000 0.0000 0.0000 -58.7057 -40.4202 -23.3935 79.9448 57.4680 -49.3661 -38.5266 -18.9540 -46.1228 -0.0000 0.0000 0.0000
-0.0439 0.5431 -0.0319 -6.0404 15.6098 17.1964 0.9989 0.8559 -16.7057 0.9989 0.8559 -16.7057 11.2082 7.4625 -9.4542 11.2082 7.4625 -9.4542 34.7385 6.6898 21.1676 4.5441 0.2375 5.9813 23.1297 -0.3444 -1.6829 26.9678 8.1817 33.2167 -23.8308 -1.7462 8.2618 -40.2281 -11.0689 29.6393 48.1108 -49.1847 23.0933 9.8940 64.6463 -6.2697 16.5882 -31.5839 19.3091 -0.0000 0.0000 0.0000 -58.7243 -39.9871 -23.1370 78.7383 57.8091 -48.7439 -39.2926 -19.0913 -46.9873 -0.0000 0.0000 0.0000
-0.0402 0.5467 -0.0384 -6.0927 15.5230 16.7592 2.0436 0.4650 -16.4972 2.0436 0.4650 -16.4972 10.7775 6.8959 -9.5230 10.7775 6.8959 -9.5230 37.0526 6.4046 18.9573 9.8419 0.6316 7.3262 26.4561 -0.5015 -2.1332 33.5514 10.3881 33.5610 -20.7845 -1.8752 10.1990 -31.3180 -11.7609 40.3493 48.1795 -50.9233 24.0368 12.5073 67.1038 -8.3132 15.0591 -31.8318 17.5232 -0.0000 0.0000 0.0000 -58.9639 -39.5324 -22.9683 76.2792 58.3021 -47.3032 -39.8266 -19.4112 -47.5541 -0.0000 0.0000 0.0000
-0.0229 0.5463 -0.0430 -6.3161 15.6496 16.4105 3.1869 0.0393 -16.3305 3.1869 0.0393 -16.3305 10.0830 6.3661 -9.4352 10.0830 6.3661 -9.4352 39.4062 5.6148 15.5944 17.9076 1.3673 8.6620 29.1335 -0.8973 -3.4522 38.9469 12.1138 33.4072 -17.8642 -1.8250 11.5729 -20.2693 -9.1433 48.2008 47.9562 -53.2213 25.1237 16.4589 70.3548 -11.6410 12.9486 -30.9543 15.1171 -0.0000 0.0000 0.0000 -58.3179 -37.5261 -21.4648 69.3445 57.3265 -41.4260 -40.2181 -19.4547 -47.9981 -0.0000 0.0000 0.0000
-0.0013 0.5587 -0.0457 -6.5978 15.8774 16.0703 4.3250 -0.3744 -16.2021 4.3250 -0.3744 -16.2021 9.3130 5.9772 -9.2990 9.3130 5.9772 -9.2990 41.5743 4.4042 11.5681 28.3355 2.0906 8.2682 28.7545 -1.3506 -5.2655 43.3770 13.3987 32.9079 -15.8036 -1.7909 12.8503 -9.8056 -4.8578 52.6249 46.9924 -55.6840 25.8638 21.6220 73.8569 -16.3352 11.1265 -27.8895 13.1240 -0.0000 0.0000 0.0000 -56.2480 -33.7479 -18.4179 58.4350 54.4973 -32.1363 -40.1360 -18.2168 -48.0973 -0.0000 0.0000 0.0000
0.0225 0.5725 -0.0484 -6.8994 15.8538 15.7897 5.4396 -0.7950 -16.9372 5.4396 -0.7950 -16.9372 8.5659 5.3609 -9.6025 8.5659 5.3609 -9.6025 43.6075 2.9205 7.2922 39.8886 1.7912 4.9337 26.2971 -1.6334 -6.9839 48.0236 14.9416 32.8056 -13.9479 -1.8591 15.1112 2.4971 1.3848 58.0171 44.4120 -58.7156 25.8643 33.7682 77.9788 -27.6075 7.8614 -24.6747 9.3787 -0.0000 0.0000 0.0000 -53.6745 -29.3930 -15.1181 46.7570 50.5835 -23.0897 -39.9252 -18.4282 -47.8205 -0.0000 0.0000 0.0000
0.0545 0.5866 -0.0530 -6.6379 15.0501 15.2978 6.0833 -1.0636 -15.7220 6.0833 -1.0636 -15.7220 7.3124 4.5760 -10.1612 7.3124 4.5760 -10.1612 44.6095 0.5349 1.3038 50.2209 0.5888 1.2562 16.5224 -1.0633 -7.3135 51.5228 15.0600 30.6361 -11.4234 -1.5373 15.2796 9.2245 4.7617 54.5311 41.5612 -58.1616 23.8345 32.1976 79.6750 -27.0763 20.2559 -17.2457 24.7050 -0.0000 0.0000 0.0000 -50.5344 -24.1811 -11.5466 35.8952 45.0885 -15.3162 -38.7564 -13.8197 -47.2022 -0.0000 0.0000 0.0000
0.0885 0.6015 -0.0587 -6.0448 13.3801 14.7248 6.5101 -1.1707 -14.5174 6.5101 -1.1707 -14.5174 5.8093 4.2946 -10.6965 5.8093 4.2946 -10.6965 43.7314 -1.7350 -4.3217 58.5249 -1.1710 -2.0897 6.7531 -0.4133 -6.9964 56.5538 15.3662 28.1574 -10.6011 -1.1913 12.7878 13.3555 5.9043 47.5446 33.9233 -55.6633 18.2949 20.2114 79.7674 -16.9424 -8.9344 -20.7246 -10.8043 -0.0000 0.0000 0.0000 -47.4847 -18.9040 -8.3763 26.8409 39.4468 -9.7789 -37.0078 -7.8446 -46.1527 -0.0000 0.0000 0.0000
0.1248 0.6132 -0.0646 -5.3431 11.5322 13.8508 6.8853 -1.1886 -13.5526 6.8853 -1.1886 -13.5526 4.0046 4.8016 -10.5100 4.0046 4.8016 -10.5100 40.6408 -3.5883 -9.6699 65.4059 -3.7676 -5.8650 0.1245 -0.0065 -6.0234 62.6897 15.9740 25.9449 -11.5789 -0.9356 9.2085 16.3673 6.4067 42.5292 23.6498 -51.1868 11.4530 7.7309 76.9582 -6.1482 -39.1747 35.4632 -63.2273 -0.0000 0.0000 0.0000 -45.2377 -14.9415 -6.2546 19.7033 34.6919 -6.2095 -35.0692 -2.9589 -44.6962 -0.0000 0.0000 0.0000
0.1561 0.6232 -0.0699 -4.7321 10.0664 12.3504 7.3112 -1.2537 -13.1294 7.3112 -1.2537 -13.1294 2.2478 5.6079 -9.9837 2.2478 5.6079 -9.9837 35.8706 -4.8273 -14.8395 71.1050 -7.1870 -10.0437 -3.0678 0.1545 -5.7656 68.8697 16.5787 23.9942 -12.9502 -0.7477 6.5812 22.5832 8.5950 41.2485 14.0818 -45.9111 5.9892 3.1606 72.2161 -2.3057 -37.4910 40.7098 -64.4841 -0.0000 0.0000 0.0000 -43.6878 -12.5610 -5.0522 14.8606 30.8415 -4.1204 -33.4492 -1.1067 -43.0495 -0.0000 0.0000 0.0000
0.1859 0.6332 -0.0751 -4.5385 9.8102 10.3134 7.7811 -1.4066 -13.5129 7.7811 -1.4066 -13.5129 1.5472 5.8280 -9.6569 1.5472 5.8280 -9.6569 30.9803 -5.5257 -19.7557 75.5872 -12.3725 -15.9134 -3.4560 0.2037 -6.7429 74.3208 17.1757 22.5367 -12.2715 -0.6831 6.3482 36.0422 12.8998 38.3242 6.9404 -43.6864 2.7849 4.9823 69.5896 -3.4633 -37.2740 37.6191 -61.9099 -0.0000 0.0000 0.0000 -42.5456 -13.2896 -5.1939 11.8068 29.9012 -3.1631 -32.0016 -3.3921 -40.8474 -0.0000 0.0000 0.0000
0.2128 0.6379 -0.0798 -4.9091 10.9390 8.5430 8.1208 -1.6577 -15.1979 8.1208 -1.6577 -15.1979 2.1297 5.1699 -9.8894 2.1297 5.1699 -9.8894 26.9880 -5.7468 -23.6275 75.9810 -20.7219 -26.3505 -0.5324 0.0386 -8.2877 78.6801 17.9238 21.7813 -7.4360 -0.5904 9.0660 52.1057 14.7606 29.6791 3.0109 -46.7956 1.3030 10.6571 71.9524 -7.7466 -36.7084 32.8992 -58.2202 -0.0000 0.0000 0.0000 -41.8462 -17.8530 -6.8731 10.1175 33.0021 -3.0043 -30.7674 -9.7890 -38.3138 -0.0000 0.0000 0.0000
0.2376 0.6535 -0.0840 -5.1410 12.8286 7.2631 8.5505 -1.7730 -13.9162 8.5505 -1.7730 -13.9162 2.1120 4.7015 -9.7514 2.1120 4.7015 -9.7514 23.9128 -6.5814 -30.3812 76.3252 -27.9783 -35.1782 -0.9417 0.0533 -6.4741 78.8645 18.5520 22.4665 -0.8484 -0.0751 10.1151 53.8087 13.6652 26.5721 4.4260 -50.7876 2.1018 14.7590 74.3392 -11.2167 -33.4511 25.0471 -50.0253 -0.0000 0.0000 0.0000 -41.6000 -24.3693 -9.3782 9.8219 38.6136 -3.4483 -29.4356 -13.2599 -36.2171 -0.0000 0.0000 0.0000
0.2608 0.6659 -0.0877 -5.4567 14.7821 6.5745 8.7859 -1.8479 -13.1738 8.7859 -1.8479 -13.1738 2.4500 4.6146 -9.7220 2.4500 4.6146 -9.7220 19.7390 -6.5005 -36.1542 72.7689 -34.9936 -46.3245 -0.3809 0.0090 -2.6990 79.4288 19.0061 22.7882 4.3015 0.4220 11.2012 53.8635 12.6191 24.5573 4.4799 -54.3310 2.2998 18.1788 76.4465 -14.3629 -28.0100 16.9808 -39.9556 -0.0000 0.0000 0.0000 -41.3332 -31.1128 -11.9891 10.5938 45.5171 -4.4547 -28.7808 -16.0648 -35.0691 -0.0000 0.0000 0.0000
0.2804 0.6776 -0.0900 -5.7723 16.4849 6.2526 8.7542 -1.8350 -12.6947 8.7542 -1.8350 -12.6947 2.9509 4.9153 -9.5772 2.9509 4.9153 -9.5772 13.6521 -5.2116 -41.6335 62.7469 -40.7022 -62.6249 2.3291 0.0246 1.2113 80.3153 19.0604 22.5055 8.5750 0.9382 12.4655 53.1300 11.9232 23.5938 4.1927 -56.2556 2.2420 18.4925 77.3733 -14.8543 -22.2840 10.5710 -30.7846 -0.0000 0.0000 0.0000 -40.6884 -36.9683 -14.1316 12.6713 52.4594 -6.2625 -28.3503 -19.4391 -34.1487 -0.0000 0.0000 0.0000
0.2974 0.6879 -0.0905 -6.0022 16.9752 6.1698 8.3116 -1.7614 -12.7258 8.3116 -1.7614 -12.7258 3.5627 5.3540 -9.7691 3.5627 5.3540 -9.7691 3.4962 -1.5639 -48.1885 40.4922 -39.3119 -88.1602 6.5552 0.1239 2.1625 82.2712 18.0470 20.6092 13.4401 1.6105 13.6045 52.7228 10.8043 21.6071 3.4654 -56.3595 1.8570 18.4426 77.7917 -14.9239 -17.1367 6.1898 -23.2075 -0.0000 0.0000 0.0000 -39.7250 -41.9671 -15.7767 18.2394 59.8599 -10.5604 -28.2241 -23.1281 -33.5809 -0.0000 0.0000 0.0000
0.3121 0.6930 -0.0889 -6.1521 16.0188 6.1925 7.4442 -1.6107 -13.3218 7.4442 -1.6107 -13.3218 4.3733 5.7258 -10.5439 4.3733 5.7258 -10.5439 -11.0011 5.5946 -53.8050 15.0014 -21.4862 -110.4823 10.1395 -0.1356 -1.5287 85.0879 15.8884 17.2918 19.3765 2.4502 14.2800 52.8606 8.8871 17.7713 1.8932 -54.9841 0.9853 20.5865 77.9166 -16.7078 -13.0172 3.3750 -17.4144 -0.0000 0.0000 0.0000 -38.0629 -45.3944 -16.4191 29.1934 65.7570 -19.1105 -28.1016 -26.4750 -33.0784 -0.0000 0.0000 0.0000
0.3245 0.6941 -0.0852 -6.1829 13.7766 6.1321 6.1980 -1.3417 -14.3792 6.1980 -1.3417 -14.3792 5.1886 6.1464 -11.7033 5.1886 6.1464 -11.7033 -26.7695 13.8593 -54.1129 -2.9589 4.4545 -112.8268 9.1751 -0.6766 -8.4168 88.2870 13.1829 13.5794 26.7431 3.4221 14.3254 52.3018 6.2196 12.6283 -0.2722 -52.4062 -0.1340 25.5391 77.9980 -20.7983 -9.8623 1.6620 -13.0981 -0.0000 0.0000 0.0000 -35.7931 -47.2818 -16.0917 43.5090 68.4244 -30.3599 -28.4224 -27.0656 -33.3877 -0.0000 0.0000 0.0000
0.3359 0.6915 -0.0804 -6.1057 10.5781 5.8563 4.5989 -0.8790 -15.5847 4.5989 -0.8790 -15.5847 5.7282 6.6665 -12.8479 5.7282 6.6665 -12.8479 -44.0618 19.5615 -46.1483 -23.0704 27.5386 -100.4222 4.5762 -0.5463 -13.6083 91.4503 10.4845 10.2238 35.2957 4.3314 13.5578 50.3495 3.5229 7.4868 -2.6320 -49.2118 -1.2055 33.8034 78.2224 -27.7525 -7.5925 1.1981 -10.0680 -0.0000 0.0000 0.0000 -33.7055 -47.9198 -15.3337 56.7094 68.2727 -40.1940 -29.6819 -25.4111 -35.0248 -0.0000 0.0000 0.0000
0.3450 0.6855 -0.0770 -6.0678 7.2493 5.3418 2.9100 -0.2708 -16.4488 2.9100 -0.2708 -16.4488 6.1101 7.0201 -13.8323 6.1101 7.0201 -13.8323 -60.3904 19.7476 -33.3056 -50.2267 38.9277 -74.0318 -2.7393 0.3958 -16.4389 94.1048 8.3056 7.7327 44.8358 5.5320 13.3593 46.5338 1.2900 2.9995 -4.6327 -46.0264 -1.9686 44.3789 78.4074 -36.8047 -6.0578 1.9837 -8.0679 -0.0000 0.0000 0.0000 -32.4406 -47.7087 -14.6602 63.9620 67.0665 -44.9603 -31.2941 -22.3962 -37.2501 -0.0000 0.0000 0.0000
0.3527 0.6767 -0.0762 -6.2160 4.6849 4.7072 1.4783 0.3177 -16.7071 1.4783 0.3177 -16.7071 6.5261 7.1386 -14.4219 6.5261 7.1386 -14.4219 -69.8033 16.2016 -23.0625 -72.8198 36.5299 -48.2164 -9.5871 1.4291 -16.9181 96.2826 8.6137 7.7203 53.0116 7.2787 14.5362 42.0934 0.4561 1.1853 -5.7200 -43.9965 -2.3125 56.9698 79.0907 -48.2665 -4.7158 3.2580 -6.3238 -0.0000 0.0000 0.0000 -32.4295 -47.2499 -14.4983 67.0926 66.8127 -47.2400 -31.6279 -21.2599 -37.7798 -0.0000 0.0000 0.0000
0.3583 0.6663 -0.0779 -6.5497 3.1179 4.0638 0.4398 0.7668 -16.4916 0.4398 0.7668 -16.4916 6.9923 7.0654 -14.5986 6.9923 7.0654 -14.5986 -72.3031 12.7674 -17.4129 -80.1373 30.9545 -36.4422 -14.8815 2.2057 -16.7704 97.8653 11.4455 9.9811 58.7217 10.8330 19.1339 37.9027 0.4941 1.4390 -6.1344 -43.4282 -2.4449 73.2920 79.8438 -63.8037 -3.8399 5.0789 -5.1999 -0.0000 0.0000 0.0000 -33.9380 -47.0416 -15.1303 69.5125 67.5801 -49.8148 -32.0368 -20.7927 -38.3166 -0.0000 0.0000 0.0000
0.3632 0.6553 -0.0798 -7.0331 2.5352 3.4369 -0.1912 1.0467 -16.0375 -0.1912 1.0467 -16.0375 7.5286 6.8419 -14.5094 7.5286 6.8419 -14.5094 -70.9961 10.4898 -14.6678 -80.7648 27.5981 -32.2138 -18.5306 2.7908 -16.9852 98.1194 16.1928 14.0697 59.8223 15.5129 26.6409 34.9078 1.0967 3.4870 -6.1148 -43.9697 -2.4706 89.9903 80.0110 -80.0014 -3.1139 7.1963 -4.2666 -0.0000 0.0000 0.0000 -36.3747 -46.6146 -16.1124 67.1305 69.2040 -49.1937 -32.5143 -21.2240 -38.8191 -0.0000 0.0000 0.0000
0.3671 0.6435 -0.0772 -7.5578 2.5102 2.7844 -0.5210 1.1773 -15.5565 -0.5210 1.1773 -15.5565 7.9162 6.6669 -14.2626 7.9162 6.6669 -14.2626 -67.3609 9.4683 -14.1674 -77.1374 27.2013 -33.7565 -19.3969 3.1566 -18.3168 96.6932 21.4344 19.1124 56.2161 19.4931 35.6542 32.5727 1.8324 6.2661 -5.7755 -45.1113 -2.4005 105.1203 79.6624 -94.8988 -2.4340 8.9793 -3.3697 -0.0000 0.0000 0.0000 -38.7640 -44.9704 -16.5698 53.9548 69.7819 -39.0881 -32.7398 -20.6088 -39.1615 -0.0000 0.0000 0.0000
0.3693 0.6288 -0.0655 -8.0521 2.5866 2.1323 -0.7059 1.1996 -15.0797 -0.7059 1.1996 -15.0797 8.0880 6.7872 -13.9493 8.0880 6.7872 -13.9493 -63.8485 8.4911 -13.5896 -73.8823 27.4947 -36.0452 -19.3563 3.3375 -19.3886 93.9196 25.7041 24.0544 50.3240 21.4451 43.9090 30.6000 2.4111 8.7975 -5.3601 -46.4968 -2.3041 117.0223 78.8613 -106.6354 -1.6786 10.8478 -2.3501 -0.0000 0.0000 0.0000 -40.2158 -40.9081 -15.5509 33.8062 65.7083 -22.2059 -31.9160 -19.0643 -38.3976 -0.0000 0.0000 0.0000
0.3705 0.6097 -0.0441 -8.5761 2.7587 1.5754 -0.7992 1.0959 -14.5624 -0.7992 1.0959 -14.5624 8.1099 7.1909 -13.5905 8.1099 7.1909 -13.5905 -61.3896 7.6693 -12.8841 -70.6469 28.1725 -38.9971 -19.2306 3.4778 -20.3192 90.7934 27.7522 27.3850 44.9451 21.9531 50.2425 29.4496 2.6839 10.1872 -5.1011 -48.0131 -2.2731 127.7602 77.1397 -116.8267 -1.5137 16.5783 -2.1999 -0.0000 0.0000 0.0000 -40.5592 -34.1356 -12.9448 19.5745 55.4591 -10.3626 -30.6128 -16.2420 -37.2277 -0.0000 0.0000 0.0000
0.3690 0.5871 -0.0154 -9.2086 3.1854 1.2893 -0.7917 0.9193 -14.1219 -0.7917 0.9193 -14.1219 8.0872 7.7152 -13.1399 8.0872 7.7152 -13.1399 -60.1593 7.2345 -12.4578 -67.4488 28.7560 -42.0158 -19.1785 3.6760 -21.5101 87.2887 29.0662 30.4114 39.9510 21.4331 55.0080 28.5045 2.9674 11.6447 -4.5900 -48.1312 -2.0508 135.2861 74.9474 -123.5715 -2.0377 25.4784 -3.1754 -0.0000 0.0000 0.0000 -40.2672 -25.9167 -9.6439 12.1805 42.8790 -4.7985 -29.3772 -13.4636 -36.1197 -0.0000 0.0000 0.0000
0.3632 0.5623 0.0167 -10.0157 3.9520 1.3409 -0.6383 0.7241 -13.8407 -0.6383 0.7241 -13.8407 8.0972 8.1222 -12.5987 8.0972 8.1222 -12.5987 -59.5097 7.2612 -12.6672 -62.5843 29.1050 -46.2538 -19.3267 3.9304 -22.7866 83.8303 29.7724 32.9886 35.3585 20.3972 58.8823 27.9015 3.2720 13.1174 -3.3215 -45.5137 -1.3936 138.8144 73.3337 -126.4405 -2.7511 34.5095 -4.7025 -0.0000 0.0000 0.0000 -39.9203 -18.8462 -6.8987 8.2836 32.9704 -2.4553 -28.3852 -10.9842 -35.2545 -0.0000 0.0000 0.0000
0.3569 0.5378 0.0481 -11.0037 5.1576 1.6502 -0.3344 0.5529 -13.7910 -0.3344 0.5529 -13.7910 8.2625 8.1637 -12.0502 8.2625 8.1637 -12.0502 -59.1094 7.4671 -13.1297 -58.1797 29.0360 -49.9183 -19.6680 4.1971 -23.8722 80.3118 30.3867 35.6827 31.6713 19.2275 61.6890 27.0599 3.5691 14.7549 -0.8842 -39.3864 -0.3165 134.5488 73.8991 -121.7791 -3.4095 40.1316 -6.2779 -0.0000 0.0000 0.0000 -39.7854 -14.6138 -5.3131 5.7932 27.4537 -1.4162 -27.4347 -8.9162 -34.3765 -0.0000 0.0000 0.0000
0.3495 0.5190 0.0757 -12.0805 6.5361 2.0760 0.0749 0.4284 -14.0018 0.0749 0.4284 -14.0018 8.4992 7.9023 -11.6293 8.4992 7.9023 -11.6293 -58.9520 7.5870 -13.3816 -55.1857 28.7250 -52.2045 -20.1349 4.4267 -24.5624 77.3133 30.8534 38.0661 29.0570 18.2205 63.4975 26.0850 3.7789 16.2098 2.3484 -30.6688 0.6441 119.4014 76.3202 -106.7292 -4.1876 41.1035 -7.8217 -0.0000 0.0000 0.0000 -40.2128 -12.7528 -4.6853 4.7152 25.1094 -1.0506 -26.4016 -5.8946 -33.5201 -0.0000 0.0000 0.0000
0.3408 0.5085 0.0963 -13.0936 7.8610 2.3977 0.5024 0.3727 -14.3468 0.5024 0.3727 -14.3468 8.6980 7.3752 -11.3369 8.6980 7.3752 -11.3369 -59.0024 7.8282 -13.7901 -53.1597 28.1946 -53.3079 -20.2490 4.5302 -24.9793 75.0336 31.2269 40.0005 27.5748 17.5985 64.4884 25.3089 3.8729 17.1274 5.3787 -24.6512 1.1761 104.0217 77.3039 -91.3624 -5.0340 39.6107 -9.1909 -0.0000 0.0000 0.0000 -41.3675 -12.7303 -4.8233 5.0601 24.5176 -1.1002 -25.6699 -2.3880 -33.1080 -0.0000 0.0000 0.0000
0.3306 0.5056 0.1063 -13.9010 8.7592 2.3810 0.8258 0.3735 -14.7640 0.8258 0.3735 -14.7640 8.7497 6.8388 -11.1804 8.7497 6.8388 -11.1804 -59.4378 8.0047 -13.9761 -52.5191 27.5481 -52.8448 -19.9439 4.4842 -25.1076 74.1209 31.2764 40.6752 27.8699 17.7626 64.4034 25.3571 3.9111 17.2603 7.3090 -24.9073 1.6162 105.2797 76.3188 -91.6508 -6.1309 37.7170 -10.8953 -0.0000 0.0000 0.0000 -43.0648 -13.4640 -5.3331 6.8104 24.0571 -1.4528 -25.7655 0.9669 -33.7421 -0.0000 0.0000 0.0000
0.3192 0.5072 0.1027 -14.4521 9.4143 2.0331 1.0746 0.4284 -15.1624 1.0746 0.4284 -15.1624 8.6263 6.2784 -11.0292 8.6263 6.2784 -11.0292 -60.1727 8.2140 -14.1300 -52.9849 26.7898 -51.0762 -19.1702 4.3121 -25.1362 73.6003 31.2647 41.0149 28.5370 17.9907 63.8021 25.8736 4.0140 17.3480 8.8784 -29.3851 2.3323 113.9576 74.3514 -98.8061 -7.2517 36.0449 -12.6014 -0.0000 0.0000 0.0000 -45.4035 -15.3854 -6.4685 9.4488 24.6002 -2.0646 -26.2017 2.9332 -34.6232 -0.0000 0.0000 0.0000
0.3064 0.5104 0.0835 -14.7881 9.9619 1.4516 1.2683 0.5360 -15.4601 1.2683 0.5360 -15.4601 8.4059 5.6874 -10.8694 8.4059 5.6874 -10.8694 -61.1791 8.6577 -14.5939 -53.6679 25.9160 -48.9161 -17.9376 4.0365 -25.1730 72.8685 31.1613 41.3868 28.7123 17.9410 63.3300 26.7843 4.2837 17.8545 10.7068 -36.2447 3.5133 124.6692 71.3818 -107.7557 -7.8625 35.9428 -13.6390 -0.0000 0.0000 0.0000 -48.3865 -18.1533 -8.2107 12.8232 26.3546 -3.0142 -26.7124 3.3464 -35.3510 -0.0000 0.0000 0.0000
0.2902 0.5144 0.0500 -14.9585 10.5783 0.8118 1.3973 0.6802 -15.6331 1.3973 0.6802 -15.6331 8.1810 4.9932 -10.7035 8.1810 4.9932 -10.7035 -62.3561 9.4096 -15.4905 -53.9121 24.9980 -47.1038 -16.6341 3.7603 -25.3121 71.3226 31.0231 42.2920 27.9215 17.4494 63.3745 27.7181 4.7904 19.2449 14.0659 -43.8927 5.6916 131.9949 68.1618 -113.2981 -7.5491 37.0007 -13.2757 -0.0000 0.0000 0.0000 -51.9963 -21.6889 -10.6747 17.0305 30.0045 -4.5955 -27.0999 2.2417 -35.6585 -0.0000 0.0000 0.0000
0.2713 0.5186 0.0064 -15.0089 11.0384 0.2913 1.4318 0.8539 -15.7035 1.4318 0.8539 -15.7035 7.9559 4.2012 -10.6525 7.9559 4.2012 -10.6525 -63.4527 10.4562 -16.8375 -53.0565 24.0026 -46.1329 -15.4585 3.5301 -25.5835 69.2126 30.6857 43.3687 26.2490 16.5705 63.9746 28.2803 5.4812 21.5174 19.9438 -50.8063 9.5460 136.0455 65.7575 -116.0451 -7.0508 36.8668 -12.3828 -0.0000 0.0000 0.0000 -56.8939 -25.4226 -13.9343 22.9495 35.2689 -7.3841 -27.0902 0.6260 -35.3753 -0.0000 0.0000 0.0000
0.2521 0.5224 -0.0405 -14.9359 11.2354 -0.0689 1.3301 1.0910 -15.6885 1.3301 1.0910 -15.6885 7.7849 3.2763 -10.7347 7.7849 3.2763 -10.7347 -64.2528 11.8116 -18.7090 -51.4111 22.9013 -45.6403 -14.7328 3.4125 -25.9510 66.7769 30.2048 44.5335 24.7415 15.8285 64.7346 28.2781 6.0933 23.8607 28.9213 -57.7505 16.1881 139.2841 63.5346 -118.1379 -7.2394 34.3898 -12.3299 -0.0000 0.0000 0.0000 -62.5128 -28.6536 -17.6233 30.1216 41.0871 -11.5166 -26.6876 -1.3397 -34.5508 -0.0000 0.0000 0.0000
0.2338 0.5270 -0.0824 -14.6753 11.0605 -0.3682 1.0528 1.3848 -15.6994 1.0528 1.3848 -15.6994 7.5731 2.3489 -10.8872 7.5731 2.3489 -10.8872 -64.7741 12.9737 -20.3255 -50.3065 22.0493 -45.0677 -14.5105 3.4150 -26.3577 64.7012 29.7717 45.5314 24.4017 15.7254 65.1312 28.2858 6.5751 25.6836 40.7790 -63.6162 25.9631 140.5985 62.3756 -118.7895 -8.6144 29.0496 -13.8412 -0.0000 0.0000 0.0000 -67.5875 -30.9260 -20.9783 37.2822 46.2716 -16.4037 -26.1381 -3.3242 -33.5595 -0.0000 0.0000 0.0000
0.2128 0.5324 -0.1146 -14.2121 10.6904 -0.5720 0.6654 1.7104 -15.7128 0.6654 1.7104 -15.7128 7.3443 1.4249 -11.0250 7.3443 1.4249 -11.0250 -65.5408 13.8212 -21.3257 -51.2286 21.6026 -43.3993 -15.2192 3.6177 -26.5993 62.8824 29.4474 46.5180 25.1316 16.2813 65.3802 28.2820 6.9290 27.0233 53.4495 -66.5359 36.5596 139.7847 63.1452 -118.4334 -11.8200 19.7451 -17.5037 -0.0000 0.0000 0.0000 -71.8025 -33.0245 -24.2240 43.8843 51.5475 -22.0153 -25.3413 -6.1015 -32.1737 -0.0000 0.0000 0.0000
0.1900 0.5380 -0.1373 -13.5584 10.3841 -0.6593 0.2311 2.0542 -15.6603 0.2311 2.0542 -15.6603 7.2095 0.5668 -11.0992 7.2095 0.5668 -11.0992 -66.5768 14.3228 -21.6663 -54.7358 21.3987 -40.1045 -17.5321 4.0528 -25.8459 61.0158 29.2884 47.8315 26.6047 17.4112 65.8568 27.8955 7.0208 27.7487 63.4100 -66.5618 44.1432 138.0262 65.6116 -118.4862 -14.3461 15.0431 -20.5191 -0.0000 0.0000 0.0000 -75.0341 -34.6394 -26.9300 49.9379 55.9501 -27.7843 -24.4129 -8.8412 -30.6698 -0.0000 0.0000 0.0000
0.1695 0.5433 -0.1526 -12.7976 10.3843 -0.6326 -0.1575 2.3676 -15.6143 -0.1575 2.3676 -15.6143 7.1496 -0.2125 -11.0620 7.1496 -0.2125 -11.0620 -67.0411 14.6631 -21.9841 -58.0450 21.2578 -37.3759 -19.7921 4.4342 -25.0244 58.8333 29.2520 49.6716 26.4863 17.5773 66.6050 26.7768 7.1463 29.4003 69.6478 -64.6270 47.4983 136.1455 69.4814 -119.7319 -14.3578 13.8200 -20.3737 -0.0000 0.0000 0.0000 -77.8028 -36.0924 -29.4605 56.5850 59.6158 -34.2766 -23.4892 -11.2016 -29.2530 -0.0000 0.0000 0.0000
0.1471 0.5476 -0.1624 -12.0346 10.5626 -0.5301 -0.4887 2.6541 -15.6656 -0.4887 2.6541 -15.6656 7.1154 -0.8388 -10.9580 7.1154 -0.8388 -10.9580 -66.4218 14.8766 -22.5569 -59.3767 21.5426 -36.9063 -20.9473 4.6975 -25.0197 56.1812 29.0334 51.7581 23.6358 15.9127 67.4832 24.8670 7.5192 33.1926 72.6460 -61.5712 47.3079 135.8110 74.0959 -123.4599 -12.1934 16.3812 -17.6244 -0.0000 0.0000 0.0000 -80.6315 -37.3114 -31.9721 64.8776 62.2824 -42.0160 -22.7048 -12.6723 -28.1298 -0.0000 0.0000 0.0000
0.1233 0.5500 -0.1680 -11.3290 10.7918 -0.3483 -0.7619 2.9467 -15.8570 -0.7619 2.9467 -15.8570 7.0750 -1.3194 -10.8069 7.0750 -1.3194 -10.8069 -64.7088 15.0285 -23.5237 -57.8124 22.4506 -39.5394 -20.6784 4.8947 -26.3702 53.1139 28.4735 53.8268 18.6253 12.6289 68.0229 21.5735 7.6759 38.7960 73.4447 -58.5480 45.3876 137.4359 78.3150 -128.8740 -9.8313 19.9898 -14.6045 -0.0000 0.0000 0.0000 -83.0789 -37.9013 -33.8401 73.8959 63.5383 -49.9503 -22.0785 -13.3570 -27.2927 -0.0000 0.0000 0.0000
0.1029 0.5519 -0.1694 -10.6595 11.2996 -0.3303 -0.9047 3.2377 -16.2315 -0.9047 3.2377 -16.2315 6.9627 -1.9152 -10.6193 6.9627 -1.9152 -10.6193 -61.2895 15.0740 -25.1779 -51.3555 23.4226 -46.6473 -17.3124 4.5954 -29.5297 49.2322 27.7552 56.6694 11.0433 7.3150 66.9484 15.9037 6.7847 45.9893 73.5338 -56.1864 43.4892 139.0369 81.7454 -133.3084 -8.2618 22.3599 -12.5126 -0.0000 0.0000 0.0000 -85.0789 -37.9036 -34.9783 81.8793 63.1794 -56.1542 -21.8873 -13.1747 -27.0783 -0.0000 0.0000 0.0000
0.0842 0.5540 -0.1659 -10.0089 12.1487 -0.6275 -0.8598 3.5122 -16.7260 -0.8598 3.5122 -16.7260 6.8055 -2.7973 -10.4804 6.8055 -2.7973 -10.4804 -56.8845 14.7952 -26.9591 -41.9663 22.6438 -55.1328 -11.3213 3.2833 -32.2535 44.7131 26.9849 60.5178 2.2598 1.4018 63.6193 8.0846 3.9521 52.0455 73.4499 -55.0147 42.4616 131.5154 83.6962 -126.6145 -8.8611 21.4834 -13.3226 -0.0000 0.0000 0.0000 -86.8388 -37.7473 -35.8530 88.1393 61.7632 -60.1364 -22.1453 -12.7699 -27.4357 -0.0000 0.0000 0.0000
0.0646 0.5576 -0.1583 -9.3017 13.4122 -1.3554 -0.5808 3.7190 -17.2152 -0.5808 3.7190 -17.2152 6.6363 -4.1344 -10.4913 6.6363 -4.1344 -10.4913 -51.7803 14.1267 -28.6422 -31.5016 19.3423 -62.2820 -5.0433 1.4727 -32.5376 39.5537 26.1997 65.8205 -6.2609 -3.5155 58.5944 -0.4418 -0.2238 53.7304 73.8240 -54.5247 42.3200 111.9778 84.4010 -106.6885 -9.9303 21.6693 -14.9423 -0.0000 0.0000 0.0000 -88.7361 -37.6216 -36.8568 92.4870 59.6544 -61.8245 -22.5091 -11.9888 -27.9643 -0.0000 0.0000 0.0000
0.0455 0.5634 -0.1478 -8.5303 14.9824 -2.4812 -0.1471 3.8150 -17.5841 -0.1471 3.8150 -17.5841 6.5022 -5.3991 -10.4811 6.5022 -5.3991 -10.4811 -47.5408 12.9303 -28.8574 -25.9508 16.5963 -64.6669 -0.4347 0.1202 -30.9139 34.8096 25.1080 70.7782 -13.9425 -6.7939 51.7881 -8.4821 -4.1596 52.1839 72.8369 -52.0714 39.6382 55.2894 83.7637 -50.3154 -13.6307 18.1253 -19.9216 -0.0000 0.0000 0.0000 -90.7247 -37.7184 -38.1640 95.6286 57.2313 -62.0945 -22.6159 -11.0870 -28.1940 -0.0000 0.0000 0.0000
0.0279 0.5708 -0.1352 -7.7174 16.4848 -3.8503 0.2754 3.8409 -17.7896 0.2754 3.8409 -17.7896 6.4400 -6.1641 -10.3514 6.4400 -6.1641 -10.3514 -44.9476 11.4647 -27.2796 -25.5151 16.1637 -64.1882 1.9165 -0.4958 -29.0065 31.4873 23.9798 73.9840 -20.3010 -8.3360 44.2960 -15.8274 -7.1778 48.5707 69.8050 -47.1204 33.8426 18.0489 76.7466 -14.3358 -18.7999 10.8348 -26.0985 -0.0000 0.0000 0.0000 -92.4079 -38.1754 -39.6888 98.0336 55.0324 -61.8949 -22.1187 -10.2828 -27.6708 -0.0000 0.0000 0.0000
0.0109 0.5781 -0.1220 -6.9545 17.5968 -5.1960 0.5353 3.8711 -17.8046 0.5353 3.8711 -17.8046 6.4712 -6.1354 -10.0118 6.4712 -6.1354 -10.0118 -44.0526 10.0342 -24.4867 -28.4451 17.4407 -62.3622 2.1793 -0.5499 -28.3191 29.9630 23.1206 74.7865 -24.9859 -8.6301 37.6126 -21.5585 -8.9084 44.5046 65.0016 -39.6712 25.8853 6.0661 65.4316 -3.8989 -23.7575 0.6182 -31.1178 -0.0000 0.0000 0.0000 -93.7613 -39.0772 -41.5107 100.5236 53.4873 -62.4427 -21.2759 -9.7300 -26.6895 -0.0000 0.0000 0.0000
-0.0037 0.5833 -0.1098 -6.2907 18.3952 -6.4441 0.6324 3.9506 -17.6714 0.6324 3.9506 -17.6714 6.6104 -5.5459 -9.4578 6.6104 -5.5459 -9.4578 -43.8474 8.6338 -21.2455 -32.5710 19.1358 -59.9678 1.5155 -0.3859 -28.5735 29.5221 22.4372 73.9425 -28.4086 -8.2636 31.8568 -25.7213 -9.6899 40.7364 59.9690 -30.7162 18.0102 2.4439 52.8240 -1.2139 -26.2374 -9.9223 -32.7761 -0.0000 0.0000 0.0000 -94.6731 -40.1332 -43.2432 102.6505 52.2979 -63.0470 -20.4516 -9.3235 -25.7106 -0.0000 0.0000 0.0000
-0.0166 0.5838 -0.0991 -5.6941 19.0300 -7.5919 0.6324 4.0786 -17.4080 0.6324 4.0786 -17.4080 6.8085 -4.7516 -8.8020 6.8085 -4.7516 -8.8020 -43.5275 7.3122 -18.1862 -36.2907 20.3536 -57.4230 0.7313 -0.1894 -29.0388 29.4080 21.9166 72.8431 -31.2962 -7.8452 27.5102 -28.3685 -9.7724 37.3749 55.8131 -22.6573 12.1133 2.7020 42.6324 -1.0545 -26.7802 -18.1626 -32.4337 -0.0000 0.0000 0.0000 -94.6807 -40.8356 -43.9949 103.2433 50.9623 -62.0749 -20.0862 -9.1215 -25.2776 -0.0000 0.0000 0.0000
-0.0287 0.5797 -0.0910 -5.0828 19.5588 -8.7463 0.6051 4.1832 -17.0518 0.6051 4.1832 -17.0518 6.8643 -4.1966 -8.2341 6.8643 -4.1966 -8.2341 -42.7459 6.2723 -15.9397 -37.3506 20.3529 -55.9435 0.3925 -0.1028 -29.3421 29.3224 21.7116 72.4832 -34.0804 -7.6235 24.5281 -29.6516 -9.2774 34.0844 53.3608 -17.8511 9.0251 4.1849 37.1478 -1.4068 -26.5094 -22.9192 -31.5943 -0.0000 0.0000 0.0000 -93.7398 -41.0688 -43.5882 101.8833 49.4835 -59.1842 -20.1971 -9.2389 -25.4033 -0.0000 0.0000 0.0000
-0.0394 0.5723 -0.0866 -4.3978 20.0028 -10.0595 0.5261 4.2362 -16.5935 0.5261 4.2362 -16.5935 6.7623 -3.7344 -7.7280 6.7623 -3.7344 -7.7280 -42.3742 5.3421 -13.7259 -39.9745 20.5307 -52.9403 -0.1441 0.0387 -30.0927 29.7172 21.7595 71.8435 -36.7352 -7.6780 22.8515 -30.3442 -8.9690 32.2623 51.6485 -14.3625 6.9786 5.8131 32.9539 -1.7207 -26.4125 -26.9727 -31.0694 -0.0000 0.0000 0.0000 -91.8345 -40.4854 -41.6912 98.7375 47.5956 -54.4030 -20.6227 -9.4266 -25.9123 -0.0000 0.0000 0.0000
-0.0504 0.5633 -0.0873 -3.5801 20.3731 -11.6522 0.4401 4.2069 -16.0737 0.4401 4.2069 -16.0737 6.5054 -3.4402 -7.3372 6.5054 -3.4402 -7.3372 -42.4102 4.5422 -11.6729 -42.6949 20.1939 -48.9895 -0.4851 0.1320 -30.4532 30.3188 22.1542 71.7040 -39.3368 -8.0306 22.2216 -30.1667 -8.4544 30.6726 50.6303 -12.6499 6.0026 7.4224 30.8667 -2.0518 -26.1128 -29.8941 -30.4422 -0.0000 0.0000 0.0000 -89.0711 -38.7496 -38.1718 94.2687 44.9618 -48.0606 -20.9234 -9.6442 -26.2621 -0.0000 0.0000 0.0000
-0.0604 0.5546 -0.0940 -2.6220 20.6135 -13.5847 0.3512 4.1038 -15.5165 0.3512 4.1038 -15.5165 6.1053 -3.2384 -7.0522 6.1053 -3.2384 -7.0522 -43.0302 3.8677 -9.7911 -45.0969 19.3530 -44.6528 -0.7787 0.2152 -30.8920 31.3936 22.7682 71.2408 -42.2033 -8.6241 22.1116 -29.6732 -7.9845 29.5202 50.0330 -12.0647 5.6464 8.9950 29.9281 -2.4088 -25.7049 -32.3362 -29.7502 -0.0000 0.0000 0.0000 -86.0364 -36.2439 -33.9635 89.3915 41.8419 -41.4376 -21.1442 -9.4914 -26.5520 -0.0000 0.0000 0.0000
-0.0687 0.5470 -0.1065 -1.6085 20.7515 -15.6751 0.2970 3.9506 -14.9827 0.2970 3.9506 -14.9827 5.6065 -3.1310 -6.8260 5.6065 -3.1310 -6.8260 -44.1808 3.3324 -8.1991 -46.7072 18.2110 -40.7291 -1.1590 0.3272 -31.5286 32.6373 23.3165 70.3479 -44.8644 -9.3627 22.4387 -29.0251 -7.6622 29.0090 49.6493 -12.0159 5.5745 10.3181 29.7431 -2.7469 -24.5189 -33.7427 -28.2725 -0.0000 0.0000 0.0000 -83.3275 -33.5620 -30.0412 84.9872 38.7437 -35.7089 -21.0611 -9.1018 -26.4907 -0.0000 0.0000 0.0000
-0.0753 0.5408 -0.1240 -0.5869 20.8741 -17.7544 0.2880 3.7757 -14.4805 0.2880 3.7757 -14.4805 5.0979 -3.1466 -6.6751 5.0979 -3.1466 -6.6751 -45.5721 2.9788 -7.0837 -47.1267 16.8237 -37.4606 -1.5778 0.4540 -32.1048 33.7529 23.6831 69.2981 -46.9087 -10.3585 23.6007 -28.2344 -7.3122 28.5104 49.2505 -12.0262 5.5285 11.3161 30.1504 -3.0573 -23.3008 -34.0382 -26.8575 -0.0000 0.0000 0.0000 -80.9678 -30.8403 -26.4971 81.2056 35.7555 -30.9120 -20.7429 -8.7865 -26.1293 -0.0000 0.0000 0.0000
-0.0816 0.5357 -0.1435 0.3545 20.9798 -19.6353 0.3079 3.5965 -14.0260 0.3079 3.5965 -14.0260 4.5878 -3.2530 -6.5833 4.5878 -3.2530 -6.5833 -47.3184 2.7511 -6.2743 -46.6573 15.4072 -34.8290 -2.3895 0.7020 -32.7378 34.8274 23.8029 67.8001 -48.4349 -11.4790 25.1930 -27.6832 -7.0211 27.9627 48.9644 -12.1761 5.5610 12.2247 30.8709 -3.3873 -22.7864 -33.3402 -26.3249 -0.0000 0.0000 0.0000 -79.2570 -28.8045 -24.0111 78.4488 33.4332 -27.5495 -20.2596 -8.7393 -25.5329 -0.0000 0.0000 0.0000
-0.0872 0.5312 -0.1616 1.1958 21.0810 -21.2892 0.3132 3.4202 -13.5992 0.3132 3.4202 -13.5992 4.1822 -3.4654 -6.5625 4.1822 -3.4654 -6.5625 -48.8028 2.6866 -5.9181 -45.1762 14.1868 -33.3062 -3.0226 0.8997 -33.1441 35.2564 23.7202 66.9209 -49.5069 -12.2921 26.2910 -27.3051 -6.7906 27.4519 48.7104 -12.3363 5.6016 13.1010 31.6607 -3.7297 -22.9053 -32.2626 -26.5475 -0.0000 0.0000 0.0000 -78.2060 -27.7471 -22.7015 76.7745 32.1185 -25.6937 -19.9365 -8.9374 -25.1103 -0.0000 0.0000 0.0000
-0.0927 0.5267 -0.1772 1.9078 21.0304 -22.7535 0.2923 3.2819 -13.2489 0.2923 3.2819 -13.2489 3.8542 -3.7632 -6.6291 3.8542 -3.7632 -6.6291 -50.0504 2.7327 -5.8496 -43.5559 13.0288 -31.9015 -3.2826 0.9782 -33.1802 34.7995 23.6704 67.5406 -49.8907 -12.6425 26.7913 -26.6819 -6.5025 26.9417 48.4073 -12.3997 5.5910 13.9956 32.5321 -4.1023 -23.0920 -31.5898 -26.8168 -0.0000 0.0000 0.0000 -77.7276 -27.5462 -22.3483 76.0504 31.7793 -25.0993 -19.7965 -9.5045 -24.8785 -0.0000 0.0000 0.0000
-0.0977 0.5218 -0.1890 2.5041 20.7792 -24.1269 0.2226 3.1871 -12.9412 0.2226 3.1871 -12.9412 3.5711 -4.0628 -6.7474 3.5711 -4.0628 -6.7474 -51.0713 2.8156 -5.8896 -42.5096 11.9990 -30.2390 -3.1748 0.9456 -33.1646 33.9773 23.6457 68.8350 -50.4002 -12.5129 26.2295 -26.2562 -6.2984 26.5474 48.0956 -12.3300 5.5191 14.8380 33.2688 -4.4558 -23.2033 -31.7979 -26.9277 -0.0000 0.0000 0.0000 -77.4621 -27.7272 -22.3933 75.7255 31.9062 -25.0593 -19.7538 -10.2746 -24.7486 -0.0000 0.0000 0.0000
-0.1016 0.5174 -0.1964 2.9992 20.3654 -25.4083 0.1249 3.1428 -12.7024 0.1249 3.1428 -12.7024 3.2862 -4.3386 -6.8700 3.2862 -4.3386 -6.8700 -52.0555 2.8875 -5.9090 -41.7580 10.9560 -28.2254 -2.8001 0.8367 -33.2692 33.1257 23.6194 70.2171 -50.9796 -12.0746 25.0156 -26.0359 -6.2320 26.4993 47.7715 -12.1144 5.3809 15.4863 33.8969 -4.7456 -23.0451 -32.6851 -26.6738 -0.0000 0.0000 0.0000 -77.1335 -28.3383 -22.7632 75.3792 32.5062 -25.3866 -19.7076 -11.5835 -24.5633 -0.0000 0.0000 0.0000
-0.1048 0.5143 -0.1997 3.4045 19.8516 -26.5659 0.0026 3.1431 -12.5078 0.0026 3.1431 -12.5078 2.9909 -4.5752 -6.9840 2.9909 -4.5752 -6.9840 -52.9424 3.0122 -6.0450 -41.0967 9.7855 -25.7278 -2.1292 0.6409 -33.5009 32.4200 23.5980 71.3979 -51.2576 -11.7332 24.1782 -25.8075 -6.1822 26.5269 47.4250 -11.8001 5.1978 15.9043 34.5109 -4.9689 -22.9407 -33.8411 -26.4617 -0.0000 0.0000 0.0000 -76.6062 -28.9449 -23.0450 74.7657 33.2454 -25.7001 -19.5490 -13.4130 -24.1951 -0.0000 0.0000 0.0000
-0.1072 0.5130 -0.2000 3.7611 19.3322 -27.6288 -0.1446 3.1649 -12.3249 -0.1446 3.1649 -12.3249 2.6789 -4.7590 -7.0579 2.6789 -4.7590 -7.0579 -53.8142 3.1197 -6.1430 -40.7335 8.5804 -22.8487 -1.5440 0.4718 -33.9790 31.8782 23.5102 72.1563 -51.3795 -11.5391 23.7239 -25.7060 -6.1258 26.3963 47.1367 -11.4269 4.9982 16.0533 35.2062 -5.1235 -23.1053 -34.9249 -26.5639 -0.0000 0.0000 0.0000 -75.9485 -29.3142 -23.0770 73.7951 33.7150 -25.6320 -19.1520 -15.4215 -23.5291 -0.0000 0.0000 0.0000
-0.1092 0.5132 -0.1974 4.1078 18.8821 -28.6292 -0.3209 3.1786 -12.0991 -0.3209 3.1786 -12.0991 2.4083 -4.9368 -7.1226 2.4083 -4.9368 -7.1226 -53.9512 3.3859 -6.6467 -39.7293 7.5331 -20.6537 -0.6787 0.2085 -34.1604 31.0637 23.3556 73.2750 -51.2022 -11.3723 23.4788 -25.4020 -6.0138 26.2394 46.8458 -10.9862 4.7712 16.0304 35.9994 -5.2391 -23.5324 -35.8235 -26.9789 -0.0000 0.0000 0.0000 -75.3058 -29.4697 -22.9415 72.7344 33.8920 -25.2926 -18.7578 -17.1774 -22.9002 -0.0000 0.0000 0.0000
-0.1110 0.5142 -0.1924 4.4840 18.5223 -29.6747 -0.4942 3.1717 -11.8487 -0.4942 3.1717 -11.8487 2.1618 -5.1396 -7.1774 2.1618 -5.1396 -7.1774 -53.4149 3.6802 -7.3075 -38.8073 6.8350 -19.2451 0.2464 -0.0761 -34.3292 30.3662 23.0334 73.8001 -51.3017 -11.3184 23.3192 -25.5814 -5.9839 25.9300 46.5713 -10.4277 4.4979 15.7625 36.7858 -5.2709 -24.0086 -36.6226 -27.4556 -0.0000 0.0000 0.0000 -74.8476 -29.3856 -22.6912 71.7706 33.8427 -24.8266 -18.5605 -18.0631 -22.5886 -0.0000 0.0000 0.0000
-0.1127 0.5153 -0.1854 4.9423 18.3189 -30.8577 -0.6603 3.1223 -11.5396 -0.6603 3.1223 -11.5396 1.9568 -5.3846 -7.1980 1.9568 -5.3846 -7.1980 -52.2621 3.9583 -8.0587 -37.9749 6.5740 -18.9522 1.0765 -0.3331 -34.3863 29.9250 22.4804 73.2715 -52.0513 -11.2936 22.8946 -26.4293 -6.1161 25.6346 46.3224 -9.7285 4.1700 15.1256 37.4559 -5.1545 -24.3201 -37.4739 -27.7400 -0.0000 0.0000 0.0000 -74.6931 -28.8216 -22.1875 71.0135 33.3175 -24.1025 -18.5664 -18.0160 -22.5995 -0.0000 0.0000 0.0000
-0.1141 0.5155 -0.1769 5.4921 18.2383 -32.2324 -0.8209 3.0468 -11.2185 -0.8209 3.0468 -11.2185 1.7785 -5.6211 -7.1423 1.7785 -5.6211 -7.1423 -50.8774 4.1643 -8.7416 -37.1134 6.5426 -19.3256 1.8274 -0.5651 -34.3643 30.1638 21.6057 70.6024 -53.4866 -11.4201 22.4474 -28.3409 -6.4279 25.0768 46.1345 -8.9223 3.8059 14.2027 37.9071 -4.8996 -24.5280 -38.2877 -27.9095 -0.0000 0.0000 0.0000 -74.8072 -28.3460 -21.8591 70.4489 32.7822 -23.4655 -18.7275 -17.4126 -22.8439 -0.0000 0.0000 0.0000
-0.1152 0.5144 -0.1680 6.0753 18.2041 -33.7049 -0.9784 2.9618 -10.9124 -0.9784 2.9618 -10.9124 1.6186 -5.8098 -7.0196 1.6186 -5.8098 -7.0196 -49.4519 4.3212 -9.3672 -36.2343 6.5809 -19.9324 2.8014 -0.8637 -34.2648 30.5154 20.4198 66.8717 -55.0545 -11.4157 21.7130 -30.7817 -6.7124 24.0527 45.9841 -8.0816 3.4338 13.1477 38.1366 -4.5623 -24.5703 -39.1177 -27.8910 -0.0000 0.0000 0.0000 -75.1874 -28.5446 -22.1629 70.1548 32.8194 -23.3686 -18.8401 -16.7757 -23.0335 -0.0000 0.0000 0.0000
-0.1163 0.5128 -0.1601 6.6498 18.1657 -35.2089 -1.1396 2.8750 -10.6269 -1.1396 2.8750 -10.6269 1.4547 -5.9128 -6.8396 1.4547 -5.9128 -6.8396 -48.3354 4.3907 -9.7657 -35.8052 6.6238 -20.3119 3.7850 -1.1688 -34.3108 30.5388 18.9936 62.9982 -56.1933 -11.1009 20.6325 -33.3984 -6.8444 22.5463 45.8962 -7.2478 3.0721 12.0675 38.2829 -4.2022 -24.7307 -39.7551 -28.0208 -0.0000 0.0000 0.0000 -75.7555 -29.0984 -22.8269 70.0647 33.1225 -23.5522 -18.7827 -16.2495 -23.0086 -0.0000 0.0000 0.0000
-0.1171 0.5110 -0.1539 7.1501 18.0964 -36.6083 -1.3031 2.7901 -10.3550 -1.3031 2.7901 -10.3550 1.3249 -5.9371 -6.6591 1.3249 -5.9371 -6.6591 -47.2725 4.4562 -10.1607 -35.4620 6.6346 -20.5502 4.8036 -1.4690 -33.9903 29.7687 17.7793 60.9520 -56.1792 -10.8511 20.1809 -34.9200 -6.7624 21.2770 45.8106 -6.4576 2.7309 11.1182 38.4644 -3.8895 -25.0819 -40.1758 -28.3813 -0.0000 0.0000 0.0000 -76.3916 -29.7169 -23.5814 70.0810 33.5479 -23.8705 -18.5408 -15.9851 -22.7372 -0.0000 0.0000 0.0000
-0.1179 0.5091 -0.1491 7.5982 18.0557 -37.8486 -1.4531 2.6994 -10.0975 -1.4531 2.6994 -10.0975 1.2439 -5.9574 -6.5110 1.2439 -5.9574 -6.5110 -46.1813 4.5092 -10.5520 -35.0835 6.6760 -20.9087 5.9576 -1.7894 -33.4103 28.4164 16.9092 60.8319 -55.7497 -10.4805 19.6750 -35.6154 -6.6019 20.3589 45.7369 -5.8463 2.4675 10.3366 38.7304 -3.6417 -25.3341 -40.4833 -28.6393 -0.0000 0.0000 0.0000 -76.9367 -30.1594 -24.1670 70.0435 33.7731 -24.0192 -18.2836 -15.7941 -22.4405 -0.0000 0.0000 0.0000
-0.1188 0.5074 -0.1455 7.9897 18.0587 -38.8904 -1.5729 2.6090 -9.8646 -1.5729 2.6090 -9.8646 1.2113 -6.0095 -6.4087 1.2113 -6.0095 -6.4087 -45.0878 4.5495 -10.9321 -34.5921 6.7523 -21.4553 7.0144 -2.0530 -32.5933 26.9174 16.2843 61.7449 -55.2770 -10.0408 19.0467 -35.8115 -6.4470 19.7759 45.6889 -5.4202 2.2848 9.6648 39.0420 -3.4336 -25.4786 -40.9378 -28.7645 -0.0000 0.0000 0.0000 -77.5404 -30.4483 -24.6594 70.1350 33.7713 -24.0575 -18.0594 -15.5786 -22.1855 -0.0000 0.0000 0.0000
-0.1194 0.5057 -0.1429 8.3119 18.0727 -39.7570 -1.6800 2.5238 -9.6609 -1.6800 2.5238 -9.6609 1.2021 -6.0648 -6.3422 1.2021 -6.0648 -6.3422 -44.0965 4.5822 -11.2834 -34.0871 6.7811 -21.8762 7.7611 -2.2069 -31.7036 25.6449 15.7760 62.6593 -54.8759 -9.6173 18.4072 -35.8981 -6.3287 19.3700 45.7024 -5.0909 2.1465 9.0802 39.2848 -3.2468 -25.3598 -41.5036 -28.5864 -0.0000 0.0000 0.0000 -78.1401 -30.7704 -25.1845 70.3383 33.7158 -24.1049 -17.8298 -15.4765 -21.9141 -0.0000 0.0000 0.0000
-0.1200 0.5043 -0.1407 8.5647 18.0628 -40.4846 -1.7665 2.4582 -9.5225 -1.7665 2.4582 -9.5225 1.1690 -6.1210 -6.2860 1.1690 -6.1210 -6.2860 -43.2677 4.5652 -11.4780 -33.8151 6.8039 -22.1306 8.3358 -2.3141 -30.9826 25.1494 15.3234 62.1867 -54.7710 -9.2737 17.7966 -36.5519 -6.2762 18.8514 45.7842 -4.8637 2.0547 8.6184 39.3918 -3.0902 -24.8083 -42.2187 -27.9145 -0.0000 0.0000 0.0000 -78.6526 -31.2575 -25.8167 70.6088 33.7734 -24.2649 -17.6829 -15.3981 -21.7414 -0.0000 0.0000 0.0000
-0.1206 0.5030 -0.1384 8.7427 18.0114 -41.1091 -1.8295 2.4167 -9.4472 -1.8295 2.4167 -9.4472 1.0996 -6.1898 -6.2335 1.0996 -6.1898 -6.2335 -42.5989 4.4639 -11.4174 -34.0987 6.9008 -22.2456 8.7688 -2.4089 -30.6693 25.2889 14.7713 60.0382 -54.8489 -8.9765 17.2044 -37.8960 -6.2299 18.0145 45.9091 -4.6329 1.9631 8.1195 39.4763 -2.9176 -24.3392 -42.9595 -27.3348 -0.0000 0.0000 0.0000 -79.0811 -31.5542 -26.2583 70.9007 33.8095 -24.4192 -17.6990 -15.1083 -21.7847 -0.0000 0.0000 0.0000
-0.1210 0.5018 -0.1362 8.8612 17.9236 -41.6554 -1.8739 2.3934 -9.4076 -1.8739 2.3934 -9.4076 1.0113 -6.2929 -6.1912 1.0113 -6.2929 -6.1912 -42.1713 4.3011 -11.1250 -34.8704 7.0610 -22.2286 9.0378 -2.4778 -30.6072 25.5237 14.2411 57.7571 -54.6706 -9.0162 17.3447 -39.0092 -6.1708 17.3054 45.9884 -4.3213 1.8345 7.5481 39.5434 -2.7167 -23.8763 -43.6135 -26.7706 -0.0000 0.0000 0.0000 -79.2436 -31.6089 -26.3780 70.8695 33.9102 -24.4803 -17.7085 -14.9615 -21.8084 -0.0000 0.0000 0.0000
-0.1214 0.5007 -0.1338 8.9252 17.8006 -42.1362 -1.9074 2.3863 -9.3948 -1.9074 2.3863 -9.3948 0.9234 -6.3914 -6.1500 0.9234 -6.3914 -6.1500 -41.8837 4.0964 -10.6776 -35.8683 7.2656 -22.1974 9.2735 -2.5502 -30.6929 25.8224 13.7121 55.3542 -54.3872 -9.0954 17.6002 -40.2148 -6.0294 16.3725 46.0532 -4.0001 1.7007 7.0081 39.6005 -2.5258 -23.4729 -44.1603 -26.2820 -0.0000 0.0000 0.0000 -79.1697 -31.5007 -26.2530 70.6016 33.9789 -24.4138 -17.7462 -14.8967 -21.8599 -0.0000 0.0000 0.0000
-0.1219 0.4997 -0.1311 8.9162 17.6374 -42.5278 -1.9283 2.3985 -9.4181 -1.9283 2.3985 -9.4181 0.8702 -6.4544 -6.1272 0.8702 -6.4544 -6.1272 -41.6482 3.8606 -10.1276 -36.9293 7.5062 -22.2289 9.4530 -2.6207 -30.9286 26.2203 13.0741 52.3969 -54.0460 -8.8406 17.2368 -42.0428 -5.7123 14.7940 46.1573 -3.7137 1.5828 6.5499 39.6204 -2.3617 -23.2161 -44.6612 -25.9608 -0.0000 0.0000 0.0000 -79.1009 -31.3411 -26.0871 70.4592 34.0969 -24.4384 -17.7753 -14.9485 -21.8911 -0.0000 0.0000 0.0000
-0.1224 0.4991 -0.1282 8.8406 17.4445 -42.8185 -1.9582 2.4228 -9.4548 -1.9582 2.4228 -9.4548 0.8467 -6.4232 -6.1020 0.8467 -6.4232 -6.1020 -41.4713 3.6701 -9.6748 -37.7668 7.6575 -22.1406 9.5822 -2.6790 -31.1765 26.5334 12.4713 49.7283 -53.4943 -8.8641 17.4864 -43.3176 -5.4189 13.5918 46.2964 -3.4576 1.4786 6.2014 39.5664 -2.2325 -22.8259 -45.0185 -25.5024 -0.0000 0.0000 0.0000 -78.9787 -31.2961 -25.9944 70.2850 34.2792 -24.4962 -17.6953 -15.1226 -21.7791 -0.0000 0.0000 0.0000
-0.1228 0.4988 -0.1248 8.7223 17.2378 -43.0388 -1.9950 2.4616 -9.5258 -1.9950 2.4616 -9.5258 0.8452 -6.3379 -6.0694 0.8452 -6.3379 -6.0694 -41.3960 3.5117 -9.2769 -38.4649 7.7078 -21.8578 9.7445 -2.7625 -31.5884 26.9369 11.8560 46.8782 -52.8575 -8.8298 17.6593 -44.7083 -5.0762 12.3043 46.4859 -3.2729 1.4060 5.9363 39.4942 -2.1327 -22.5966 -45.0916 -25.2429 -0.0000 0.0000 0.0000 -78.7889 -31.2534 -25.8738 70.0416 34.3822 -24.4647 -17.6458 -15.0374 -21.7257 -0.0000 0.0000 0.0000
-0.1233 0.4984 -0.1219 8.5955 17.0597 -43.2180 -2.0396 2.5131 -9.6255 -2.0396 2.5131 -9.6255 0.8676 -6.2448 -6.0181 0.8676 -6.2448 -6.0181 -41.3893 3.3734 -8.9145 -39.0285 7.7335 -21.5954 9.9801 -2.8920 -32.2497 27.2492 11.2563 44.2514 -52.1090 -8.7104 17.7080 -45.9807 -4.7605 11.1910 46.7012 -3.1470 1.3589 5.5937 39.5048 -2.0100 -22.8499 -44.8490 -25.5409 -0.0000 0.0000 0.0000 -78.5698 -31.0567 -25.6116 69.7091 34.2638 -24.2322 -17.7078 -14.5434 -21.8421 -0.0000 0.0000 0.0000
-0.1239 0.4978 -0.1198 8.5090 16.9557 -43.3884 -2.0812 2.5612 -9.7221 -2.0812 2.5612 -9.7221 0.9036 -6.2195 -5.9600 0.9036 -6.2195 -5.9600 -41.5208 3.3765 -8.8920 -39.1913 7.6440 -21.2568 10.3290 -3.0594 -32.9207 27.1662 11.0541 43.6522 -51.5757 -8.9148 18.3305 -46.2096 -4.7454 11.0945 46.8196 -3.0042 1.3009 5.1132 39.6493 -1.8444 -23.4064 -44.4624 -26.1864 -0.0000 0.0000 0.0000 -78.3756 -30.7561 -25.2751 69.2116 33.9802 -23.8101 -17.7434 -13.9662 -21.9338 -0.0000 0.0000 0.0000
-0.1240 0.4963 -0.1180 8.4555 16.9183 -43.5466 -2.1051 2.5987 -9.7993 -2.1051 2.5987 -9.7993 0.9438 -6.2858 -5.9246 0.9438 -6.2858 -5.9246 -41.6666 3.5111 -9.2100 -38.8412 7.4311 -20.8732 10.7460 -3.2090 -33.1701 26.6748 11.2609 45.1592 -51.3366 -9.2220 19.0531 -45.5525 -4.9503 11.7558 46.8030 -2.8409 1.2297 4.6123 39.9959 -1.6793 -24.2539 -44.1135 -27.1534 -0.0000 0.0000 0.0000 -78.3569 -30.3867 -24.9587 68.7616 33.6175 -23.3563 -17.7144 -13.4350 -21.9430 -0.0000 0.0000 0.0000
-0.1240 0.4942 -0.1157 8.4120 16.9205 -43.6797 -2.1033 2.6234 -9.8556 -2.1033 2.6234 -9.8556 0.9734 -6.4266 -5.9296 0.9734 -6.4266 -5.9296 -41.6161 3.7726 -9.9061 -37.8411 7.1945 -20.7856 11.1539 -3.2697 -32.5872 25.8659 11.6887 48.0491 -51.2069 -9.2863 19.2388 -44.5077 -5.2031 12.6724 46.6038 -2.6301 1.1330 4.2901 40.4443 -1.5810 -25.0694 -43.9880 -28.0687 -0.0000 0.0000 0.0000 -78.5788 -30.2200 -24.9149 68.6405 33.4283 -23.1697 -17.5645 -13.2087 -21.7780 -0.0000 0.0000 0.0000
-0.1241 0.4917 -0.1124 8.3933 16.9434 -43.7897 -2.0830 2.6332 -9.8756 -2.0830 2.6332 -9.8756 0.9519 -6.6034 -5.9559 0.9519 -6.6034 -5.9559 -41.3702 4.2078 -11.1145 -36.9037 7.1788 -21.2950 11.2643 -3.1574 -31.2281 24.7253 12.2175 52.0516 -51.0187 -9.5536 19.8661 -42.5736 -5.6042 14.3202 46.4163 -2.6455 1.1345 4.2465 41.1271 -1.5937 -25.4799 -43.9822 -28.5249 -0.0000 0.0000 0.0000 -78.9134 -30.0891 -24.9488 68.6070 33.1896 -22.9852 -17.2304 -13.4943 -21.3436 -0.0000 0.0000 0.0000
-0.1241 0.4896 -0.1078 8.4089 16.9863 -43.8604 -2.0461 2.6480 -9.9114 -2.0461 2.6480 -9.9114 0.8800 -6.8875 -5.9738 0.8800 -6.8875 -5.9738 -42.4123 4.9301 -12.6625 -38.6436 7.4593 -21.0641 10.9894 -3.0603 -31.0386 23.1432 12.5640 56.5281 -50.4023 -9.6370 20.3115 -40.4321 -5.8645 15.8379 46.3138 -2.9416 1.2584 4.1983 42.2110 -1.6211 -26.0603 -43.9456 -29.1719 -0.0000 0.0000 0.0000 -79.2719 -29.8078 -24.8653 68.6167 32.7603 -22.6832 -16.8270 -14.0996 -20.7993 -0.0000 0.0000 0.0000
-0.1234 0.4885 -0.1025 8.4598 17.0261 -43.8834 -1.9892 2.6971 -10.0181 -1.9892 2.6971 -10.0181 0.7535 -7.2992 -5.9292 0.7535 -7.2992 -5.9292 -46.1828 5.8827 -13.7433 -43.5958 7.5356 -18.7017 10.0989 -2.9965 -32.9794 21.2462 12.4494 60.3574 -49.1483 -9.3583 20.2955 -38.9083 -5.9229 16.6647 46.1168 -3.2847 1.3985 4.0263 43.3778 -1.6019 -26.8815 -43.9973 -30.0784 -0.0000 0.0000 0.0000 -79.4910 -29.2281 -24.4673 68.5692 32.0894 -22.1862 -16.4654 -14.8488 -20.2976 -0.0000 0.0000 0.0000
-0.1223 0.4885 -0.0966 8.5557 17.1090 -43.8255 -1.9256 2.8138 -10.2870 -1.9256 2.8138 -10.2870 0.6641 -7.8372 -5.6835 0.6641 -7.8372 -5.6835 -52.5577 8.1919 -16.5038 -47.8510 7.0100 -15.7204 9.3235 -2.9949 -35.5503 19.0118 11.9246 63.9045 -47.2706 -8.8839 20.1314 -38.1258 -5.8221 16.7430 45.7352 -3.5004 1.4767 3.6396 44.3569 -1.4841 -27.9898 -44.3059 -31.2801 -0.0000 0.0000 0.0000 -79.8725 -28.6152 -24.1055 68.7695 31.2669 -21.6815 -16.5004 -15.4086 -20.2974 -0.0000 0.0000 0.0000
-0.1213 0.4894 -0.0902 8.6527 17.2162 -43.6287 -1.8658 2.9996 -10.7231 -1.8658 2.9996 -10.7231 0.6893 -8.4900 -5.2586 0.6893 -8.4900 -5.2586 -60.3850 12.4486 -21.2334 -47.6152 6.4228 -14.4947 9.2869 -3.1352 -37.2416 16.7219 11.1277 67.0739 -45.3207 -8.1601 19.3912 -38.2839 -5.6426 16.1616 45.2448 -3.4841 1.4523 3.1198 44.8330 -1.2872 -29.5196 -44.5098 -32.9531 -0.0000 0.0000 0.0000 -80.5631 -28.2544 -24.0822 69.3815 30.6209 -21.4605 -17.0371 -15.6517 -20.9336 -0.0000 0.0000 0.0000
-0.1201 0.4910 -0.0832 8.7891 17.3939 -43.3322 -1.8013 3.2100 -11.2919 -1.8013 3.2100 -11.2919 0.8649 -9.1774 -4.6406 0.8649 -9.1774 -4.6406 -64.7559 18.4826 -28.7832 -43.6100 6.4212 -15.9629 12.1272 -4.0875 -37.1379 14.5979 10.0906 69.1552 -43.6972 -7.2581 17.9773 -39.3741 -5.3746 14.9470 44.7309 -3.0944 1.2735 2.4727 44.5037 -1.0118 -30.9132 -44.4620 -34.4948 -0.0000 0.0000 0.0000 -81.5949 -28.4791 -24.7090 70.5262 30.3007 -21.6762 -17.9524 -15.5298 -22.0592 -0.0000 0.0000 0.0000
-0.1197 0.4930 -0.0755 9.1538 17.8138 -43.0934 -1.6782 3.3516 -11.9655 -1.6782 3.3516 -11.9655 1.1108 -9.9156 -3.8481 1.1108 -9.9156 -3.8481 -61.5343 24.6545 -40.3135 -37.9069 7.3550 -21.2013 18.5444 -5.6673 -33.7329 12.4231 8.7964 70.4961 -42.6659 -6.2089 15.8123 -40.8133 -5.0169 13.4321 44.4663 -2.6908 1.1001 1.7263 43.4472 -0.6878 -31.4362 -44.2715 -35.0891 -0.0000 0.0000 0.0000 -82.7759 -29.0824 -25.7511 71.8082 30.0207 -21.9726 -19.1307 -15.3648 -23.5081 -0.0000 0.0000 0.0000
-0.1197 0.4953 -0.0676 9.8759 18.6060 -43.0556 -1.4596 3.3333 -12.6821 -1.4596 3.3333 -12.6821 1.3301 -10.8212 -3.0270 1.3301 -10.8212 -3.0270 -51.4100 27.9047 -54.5980 -30.7446 8.0854 -28.8339 25.7226 -6.1044 -26.2904 9.8487 7.1196 71.6621 -42.0487 -5.0575 13.1096 -41.8395 -4.5382 11.8359 44.4453 -2.4746 1.0112 0.7326 41.9346 -0.2807 -30.9266 -44.0174 -34.5507 -0.0000 0.0000 0.0000 -83.8227 -29.9234 -26.9773 72.8111 29.6791 -22.1101 -20.4125 -15.2599 -25.0766 -0.0000 0.0000 0.0000
-0.1200 0.4979 -0.0602 10.8311 19.6347 -43.2867 -1.1755 3.1520 -13.3494 -1.1755 3.1520 -13.3494 1.4639 -11.8489 -2.3556 1.4639 -11.8489 -2.3556 -39.4072 26.6595 -66.9783 -22.9185 7.7341 -36.8825 30.3550 -4.8525 -17.7551 6.9421 5.1007 72.5826 -41.3908 -4.0620 10.7256 -42.3355 -3.9408 10.1543 44.3542 -2.1665 0.8832 -0.2969 39.9528 0.1079 -29.3356 -43.9262 -32.8014 -0.0000 0.0000 0.0000 -84.3299 -30.5843 -27.8156 73.1485 29.2287 -21.8991 -21.5358 -15.3258 -26.4338 -0.0000 0.0000 0.0000
-0.1205 0.5008 -0.0542 11.8661 20.7430 -43.8046 -0.8765 2.8929 -13.9933 -0.8765 2.8929 -13.9933 1.5353 -12.9941 -1.8340 1.5353 -12.9941 -1.8340 -27.6192 21.9317 -76.4964 -13.9517 5.6382 -43.8444 32.1585 -2.4968 -8.6470 4.0250 3.0119 73.6045 -40.9154 -3.2783 8.7733 -42.2897 -3.3317 8.6004 44.0102 -1.6176 0.6538 -1.1586 37.7138 0.3957 -27.0200 -44.0183 -30.2303 -0.0000 0.0000 0.0000 -84.1793 -30.8789 -28.0146 72.6320 28.7373 -21.3265 -22.5300 -15.3645 -27.6346 -0.0000 0.0000 0.0000
-0.1211 0.5037 -0.0507 12.7476 21.6525 -44.5259 -0.6352 2.6667 -14.5722 -0.6352 2.6667 -14.5722 1.5959 -14.2464 -1.5605 1.5959 -14.2464 -1.5605 -18.1028 15.9030 -82.4884 -5.0198 2.2197 -47.6873 30.8321 -0.1650 -0.5983 1.7588 1.3487 74.9639 -41.1384 -2.4551 6.5363 -41.7566 -2.9066 7.6108 43.4942 -0.7950 0.3171 -1.8576 35.5879 0.5962 -24.6152 -44.0971 -27.5559 -0.0000 0.0000 0.0000 -83.6155 -30.9134 -27.7808 71.8024 28.2255 -20.6304 -23.4016 -15.2665 -28.6993 -0.0000 0.0000 0.0000
-0.1214 0.5061 -0.0491 13.3664 22.2229 -45.3615 -0.4857 2.5392 -15.0500 -0.4857 2.5392 -15.0500 1.7003 -15.4336 -1.4482 1.7003 -15.4336 -1.4482 -10.1359 9.3738 -85.5047 2.6203 -1.1770 -48.3718 27.6457 1.4771 5.9984 0.5038 0.3969 76.4613 -42.2542 -1.4512 3.7544 -40.6832 -2.7527 7.4159 42.9368 0.3035 -0.1194 -2.4110 33.7348 0.7311 -22.5000 -44.1580 -25.2002 -0.0000 0.0000 0.0000 -82.9947 -30.8722 -27.4538 71.1533 27.7222 -20.0200 -24.1298 -15.0460 -29.6032 -0.0000 0.0000 0.0000
-0.1216 0.5075 -0.0490 13.8022 22.5191 -46.2699 -0.3669 2.4764 -15.4365 -0.3669 2.4764 -15.4365 1.8017 -16.5243 -1.4179 1.8017 -16.5243 -1.4179 -2.9965 2.8424 -86.9763 8.8075 -3.8004 -46.6135 23.2677 2.3320 11.2917 0.1199 0.0978 78.4086 -44.1840 -0.1917 0.4723 -39.1006 -2.9018 8.1595 42.4437 1.4738 -0.5723 -2.7679 32.1877 0.7987 -20.6674 -44.4226 -23.1426 -0.0000 0.0000 0.0000 -82.8032 -31.1277 -27.5939 71.1363 27.4379 -19.8047 -24.7710 -14.9634 -30.3868 -0.0000 0.0000 0.0000
-0.1217 0.5078 -0.0501 14.1101 22.6094 -47.1402 -0.2421 2.4409 -15.7075 -0.2421 2.4409 -15.7075 1.8265 -17.5064 -1.4726 1.8265 -17.5064 -1.4726 3.7608 -3.5841 -87.2416 13.5631 -5.4622 -43.7162 18.3527 2.4942 15.3500 0.2330 0.1991 81.0295 -46.5756 1.4087 -3.2721 -36.9718 -3.3062 9.8676 42.1393 2.4843 -0.9572 -2.8678 30.9101 0.7931 -18.8010 -44.9453 -21.0323 -0.0000 0.0000 0.0000 -83.2200 -31.9742 -28.5527 71.8935 27.6570 -20.2403 -25.2248 -15.3083 -30.8952 -0.0000 0.0000 0.0000
-0.1217 0.5072 -0.0522 14.2810 22.5372 -47.8669 -0.1107 2.4312 -15.8532 -0.1107 2.4312 -15.8532 1.7469 -18.2573 -1.5747 1.7469 -18.2573 -1.5747 9.8962 -9.2650 -86.2093 17.0364 -6.3698 -40.7616 14.1841 2.2248 17.7411 0.5952 0.5347 83.8706 -49.0952 3.0868 -6.7524 -34.6829 -3.6997 11.8104 42.0352 3.3448 -1.2854 -2.7515 29.7918 0.7320 -17.0008 -45.5506 -18.9945 -0.0000 0.0000 0.0000 -84.1899 -33.3234 -30.2595 73.2696 28.5285 -21.4108 -25.3629 -16.0955 -30.9727 -0.0000 0.0000 0.0000
-0.1217 0.5060 -0.0556 14.3971 22.4115 -48.4625 0.0390 2.4301 -15.9095 0.0390 2.4301 -15.9095 1.6167 -18.8171 -1.6220 1.6167 -18.8171 -1.6220 15.2486 -13.8159 -84.2955 19.1005 -6.6870 -38.2985 10.8394 1.8423 19.2373 1.0748 1.0153 86.7375 -51.5676 4.6468 -9.6020 -32.4687 -4.0227 13.7545 42.0221 4.0775 -1.5667 -2.5343 28.7954 0.6507 -15.4007 -46.1364 -17.1845 -0.0000 0.0000 0.0000 -85.3831 -34.8577 -32.3025 74.7273 29.9242 -23.0660 -25.1753 -17.1432 -30.6314 -0.0000 0.0000 0.0000
-0.1215 0.5047 -0.0599 14.5662 22.3614 -49.0003 0.1925 2.4127 -15.8907 0.1925 2.4127 -15.8907 1.5414 -19.3145 -1.5781 1.5414 -19.3145 -1.5781 19.6934 -17.2159 -82.1863 20.5040 -6.7989 -36.3632 8.3077 1.4873 20.2661 1.8654 1.8381 89.1540 -54.1975 5.8189 -11.3444 -30.4989 -4.2882 15.6392 42.0706 4.6112 -1.7742 -2.5251 28.0509 0.6309 -14.1946 -46.5723 -15.8232 -0.0000 0.0000 0.0000 -86.6393 -36.4726 -34.5205 76.2189 31.4342 -24.8944 -24.8168 -18.1646 -30.0922 -0.0000 0.0000 0.0000
-0.1214 0.5036 -0.0647 14.8010 22.4043 -49.5240 0.3209 2.3909 -15.8006 0.3209 2.3909 -15.8006 1.5771 -19.8232 -1.4386 1.5771 -19.8232 -1.4386 23.3563 -19.7334 -80.1603 21.5487 -6.7995 -34.6747 6.2263 1.1556 21.0098 2.9823 3.0395 91.0878 -57.1368 6.6139 -12.1148 -28.6978 -4.5018 17.4710 42.1722 4.9601 -1.9136 -2.7072 27.5147 0.6629 -13.4163 -46.8437 -14.9464 -0.0000 0.0000 0.0000 -87.7688 -37.9916 -36.6389 77.5387 32.8421 -26.6334 -24.4050 -19.0900 -29.5039 -0.0000 0.0000 0.0000
-0.1213 0.5027 -0.0695 15.0894 22.5312 -50.0593 0.4269 2.3585 -15.6578 0.4269 2.3585 -15.6578 1.7090 -20.3814 -1.2395 1.7090 -20.3814 -1.2395 26.5577 -21.7948 -78.4133 22.1793 -6.6406 -32.9764 4.2659 0.8098 21.4879 4.3981 4.5971 92.5368 -60.4412 7.0243 -12.0297 -26.9405 -4.6609 19.2852 42.3079 5.1873 -2.0084 -3.0428 27.1365 0.7345 -12.9909 -46.9561 -14.4690 -0.0000 0.0000 0.0000 -88.7980 -39.3834 -38.6269 78.7549 34.0632 -28.2260 -24.0167 -19.8794 -28.9610 -0.0000 0.0000 0.0000
-0.1218 0.5021 -0.0736 15.3716 22.6529 -50.5727 0.5148 2.3367 -15.4907 0.5148 2.3367 -15.4907 1.8563 -21.0016 -1.0348 1.8563 -21.0016 -1.0348 29.7922 -23.7190 -76.5776 22.5323 -6.4185 -31.4406 2.3194 0.4436 21.6540 5.9357 6.3509 93.8790 -64.0097 7.2738 -11.6140 -25.0691 -4.7743 21.2399 42.4751 5.3628 -2.0854 -3.4266 26.8103 0.8169 -12.4539 -46.9778 -13.8712 -0.0000 0.0000 0.0000 -89.6429 -40.6540 -40.4219 79.8435 35.1809 -29.7152 -23.5868 -20.6857 -28.3702 -0.0000 0.0000 0.0000
-0.1227 0.5017 -0.0766 15.6323 22.7020 -51.0289 0.5767 2.3382 -15.2955 0.5767 2.3382 -15.2955 1.9260 -21.7024 -0.8918 1.9260 -21.7024 -0.8918 33.1295 -25.5432 -74.6199 22.4824 -6.1166 -30.0929 0.5657 0.1074 21.5035 7.4621 8.1910 95.3488 -67.6987 7.5658 -11.2606 -23.1224 -4.8254 23.2771 42.6496 5.5477 -2.1672 -3.8404 26.4424 0.9026 -11.6666 -46.9792 -12.9957 -0.0000 0.0000 0.0000 -90.3341 -41.8210 -42.0443 80.7853 36.3339 -31.1994 -23.0716 -21.6950 -27.6622 -0.0000 0.0000 0.0000
-0.1237 0.5013 -0.0787 15.8714 22.6950 -51.4185 0.6084 2.3529 -15.0717 0.6084 2.3529 -15.0717 1.9354 -22.4165 -0.8133 1.9354 -22.4165 -0.8133 36.3747 -27.1704 -72.6717 22.4064 -5.8461 -28.9122 -1.0301 -0.1921 21.1286 8.9905 10.1257 96.8285 -71.4388 7.8223 -10.8624 -21.1528 -4.8079 25.3430 42.8317 5.7624 -2.2617 -4.3334 26.0421 1.0026 -10.7915 -46.8582 -12.0264 -0.0000 0.0000 0.0000 -90.9057 -42.8261 -43.4453 81.5386 37.4549 -32.5887 -22.5277 -22.7683 -26.9195 -0.0000 0.0000 0.0000
-0.1248 0.5009 -0.0799 16.0914 22.6392 -51.7279 0.6118 2.3635 -14.8275 0.6118 2.3635 -14.8275 1.8987 -23.0855 -0.8169 1.8987 -23.0855 -0.8169 39.2319 -28.4943 -70.9358 22.6813 -5.6670 -27.7255 -2.2964 -0.4173 20.5976 10.5745 12.1739 98.0962 -75.2381 7.9013 -10.2419 -19.2381 -4.7144 27.3040 43.0047 6.0320 -2.3782 -4.9523 25.6071 1.1261 -10.2712 -46.5455 -11.4573 -0.0000 0.0000 0.0000 -91.4909 -43.7091 -44.7491 82.2553 38.5082 -33.9242 -22.0001 -23.8314 -26.2021 -0.0000 0.0000 0.0000
-0.1263 0.5002 -0.0804 16.2520 22.4708 -51.9052 0.5736 2.3855 -14.5946 0.5736 2.3855 -14.5946 1.8213 -23.6379 -0.8869 1.8213 -23.6379 -0.8869 41.5490 -29.5447 -69.6074 23.2734 -5.5540 -26.5075 -3.2342 -0.5701 19.9889 12.1119 14.2350 99.2951 -79.0773 7.8719 -9.5293 -17.3619 -4.5448 29.1375 43.1723 6.3672 -2.5214 -5.6085 25.1665 1.2529 -10.1342 -46.0250 -11.3211 -0.0000 0.0000 0.0000 -92.1682 -44.3922 -45.9299 83.0239 39.4308 -35.1958 -21.4849 -24.8612 -25.5073 -0.0000 0.0000 0.0000
-0.1283 0.4991 -0.0803 16.3558 22.2250 -51.9697 0.5024 2.4107 -14.3944 0.5024 2.4107 -14.3944 1.7258 -24.0132 -0.9879 1.7258 -24.0132 -0.9879 43.4903 -30.4419 -68.6004 24.1548 -5.4642 -25.1452 -3.9551 -0.6753 19.3712 13.6364 16.3041 100.2982 -82.9674 7.5721 -8.5601 -15.4483 -4.2788 30.7974 43.3223 6.7727 -2.6925 -6.3442 24.8049 1.3965 -10.7332 -45.4105 -12.0099 -0.0000 0.0000 0.0000 -92.8385 -44.9531 -46.9945 83.7825 40.2624 -36.4017 -20.9997 -25.7029 -24.8676 -0.0000 0.0000 0.0000
-0.1305 0.4974 -0.0795 16.4068 21.8737 -51.9327 0.4076 2.4437 -14.2524 0.4076 2.4437 -14.2524 1.6051 -24.2259 -1.0978 1.6051 -24.2259 -1.0978 45.1969 -31.1939 -67.6965 25.1336 -5.3762 -23.7873 -4.4940 -0.7430 18.7668 15.0514 18.2989 101.2794 -86.7381 7.0813 -7.4952 -13.5189 -3.9269 32.2641 43.4341 7.2422 -2.8878 -7.0186 24.4894 1.5250 -11.7303 -44.9291 -13.1413 -0.0000 0.0000 0.0000 -93.4360 -45.3977 -47.8971 84.4796 41.0318 -37.5333 -20.5488 -26.3890 -24.2839 -0.0000 0.0000 0.0000
-0.1330 0.4949 -0.0782 16.4349 21.4172 -51.8036 0.2924 2.4830 -14.1498 0.2924 2.4830 -14.1498 1.4560 -24.3764 -1.2260 1.4560 -24.3764 -1.2260 46.7047 -31.8257 -66.8762 25.8925 -5.2763 -22.6683 -4.9473 -0.7942 18.2295 16.3176 20.1740 102.2679 -90.2478 6.4741 -6.4462 -11.5660 -3.4986 33.5623 43.4715 7.7021 -3.0745 -7.5394 24.2288 1.6205 -12.8820 -44.6859 -14.4388 -0.0000 0.0000 0.0000 -93.9684 -45.7373 -48.6503 85.0481 41.7512 -38.5556 -20.1140 -26.9922 -23.7278 -0.0000 0.0000 0.0000
-0.1356 0.4922 -0.0768 16.4852 20.9186 -51.6254 0.1690 2.5140 -14.0635 0.1690 2.5140 -14.0635 1.2836 -24.5683 -1.3837 1.2836 -24.5683 -1.3837 48.1429 -32.3851 -66.0506 26.4589 -5.1461 -21.6436 -5.3894 -0.8405 17.7162 17.5127 21.9580 103.1038 -93.4655 5.6752 -5.3424 -9.6765 -3.0260 34.6610 43.4044 8.0885 -3.2237 -7.9645 24.0904 1.7021 -14.2079 -44.4718 -15.9307 -0.0000 0.0000 0.0000 -94.1989 -46.0069 -49.1073 85.1811 42.4762 -39.3190 -19.6063 -27.4689 -23.0979 -0.0000 0.0000 0.0000
-0.1383 0.4903 -0.0758 16.5578 20.4046 -51.4235 0.0511 2.5342 -13.9840 0.0511 2.5342 -13.9840 1.0918 -24.8157 -1.5791 1.0918 -24.8157 -1.5791 49.4183 -32.8500 -65.2914 26.8306 -5.0073 -20.7761 -5.7974 -0.8794 17.2359 18.6666 23.6623 103.7657 -96.4005 4.6552 -4.1626 -7.8293 -2.5140 35.5566 43.2391 8.3909 -3.3305 -8.2693 24.0274 1.7627 -15.4760 -44.3185 -17.3557 -0.0000 0.0000 0.0000 -94.1686 -46.2548 -49.3446 84.9590 43.2109 -39.8654 -19.0270 -27.9364 -22.3866 -0.0000 0.0000 0.0000
-0.1409 0.4899 -0.0756 16.6855 19.9311 -51.2260 -0.0620 2.5325 -13.8947 -0.0620 2.5325 -13.8947 0.9140 -25.1324 -1.7966 0.9140 -25.1324 -1.7966 50.5782 -33.2733 -64.6224 27.0973 -4.8458 -19.9180 -6.2207 -0.9180 16.7743 19.9229 25.3508 104.0266 -99.1463 3.2530 -2.7714 -6.0618 -1.9841 36.2193 43.0180 8.5834 -3.3880 -8.5400 24.0248 1.8204 -16.6901 -43.9276 -18.7331 -0.0000 0.0000 0.0000 -93.9240 -46.3902 -49.3007 84.4230 43.8397 -40.1063 -18.4428 -28.3336 -21.6763 -0.0000 0.0000 0.0000
-0.1435 0.4910 -0.0762 16.8704 19.6053 -51.0172 -0.1555 2.5035 -13.7903 -0.1555 2.5035 -13.7903 0.7916 -25.5360 -2.0253 0.7916 -25.5360 -2.0253 51.9056 -33.7660 -63.8928 27.3182 -4.6045 -18.7874 -6.7258 -0.9604 16.2357 21.4713 27.0890 103.5921 -101.7212 1.2765 -1.0389 -4.3818 -1.4511 36.6313 42.8560 8.6458 -3.3986 -8.9862 24.0826 1.9206 -18.0273 -43.1191 -20.2735 -0.0000 0.0000 0.0000 -93.5603 -46.5632 -49.2053 83.6814 44.3948 -40.1397 -18.0004 -28.5420 -21.1455 -0.0000 0.0000 0.0000
-0.1461 0.4932 -0.0778 17.0868 19.4243 -50.7889 -0.2187 2.4539 -13.6977 -0.2187 2.4539 -13.6977 0.7240 -25.9483 -2.2453 0.7240 -25.9483 -2.2453 53.4105 -34.2415 -62.9601 27.5888 -4.3285 -17.5011 -7.3292 -1.0056 15.6043 23.2846 28.8261 102.5607 -104.0555 -1.2236 0.9550 -2.7393 -0.9115 36.8027 42.7713 8.6591 -3.3964 -9.5313 24.0708 2.0366 -19.1876 -42.2116 -21.6271 -0.0000 0.0000 0.0000 -93.2595 -46.7115 -49.1316 82.9847 44.8027 -40.0621 -17.7407 -28.6381 -20.8359 -0.0000 0.0000 0.0000
-0.1487 0.4961 -0.0799 17.3103 19.3603 -50.5383 -0.2598 2.4007 -13.6193 -0.2598 2.4007 -13.6193 0.6733 -26.3677 -2.4597 0.6733 -26.3677 -2.4597 54.9731 -34.6487 -61.8904 27.8411 -4.0742 -16.3331 -7.9338 -1.0443 14.9742 25.2625 30.5030 101.1664 -106.1495 -4.0425 3.0385 -1.1115 -0.3693 36.7538 42.7722 8.6459 -3.3913 -10.0821 23.9575 2.1444 -19.9919 -41.3918 -22.5811 -0.0000 0.0000 0.0000 -93.3208 -46.9303 -49.4055 82.6371 45.1676 -40.1689 -17.6783 -28.5841 -20.7666 -0.0000 0.0000 0.0000
-0.1510 0.4989 -0.0822 17.5368 19.3798 -50.2757 -0.2913 2.3504 -13.5411 -0.2913 2.3504 -13.5411 0.6043 -26.7890 -2.6806 0.6043 -26.7890 -2.6806 56.4723 -34.9916 -60.8250 28.0193 -3.8517 -15.3506 -8.4113 -1.0645 14.4004 27.3656 32.1075 99.5353 -108.0274 -7.0201 5.1008 0.4544 0.1503 36.5964 42.7783 8.6505 -3.3937 -10.6235 23.7977 2.2447 -20.6772 -40.6993 -23.3964 -0.0000 0.0000 0.0000 -93.6527 -47.2695 -50.0123 82.5391 45.5737 -40.4743 -17.6401 -28.3736 -20.7360 -0.0000 0.0000 0.0000
-0.1529 0.5008 -0.0845 17.7677 19.4633 -50.0385 -0.3249 2.3115 -13.4649 -0.3249 2.3115 -13.4649 0.5305 -27.1624 -2.8641 0.5305 -27.1624 -2.8641 57.7536 -35.2790 -59.9326 28.0925 -3.6912 -14.6783 -8.7203 -1.0772 14.0580 29.5335 33.6449 97.8348 -109.7348 -10.0585 7.0870 1.9531 0.6417 36.3760 42.7431 8.6696 -3.3981 -11.0504 23.6171 2.3171 -21.1717 -40.2842 -23.9806 -0.0000 0.0000 0.0000 -94.1683 -47.6543 -50.8131 82.6003 46.0005 -40.9026 -17.6044 -28.0823 -20.7137 -0.0000 0.0000 0.0000
-0.1543 0.5022 -0.0874 18.0073 19.5754 -49.8697 -0.3576 2.2893 -13.4000 -0.3576 2.2893 -13.4000 0.4750 -27.4470 -2.9854 0.4750 -27.4470 -2.9854 58.9332 -35.5368 -59.1218 28.1693 -3.5888 -14.2348 -8.9828 -1.0964 13.8896 31.6888 35.1274 96.2383 -111.3044 -13.0932 8.9684 3.4053 1.1124 36.1724 42.6692 8.7082 -3.4068 -11.3759 23.4013 2.3634 -21.8407 -40.1594 -24.7420 -0.0000 0.0000 0.0000 -94.7277 -47.9612 -51.5731 82.7232 46.3706 -41.3214 -17.6534 -27.7797 -20.7913 -0.0000 0.0000 0.0000
-0.1555 0.5032 -0.0901 18.2565 19.7181 -49.7553 -0.3804 2.2827 -13.3568 -0.3804 2.2827 -13.3568 0.4792 -27.7409 -3.0243 0.4792 -27.7409 -3.0243 60.1017 -35.7970 -58.3443 28.3507 -3.4939 -13.7704 -9.2788 -1.1234 13.7769 33.8143 36.5427 94.7325 -112.7580 -16.1000 10.7447 4.7411 1.5407 35.9876 42.5497 8.6601 -3.3775 -11.5814 23.2930 2.3949 -22.8245 -40.1476 -25.8492 -0.0000 0.0000 0.0000 -95.1696 -48.1543 -52.1260 82.7514 46.6104 -41.5590 -17.7948 -27.4064 -20.9822 -0.0000 0.0000 0.0000
-0.1560 0.5041 -0.0921 18.5152 19.8931 -49.6887 -0.3760 2.2831 -13.3306 -0.3760 2.2831 -13.3306 0.5480 -27.9292 -3.0008 0.5480 -27.9292 -3.0008 60.9197 -36.0519 -57.9151 28.7261 -3.4379 -13.3686 -9.5533 -1.1535 13.7387 35.8605 37.8615 93.3346 -113.9673 -18.9612 12.3865 5.9116 1.9130 35.8363 42.3674 8.4839 -3.2930 -11.7009 23.3286 2.4236 -24.0184 -40.2448 -27.1829 -0.0000 0.0000 0.0000 -95.4817 -48.2618 -52.4881 82.4798 46.7656 -41.5188 -18.0363 -27.0351 -21.2907 -0.0000 0.0000 0.0000
-0.1555 0.5040 -0.0934 18.7802 20.0731 -49.7049 -0.3336 2.2892 -13.3033 -0.3336 2.2892 -13.3033 0.6378 -28.0862 -2.9371 0.6378 -28.0862 -2.9371 60.9046 -36.2584 -58.2268 29.2033 -3.4896 -13.3388 -9.6716 -1.1869 13.9597 37.6659 39.0715 92.2641 -114.8312 -21.4065 13.7765 6.8327 2.2091 35.7987 42.1013 8.2091 -3.1641 -11.6956 23.4218 2.4325 -24.9545 -40.5997 -28.2048 -0.0000 0.0000 0.0000 -95.7822 -48.3884 -52.8631 81.9914 46.9301 -41.3419 -18.4164 -26.7188 -21.7588 -0.0000 0.0000 0.0000
-0.1523 0.5025 -0.0946 19.0160 20.3074 -49.6653 -0.2774 2.2929 -13.2557 -0.2774 2.2929 -13.2557 0.7982 -27.9066 -2.8526 0.7982 -27.9066 -2.8526 59.3243 -36.4978 -60.1388 29.7164 -3.6842 -13.8243 -9.3180 -1.1950 14.5847 39.3388 40.0925 91.1794 -115.3824 -23.1635 14.7688 7.2808 2.3649 35.9478 41.8282 7.7664 -2.9718 -11.6136 23.6171 2.4360 -25.7159 -40.7961 -29.0414 -0.0000 0.0000 0.0000 -96.2268 -48.5396 -53.3824 81.4382 47.0512 -41.0827 -18.8278 -26.3295 -22.2697 -0.0000 0.0000 0.0000
-0.1486 0.5016 -0.0965 19.2366 20.7155 -49.4205 -0.2222 2.2763 -13.2192 -0.2222 2.2763 -13.2192 1.0392 -27.4165 -2.7710 1.0392 -27.4165 -2.7710 56.3340 -36.6794 -63.5213 30.0032 -3.9999 -14.8486 -8.5968 -1.1826 15.6363 41.1081 40.8012 89.5318 -115.6909 -24.2320 15.3712 7.1016 2.3238 36.1993 41.6573 7.0291 -2.6770 -11.5968 23.9145 2.4640 -25.2835 -40.1997 -28.6054 -0.0000 0.0000 0.0000 -97.0550 -48.6753 -54.2009 81.1558 47.0736 -40.9153 -19.3708 -25.8946 -22.9397 -0.0000 0.0000 0.0000
-0.1441 0.5024 -0.1005 19.3996 21.3436 -48.8089 -0.1369 2.2284 -13.2296 -0.1369 2.2284 -13.2296 1.3281 -26.5083 -2.7193 1.3281 -26.5083 -2.7193 51.2819 -36.1605 -68.4428 29.7125 -4.5076 -16.8788 -6.9426 -1.0426 17.0601 43.0156 41.0811 87.1123 -115.5469 -24.4941 15.5834 5.9846 1.9758 36.5130 42.3861 5.2324 -2.0300 -12.7627 25.1710 2.8607 -24.3431 -38.0063 -27.7234 -0.0000 0.0000 0.0000 -98.3598 -48.6229 -55.2188 81.3018 46.8482 -40.8102 -20.4412 -25.3909 -24.2369 -0.0000 0.0000 0.0000
-0.1387 0.5050 -0.1074 19.4112 22.2106 -47.6800 0.0304 2.1534 -13.3097 0.0304 2.1534 -13.3097 1.5941 -25.3763 -2.7651 1.5941 -25.3763 -2.7651 43.7881 -34.1276 -74.7444 28.8202 -5.1353 -19.8002 -3.8028 -0.6199 18.5091 44.9871 40.8980 84.0045 -114.5897 -24.1187 15.6223 3.9676 1.3150 36.6615 44.3154 1.8811 -0.7661 -15.4072 28.0573 3.8715 -23.1465 -33.4430 -26.7289 -0.0000 0.0000 0.0000 -100.5028 -48.2133 -56.5641 82.1053 45.9749 -40.5536 -22.1284 -24.4620 -26.2981 -0.0000 0.0000 0.0000
-0.1294 0.5085 -0.1171 19.1943 23.2040 -46.0692 0.2838 2.0704 -13.4391 0.2838 2.0704 -13.4391 1.7718 -24.1218 -2.9879 1.7718 -24.1218 -2.9879 34.7385 -30.0189 -81.2066 27.3558 -5.7632 -23.3718 0.9185 0.1532 18.9410 46.8529 40.3918 80.6604 -112.8660 -23.4328 15.6712 1.5947 0.5265 36.5400 47.3097 -2.9504 1.2926 -19.3949 32.9126 5.7794 -22.3019 -26.5993 -26.3178 -0.0000 0.0000 0.0000 -103.3870 -47.5450 -58.2893 83.3748 45.1691 -40.6520 -24.1126 -22.8097 -28.7860 -0.0000 0.0000 0.0000
-0.1182 0.5112 -0.1280 18.6918 24.0614 -44.1842 0.5724 1.9998 -13.5584 0.5724 1.9998 -13.5584 1.8003 -22.9690 -3.4001 1.8003 -22.9690 -3.4001 24.7815 -23.3876 -86.5854 24.8919 -6.2624 -27.8418 6.9023 1.0923 17.9640 48.2443 39.8145 77.9270 -110.5737 -21.7221 15.1426 -0.7721 -0.2551 36.5635 51.3617 -8.9500 4.3104 -24.5506 39.6761 8.9768 -22.0050 -17.7184 -26.7679 -0.0000 0.0000 0.0000 -105.7451 -46.3219 -58.9401 84.3006 44.4198 -40.5659 -26.1261 -20.4810 -31.4012 -0.0000 0.0000 0.0000
-0.1064 0.5114 -0.1383 17.8742 24.8049 -42.0334 0.8210 1.9511 -13.6304 0.8210 1.9511 -13.6304 1.8129 -21.8940 -3.9260 1.8129 -21.8940 -3.9260 14.6212 -14.6005 -89.9177 21.1659 -6.3607 -33.1247 13.1331 1.7617 15.2151 49.2899 39.1287 75.5240 -106.8606 -19.9191 14.8440 -3.0491 -1.0014 36.3558 56.2136 -15.7204 8.4341 -30.0808 47.6620 13.5372 -21.5294 -7.0539 -27.3012 -0.0000 0.0000 0.0000 -106.3416 -44.0739 -56.7825 83.9313 42.8827 -38.9053 -27.8970 -16.9219 -33.9096 -0.0000 0.0000 0.0000
-0.0929 0.5079 -0.1475 16.6700 25.4974 -39.4330 1.0882 1.9392 -13.7420 1.0882 1.9392 -13.7420 1.8825 -20.8707 -4.4830 1.8825 -20.8707 -4.4830 5.5578 -5.6231 -90.6703 15.9841 -5.5591 -38.1507 17.6327 1.7843 11.4665 49.9933 38.2583 73.2939 -101.7016 -17.9568 14.6591 -5.1656 -1.6880 36.1712 61.2852 -22.5394 13.4650 -34.6035 55.6415 18.6695 -19.8545 3.0280 -26.3968 -0.0000 0.0000 0.0000 -106.1425 -41.7152 -53.7641 83.1813 41.4023 -37.0826 -29.1485 -13.3183 -35.8640 -0.0000 0.0000 0.0000
-0.0792 0.5011 -0.1560 15.0019 26.1923 -36.1589 1.5134 1.9657 -14.0259 1.5134 1.9657 -14.0259 1.9999 -19.8357 -5.0128 1.9999 -19.8357 -5.0128 -2.1673 2.1373 -89.1998 10.1179 -3.8726 -41.8037 19.8300 1.3793 7.8785 50.3353 37.1717 71.1782 -94.8786 -16.3937 15.0701 -7.0718 -2.2827 35.7405 66.4804 -29.2174 19.3875 -37.6070 63.3805 23.7431 -17.5104 10.8294 -24.3345 -0.0000 0.0000 0.0000 -106.5419 -39.7558 -51.7055 83.2582 40.4820 -36.2898 -29.9808 -10.5620 -37.2484 -0.0000 0.0000 0.0000
-0.0649 0.4947 -0.1643 12.8925 26.7264 -32.2734 2.0914 2.0237 -14.4498 2.0914 2.0237 -14.4498 2.1818 -18.6971 -5.5250 2.1818 -18.6971 -5.5250 -9.1632 8.6444 -86.6489 3.4449 -1.3834 -43.7503 20.5700 0.9009 4.9618 50.3630 35.9360 69.1923 -86.2378 -14.9532 15.9561 -8.3332 -2.6721 35.5051 71.2363 -35.2474 25.6425 -38.6570 70.2284 27.7102 -14.9643 15.0638 -21.3960 -0.0000 0.0000 0.0000 -107.5398 -37.8490 -50.1531 84.2625 39.6611 -36.1334 -30.6078 -8.4091 -38.3263 -0.0000 0.0000 0.0000
-0.0500 0.4910 -0.1728 10.5867 27.0310 -28.1782 2.7267 2.1116 -14.9546 2.7267 2.1116 -14.9546 2.4495 -17.4873 -5.9272 2.4495 -17.4873 -5.9272 -15.9247 14.2094 -83.4087 -3.6563 1.4611 -43.5545 21.2168 0.3093 1.6515 50.0951 34.7016 67.5315 -76.8944 -13.1178 16.4806 -9.0797 -2.9237 35.6354 75.1383 -40.2722 31.5026 -38.7241 75.9782 30.6934 -13.5873 15.7101 -19.5311 -0.0000 0.0000 0.0000 -108.5500 -35.9358 -48.5409 85.6104 39.2083 -36.5126 -30.7606 -6.6877 -38.7783 -0.0000 0.0000 0.0000
-0.0309 0.4912 -0.1800 8.4009 27.0544 -24.3976 3.2829 2.1864 -15.4637 3.2829 2.1864 -15.4637 2.7366 -16.2143 -6.1553 2.7366 -16.2143 -6.1553 -23.0117 19.0201 -78.9067 -10.6798 4.0346 -41.2966 21.9222 -0.5197 -2.6827 49.3406 33.4947 66.4600 -67.3464 -10.2751 15.3710 -9.3748 -3.1209 36.7571 77.9950 -44.0234 36.2505 -41.0642 80.5648 35.2211 -13.6565 14.8676 -19.5204 -0.0000 0.0000 0.0000 -108.7232 -33.9281 -46.0974 86.0591 38.4605 -36.0731 -30.6413 -5.9814 -38.7434 -0.0000 0.0000 0.0000
-0.0119 0.4951 -0.1854 6.4951 26.9861 -21.1595 3.6758 2.1865 -15.8430 3.6758 2.1865 -15.8430 3.0136 -14.8496 -6.2179 3.0136 -14.8496 -6.2179 -30.7806 22.7989 -72.4442 -17.4244 5.9139 -37.2561 22.2302 -1.6276 -8.2706 49.2867 32.4995 64.8600 -57.0473 -8.1041 14.8524 -9.3883 -3.2857 38.5077 80.9951 -47.2263 40.9453 -44.9743 83.7078 40.6911 -14.6070 13.0932 -20.6284 -0.0000 0.0000 0.0000 -108.2471 -32.3154 -43.6608 84.8816 37.3885 -34.3858 -31.0902 -5.6198 -39.3526 -0.0000 0.0000 0.0000
0.0057 0.5009 -0.1895 4.8353 26.7828 -18.3324 3.9053 2.1320 -16.0734 3.9053 2.1320 -16.0734 3.2324 -13.3803 -6.1749 3.2324 -13.3803 -6.1749 -38.2409 24.9106 -65.0038 -22.9644 6.7085 -32.1895 21.3586 -2.6617 -14.0466 50.4954 31.8287 62.3161 -47.0084 -6.3860 14.6193 -8.5794 -3.2530 41.4697 84.5903 -50.3778 46.3314 -47.3973 85.8971 44.4482 -15.8738 10.2504 -22.0134 -0.0000 0.0000 0.0000 -108.0033 -32.4799 -43.6957 82.6002 38.1751 -33.8189 -32.0648 -5.5321 -40.5622 -0.0000 0.0000 0.0000
0.0245 0.5069 -0.1938 3.4344 26.5433 -15.8680 4.0752 2.0175 -16.3187 4.0752 2.0175 -16.3187 3.3119 -11.9962 -6.0609 3.3119 -11.9962 -6.0609 -43.8194 25.4180 -58.5618 -26.8068 6.3519 -26.2157 19.9687 -3.4122 -19.2065 53.4044 31.6534 58.8088 -38.6091 -5.5228 15.6802 -5.5960 -2.3423 45.3990 88.4977 -53.4976 52.2993 -41.2582 87.7292 39.7826 -17.1362 8.3664 -23.4860 -0.0000 0.0000 0.0000 -108.2284 -33.9402 -45.7384 79.7990 40.4346 -34.2290 -32.9226 -6.1149 -41.5133 -0.0000 0.0000 0.0000
0.0429 0.5114 -0.1977 2.3299 26.1589 -13.8563 4.1824 1.7954 -16.4115 4.1824 1.7954 -16.4115 3.1780 -10.4886 -5.9109 3.1780 -10.4886 -5.9109 -48.5258 24.8731 -52.1423 -29.0921 5.4492 -20.7859 17.8442 -3.7736 -23.7019 57.3218 31.5280 54.6286 -31.3927 -4.9089 17.3451 0.8932 0.4131 49.6397 91.8216 -56.1061 57.6317 -33.8893 89.4428 33.5798 -17.6368 7.2812 -24.0177 -0.0000 0.0000 0.0000 -108.5524 -35.8910 -48.4856 76.9665 43.7926 -35.4386 -33.3732 -6.5960 -41.9813 -0.0000 0.0000 0.0000
0.0594 0.5131 -0.2006 1.2338 25.0948 -12.0215 3.8468 1.6126 -15.8818 3.8468 1.6126 -15.8818 2.8383 -7.7152 -5.3741 2.8383 -7.7152 -5.3741 -54.9945 23.6080 -43.7511 -29.8182 4.0046 -14.9613 14.2365 -3.7202 -29.1548 63.0446 30.9918 48.6490 -24.0401 -4.1054 19.1104 11.7746 5.7794 52.1654 94.0843 -58.0841 61.6179 149.3047 88.6433 -148.6050 -18.1972 6.8840 -24.7165 -0.0000 0.0000 0.0000 -107.4308 -36.5269 -48.4087 74.6146 45.9856 -35.8357 -33.4957 -6.5706 -42.1345 -0.0000 0.0000 0.0000
0.0719 0.5126 -0.2018 0.1438 23.4734 -10.3129 3.1140 1.3936 -14.6893 3.1140 1.3936 -14.6893 1.9221 -3.6554 -4.2458 1.9221 -3.6554 -4.2458 -61.8366 20.8229 -34.1106 -28.5722 2.2138 -8.6782 8.3866 -2.6723 -35.2949 70.0899 29.5247 41.1825 -15.9609 -2.9207 20.6126 26.0437 11.6520 47.6134 94.5239 -59.2554 63.2240 151.1792 86.7172 -149.5556 -19.5750 7.8271 -26.6952 -0.0000 0.0000 0.0000 -104.1827 -35.0002 -44.0857 72.6763 45.7538 -34.4866 -33.2766 -7.1577 -41.7703 -0.0000 0.0000 0.0000
0.0832 0.5113 -0.2001 -0.9565 21.4753 -8.5864 2.2378 1.1187 -13.0470 2.2378 1.1187 -13.0470 0.3970 0.6085 -2.8645 0.3970 0.6085 -2.8645 -67.1652 16.4892 -24.6214 -24.6905 0.6060 -2.7684 0.9973 -0.3660 -40.3080 77.6382 26.9892 33.2166 -7.1723 -1.3771 21.7108 37.0892 13.0057 37.5343 94.7432 -60.1664 64.3681 150.8106 85.0326 -148.2915 -21.6762 8.7588 -29.6568 -0.0000 0.0000 0.0000 -100.1627 -31.8153 -37.6211 71.1002 43.8990 -32.1318 -32.9181 -8.5425 -41.1103 -0.0000 0.0000 0.0000
0.0920 0.5103 -0.1949 -1.9665 19.8914 -6.6764 1.4771 0.7998 -11.0609 1.4771 0.7998 -11.0609 -1.2782 3.8198 -1.4039 -1.2782 3.8198 -1.4039 -68.6524 11.5162 -16.8011 -18.2138 -0.4046 2.5235 -6.7681 2.7057 -43.5410 84.4765 24.3965 26.7843 0.3980 0.0760 21.6239 40.1123 10.8451 29.1496 95.6323 -61.2103 66.2670 150.1520 83.6793 -146.8455 -23.4791 9.3525 -32.1718 -0.0000 0.0000 0.0000 -95.5230 -27.4066 -30.0642 68.3979 40.8453 -28.3997 -32.8050 -8.8566 -40.9234 -0.0000 0.0000 0.0000
0.1016 0.5102 -0.1867 -2.8450 19.2211 -4.6738 1.0424 0.5251 -9.2911 1.0424 0.5251 -9.2911 -2.7214 5.5177 0.0876 -2.7214 5.5177 0.0876 -66.7333 8.0277 -12.1641 -8.9431 -0.5281 6.7448 -9.5190 3.7326 -42.7470 90.0616 23.1312 23.1070 5.3081 1.0120 21.5732 38.1988 8.7549 24.9318 97.0024 -62.4738 68.8656 150.4101 81.9051 -146.1457 -23.2192 13.3010 -32.5672 -0.0000 0.0000 0.0000 -90.0248 -21.4315 -21.4406 63.7272 35.5515 -22.5397 -33.1100 -7.5719 -41.4998 -0.0000 0.0000 0.0000
0.1119 0.5111 -0.1766 -3.6287 20.0358 -2.5176 0.9480 0.3103 -7.7035 0.9480 0.3103 -7.7035 -3.9259 5.7000 1.8379 -3.9259 5.7000 1.8379 -61.6343 6.5989 -11.0402 -2.2575 -0.1591 8.0614 -5.7917 1.9646 -37.4482 93.9594 24.8360 23.2230 7.9098 1.4931 21.3482 34.3474 7.7154 24.6169 98.7366 -63.5571 71.6574 152.5979 79.9153 -147.5524 -19.9974 19.3529 -29.3011 -0.0000 0.0000 0.0000 -84.1200 -15.0246 -13.5711 57.7793 28.8036 -16.1297 -34.1143 -3.9992 -43.3365 -0.0000 0.0000 0.0000
0.1200 0.5123 -0.1659 -4.4561 21.1866 -0.2486 0.8868 0.1768 -6.0710 0.8868 0.1768 -6.0710 -4.8664 5.3115 3.5522 -4.8664 5.3115 3.5522 -55.2479 5.8306 -11.1163 1.3130 0.0772 6.7315 0.9679 -0.2550 -29.5213 96.6650 28.4187 25.3985 9.7639 1.8438 21.3386 29.0063 6.7555 25.7061 101.3581 -64.6568 75.3820 152.7346 78.2240 -146.7797 -17.0242 25.3193 -26.2253 -0.0000 0.0000 0.0000 -78.0661 -8.9624 -7.2713 51.4920 22.0979 -10.7592 -35.2048 1.2295 -45.6856 -0.0000 0.0000 0.0000
0.1252 0.5116 -0.1552 -5.3124 22.5869 2.0168 0.8746 0.0838 -4.4511 0.8746 0.0838 -4.4511 -5.4592 4.4264 4.9363 -5.4592 4.4264 4.9363 -48.0769 5.5175 -12.3318 2.6971 0.1142 4.8501 8.0708 -1.6092 -22.5167 96.6725 33.6537 30.1242 10.7464 2.1044 22.0978 22.1938 5.4836 27.4428 104.6065 -65.6945 79.7533 151.1928 77.3614 -144.4287 -13.7791 32.2560 -22.7682 -0.0000 0.0000 0.0000 -72.7582 -4.7863 -3.5270 46.0402 17.2897 -7.3922 -35.9297 6.3149 -47.7092 -0.0000 0.0000 0.0000
0.1294 0.5068 -0.1449 -6.2044 23.5084 4.3836 0.9788 0.0228 -3.0953 0.9788 0.0228 -3.0953 -5.5930 3.5877 5.8313 -5.5930 3.5877 5.8313 -40.8041 4.9563 -13.2742 2.5819 0.0573 2.5440 12.7414 -2.0855 -18.5182 93.9672 38.7498 36.3313 11.0368 2.3431 23.9031 14.9855 3.8220 28.4699 108.0034 -66.9957 84.6664 147.9756 76.7309 -140.1466 -8.7269 40.0904 -15.9965 -0.0000 0.0000 0.0000 -69.5096 -3.1964 -2.2181 43.0610 15.5404 -6.1630 -36.1359 10.1541 -48.9177 -0.0000 0.0000 0.0000
0.1323 0.4989 -0.1349 -7.2189 23.7544 7.2073 1.1281 -0.0059 -2.0417 1.1281 -0.0059 -2.0417 -5.5239 2.7550 6.6597 -5.5239 2.7550 6.6597 -33.0815 4.2066 -14.0991 2.2251 0.0147 0.7559 16.7818 -2.2369 -15.0790 87.8797 43.3358 44.8108 10.0511 2.3442 26.1950 7.0635 1.7990 28.5446 109.6802 -68.6225 88.1878 140.5754 77.1555 -131.6222 -1.5364 47.5368 -3.2247 -0.0000 0.0000 0.0000 -68.3187 -3.8844 -2.6363 42.8020 16.8232 -6.6336 -36.0958 13.2991 -49.7158 -0.0000 0.0000 0.0000
0.1341 0.4897 -0.1260 -8.1598 23.0055 10.2121 1.2503 -0.0128 -1.3205 1.2503 -0.0128 -1.3205 -5.4448 1.9137 7.6668 -5.4448 1.9137 7.6668 -24.7549 3.2401 -14.6875 2.6904 -0.0058 -0.2455 19.6749 -2.0071 -11.5366 78.7627 46.4919 55.2453 7.3778 1.9822 30.0398 -0.3869 -0.0880 25.6251 107.8044 -70.6248 88.3428 129.3031 77.3552 -118.7669 5.4560 49.7962 12.0110 -0.0000 0.0000 0.0000 -68.4253 -5.2018 -3.5381 44.2146 19.7114 -8.0734 -35.9616 15.6101 -50.2124 -0.0000 0.0000 0.0000
0.1353 0.4801 -0.1189 -8.9158 21.7408 13.1860 1.1621 -0.0043 -0.4787 1.1621 -0.0043 -0.4787 -5.4852 0.5684 9.0330 -5.4852 0.5684 9.0330 -14.7082 2.0925 -16.1078 2.8986 -0.0116 -0.4591 21.2324 -1.5465 -8.2372 64.1606 47.8173 70.5399 1.4886 0.4555 34.0260 -7.1117 -1.2372 19.7135 101.8800 -72.4595 84.1551 116.1673 77.0594 -103.9360 11.4492 46.6004 23.3302 -0.0000 0.0000 0.0000 -68.7523 -6.0874 -4.1665 46.1066 22.7720 -9.7969 -36.1409 16.7584 -50.7979 -0.0000 0.0000 0.0000
0.1358 0.4716 -0.1145 -9.2909 20.1493 15.6030 0.9524 0.0010 0.1664 0.9524 0.0010 0.1664 -5.3209 -0.6088 10.1840 -5.3209 -0.6088 10.1840 -4.7902 0.7315 -17.3546 3.4227 -0.0185 -0.6186 22.4705 -1.0544 -5.3046 48.4848 45.4911 85.9080 -6.8409 -2.2233 35.9721 -10.0949 -1.1247 12.6824 94.9653 -74.0545 78.8865 106.8582 75.5260 -92.4756 15.1859 40.6406 27.8029 -0.0000 0.0000 0.0000 -68.8974 -6.3558 -4.3622 47.8179 25.4565 -11.4368 -36.7099 16.4407 -51.4451 -0.0000 0.0000 0.0000
0.1348 0.4648 -0.1121 -9.4356 18.9132 17.2747 0.6721 -0.0003 0.6266 0.6721 -0.0003 0.6266 -4.9233 -1.5800 10.9350 -4.9233 -1.5800 10.9350 5.0723 -0.8030 -17.9797 5.0011 -0.0261 -0.5970 23.3413 -0.4906 -2.3748 34.7342 39.8430 98.4147 -16.2818 -5.2016 35.2330 -9.7563 -0.5861 6.8589 89.4694 -75.3463 74.8335 103.2005 73.3519 -86.4337 16.7195 35.4772 28.5293 -0.0000 0.0000 0.0000 -69.1527 -6.7664 -4.6666 49.8135 27.7819 -13.1014 -37.8363 14.4961 -52.3138 -0.0000 0.0000 0.0000
0.1323 0.4599 -0.1111 -9.4475 18.0499 18.2707 0.4553 -0.0047 0.7500 0.4553 -0.0047 0.7500 -4.5136 -2.0039 11.3714 -4.5136 -2.0039 11.3714 14.0574 -2.1447 -17.2653 7.4036 -0.0626 -0.9682 24.0950 0.0873 0.4091 24.9605 33.1856 106.7910 -25.2008 -7.4425 32.4458 -7.8339 -0.2260 3.3002 86.2813 -76.5685 72.9786 103.4368 70.9091 -84.1178 16.6868 33.0489 27.7011 -0.0000 0.0000 0.0000 -69.5403 -7.2036 -5.0045 52.4259 29.5316 -14.7877 -39.3556 11.8173 -53.4700 -0.0000 0.0000 0.0000
0.1283 0.4555 -0.1102 -9.3786 17.2982 18.9028 0.2283 -0.0072 0.6241 0.2283 -0.0072 0.6241 -4.0684 -1.8852 11.5685 -4.0684 -1.8852 11.5685 21.2343 -3.1341 -16.6061 10.3463 -0.0950 -1.0498 25.4416 0.7078 3.1349 18.0160 26.5733 112.2516 -32.9027 -8.7965 29.1993 -6.1622 -0.0463 0.8603 83.0529 -77.2390 70.5526 103.1853 69.1339 -81.9862 16.3500 34.6192 27.6370 -0.0000 0.0000 0.0000 -70.1830 -7.8663 -5.5312 55.8831 31.2270 -16.8626 -41.0034 9.2486 -54.8181 -0.0000 0.0000 0.0000
0.1238 0.4517 -0.1064 -9.1561 16.4217 19.2225 -0.0883 -0.0081 0.4815 -0.0883 -0.0081 0.4815 -3.7229 -1.4063 11.4993 -3.7229 -1.4063 11.4993 27.4498 -4.0448 -16.4539 12.9113 -0.0862 -0.7621 26.7436 1.2477 5.2455 12.6394 20.0157 115.7764 -40.0269 -9.4361 25.5340 -3.9548 0.0479 -1.3862 79.2412 -77.5127 67.2155 102.6467 67.8254 -80.0512 15.8590 37.3899 27.7440 -0.0000 0.0000 0.0000 -70.6203 -8.0436 -5.7020 59.1264 32.3250 -18.6710 -42.4412 7.3411 -56.0783 -0.0000 0.0000 0.0000
0.1191 0.4508 -0.0981 -8.7875 15.4056 19.3569 -0.4344 -0.0074 0.3739 -0.4344 -0.0074 0.3739 -3.4565 -0.6973 11.3064 -3.4565 -0.6973 11.3064 33.8142 -4.9985 -16.3434 13.3618 -0.0360 -0.3076 28.1748 1.5820 6.2981 7.3372 12.2440 118.2595 -46.1649 -8.6037 20.0200 -0.8867 0.0278 -3.5963 74.2617 -77.1350 62.2400 99.6006 67.2474 -76.4000 15.4976 39.7881 28.0140 -0.0000 0.0000 0.0000 -70.2834 -7.1472 -5.0342 60.6622 32.4462 -19.3226 -43.5765 6.0472 -57.1225 -0.0000 0.0000 0.0000
0.1144 0.4555 -0.0861 -8.2568 14.0958 19.4149 -0.8727 -0.0062 0.2878 -0.8727 -0.0062 0.2878 -3.0881 -0.1455 11.0530 -3.0881 -0.1455 11.0530 39.7264 -5.8790 -16.1790 13.0772 -0.0165 -0.1442 30.7887 1.7898 6.4937 2.0509 3.4860 119.0714 -49.7418 -5.9843 12.8666 2.5764 -0.1113 -4.9454 67.8766 -75.6365 55.1590 92.5451 67.4288 -69.7992 16.3273 37.3749 28.5354 -0.0000 0.0000 0.0000 -69.0720 -4.9564 -3.4122 59.8565 31.5509 -18.4749 -44.2639 5.2109 -57.7372 -0.0000 0.0000 0.0000
0.1091 0.4669 -0.0713 -7.6680 12.6722 19.4390 -1.3379 -0.0008 0.0378 -1.3379 -0.0008 0.0378 -2.6516 0.1271 10.8974 -2.6516 0.1271 10.8974 45.7133 -6.4094 -15.1325 12.8866 -0.0006 -0.0053 33.8753 1.9740 6.4758 -2.7796 -4.6369 118.1363 -50.1044 -2.9029 6.2057 5.5433 -0.2615 -5.3982 61.3944 -71.7813 46.4979 80.2488 68.3014 -59.5142 16.3967 33.7444 27.4408 -0.0000 0.0000 0.0000 -67.1933 -1.7039 -1.1320 56.9542 29.6623 -16.3475 -44.5254 4.5517 -57.8817 -0.0000 0.0000 0.0000
0.1044 0.4840 -0.0556 -7.0606 11.1333 19.4839 -1.7658 0.0129 -0.6008 -1.7658 0.0129 -0.6008 -1.9621 0.5910 10.7097 -1.9621 0.5910 10.7097 51.5218 -6.3434 -13.1009 13.8675 -0.0011 -0.0094 37.4861 2.2089 6.5036 -6.7121 -10.7641 116.2005 -48.5149 -0.2764 0.6134 7.4862 -0.3196 -4.8822 56.5256 -64.8787 37.7300 59.1923 68.5736 -42.3393 15.7076 29.5371 25.1842 -0.0000 0.0000 0.0000 -64.4819 3.0455 1.9212 52.1763 26.4980 -13.1527 -44.5197 3.9562 -57.7214 -0.0000 0.0000 0.0000
0.1002 0.5032 -0.0408 -6.4669 9.6280 19.4126 -2.1715 0.0330 -1.5553 -2.1715 0.0330 -1.5553 -1.3023 1.3719 10.4684 -1.3023 1.3719 10.4684 57.3418 -6.0881 -11.1091 16.2772 0.0832 0.5817 39.9899 2.2572 6.1982 -9.5336 -14.6710 114.1323 -46.7315 1.8465 -4.2725 8.4039 -0.2689 -3.6593 53.7367 -55.7065 29.9755 35.0342 65.5070 -22.9553 14.4597 26.7034 22.6107 -0.0000 0.0000 0.0000 -61.2357 8.8311 5.2331 46.3487 22.3466 -9.6661 -44.3961 3.7050 -57.5083 -0.0000 0.0000 0.0000
0.0957 0.5205 -0.0261 -5.9968 8.5147 19.1058 -2.5198 0.0621 -2.7705 -2.5198 0.0621 -2.7705 -0.8521 2.4944 10.0311 -0.8521 2.4944 10.0311 62.8418 -5.9865 -9.7845 20.1152 0.3590 2.0239 39.4820 1.7574 4.8945 -11.3798 -16.9997 112.6184 -45.3601 3.8542 -9.2064 8.7512 -0.1062 -1.3875 52.3265 -46.5621 23.8709 19.3295 59.8337 -11.1935 12.5309 24.7959 19.3067 -0.0000 0.0000 0.0000 -57.8900 14.7091 8.1661 40.4336 17.6906 -6.5599 -44.3100 3.7188 -57.4079 -0.0000 0.0000 0.0000
0.0908 0.5319 -0.0105 -5.7031 8.0507 18.4387 -2.7638 0.1050 -4.1207 -2.7638 0.1050 -4.1207 -0.8950 3.8286 9.4942 -0.8950 3.8286 9.4942 68.0148 -6.4647 -9.5694 24.5816 0.9515 4.3652 36.4160 0.6807 2.0692 -13.8350 -19.9155 110.7081 -43.4552 5.9700 -14.9099 8.6119 0.1789 2.3763 51.2658 -41.5463 20.6311 15.0059 55.8552 -7.9873 10.1724 22.6208 15.4207 -0.0000 0.0000 0.0000 -54.7021 19.4532 10.1338 35.1272 13.5695 -4.3132 -44.3927 3.9596 -57.5690 -0.0000 0.0000 0.0000
0.0860 0.5363 0.0066 -5.3934 7.7415 17.2920 -2.9299 0.1541 -5.4945 -2.9299 0.1541 -5.4945 -1.1373 4.9165 8.8549 -1.1373 4.9165 8.8549 73.0414 -7.8456 -10.5811 29.3150 1.5972 6.1011 31.3761 -0.3424 -1.2190 -17.3660 -23.3900 107.1622 -41.9566 7.5463 -19.5187 8.2604 0.5255 7.2673 50.2589 -40.4786 19.6240 16.7628 55.0500 -8.7811 8.4643 21.3471 12.7153 -0.0000 0.0000 0.0000 -52.9474 21.9239 11.0194 31.9538 11.2433 -3.2286 -44.2812 4.3085 -57.5237 -0.0000 0.0000 0.0000
0.0819 0.5372 0.0241 -5.0722 7.5823 15.6989 -2.9598 0.2055 -6.9705 -2.9598 0.2055 -6.9705 -1.3541 5.6711 8.0538 -1.3541 5.6711 8.0538 77.4283 -11.4060 -14.2038 33.9204 2.3591 7.7248 25.5840 -1.1081 -4.8778 -20.7059 -25.4419 102.0363 -40.9159 7.8456 -20.8313 5.5801 0.6028 12.3225 49.5138 -40.5671 19.3445 20.4546 56.3061 -11.0297 6.9471 26.1057 10.8691 -0.0000 0.0000 0.0000 -52.9771 21.5959 10.8585 31.3299 11.0818 -3.1166 -43.8334 4.1741 -56.9479 -0.0000 0.0000 0.0000
0.0784 0.5394 0.0390 -4.7038 7.3909 13.7398 -2.9226 0.2681 -8.6146 -2.9226 0.2681 -8.6146 -1.2230 6.0572 7.1539 -1.2230 6.0572 7.1539 79.7997 -18.0314 -21.4896 38.7995 2.8358 8.0411 18.8214 -1.3857 -8.3463 -22.2491 -24.6332 95.9872 -41.5924 6.7425 -17.6333 0.2783 0.0395 16.1576 49.2643 -40.1786 19.0393 22.6430 57.8649 -12.6304 5.6650 31.8921 9.3892 -0.0000 0.0000 0.0000 -54.3428 19.2369 9.9430 32.6420 12.8711 -3.7835 -43.1260 3.0046 -55.7993 -0.0000 0.0000 0.0000
0.0753 0.5462 0.0493 -4.3709 7.3621 11.4810 -2.7728 0.3360 -10.3417 -2.7728 0.3360 -10.3417 -0.8263 5.9158 6.2790 -0.8263 5.9158 6.2790 77.5232 -25.9668 -32.0434 44.7080 2.3465 5.7022 12.0235 -1.1077 -10.4890 -20.9869 -20.8126 89.5114 -45.0067 4.1714 -10.0476 -6.2277 -0.9953 18.1424 49.2582 -37.4461 17.6643 20.2305 58.1208 -11.3231 3.7704 37.2702 6.6692 -0.0000 0.0000 0.0000 -56.3686 15.5844 8.3876 34.9468 15.7586 -4.9890 -42.1823 0.6575 -54.1007 -0.0000 0.0000 0.0000
0.0727 0.5576 0.0551 -4.1508 7.6679 9.1636 -2.5428 0.4053 -11.9390 -2.5428 0.4053 -11.9390 -0.1932 5.2196 5.2953 -0.1932 5.2196 5.2953 69.8229 -32.3790 -45.1745 50.4536 0.2092 0.4441 6.3308 -0.6016 -10.8455 -17.2681 -15.7706 84.7372 -49.3714 0.5138 -1.1178 -11.7370 -1.9726 19.0168 49.1406 -31.1457 14.5232 12.4500 55.4220 -6.5581 1.3358 33.5843 2.2593 -0.0000 0.0000 0.0000 -58.7727 10.9957 6.2053 37.9673 19.4237 -6.7389 -41.0281 -2.7920 -51.9525 -0.0000 0.0000 0.0000
0.0704 0.5711 0.0570 -3.9895 8.0988 6.9034 -2.3668 0.5063 -13.3546 -2.3668 0.5063 -13.3546 0.5649 4.4404 4.2164 0.5649 4.4404 4.2164 58.7032 -35.1297 -58.7491 54.3429 -3.1494 -6.1312 1.8653 -0.1644 -10.0710 -12.9459 -11.5004 83.1810 -52.2924 -2.9600 6.0256 -15.6719 -2.7680 19.9137 48.4885 -25.4405 11.6092 6.8717 52.2446 -3.3728 -1.4349 24.2075 -2.2116 -0.0000 0.0000 0.0000 -61.2204 6.1423 3.6363 41.1969 23.4531 -8.9218 -39.7394 -6.6942 -49.6289 -0.0000 0.0000 0.0000
0.0685 0.5835 0.0562 -3.8366 8.2509 4.7827 -2.3308 0.6589 -14.6576 -2.3308 0.6589 -14.6576 1.3743 4.1095 2.9279 1.3743 4.1095 2.9279 46.7777 -34.1556 -70.7734 55.1952 -7.0614 -13.4634 -0.6947 0.0512 -8.4363 -8.9671 -8.0589 83.8710 -54.5717 -5.3890 10.4262 -18.0240 -3.4272 21.3645 47.6062 -21.5974 9.6188 4.0163 50.4325 -1.8919 -3.8497 15.3709 -5.5468 -0.0000 0.0000 0.0000 -63.8030 1.6526 1.0288 44.6804 27.4596 -11.4672 -38.1994 -10.0149 -47.1913 -0.0000 0.0000 0.0000
0.0670 0.5923 0.0510 -3.7248 8.1204 2.9572 -2.4551 0.8873 -15.6718 -2.4551 0.8873 -15.6718 2.0355 3.9454 1.5072 2.0355 3.9454 1.5072 34.5889 -29.8329 -81.0980 54.4477 -11.5467 -22.2374 -2.4352 0.1309 -6.1540 -4.7350 -4.3928 85.7008 -55.6730 -7.4462 14.0502 -19.5204 -4.0287 23.1115 46.9200 -21.0471 9.2183 3.8310 51.5349 -1.8498 -5.6223 9.0849 -7.7837 -0.0000 0.0000 0.0000 -66.1979 -2.2620 -1.4746 48.1070 31.3275 -14.2679 -36.6237 -12.7425 -44.8672 -0.0000 0.0000 0.0000
0.0651 0.5957 0.0389 -3.6496 7.8581 1.3480 -2.6753 1.1768 -16.4204 -2.6753 1.1768 -16.4204 2.4653 3.5679 0.1849 2.4653 3.5679 0.1849 23.5736 -22.8782 -88.2369 51.6462 -16.2227 -32.8214 -3.1131 0.0722 -2.6582 0.2810 0.2720 88.1277 -56.0419 -9.6322 17.9931 -20.0233 -4.5333 25.2745 46.8045 -23.3978 10.2420 5.5856 55.0130 -2.9102 -7.6786 5.6628 -10.4212 -0.0000 0.0000 0.0000 -68.1270 -5.4477 -3.6848 51.0135 34.6846 -16.9487 -35.2020 -14.7387 -42.8757 -0.0000 0.0000 0.0000
0.0624 0.5945 0.0197 -3.6220 7.7220 -0.0112 -2.8135 1.4369 -16.9252 -2.8135 1.4369 -16.9252 2.6682 3.1087 -1.0060 2.6682 3.1087 -1.0060 14.4920 -14.9798 -91.9175 45.5429 -19.8608 -45.2789 -1.9348 -0.0225 1.3344 6.3961 6.3658 89.7273 -55.8754 -12.4962 23.3297 -19.3764 -4.8567 27.9002 47.0136 -26.4367 11.6667 8.3068 58.3711 -4.6454 -10.8579 3.5298 -14.5524 -0.0000 0.0000 0.0000 -69.4213 -8.0799 -5.6019 53.1015 37.3690 -19.1830 -33.9976 -16.3187 -41.2226 -0.0000 0.0000 0.0000
0.0591 0.5898 -0.0062 -3.6482 7.6931 -1.1084 -2.8816 1.6626 -17.3147 -2.8816 1.6626 -17.3147 2.7390 2.5947 -2.0416 2.7390 2.5947 -2.0416 6.5456 -6.9809 -93.6953 36.9516 -20.9754 -57.9759 1.1905 0.0431 4.1421 13.3075 13.3646 90.2475 -54.4151 -15.7221 30.0659 -17.4979 -4.8752 30.9244 47.4098 -29.0050 12.9589 11.0103 60.0397 -6.3749 -16.1323 -3.7576 -20.8201 -0.0000 0.0000 0.0000 -70.5350 -10.7804 -7.6350 55.0844 39.9373 -21.4594 -33.0819 -17.6907 -39.9519 -0.0000 0.0000 0.0000
0.0552 0.5830 -0.0365 -3.7092 7.6423 -2.0739 -2.8973 1.8929 -17.7822 -2.8973 1.8929 -17.7822 2.8194 1.9591 -3.0105 2.8194 1.9591 -3.0105 -0.7667 0.8333 -94.7704 27.0566 -19.0786 -69.8646 5.6966 0.2684 5.3897 20.6679 20.3900 89.2074 -50.9840 -18.8546 38.3996 -14.9165 -4.5806 33.9768 48.0477 -31.9315 14.5345 14.6093 61.0463 -8.6440 -22.7680 -11.1626 -28.3725 -0.0000 0.0000 0.0000 -71.6400 -13.9464 -10.0897 57.2129 42.8117 -24.1352 -32.4035 -18.9788 -38.9813 -0.0000 0.0000 0.0000
0.0502 0.5753 -0.0662 -3.8110 7.4041 -2.9745 -2.9292 2.1684 -18.4019 -2.9292 2.1684 -18.4019 2.9718 1.1552 -4.0004 2.9718 1.1552 -4.0004 -8.3257 9.0035 -94.4973 16.7395 -14.1432 -80.2730 10.2013 0.3548 3.9739 27.7824 26.3811 86.9227 -45.5392 -20.8510 47.3411 -12.0991 -4.0362 36.7828 48.7081 -34.3476 15.9272 18.3981 61.3514 -10.9745 -28.6236 -14.8692 -35.0322 -0.0000 0.0000 0.0000 -72.9276 -17.5509 -13.0159 59.7891 46.1248 -27.5077 -31.7814 -20.2118 -38.0918 -0.0000 0.0000 0.0000
0.0449 0.5673 -0.0921 -3.9685 6.6960 -3.8896 -3.0409 2.5285 -19.1172 -3.0409 2.5285 -19.1172 3.0963 0.2438 -5.1270 3.0963 0.2438 -5.1270 -16.3209 17.4455 -93.8710 4.8534 -4.7180 -88.3763 14.1140 0.1362 1.1005 34.2655 30.8978 83.7532 -38.6700 -21.2140 56.1793 -9.0009 -3.2178 39.2783 49.1603 -35.9935 16.9041 22.3525 61.3057 -13.3569 -32.8872 -15.2146 -40.0676 -0.0000 0.0000 0.0000 -74.5497 -21.7400 -16.6300 63.3485 50.3381 -32.3366 -30.8324 -21.0314 -36.8778 -0.0000 0.0000 0.0000
0.0396 0.5605 -0.1123 -4.1739 5.6336 -5.0489 -3.1989 2.9664 -19.8316 -3.1989 2.9664 -19.8316 3.1174 -0.8715 -6.3671 3.1174 -0.8715 -6.3671 -24.8798 25.7700 -92.0808 -7.8786 7.8118 -89.5105 17.0368 -0.5680 -3.7911 40.1523 34.0186 79.8596 -31.3058 -19.8863 64.0634 -5.6637 -2.1510 41.5650 49.3543 -36.2192 17.0908 25.5498 61.1090 -15.2472 -36.4852 -12.2125 -44.7889 -0.0000 0.0000 0.0000 -76.1336 -26.1553 -20.6217 67.5150 55.0620 -38.4157 -29.3631 -21.3829 -35.1136 -0.0000 0.0000 0.0000
0.0338 0.5557 -0.1265 -4.4193 4.4344 -6.5450 -3.3705 3.4749 -20.4065 -3.3705 3.4749 -20.4065 3.0559 -2.1433 -7.6336 3.0559 -2.1433 -7.6336 -34.0345 33.0932 -88.2976 -20.8143 18.4579 -82.9972 17.7951 -1.5832 -10.0877 45.5896 36.0001 75.4190 -24.2321 -17.2765 70.5717 -1.9306 -0.7686 43.4150 49.4337 -35.2868 16.6580 28.0476 61.2919 -16.8355 -39.6965 -6.8407 -49.5499 -0.0000 0.0000 0.0000 -77.2559 -30.3750 -24.4780 71.6766 59.7333 -45.0521 -27.3678 -21.3929 -32.7676 -0.0000 0.0000 0.0000
0.0268 0.5526 -0.1361 -4.7034 3.4828 -8.4347 -3.4870 4.0119 -20.8104 -3.4870 4.0119 -20.8104 2.8561 -3.5688 -8.8273 2.8561 -3.5688 -8.8273 -42.9762 38.0452 -82.4225 -32.2483 24.4485 -73.6971 16.5053 -2.3285 -15.9524 50.1501 37.2697 71.5599 -18.0763 -13.9568 75.1565 2.0065 0.8245 44.6738 49.5400 -33.3521 15.7397 29.0678 61.1379 -17.4121 -42.7765 -1.6300 -54.2976 -0.0000 0.0000 0.0000 -77.9619 -34.1312 -27.9021 75.2909 63.5729 -51.0971 -25.1955 -21.1775 -30.2272 -0.0000 0.0000 0.0000
0.0208 0.5507 -0.1419 -4.9649 3.2758 -10.6504 -3.4147 4.5182 -21.1087 -3.4147 4.5182 -21.1087 2.5062 -5.1920 -9.6887 2.5062 -5.1920 -9.6887 -48.7464 40.0762 -77.6701 -39.2993 26.5608 -66.9321 14.7494 -2.6650 -20.3765 52.8265 38.1658 69.7146 -13.7677 -11.0853 77.5845 5.1592 2.1539 45.2982 49.7294 -30.5797 14.4411 28.1099 60.2708 -16.5375 -45.2269 1.9589 -58.0682 -0.0000 0.0000 0.0000 -78.4070 -37.3211 -30.8023 77.4240 66.0919 -55.0761 -23.2823 -20.6331 -28.0136 -0.0000 0.0000 0.0000
0.0140 0.5493 -0.1449 -5.1273 3.8800 -12.9845 -3.1485 4.9511 -21.3915 -3.1485 4.9511 -21.3915 2.0079 -7.0143 -10.2091 2.0079 -7.0143 -10.2091 -50.8429 40.1431 -75.1031 -41.8757 27.1387 -64.4880 13.2225 -2.7532 -23.4267 53.3443 38.9964 70.3577 -11.2239 -9.1378 78.2398 7.2321 3.0565 45.7756 49.9747 -27.7180 13.1180 26.3448 59.1524 -15.1320 -46.4909 4.2308 -60.1599 -0.0000 0.0000 0.0000 -78.8655 -39.9912 -33.3192 77.9351 67.3890 -56.6779 -21.8264 -19.9116 -26.3476 -0.0000 0.0000 0.0000
0.0059 0.5483 -0.1471 -5.1657 4.9867 -15.2919 -2.7338 5.2813 -21.6534 -2.7338 5.2813 -21.6534 1.3597 -8.7286 -10.4229 1.3597 -8.7286 -10.4229 -51.0821 39.7827 -74.2649 -42.0342 26.9139 -63.8294 11.8159 -2.6560 -25.2544 52.2737 39.7589 72.7726 -9.9265 -8.0408 77.9690 8.2762 3.5580 46.4677 50.1625 -25.2518 11.9701 24.7026 57.9572 -13.8292 -46.9199 5.4509 -61.0007 -0.0000 0.0000 0.0000 -79.6037 -42.2320 -35.6744 77.7744 67.7723 -56.8873 -20.8575 -18.9292 -25.2777 -0.0000 0.0000 0.0000
-0.0026 0.5476 -0.1497 -5.0528 6.3608 -17.6131 -2.2362 5.4722 -21.7564 -2.2362 5.4722 -21.7564 0.6633 -10.3029 -10.4672 0.6633 -10.3029 -10.4672 -50.3262 39.3178 -74.5023 -40.2720 25.9862 -64.3648 10.8334 -2.5270 -26.1885 50.2240 40.1307 75.8606 -9.5554 -7.6489 77.3064 8.5101 3.7474 47.4691 50.3746 -23.6259 11.2352 23.7795 57.5104 -13.1809 -46.4526 6.3871 -60.6971 -0.0000 0.0000 0.0000 -80.4463 -43.5977 -37.3772 76.2276 66.8814 -54.7751 -20.3161 -17.7625 -24.7313 -0.0000 0.0000 0.0000
-0.0106 0.5467 -0.1532 -4.8040 7.7181 -19.8534 -1.7435 5.5224 -21.6518 -1.7435 5.5224 -21.6518 0.0611 -11.6350 -10.4937 0.0611 -11.6350 -10.4937 -48.8261 38.8067 -75.6228 -37.3828 24.4971 -65.3762 10.6300 -2.5261 -26.6659 48.3347 40.1433 78.3093 -9.7075 -7.6976 76.7755 8.1037 3.6470 48.4019 50.6130 -22.6911 10.8392 23.4811 57.7891 -13.0867 -45.2709 7.6229 -59.6137 -0.0000 0.0000 0.0000 -81.2182 -44.1696 -38.3637 74.6019 65.1296 -51.8902 -20.0628 -16.8183 -24.5100 -0.0000 0.0000 0.0000
-0.0180 0.5456 -0.1572 -4.4251 9.0065 -22.0593 -1.2775 5.4448 -21.3697 -1.2775 5.4448 -21.3697 -0.4544 -12.6670 -10.4455 -0.4544 -12.6670 -10.4455 -46.9439 38.1262 -77.0255 -33.9936 22.6884 -66.5566 11.4530 -2.7142 -26.5840 47.1394 40.1337 79.8807 -10.3367 -8.1323 76.3291 7.1159 3.2570 49.1444 50.8419 -21.8702 10.4932 23.0033 57.9210 -12.8499 -44.2440 7.6967 -58.3841 -0.0000 0.0000 0.0000 -81.7705 -43.8233 -38.4008 73.2967 62.3774 -48.4905 -20.0033 -16.2104 -24.4926 -0.0000 0.0000 0.0000
-0.0278 0.5447 -0.1610 -3.9035 10.2909 -24.1749 -0.7793 5.3033 -21.0770 -0.7793 5.3033 -21.0770 -0.8634 -13.4849 -10.1745 -0.8634 -13.4849 -10.1745 -43.9902 36.9327 -79.1638 -29.8935 20.5578 -68.3793 13.2384 -3.0947 -26.2085 46.2493 40.1708 81.1439 -11.4692 -8.8914 75.4945 5.5502 2.5812 49.8560 51.0803 -21.0682 10.1554 22.1159 57.6665 -12.2812 -43.5912 6.1775 -57.1750 -0.0000 0.0000 0.0000 -82.1409 -43.1214 -38.0012 72.6100 59.2236 -45.3281 -20.0938 -15.7990 -24.6397 -0.0000 0.0000 0.0000
-0.0366 0.5443 -0.1642 -3.2858 11.5319 -26.0811 -0.2986 5.1132 -20.7722 -0.2986 5.1132 -20.7722 -1.1652 -14.0962 -9.7254 -1.1652 -14.0962 -9.7254 -40.3424 35.1054 -81.4596 -25.3781 18.2330 -70.9544 15.8481 -3.6232 -25.6047 45.7858 40.2710 81.9345 -12.7494 -9.6994 74.4299 4.1339 1.9381 50.2217 51.1487 -20.0407 9.6669 21.0493 56.7499 -11.4607 -42.9862 2.4492 -55.4947 -0.0000 0.0000 0.0000 -82.3439 -42.1527 -37.2531 72.6914 55.9770 -42.7153 -20.1259 -15.9696 -24.6631 -0.0000 0.0000 0.0000
-0.0444 0.5447 -0.1666 -2.5659 12.8079 -27.7686 0.1794 4.8951 -20.4640 0.1794 4.8951 -20.4640 -1.3198 -14.4980 -9.1689 -1.3198 -14.4980 -9.1689 -36.5865 32.7704 -83.3019 -20.4030 15.3969 -73.8257 19.1784 -4.1650 -24.2937 45.6430 40.4229 82.3645 -14.2231 -10.5550 73.0309 3.0257 1.4311 50.6173 50.6290 -18.3802 8.7523 19.8032 54.7422 -10.3276 -42.1007 -3.2753 -53.1336 -0.0000 0.0000 0.0000 -82.4457 -40.9605 -36.2394 73.0314 52.8665 -40.4139 -19.9456 -16.8162 -24.3684 -0.0000 0.0000 0.0000
-0.0545 0.5455 -0.1678 -1.7282 14.1537 -29.2898 0.6358 4.6761 -20.0870 0.6358 4.6761 -20.0870 -1.3222 -14.7800 -8.5778 -1.3222 -14.7800 -8.5778 -32.8340 30.1149 -84.7961 -15.3111 12.1161 -76.5864 22.6620 -4.5141 -22.2550 45.6540 40.5019 82.4701 -15.7760 -11.4352 71.7082 2.6043 1.2268 50.4414 49.5249 -16.4949 7.6502 18.9875 52.4166 -9.4117 -40.0289 -10.1649 -49.3287 -0.0000 0.0000 0.0000 -82.2587 -39.1864 -34.5343 72.6989 49.1520 -37.2013 -19.7013 -17.8426 -23.9832 -0.0000 0.0000 0.0000
-0.0619 0.5460 -0.1680 -0.8382 15.5035 -30.5692 1.0278 4.4540 -19.6256 1.0278 4.4540 -19.6256 -1.2040 -14.8935 -8.0226 -1.2040 -14.8935 -8.0226 -29.2659 27.2964 -85.8453 -10.3705 8.5515 -78.9685 26.0906 -4.5724 -19.5527 46.1204 40.5531 81.9045 -17.0620 -12.1959 70.9170 3.2363 1.4818 49.1943 47.9818 -14.5957 6.5239 18.9064 49.9549 -8.8702 -36.8464 -16.3680 -44.5608 -0.0000 0.0000 0.0000 -81.6653 -37.0064 -32.2599 71.8896 45.2188 -33.6042 -19.4613 -19.0505 -23.5913 -0.0000 0.0000 0.0000
-0.0685 0.5457 -0.1676 0.1000 16.8082 -31.7834 1.3730 4.2368 -19.1539 1.3730 4.2368 -19.1539 -1.0341 -14.9987 -7.5425 -1.0341 -14.9987 -7.5425 -25.9393 24.3998 -86.3815 -5.4250 4.5960 -80.5305 28.8157 -4.1030 -15.8754 46.8038 40.5837 81.0187 -18.0062 -12.8523 70.8157 3.7977 1.6466 46.8688 46.4611 -13.0436 5.6185 19.1289 47.9830 -8.5772 -33.4825 -21.3628 -39.9288 -0.0000 0.0000 0.0000 -80.7364 -34.7306 -29.7747 70.7853 41.3840 -30.0429 -19.3634 -20.1151 -23.3855 -0.0000 0.0000 0.0000
-0.0753 0.5442 -0.1668 1.0893 18.0308 -33.0374 1.7018 4.0282 -18.7420 1.7018 4.0282 -18.7420 -0.8680 -15.2406 -7.1614 -0.8680 -15.2406 -7.1614 -22.8433 21.4799 -86.3867 -0.5348 0.4569 -81.0187 30.4582 -3.1687 -11.6025 47.3905 40.6125 80.2720 -18.5708 -13.3166 71.0538 3.4388 1.3843 43.8440 45.4861 -12.2928 5.1694 19.1042 47.0785 -8.3853 -30.9056 -25.0189 -36.4871 -0.0000 0.0000 0.0000 -79.8420 -33.1339 -27.9561 69.7379 38.4070 -27.2839 -19.4559 -20.9098 -23.4310 -0.0000 0.0000 0.0000
-0.0816 0.5419 -0.1661 2.0493 19.0437 -34.3626 1.9610 3.8165 -18.3545 1.9610 3.8165 -18.3545 -0.7548 -15.5646 -6.8616 -0.7548 -15.5646 -6.8616 -20.1437 18.7443 -85.7981 4.1090 -3.4939 -80.7417 30.9406 -2.0298 -7.3247 47.7400 40.6084 79.7996 -18.7185 -13.5529 71.5793 2.3901 0.8849 40.6282 44.9505 -11.9873 4.9743 18.9416 46.8678 -8.2713 -28.9885 -27.8637 -33.9572 -0.0000 0.0000 0.0000 -79.0101 -32.0219 -26.6214 69.0561 36.1693 -25.3247 -19.6367 -21.6857 -23.5835 -0.0000 0.0000 0.0000
-0.0873 0.5392 -0.1661 2.9887 19.8875 -35.7843 2.1667 3.6072 -18.0286 2.1667 3.6072 -18.0286 -0.6895 -15.9542 -6.5969 -0.6895 -15.9542 -6.5969 -17.7471 16.2465 -84.8701 8.6440 -7.2034 -79.5790 30.2655 -0.9915 -3.6654 47.7630 40.5666 79.7057 -18.7152 -13.6729 72.0738 -0.1151 -0.0395 37.9055 44.5589 -11.6670 4.7939 18.5446 46.7131 -8.0656 -27.7302 -30.2887 -32.2630 -0.0000 0.0000 0.0000 -78.5028 -31.7395 -26.1540 68.8396 35.0094 -24.3895 -19.9591 -22.5919 -23.8931 -0.0000 0.0000 0.0000
-0.0936 0.5366 -0.1670 3.8725 20.5487 -37.2479 2.3498 3.4282 -17.7937 2.3498 3.4282 -17.7937 -0.7073 -16.3637 -6.2916 -0.7073 -16.3637 -6.2916 -15.7176 14.1499 -83.9225 12.1848 -9.8374 -77.7573 29.5282 -0.1731 -0.6567 47.4037 40.6039 80.2414 -18.6934 -13.7057 72.2703 -3.6511 -1.1736 35.6275 44.2630 -11.1862 4.5615 17.9186 46.4880 -7.7477 -26.8758 -32.4639 -31.0768 -0.0000 0.0000 0.0000 -78.3271 -32.2287 -26.4839 69.0241 34.7018 -24.2493 -20.2108 -23.3321 -24.1310 -0.0000 0.0000 0.0000
-0.0990 0.5345 -0.1687 4.6392 21.0067 -38.6331 2.5172 3.3019 -17.6567 2.5172 3.3019 -17.6567 -0.7975 -16.7318 -5.9204 -0.7975 -16.7318 -5.9204 -14.1548 12.5940 -83.2605 14.0274 -10.9855 -76.0241 29.5425 0.4382 1.6620 46.6827 40.7819 81.4835 -18.7867 -13.7036 71.9855 -7.2648 -2.2268 34.0437 44.0919 -10.4819 4.2547 17.0277 46.0171 -7.2747 -26.3028 -34.1512 -30.2698 -0.0000 0.0000 0.0000 -78.2997 -33.1197 -27.2167 69.3680 34.8866 -24.5349 -20.2739 -23.5799 -24.1855 -0.0000 0.0000 0.0000
-0.1038 0.5327 -0.1708 5.2934 21.2607 -39.9682 2.6917 3.2331 -17.6346 2.6917 3.2331 -17.6346 -0.9208 -17.1479 -5.5447 -0.9208 -17.1479 -5.5447 -12.9774 11.4870 -82.9746 14.4359 -10.9940 -74.4606 30.1703 0.9220 3.4196 45.4979 41.1170 83.6212 -19.0156 -13.6507 71.1031 -10.9824 -3.2521 32.9031 44.0064 -9.5259 3.8568 15.8092 45.4396 -6.6544 -26.0302 -35.6119 -29.8313 -0.0000 0.0000 0.0000 -78.3898 -34.2598 -28.2154 69.7744 35.5094 -25.1713 -20.2276 -23.1582 -24.1651 -0.0000 0.0000 0.0000
-0.1080 0.5312 -0.1733 5.8440 21.3543 -41.2004 2.8803 3.2087 -17.6932 2.8803 3.2087 -17.6932 -1.0482 -17.6300 -5.2334 -1.0482 -17.6300 -5.2334 -12.0958 10.7491 -83.2080 14.1375 -10.4480 -72.8042 31.1228 1.3185 4.7321 44.0127 41.5524 86.3792 -19.3484 -13.5562 69.7700 -14.3890 -4.1447 31.9907 43.9726 -8.4375 3.4118 14.3209 44.8901 -5.9415 -25.9285 -36.8593 -29.6086 -0.0000 0.0000 0.0000 -78.5948 -35.5115 -29.3702 70.2177 36.3835 -26.0183 -20.0491 -22.2952 -24.0241 -0.0000 0.0000 0.0000
-0.1116 0.5298 -0.1759 6.2972 21.3426 -42.2771 3.0530 3.2091 -17.7772 3.0530 3.2091 -17.7772 -1.1469 -18.0925 -4.9874 -1.1469 -18.0925 -4.9874 -11.3687 10.2192 -83.8679 13.7372 -9.8280 -71.0343 32.0929 1.5990 5.5553 42.4522 41.9591 89.2660 -19.7718 -13.4738 68.2603 -16.6310 -4.7233 31.5147 44.0219 -7.4468 3.0139 12.7834 44.5170 -5.2502 -25.7474 -37.7350 -29.3298 -0.0000 0.0000 0.0000 -78.7812 -36.5963 -30.3830 70.6803 37.0879 -26.7599 -19.9207 -21.2257 -23.9596 -0.0000 0.0000 0.0000
-0.1144 0.5285 -0.1790 6.7052 21.3209 -43.2107 3.1789 3.2103 -17.8427 3.1789 3.2103 -17.8427 -1.1925 -18.4703 -4.7982 -1.1925 -18.4703 -4.7982 -10.5867 9.6633 -84.7510 13.6855 -9.4598 -69.1730 32.7831 1.7632 5.9890 41.0731 42.2181 91.7229 -20.2131 -13.4509 66.9756 -18.3345 -5.1556 31.1762 44.1067 -6.6692 2.7043 11.3361 44.3271 -4.6304 -25.4175 -38.5364 -28.8914 -0.0000 0.0000 0.0000 -78.9646 -37.5112 -31.2567 71.1860 37.5404 -27.3427 -20.0394 -20.4150 -24.1690 -0.0000 0.0000 0.0000
-0.1168 0.5269 -0.1830 7.0493 21.2870 -43.9901 3.2742 3.2181 -17.8998 3.2742 3.2181 -17.8998 -1.2117 -18.7222 -4.6363 -1.2117 -18.7222 -4.6363 -9.5498 8.8575 -85.6737 13.9054 -9.2607 -67.1805 33.2215 1.9858 6.6500 39.8559 42.3724 93.8252 -20.6817 -13.4775 65.8508 -19.6102 -5.4728 30.9185 44.1315 -5.9576 2.4168 10.0755 44.0837 -4.0882 -24.8513 -39.4254 -28.1824 -0.0000 0.0000 0.0000 -79.1427 -38.3340 -32.0544 71.6395 37.8973 -27.8344 -20.1728 -19.9670 -24.3665 -0.0000 0.0000 0.0000
-0.1188 0.5250 -0.1879 7.3654 21.2361 -44.6708 3.3447 3.2295 -17.9465 3.3447 3.2295 -17.9465 -1.2206 -18.8558 -4.4364 -1.2206 -18.8558 -4.4364 -8.2355 7.7536 -86.5362 14.2205 -9.1240 -65.2109 33.4481 2.2763 7.5659 38.7700 42.4582 95.6603 -21.1614 -13.5342 64.8508 -20.5354 -5.6975 30.7203 44.5365 -5.6828 2.3286 8.7470 44.2435 -3.5614 -24.8957 -39.6499 -28.2144 -0.0000 0.0000 0.0000 -79.4455 -39.0377 -32.8237 72.0445 38.1731 -28.2453 -20.2585 -19.7702 -24.4861 -0.0000 0.0000 0.0000
-0.1205 0.5225 -0.1935 7.6984 21.1733 -45.3134 3.3893 3.2384 -17.9514 3.3893 3.2384 -17.9514 -1.2174 -18.9594 -4.2124 -1.2174 -18.9594 -4.2124 -6.7474 6.4345 -87.2744 14.6385 -9.0577 -63.3221 33.3686 2.6021 8.6670 37.8445 42.5248 97.2417 -21.6432 -13.6149 63.9700 -21.1446 -5.8446 30.5931 45.3541 -5.8837 2.4602 7.3370 44.8849 -3.0339 -25.6678 -39.0884 -29.1273 -0.0000 0.0000 0.0000 -79.9316 -39.6363 -33.6116 72.4241 38.4102 -28.6172 -20.3520 -19.6998 -24.6040 -0.0000 0.0000 0.0000
-0.1218 0.5195 -0.2001 8.0635 21.1118 -45.9445 3.3994 3.2350 -17.8891 3.3994 3.2350 -17.8891 -1.1986 -19.0763 -3.9790 -1.1986 -19.0763 -3.9790 -5.2483 5.0613 -87.9189 15.2068 -9.0850 -61.5195 32.9717 2.9175 9.8363 37.1117 42.5726 98.5047 -22.1374 -13.7338 63.2332 -21.5128 -5.9329 30.5158 46.4809 -6.4394 2.7677 5.9166 45.9000 -2.5072 -26.9287 -37.7167 -30.6626 -0.0000 0.0000 0.0000 -80.6363 -40.1560 -34.4653 72.8971 38.4937 -28.9203 -20.4566 -19.6628 -24.7324 -0.0000 0.0000 0.0000
-0.1231 0.5162 -0.2073 8.4563 21.0318 -46.5533 3.3679 3.2256 -17.7592 3.3679 3.2256 -17.7592 -1.1697 -19.2553 -3.7560 -1.1697 -19.2553 -3.7560 -3.7970 3.7014 -88.5374 15.8897 -9.1698 -59.7643 32.2867 3.1928 10.9993 36.5482 42.6260 99.5112 -22.6770 -13.8969 62.5808 -21.6882 -5.9753 30.4815 47.7217 -7.1563 3.1687 4.5129 47.1099 -1.9682 -28.2809 -35.7619 -32.3649 -0.0000 0.0000 0.0000 -81.5140 -40.5986 -35.3649 73.4615 38.3971 -29.1310 -20.5759 -19.5965 -24.8811 -0.0000 0.0000 0.0000
-0.1244 0.5129 -0.2147 8.8340 20.9270 -47.0898 3.2932 3.2155 -17.5753 3.2932 3.2155 -17.5753 -1.1270 -19.4767 -3.5829 -1.1270 -19.4767 -3.5829 -2.5066 2.4673 -89.0952 16.6434 -9.2951 -58.1283 31.4314 3.4021 12.0498 36.1206 42.6734 100.2910 -23.3062 -14.1162 61.9572 -21.7510 -5.9877 30.4561 48.8145 -7.7738 3.5319 3.2596 48.1549 -1.4569 -29.3108 -33.9308 -33.7064 -0.0000 0.0000 0.0000 -82.4747 -40.9642 -36.2599 74.1106 38.1913 -29.2988 -20.7399 -19.5936 -25.0777 -0.0000 0.0000 0.0000
-0.1255 0.5097 -0.2218 9.1533 20.7970 -47.5259 3.1959 3.2149 -17.3744 3.1959 3.2149 -17.3744 -1.0738 -19.7010 -3.4672 -1.0738 -19.7010 -3.4672 -1.3529 1.3446 -89.6455 17.3547 -9.3965 -56.6049 30.4481 3.5485 12.9874 35.7328 42.6979 100.9761 -24.0365 -14.3761 61.2858 -21.7628 -5.9823 30.4134 49.4399 -8.0196 3.6967 2.3641 48.6585 -1.0690 -29.5799 -32.9981 -34.1048 -0.0000 0.0000 0.0000 -83.4435 -41.3194 -37.1662 74.7602 38.0487 -29.5165 -20.8441 -19.6238 -25.1997 -0.0000 0.0000 0.0000
-0.1264 0.5070 -0.2284 9.4269 20.6605 -47.8791 3.0969 3.2142 -17.1818 3.0969 3.2142 -17.1818 -1.0262 -19.9154 -3.3965 -1.0262 -19.9154 -3.3965 -0.2304 0.2312 -90.1856 17.9550 -9.4319 -55.1456 29.4229 3.6668 13.9016 35.3692 42.6879 101.5750 -24.8044 -14.6464 60.6048 -21.7420 -5.9641 30.3536 49.9128 -8.1619 3.8034 1.5703 49.0192 -0.7160 -29.6351 -32.5140 -34.2164 -0.0000 0.0000 0.0000 -84.4705 -41.5844 -38.0407 75.4128 37.9674 -29.7853 -20.9158 -19.7236 -25.2766 -0.0000 0.0000 0.0000
-0.1273 0.5048 -0.2336 9.6583 20.5413 -48.1440 3.0027 3.2039 -16.9984 3.0027 3.2039 -16.9984 -0.9760 -20.0832 -3.3694 -0.9760 -20.0832 -3.3694 0.8339 -0.8419 -90.5500 18.5263 -9.4508 -53.7541 28.3082 3.7499 14.7922 35.0751 42.6301 101.9905 -25.5795 -14.9274 59.9797 -21.7110 -5.9382 30.2697 50.2666 -8.2442 3.8729 0.9203 49.2201 -0.4215 -29.4303 -32.4266 -33.9922 -0.0000 0.0000 0.0000 -85.5465 -41.8079 -38.9218 76.1454 38.0037 -30.1925 -21.0220 -19.9026 -25.3876 -0.0000 0.0000 0.0000
-0.1280 0.5030 -0.2375 9.8472 20.4496 -48.3371 2.9305 3.1805 -16.8408 2.9305 3.1805 -16.8408 -0.9394 -20.2046 -3.3728 -0.9394 -20.2046 -3.3728 1.8609 -1.8826 -90.6646 19.0359 -9.4346 -52.4098 27.1541 3.8031 15.6554 34.8296 42.5233 102.2552 -26.3199 -15.1982 59.4183 -21.6770 -5.9071 30.1642 50.5996 -8.3142 3.9354 0.3789 49.3173 -0.1740 -29.2122 -32.5223 -33.7345 -0.0000 0.0000 0.0000 -86.6964 -42.1150 -39.9455 77.0299 38.2014 -30.8167 -21.1598 -20.1437 -25.5308 -0.0000 0.0000 0.0000
-0.1288 0.5013 -0.2398 10.0121 20.3783 -48.4725 2.8732 3.1454 -16.7090 2.8732 3.1454 -16.7090 -0.9254 -20.3053 -3.3997 -0.9254 -20.3053 -3.3997 2.8637 -2.8966 -90.6547 19.3997 -9.3416 -51.0939 25.9835 3.8150 16.4281 34.6807 42.3962 102.3265 -26.9876 -15.4553 58.9751 -21.6199 -5.8697 30.0592 50.7258 -8.1759 3.8808 -0.0694 49.0989 0.0317 -28.9637 -33.0561 -33.3988 -0.0000 0.0000 0.0000 -87.8867 -42.5110 -41.1021 78.0029 38.6050 -31.6705 -21.2633 -20.5137 -25.6213 -0.0000 0.0000 0.0000
-0.1295 0.4997 -0.2403 10.1633 20.3318 -48.5542 2.8316 3.0954 -16.6095 2.8316 3.0954 -16.6095 -0.9343 -20.3719 -3.4363 -0.9343 -20.3719 -3.4363 3.8483 -3.8773 -90.4304 19.7345 -9.2282 -49.7815 24.7548 3.7935 17.1632 34.6440 42.2654 102.1997 -27.5601 -15.6956 58.6719 -21.5326 -5.8264 29.9652 50.6853 -7.8551 3.7248 -0.3704 48.5576 0.1671 -28.7369 -34.1102 -33.0382 -0.0000 0.0000 0.0000 -89.1106 -43.0615 -42.4576 79.0485 39.2493 -32.7863 -21.3552 -20.9997 -25.6876 -0.0000 0.0000 0.0000
-0.1302 0.4981 -0.2392 10.3120 20.3247 -48.5932 2.7930 3.0256 -16.5235 2.7930 3.0256 -16.5235 -0.9517 -20.4010 -3.4946 -0.9517 -20.4010 -3.4946 4.7651 -4.7596 -89.9346 20.1648 -9.1633 -48.5205 23.5156 3.7352 17.8071 34.7363 42.1134 101.8197 -28.0676 -15.9461 58.5278 -21.4458 -5.7816 29.8622 50.5837 -7.5158 3.5554 -0.5063 47.9511 0.2251 -28.5714 -35.4971 -32.7180 -0.0000 0.0000 0.0000 -90.4499 -43.7504 -44.0624 80.2525 40.0273 -34.1334 -21.4337 -21.4365 -25.7423 -0.0000 0.0000 0.0000
-0.1310 0.4965 -0.2365 10.4636 20.3672 -48.6092 2.7472 2.9316 -16.4359 2.7472 2.9316 -16.4359 -0.9643 -20.4266 -3.5965 -0.9643 -20.4266 -3.5965 5.6121 -5.5276 -89.1301 20.7408 -9.1469 -47.2216 22.2985 3.6232 18.2347 34.9759 41.9273 101.1365 -28.5210 -16.2231 58.5649 -21.3838 -5.7386 29.7341 50.3210 -7.0150 3.2983 -0.3739 47.1235 0.1630 -28.2799 -37.3059 -32.2205 -0.0000 0.0000 0.0000 -91.9574 -44.4752 -45.8635 81.6368 40.7384 -35.5613 -21.5337 -21.8073 -25.8283 -0.0000 0.0000 0.0000
-0.1319 0.4950 -0.2324 10.6167 20.4488 -48.6227 2.6940 2.8170 -16.3464 2.6940 2.8170 -16.3464 -0.9681 -20.4657 -3.7447 -0.9681 -20.4657 -3.7447 6.3860 -6.1657 -87.9853 21.4356 -9.1540 -45.8523 21.1443 3.4491 18.3277 35.3019 41.6976 100.2414 -28.9418 -16.5217 58.7218 -21.3607 -5.6997 29.5721 49.8203 -6.2705 2.9143 -0.0547 46.0445 0.0232 -27.5666 -39.3725 -31.2338 -0.0000 0.0000 0.0000 -93.5331 -45.0832 -47.6412 83.1327 41.3693 -37.0230 -21.6412 -22.1997 -25.9211 -0.0000 0.0000 0.0000
-0.1330 0.4938 -0.2272 10.7441 20.5390 -48.6389 2.6420 2.7011 -16.2621 2.6420 2.7011 -16.2621 -0.9670 -20.5221 -3.9278 -0.9670 -20.5221 -3.9278 7.0882 -6.6925 -86.7025 22.0287 -9.0908 -44.4340 20.1572 3.2453 18.1112 35.5960 41.4418 99.3617 -29.3807 -16.8208 58.8433 -21.3689 -5.6640 29.3838 49.1941 -5.3664 2.4580 0.2137 44.9291 -0.0883 -26.7496 -41.1330 -30.1689 -0.0000 0.0000 0.0000 -95.0569 -45.5100 -49.2337 84.5998 41.8732 -38.3894 -21.6959 -22.6038 -25.9504 -0.0000 0.0000 0.0000
-0.1340 0.4932 -0.2209 10.8574 20.6349 -48.6855 2.5976 2.5907 -16.1837 2.5976 2.5907 -16.1837 -0.9562 -20.6035 -4.1209 -0.9562 -20.6035 -4.1209 7.7038 -7.1321 -85.5739 22.3501 -8.9271 -43.1221 19.4236 3.0496 17.6811 35.8334 41.1767 98.5634 -29.8254 -17.1096 58.9197 -21.3871 -5.6293 29.1868 48.3205 -4.1858 1.8784 0.3900 43.6768 -0.1563 -25.6447 -42.7407 -28.8058 -0.0000 0.0000 0.0000 -96.3790 -45.7024 -50.4550 85.8090 42.2942 -39.5475 -21.5855 -23.0859 -25.7777 -0.0000 0.0000 0.0000
-0.1347 0.4929 -0.2141 10.9879 20.7424 -48.7908 2.5756 2.4793 -16.1168 2.5756 2.4793 -16.1168 -0.9555 -20.6861 -4.2798 -0.9555 -20.6861 -4.2798 8.2507 -7.5149 -84.6388 22.4417 -8.7039 -41.9749 18.8891 2.8992 17.2999 36.0007 40.9262 97.9035 -30.2379 -17.3669 58.9577 -21.3770 -5.5916 29.0125 47.4185 -2.9569 1.2988 0.3984 42.4695 -0.1548 -24.4072 -44.0712 -27.3269 -0.0000 0.0000 0.0000 -97.4203 -45.7561 -51.3271 86.6243 42.6690 -40.4292 -21.3386 -23.5449 -25.4465 -0.0000 0.0000 0.0000
-0.1354 0.4927 -0.2072 11.1561 20.8812 -48.9421 2.5670 2.3619 -16.0455 2.5670 2.3619 -16.0455 -0.9555 -20.7590 -4.4002 -0.9555 -20.7590 -4.4002 8.6874 -7.8134 -83.9153 22.4382 -8.4984 -41.0700 18.4607 2.7905 17.0482 36.1759 40.6784 97.2329 -30.6169 -17.6238 59.0486 -21.3438 -5.5517 28.8578 46.8145 -2.0770 0.8992 0.1839 41.6337 -0.0699 -23.4145 -44.9251 -26.1622 -0.0000 0.0000 0.0000 -98.3057 -45.8028 -52.0797 87.1571 42.9859 -41.0819 -21.0855 -23.8700 -25.1202 -0.0000 0.0000 0.0000
-0.1360 0.4925 -0.2007 11.3408 21.0498 -49.0915 2.5627 2.2459 -15.9672 2.5627 2.2459 -15.9672 -0.9436 -20.8510 -4.5035 -0.9436 -20.8510 -4.5035 8.9938 -8.0222 -83.4402 22.3747 -8.3282 -40.4194 18.1154 2.7068 16.8601 36.3853 40.4221 96.4900 -30.9999 -17.9040 59.1950 -21.3072 -5.5120 28.7079 46.4083 -1.4184 0.6081 -0.0539 40.9259 0.0201 -22.4173 -45.7001 -25.0024 -0.0000 0.0000 0.0000 -99.1643 -45.9549 -52.9371 87.5681 43.2711 -41.6294 -20.8930 -24.1145 -24.8726 -0.0000 0.0000 0.0000
-0.1365 0.4922 -0.1955 11.5193 21.2280 -49.2140 2.5594 2.1386 -15.8809 2.5594 2.1386 -15.8809 -0.9241 -20.9687 -4.6070 -0.9241 -20.9687 -4.6070 9.2656 -8.2217 -83.1413 22.2444 -8.1700 -39.9295 17.8024 2.6449 16.7697 36.6081 40.1599 95.7145 -31.4187 -18.2058 59.3374 -21.2712 -5.4730 28.5603 46.0980 -0.8880 0.3778 -0.2787 40.2955 0.1023 -21.3634 -46.4795 -23.7832 -0.0000 0.0000 0.0000 -99.9593 -46.1848 -53.8404 87.8788 43.5979 -42.1544 -20.7514 -24.3783 -24.6840 -0.0000 0.0000 0.0000
-0.1368 0.4917 -0.1917 11.7045 21.4275 -49.3113 2.5565 2.0363 -15.7931 2.5565 2.0363 -15.7931 -0.8978 -21.0972 -4.7008 -0.8978 -21.0972 -4.7008 9.5196 -8.4263 -82.9996 22.0365 -8.0017 -39.5173 17.5060 2.5999 16.7678 36.8655 39.8859 94.8617 -31.8534 -18.5354 59.5242 -21.2396 -5.4352 28.4123 45.8131 -0.4615 0.1950 -0.4596 39.7107 0.1660 -20.3140 -47.2374 -22.5744 -0.0000 0.0000 0.0000 -100.6606 -46.4757 -54.7458 88.0489 43.9000 -42.5635 -20.6965 -24.6744 -24.5951 -0.0000 0.0000 0.0000
-0.1368 0.4915 -0.1896 11.8092 21.5729 -49.3482 2.5558 1.9722 -15.7008 2.5558 1.9722 -15.7008 -0.8668 -21.2219 -4.8005 -0.8668 -21.2219 -4.8005 9.7603 -8.6349 -82.9681 21.7184 -7.8261 -39.2500 17.1590 2.5565 16.8262 36.9742 39.6523 94.3175 -32.4445 -18.8469 59.4047 -21.1992 -5.3974 28.2749 45.6494 -0.1399 0.0589 -0.6710 39.2835 0.2395 -19.6207 -47.8263 -21.7729 -0.0000 0.0000 0.0000 -101.1357 -46.7899 -55.4973 88.0568 44.2591 -42.9191 -20.6845 -24.9478 -24.5587 -0.0000 0.0000 0.0000
-0.1367 0.4919 -0.1885 11.8113 21.6159 -49.3709 2.5570 1.9460 -15.6127 2.5570 1.9460 -15.6127 -0.8557 -21.3298 -4.8883 -0.8557 -21.3298 -4.8883 10.0662 -8.8916 -82.8770 21.2385 -7.5971 -38.9997 16.8348 2.5288 16.9668 36.8604 39.4807 94.2377 -33.1656 -19.0809 58.8801 -21.1404 -5.3586 28.1561 45.6322 0.0084 -0.0035 -0.9063 39.1389 0.3222 -19.3902 -48.0032 -21.5080 -0.0000 0.0000 0.0000 -101.2611 -47.1205 -55.9768 87.8837 44.6552 -43.1870 -20.6619 -25.1154 -24.5185 -0.0000 0.0000 0.0000
-0.1362 0.4934 -0.1878 11.6845 21.5399 -49.3675 2.5380 1.9537 -15.5325 2.5380 1.9537 -15.5325 -0.8524 -21.3952 -4.9742 -0.8524 -21.3952 -4.9742 10.3394 -9.1065 -82.7101 20.7021 -7.3620 -38.8069 16.4472 2.4908 17.1094 36.5182 39.3261 94.5658 -34.0342 -19.2324 57.9365 -21.1229 -5.3249 28.0085 45.7645 -0.0630 0.0266 -1.0661 39.2617 0.3803 -19.5301 -47.7537 -21.6770 -0.0000 0.0000 0.0000 -100.9781 -47.5401 -56.2111 87.4785 45.1638 -43.4029 -20.5464 -25.0875 -24.3849 -0.0000 0.0000 0.0000
-0.1353 0.4962 -0.1866 11.4476 21.3969 -49.3994 2.4973 1.9746 -15.4746 2.4973 1.9746 -15.4746 -0.8250 -21.4265 -5.0637 -0.8250 -21.4265 -5.0637 10.7714 -9.4350 -82.3932 20.0505 -7.0894 -38.6218 15.6432 2.4022 17.3564 36.0256 39.1319 95.0895 -34.9336 -19.3048 56.7834 -21.1969 -5.3009 27.7914 45.8522 -0.2045 0.0865 -1.2876 39.5687 0.4632 -19.7841 -47.2227 -21.9893 -0.0000 0.0000 0.0000 -100.2335 -47.8830 -55.9671 86.6222 45.5882 -43.2238 -20.2549 -24.9725 -24.0510 -0.0000 0.0000 0.0000
-0.1337 0.5003 -0.1842 11.1067 21.2079 -49.5087 2.4138 1.9939 -15.4405 2.4138 1.9939 -15.4405 -0.7734 -21.4587 -5.1554 -0.7734 -21.4587 -5.1554 11.6317 -10.1045 -81.9142 19.2342 -6.7312 -38.2803 14.1560 2.2239 17.7691 35.5367 38.8929 95.5441 -35.7442 -19.3154 55.6452 -21.3777 -5.2870 27.4906 45.8411 -0.2792 0.1180 -1.6339 39.9064 0.5932 -20.1076 -46.7242 -22.3774 -0.0000 0.0000 0.0000 -98.8938 -48.1003 -55.0882 85.0913 45.9479 -42.5210 -19.7502 -24.8313 -23.4677 -0.0000 0.0000 0.0000
-0.1301 0.5056 -0.1802 10.6183 20.9617 -49.6194 2.2432 1.9986 -15.3867 2.2432 1.9986 -15.3867 -0.7639 -21.5012 -5.3388 -0.7639 -21.5012 -5.3388 13.0406 -11.2366 -81.4370 18.1647 -6.2569 -37.7516 11.9566 1.9251 18.2295 35.3357 38.6274 95.4670 -36.4208 -19.3237 54.7229 -21.6688 -5.2815 27.0994 45.6069 -0.0896 0.0377 -2.1634 40.1821 0.7914 -20.4837 -46.5532 -22.8044 -0.0000 0.0000 0.0000 -96.8868 -48.2887 -53.6467 82.8016 46.4528 -41.4486 -18.9513 -24.7134 -22.5347 -0.0000 0.0000 0.0000
-0.1263 0.5116 -0.1745 9.9106 20.5488 -49.6582 1.9442 2.0186 -15.2160 1.9442 2.0186 -15.2160 -0.8218 -21.3568 -5.5505 -0.8218 -21.3568 -5.5505 14.7789 -12.6741 -81.1479 16.6882 -5.6631 -37.2701 9.3747 1.5390 18.6058 35.6199 38.5251 94.8160 -37.0442 -19.3349 53.9035 -21.9177 -5.2708 26.7433 45.3081 0.3452 -0.1441 -2.9191 40.4807 1.0766 -21.5557 -46.4341 -23.9991 -0.0000 0.0000 0.0000 -93.8606 -48.5462 -51.5062 79.4737 47.3262 -40.0311 -17.8412 -24.5748 -21.2337 -0.0000 0.0000 0.0000
-0.1219 0.5177 -0.1670 8.8502 19.9115 -49.4343 1.7343 1.9971 -15.1652 1.7343 1.9971 -15.1652 -1.0882 -20.5403 -5.6717 -1.0882 -20.5403 -5.6717 16.6623 -14.1021 -80.3716 15.5420 -5.1998 -36.8087 7.2649 1.1862 18.5232 35.7718 38.1897 94.0176 -37.3139 -19.0823 52.9288 -22.2790 -5.2656 26.2890 44.9249 1.1153 -0.4611 -3.7410 40.7765 1.3908 -22.4399 -46.6404 -24.9636 -0.0000 0.0000 0.0000 -90.0148 -48.8346 -48.8458 75.4677 48.6654 -38.5730 -16.4861 -24.1654 -19.6576 -0.0000 0.0000 0.0000
-0.1167 0.5235 -0.1581 7.3812 19.0181 -48.7332 1.5933 1.9292 -15.2667 1.5933 1.9292 -15.2667 -1.5322 -18.8971 -5.7115 -1.5322 -18.8971 -5.7115 18.0413 -15.0209 -79.4163 15.0765 -4.9906 -36.4551 5.7950 0.9292 18.2045 35.7778 37.5640 92.9900 -37.2914 -18.5676 51.6958 -22.7973 -5.2639 25.6884 44.4603 2.1109 -0.8628 -4.0496 40.8152 1.5072 -24.1104 -47.3125 -26.7609 -0.0000 0.0000 0.0000 -84.9050 -49.0758 -45.3340 70.3662 50.3200 -36.6433 -15.0674 -23.7960 -17.9972 -0.0000 0.0000 0.0000
-0.1089 0.5289 -0.1487 5.6676 17.9976 -47.5417 1.6019 1.8123 -15.6659 1.6019 1.8123 -15.6659 -2.1179 -16.6284 -5.6579 -2.1179 -16.6284 -5.6579 19.1593 -15.5634 -77.9953 15.4462 -5.0813 -36.2347 4.7962 0.7655 18.1262 35.6001 36.7205 91.8986 -36.7614 -17.8178 50.5116 -23.3278 -5.2543 25.0631 43.9016 3.1174 -1.2566 -3.7818 40.5977 1.3993 -26.4518 -49.0546 -29.2042 -0.0000 0.0000 0.0000 -79.4919 -49.4629 -41.9171 64.8526 52.3298 -34.6668 -13.7028 -23.7859 -16.3749 -0.0000 0.0000 0.0000
-0.1010 0.5340 -0.1396 3.7898 16.9194 -45.9708 1.6925 1.6618 -16.2891 1.6925 1.6618 -16.2891 -2.7418 -14.2379 -5.6973 -2.7418 -14.2379 -5.6973 20.3814 -15.9528 -75.8715 16.9127 -5.5923 -36.3723 4.1246 0.6639 18.2790 35.3192 35.7423 90.7281 -35.8693 -16.9408 49.4165 -23.8563 -5.2356 24.4250 43.2893 4.1929 -1.6645 -2.7702 39.8737 1.0050 -28.4274 -51.9420 -31.1327 -0.0000 0.0000 0.0000 -73.6064 -49.3213 -37.9155 58.9136 53.8976 -32.0410 -12.6023 -24.3499 -15.0356 -0.0000 0.0000 0.0000
-0.0914 0.5393 -0.1309 1.8390 15.8107 -44.1540 1.7801 1.5169 -17.0597 1.7801 1.5169 -17.0597 -3.3325 -11.9813 -5.8604 -3.3325 -11.9813 -5.8604 21.9584 -16.3823 -73.1484 19.3496 -6.4349 -36.4991 3.5785 0.5826 18.4881 35.0957 34.8280 89.5327 -34.7815 -16.0401 48.4421 -24.3012 -5.2083 23.8564 42.6671 5.2885 -2.0667 -1.2450 38.7268 0.4376 -29.5806 -55.5113 -32.0933 -0.0000 0.0000 0.0000 -67.8747 -49.2479 -34.2823 53.0153 55.5265 -29.4221 -11.4165 -25.5823 -13.5684 -0.0000 0.0000 0.0000
-0.0820 0.5448 -0.1229 0.0396 14.7895 -42.3510 1.7813 1.4022 -17.7439 1.7813 1.4022 -17.7439 -3.7470 -9.9036 -6.0782 -3.7470 -9.9036 -6.0782 23.7395 -16.4909 -69.1696 22.2430 -7.2941 -35.9291 3.4918 0.5454 17.7505 35.1916 34.1318 88.1368 -33.8422 -15.3078 47.6650 -24.5975 -5.1775 23.4327 42.1731 6.1772 -2.3839 0.4086 37.2447 -0.1377 -29.2060 -58.6891 -31.4405 -0.0000 0.0000 0.0000 -62.4037 -49.9069 -31.4786 47.0899 57.5158 -26.8979 -10.0476 -27.2320 -11.8797 -0.0000 0.0000 0.0000
-0.0715 0.5507 -0.1152 -1.6765 13.7775 -40.6887 1.8365 1.2731 -18.6588 1.8365 1.2731 -18.6588 -4.0423 -8.4637 -6.4798 -4.0423 -8.4637 -6.4798 25.9224 -16.0391 -62.9456 24.8497 -8.0584 -35.4595 3.8965 0.5546 16.1962 35.2443 33.6288 87.1439 -32.4584 -14.4917 47.1910 -24.6948 -5.1496 23.2177 41.7443 7.1839 -2.7423 1.8898 35.3205 -0.6017 -24.9370 -61.8084 -26.6628 -0.0000 0.0000 0.0000 -57.3496 -50.5846 -28.9804 41.7089 59.0804 -24.3647 -9.2390 -27.9555 -10.8994 -0.0000 0.0000 0.0000
-0.0613 0.5568 -0.1083 -3.2630 12.7623 -39.1303 1.8091 1.0794 -19.5612 1.8091 1.0794 -19.5612 -4.1814 -7.4079 -6.9930 -4.1814 -7.4079 -6.9930 27.3000 -14.7612 -56.1501 26.7029 -8.5638 -35.0175 5.4103 0.6794 14.3047 35.6321 33.2992 85.8798 -30.8877 -13.7022 47.0077 -24.6447 -5.1266 23.1637 41.4392 8.0209 -3.0382 3.3520 33.2081 -0.9998 -19.1467 -63.9514 -20.3819 -0.0000 0.0000 0.0000 -52.2059 -51.6709 -26.6911 35.8677 60.4958 -21.3752 -8.8420 -27.8981 -10.4338 -0.0000 0.0000 0.0000
-0.0516 0.5634 -0.1022 -4.7670 11.6033 -37.5183 1.7117 0.8982 -20.4239 1.7117 0.8982 -20.4239 -4.2387 -6.4232 -7.2398 -4.2387 -6.4232 -7.2398 27.2999 -13.1182 -50.6721 27.1962 -8.5016 -34.1618 8.6738 0.9304 12.2215 36.2728 33.2058 84.6224 -29.3839 -12.9234 46.7253 -24.3895 -5.1096 23.3312 41.1494 8.6868 -3.2661 4.5174 31.5977 -1.2788 -15.9299 -65.4259 -16.9019 -0.0000 0.0000 0.0000 -47.1298 -53.3475 -24.7181 29.2279 62.3248 -17.9209 -8.6409 -26.9766 -10.2278 -0.0000 0.0000 0.0000
-0.0402 0.5707 -0.0973 -6.2745 10.1648 -35.8999 1.4168 0.7719 -21.0099 1.4168 0.7719 -21.0099 -4.2404 -5.2403 -7.3146 -4.2404 -5.2403 -7.3146 26.4957 -11.3274 -45.6860 26.9690 -8.4177 -34.1220 12.1476 1.0546 9.8864 37.3472 33.2623 82.9421 -28.1681 -12.2174 46.2041 -24.0382 -5.0937 23.6009 40.7495 9.4096 -3.5015 5.5661 30.6216 -1.5250 -16.1433 -66.3562 -17.0885 -0.0000 0.0000 0.0000 -42.3440 -53.9877 -22.3215 22.6120 63.2209 -14.0297 -8.7432 -25.8707 -10.3870 -0.0000 0.0000 0.0000
-0.0290 0.5791 -0.0937 -7.6917 8.5298 -34.4146 0.9566 0.6782 -21.3255 0.9566 0.6782 -21.3255 -4.2999 -3.1939 -6.9188 -4.2999 -3.1939 -6.9188 25.0490 -9.6619 -41.6594 26.8605 -8.6692 -35.2213 14.1533 0.9706 7.8062 38.8148 33.4219 80.8738 -27.1806 -11.5956 45.5663 -23.5942 -5.0760 23.9637 40.0317 10.2402 -3.7390 6.6613 30.1929 -1.7988 -20.0364 -66.5084 -21.1924 -0.0000 0.0000 0.0000 -38.0076 -53.4184 -19.6618 16.1779 62.8568 -9.9274 -8.8294 -24.6132 -10.5339 -0.0000 0.0000 0.0000
-0.0171 0.5888 -0.0915 -8.8550 6.9872 -33.1969 0.4330 0.5478 -21.3732 0.4330 0.5478 -21.3732 -4.4959 -0.3617 -6.1649 -4.4959 -0.3617 -6.1649 23.5345 -8.1540 -37.7778 25.7796 -8.8542 -37.3830 15.1102 0.6640 5.0034 40.4433 33.5079 78.5151 -26.4328 -11.1016 44.9609 -23.1382 -5.0545 24.3349 39.3207 10.6539 -3.8159 7.4661 30.4669 -2.0358 -28.3349 -64.5899 -30.0720 -0.0000 0.0000 0.0000 -33.9349 -51.8558 -16.8751 10.0560 61.0141 -5.9350 -8.6371 -23.3821 -10.3484 -0.0000 0.0000 0.0000
-0.0054 0.5997 -0.0906 -9.8011 5.6317 -32.3952 -0.1133 0.3973 -21.3930 -0.1133 0.3973 -21.3930 -4.7250 2.1285 -5.5860 -4.7250 2.1285 -5.5860 22.2103 -6.8970 -34.1331 24.4687 -9.3200 -41.2041 14.3596 0.3600 2.8576 42.1099 33.6732 76.3406 -25.6587 -10.6590 44.5510 -22.6291 -5.0278 24.7521 38.7281 10.6000 -3.7347 7.9672 31.3068 -2.2358 -35.6156 -60.8187 -38.0808 -0.0000 0.0000 0.0000 -30.3024 -48.0429 -13.7624 5.3475 56.5746 -2.8793 -8.6834 -21.8085 -10.4610 -0.0000 0.0000 0.0000
0.0054 0.6111 -0.0906 -10.5607 4.5340 -31.9316 -0.6258 0.2038 -21.2740 -0.6258 0.2038 -21.2740 -4.7200 4.2656 -5.4437 -4.7200 4.2656 -5.4437 20.4667 -5.8512 -31.6125 22.6352 -9.3540 -44.4665 13.9695 0.1602 1.3072 43.7124 33.7236 74.1524 -24.9726 -10.3015 44.2985 -22.1535 -4.9975 25.1327 38.3553 9.9134 -3.4555 8.3656 32.6681 -2.4557 -39.2431 -55.8688 -42.4129 -0.0000 0.0000 0.0000 -27.0505 -43.0354 -10.8354 1.4406 50.6030 -0.6810 -8.5656 -20.0635 -10.3836 -0.0000 0.0000 0.0000
0.0162 0.6218 -0.0909 -11.2802 3.4051 -31.6116 -1.0485 0.0949 -20.9967 -1.0485 0.0949 -20.9967 -4.3489 5.7920 -5.8259 -4.3489 5.7920 -5.8259 18.2403 -5.3423 -32.4094 23.1750 -10.5930 -48.6581 13.8485 0.3663 3.0159 45.0444 33.7063 72.2991 -24.6049 -10.0114 43.7646 -21.6827 -4.9636 25.5050 38.0574 8.7220 -3.0132 8.8129 35.0401 -2.7870 -40.9868 -50.5880 -44.8386 -0.0000 0.0000 0.0000 -24.4317 -37.1877 -8.3314 -2.0114 44.0776 0.8143 -8.2491 -18.4125 -10.0608 -0.0000 0.0000 0.0000
0.0269 0.6312 -0.0912 -11.9740 2.1682 -31.4258 -1.3996 0.0755 -20.5696 -1.3996 0.0755 -20.5696 -3.6634 6.6866 -6.7997 -3.6634 6.6866 -6.7997 15.4916 -4.8521 -34.6017 25.7643 -13.9618 -56.3289 15.0424 0.7564 5.7246 46.1182 33.6552 70.7856 -24.5279 -9.7707 42.9297 -21.2105 -4.9257 25.8745 37.6999 7.1366 -2.4392 9.5766 38.2373 -3.3265 -41.3452 -45.0386 -45.8527 -0.0000 0.0000 0.0000 -22.7144 -31.0717 -6.3919 -4.5728 37.8114 1.5669 -8.2517 -17.2975 -10.1056 -0.0000 0.0000 0.0000
0.0368 0.6392 -0.0911 -12.6133 0.8717 -31.3776 -1.6848 0.0937 -20.1537 -1.6848 0.0937 -20.1537 -2.9005 7.4007 -7.9342 -2.9005 7.4007 -7.9342 11.7031 -3.9557 -37.2440 27.3868 -18.9964 -68.9531 14.9032 1.5188 11.5737 47.0246 33.6927 69.6747 -24.5171 -9.5230 41.9497 -20.6604 -4.8778 26.3048 37.1118 5.6626 -1.9022 10.5922 41.6832 -4.0422 -41.1654 -39.6043 -46.3036 -0.0000 0.0000 0.0000 -21.7462 -25.2920 -4.9356 -6.3667 32.1638 1.8372 -8.8290 -16.3095 -10.8513 -0.0000 0.0000 0.0000
0.0463 0.6457 -0.0899 -13.0930 -0.2241 -31.4349 -1.8985 0.0522 -19.8001 -1.8985 0.0522 -19.8001 -2.2464 7.8563 -9.0005 -2.2464 7.8563 -9.0005 7.1255 -2.4961 -38.5703 23.7557 -20.9885 -82.7401 15.7461 2.2774 16.3593 47.7242 33.6857 68.7740 -24.4648 -9.2892 41.0852 -20.1185 -4.8251 26.7208 36.3974 4.4013 -1.4476 11.6216 44.9049 -4.8162 -41.1676 -34.0209 -47.0095 -0.0000 0.0000 0.0000 -21.1646 -20.4538 -3.8609 -7.6372 27.3287 1.8593 -9.7012 -15.5240 -11.9563 -0.0000 0.0000 0.0000
0.0564 0.6508 -0.0870 -13.4020 -0.9704 -31.5681 -2.1123 -0.0800 -19.6715 -2.1123 -0.0800 -19.6715 -1.7424 8.2864 -9.7397 -1.7424 8.2864 -9.7397 2.5885 -0.8696 -37.1332 17.3366 -19.1272 -95.7182 17.8051 3.1876 20.1448 48.3516 33.6808 67.9813 -24.1587 -9.0590 40.6271 -19.6107 -4.7708 27.1037 35.5562 3.7479 -1.2021 12.2897 47.3998 -5.4115 -41.5472 -27.9552 -48.2546 -0.0000 0.0000 0.0000 -20.8314 -16.3725 -3.0295 -8.5903 23.0191 1.7524 -10.7610 -14.7198 -13.2995 -0.0000 0.0000 0.0000
0.0653 0.6543 -0.0823 -13.7438 -1.6012 -31.7380 -2.5300 -0.1285 -19.7952 -2.5300 -0.1285 -19.7952 -1.2121 9.0174 -10.1161 -1.2121 9.0174 -10.1161 -3.0541 0.9158 -33.3775 8.3856 -11.5273 -108.0186 24.0768 4.4431 20.6196 49.1560 33.9326 67.4102 -23.7587 -8.8409 40.3562 -19.1964 -4.7232 27.4113 34.5009 4.2305 -1.3142 12.5873 48.6473 -5.7079 -42.7733 -21.0554 -50.6729 -0.0000 0.0000 0.0000 -20.5168 -13.0959 -2.3801 -9.4946 19.3455 1.6219 -11.6565 -13.5480 -14.4679 -0.0000 0.0000 0.0000
0.0739 0.6560 -0.0758 -14.2087 -2.3238 -31.8951 -3.1572 0.0110 -19.9198 -3.1572 0.0110 -19.9198 -0.6435 9.9741 -10.1718 -0.6435 9.9741 -10.1718 -11.2097 3.1980 -31.7565 -2.5190 4.2553 -118.7662 35.3803 4.5253 14.1234 50.1065 34.3788 66.9928 -23.6477 -8.6955 39.9192 -18.9417 -4.6929 27.6006 33.1440 5.5971 -1.6668 12.9819 48.9177 -5.9251 -44.5955 -14.7036 -53.8290 -0.0000 0.0000 0.0000 -20.2042 -10.3375 -1.8466 -10.5207 16.3790 1.5183 -12.2048 -12.3219 -15.2189 -0.0000 0.0000 0.0000
0.0833 0.6563 -0.0685 -14.7426 -3.1128 -32.0088 -3.9548 0.3517 -19.9731 -3.9548 0.3517 -19.9731 -0.0261 10.9338 -9.9962 -0.0261 10.9338 -9.9962 -22.5910 6.4893 -31.6902 -17.8608 27.6989 -114.9745 41.3846 -2.3978 -6.3425 51.0730 34.9989 66.8444 -24.0178 -8.6577 39.1765 -18.8853 -4.6872 27.6490 31.7495 7.2963 -2.0775 13.4430 48.3496 -6.0566 -46.8842 -10.1276 -57.3319 -0.0000 0.0000 0.0000 -19.9009 -7.9921 -1.4043 -11.5313 14.0633 1.4271 -12.7717 -10.9624 -16.0095 -0.0000 0.0000 0.0000
0.0927 0.6552 -0.0610 -15.3237 -3.8624 -32.1616 -4.8424 0.8384 -19.7855 -4.8424 0.8384 -19.7855 0.6755 11.6461 -9.7402 0.6755 11.6461 -9.7402 -39.3250 11.1296 -30.5047 -48.5739 44.0985 -83.8209 27.8512 -7.9236 -31.2120 52.0343 35.6952 66.8223 -24.9852 -8.7501 38.1012 -19.0394 -4.7083 27.5491 30.3904 8.9121 -2.4251 14.2749 47.6373 -6.3279 -49.3229 -6.9504 -60.8054 -0.0000 0.0000 0.0000 -19.7349 -5.6474 -0.9831 -12.1863 11.8894 1.2737 -13.3220 -9.8800 -16.7695 -0.0000 0.0000 0.0000
0.1019 0.6532 -0.0543 -15.9302 -4.5238 -32.3578 -5.6474 1.3407 -19.2494 -5.6474 1.3407 -19.2494 1.3963 11.7829 -9.6387 1.3963 11.7829 -9.6387 -56.7656 13.5067 -24.7235 -76.2975 38.8916 -48.4058 7.3414 -2.9398 -43.6011 52.8447 36.2443 66.7420 -26.4427 -8.9088 36.6885 -19.3403 -4.7473 27.3449 29.1344 10.2742 -2.6767 15.6785 47.0829 -6.8654 -51.2583 -5.9228 -63.2556 -0.0000 0.0000 0.0000 -19.6788 -3.3170 -0.5755 -12.5645 9.9333 1.0962 -13.9112 -9.3164 -17.5476 -0.0000 0.0000 0.0000
0.1105 0.6511 -0.0492 -16.5588 -5.0434 -32.6949 -6.2269 1.7431 -18.5795 -6.2269 1.7431 -18.5795 2.0448 11.5395 -9.6812 2.0448 11.5395 -9.6812 -67.9271 10.6403 -15.7424 -88.6177 27.9244 -28.5787 -8.5202 3.3792 -43.2064 53.4656 36.6702 66.6877 -27.8942 -9.0115 35.2094 -19.5764 -4.7788 27.1941 28.1359 11.4460 -2.8772 17.2269 46.9115 -7.5207 -52.3125 -5.8216 -64.4832 -0.0000 0.0000 0.0000 -19.8055 -0.9858 -0.1721 -12.5235 7.8613 0.8639 -14.4494 -8.9952 -18.2465 -0.0000 0.0000 0.0000
0.1186 0.6494 -0.0463 -17.2730 -5.5340 -33.2006 -6.6538 2.1002 -17.9223 -6.6538 2.1002 -17.9223 2.6134 11.0383 -9.9017 2.6134 11.0383 -9.9017 -72.0348 2.9769 -4.0939 -96.2692 14.8784 -13.3482 -23.1386 7.3801 -34.9732 53.9320 37.1413 66.8768 -29.2021 -9.0142 33.6711 -19.7098 -4.7999 27.1285 27.3567 12.5882 -3.0753 18.7824 47.1142 -8.2489 -52.7037 -5.7441 -64.9469 -0.0000 0.0000 0.0000 -20.0328 1.3033 0.2302 -12.2656 5.5885 0.6010 -14.8622 -8.7549 -18.7831 -0.0000 0.0000 0.0000
0.1253 0.6481 -0.0454 -18.0233 -5.9113 -33.9760 -6.8729 2.3679 -17.2571 -6.8729 2.3679 -17.2571 3.0086 10.5871 -10.0868 3.0086 10.5871 -10.0868 -68.4464 -6.6514 9.7660 -99.3069 0.3086 -0.2621 -34.6506 6.9646 -22.0764 54.1883 37.5641 67.2270 -30.2761 -8.9409 32.2381 -19.7215 -4.8094 27.1643 26.7745 13.6916 -3.2733 19.9003 47.5324 -8.8347 -52.9135 -7.1418 -64.8669 -0.0000 0.0000 0.0000 -20.1031 3.0708 0.5444 -12.1288 3.4583 0.3675 -15.0511 -8.8601 -19.0120 -0.0000 0.0000 0.0000
0.1313 0.6467 -0.0459 -18.6943 -6.0187 -34.9902 -6.9004 2.5380 -16.6820 -6.9004 2.5380 -16.6820 3.2268 10.2205 -10.1586 3.2268 10.2205 -10.1586 -55.7869 -12.2407 22.9035 -101.7988 -10.5433 8.5767 -39.7219 4.4614 -12.3094 54.2193 37.9472 67.7698 -31.1014 -8.8516 31.0862 -19.6322 -4.8094 27.2857 26.4224 14.6430 -3.4553 20.1519 47.8779 -9.0212 -53.3468 -10.0960 -64.7070 -0.0000 0.0000 0.0000 -19.7957 4.0343 0.7042 -12.3324 1.5332 0.1657 -15.0481 -9.0897 -18.9902 -0.0000 0.0000 0.0000
0.1373 0.6446 -0.0467 -19.2129 -5.6381 -36.3951 -6.7372 2.5773 -16.0981 -6.7372 2.5773 -16.0981 3.3103 9.7524 -10.1556 3.3103 9.7524 -10.1556 -43.7524 -13.1155 31.9537 -103.4792 -15.7875 12.4803 -39.7866 3.1914 -8.8042 54.0509 38.2206 68.3738 -31.7546 -8.8245 30.3560 -19.5158 -4.8075 27.4348 26.1564 15.3258 -3.5805 19.7056 48.4017 -8.9266 -53.8696 -13.1440 -64.6539 -0.0000 0.0000 0.0000 -19.4361 4.5308 0.7763 -12.5218 -0.5014 -0.0550 -14.7909 -9.5968 -18.6288 -0.0000 0.0000 0.0000
0.1421 0.6415 -0.0473 -19.6762 -4.9010 -38.2566 -6.4516 2.5450 -15.4886 -6.4516 2.5450 -15.4886 3.2867 9.2841 -10.0454 3.2867 9.2841 -10.0454 -36.6274 -12.6498 37.0297 -104.0110 -15.2984 11.9777 -38.1619 3.4415 -9.9272 53.7535 38.4988 69.1346 -32.2434 -8.8363 29.9316 -19.3698 -4.8030 27.6125 26.0336 15.9979 -3.7212 18.5738 48.9785 -8.5195 -54.7822 -16.1289 -65.0695 -0.0000 0.0000 0.0000 -19.1815 4.9241 0.8325 -12.5819 -2.7288 -0.3009 -14.4098 -10.1603 -18.1099 -0.0000 0.0000 0.0000
0.1458 0.6369 -0.0474 -20.0445 -3.8625 -40.5276 -6.0975 2.4411 -14.8327 -6.0975 2.4411 -14.8327 3.2146 8.8617 -9.8585 3.2146 8.8617 -9.8585 -33.1670 -12.1725 39.3997 -103.3633 -11.0073 8.7088 -34.9706 4.3784 -13.8380 53.3579 38.7592 69.9861 -32.5759 -8.8835 29.7753 -19.2233 -4.7990 27.7965 26.0236 16.7820 -3.9045 16.6597 49.6518 -7.7499 -55.9138 -18.8823 -65.7844 -0.0000 0.0000 0.0000 -19.4592 5.5901 0.9592 -12.2275 -5.0901 -0.5456 -13.9746 -10.5036 -17.5417 -0.0000 0.0000 0.0000
0.1485 0.6306 -0.0471 -20.2645 -2.6064 -43.1045 -5.7162 2.2548 -14.1200 -5.7162 2.2548 -14.1200 3.1288 8.5070 -9.6332 3.1288 8.5070 -9.6332 -31.9437 -11.9768 40.2566 -101.2651 -5.7747 4.7392 -30.9351 4.9719 -17.8336 52.8749 38.9244 70.8032 -32.7293 -8.9553 29.8642 -19.1066 -4.7993 27.9644 26.0144 17.7932 -4.1418 14.0093 50.2232 -6.5915 -57.3385 -22.2367 -66.7139 -0.0000 0.0000 0.0000 -20.3817 6.4238 1.1559 -11.3152 -7.4440 -0.7385 -13.4919 -10.6196 -16.9311 -0.0000 0.0000 0.0000
0.1502 0.6231 -0.0465 -20.2989 -1.2386 -45.9174 -5.3471 2.0078 -13.3836 -5.3471 2.0078 -13.3836 3.0377 8.2185 -9.3985 3.0377 8.2185 -9.3985 -31.9265 -12.1301 40.7545 -97.7063 -0.8300 0.7252 -27.2402 5.1340 -20.9660 52.3117 39.0161 71.6125 -32.7128 -9.0424 30.1580 -19.0144 -4.8034 28.1204 25.8045 18.9934 -4.3890 10.7716 50.7102 -5.1161 -58.6932 -25.3332 -67.6208 -0.0000 0.0000 0.0000 -21.5738 6.9594 1.3275 -10.0993 -9.6120 -0.8513 -12.8583 -10.6408 -16.1385 -0.0000 0.0000 0.0000
0.1506 0.6149 -0.0456 -20.1693 0.0352 -48.6352 -5.0223 1.7498 -12.6917 -5.0223 1.7498 -12.6917 2.9828 7.9410 -9.2334 2.9828 7.9410 -9.2334 -32.3463 -12.3959 41.0572 -93.5867 3.3283 -3.1263 -24.1164 5.0265 -23.2223 51.7297 39.0603 72.3814 -32.6461 -9.1243 30.4822 -18.9198 -4.8081 28.2845 25.3635 20.2017 -4.5911 7.3548 51.1594 -3.5243 -59.6992 -27.5144 -68.3181 -0.0000 0.0000 0.0000 -22.5497 6.8080 1.3588 -8.9131 -11.2083 -0.8763 -11.9898 -10.6540 -15.0524 -0.0000 0.0000 0.0000
0.1509 0.6065 -0.0445 -19.9027 1.1127 -51.1199 -4.7595 1.5140 -12.0771 -4.7595 1.5140 -12.0771 2.9595 7.5668 -9.1580 2.9595 7.5668 -9.1580 -33.0484 -12.7457 41.2595 -89.4812 6.2931 -6.3502 -21.6787 4.8320 -24.8536 51.1205 39.0877 73.1671 -32.6130 -9.1898 30.7231 -18.8157 -4.8124 28.4616 24.7133 21.2724 -4.7118 4.1138 51.6292 -1.9906 -60.2642 -29.0187 -68.6616 -0.0000 0.0000 0.0000 -23.2798 5.8992 1.2162 -7.6636 -12.0925 -0.8129 -10.9496 -10.7963 -13.7433 -0.0000 0.0000 0.0000
0.1505 0.5988 -0.0434 -19.6138 1.9258 -53.2979 -4.5721 1.3396 -11.5329 -4.5721 1.3396 -11.5329 2.9594 7.0968 -9.1621 2.9594 7.0968 -9.1621 -34.0151 -13.1657 41.3412 -86.2389 8.1042 -8.6524 -20.8975 4.8929 -26.0880 50.5248 39.1617 74.0169 -32.7079 -9.2237 30.7415 -18.6962 -4.8152 28.6556 24.0631 22.1339 -4.7742 1.4089 52.1073 -0.6888 -60.6391 -30.3789 -68.8281 -0.0000 0.0000 0.0000 -23.7230 4.4786 0.9411 -6.3370 -12.4439 -0.6916 -9.8657 -10.9844 -12.3776 -0.0000 0.0000 0.0000
0.1494 0.5926 -0.0421 -19.3033 2.4897 -55.0240 -4.4555 1.2201 -11.0469 -4.4555 1.2201 -11.0469 2.9610 6.5469 -9.2149 2.9610 6.5469 -9.2149 -35.3245 -13.6599 41.2281 -83.5730 8.9109 -9.9660 -20.8649 5.0966 -27.1779 49.9409 39.2127 74.8263 -33.0121 -9.2369 30.4977 -18.5976 -4.8216 28.8404 23.5601 22.7075 -4.7957 -0.6395 52.5445 0.3157 -60.9482 -31.9435 -68.8917 -0.0000 0.0000 0.0000 -24.0311 2.7499 0.5854 -5.1116 -12.0076 -0.5379 -8.8144 -11.3585 -11.0449 -0.0000 0.0000 0.0000
0.1477 0.5887 -0.0410 -18.9241 2.9279 -56.3218 -4.3540 1.1104 -10.5402 -4.3540 1.1104 -10.5402 2.9637 5.9190 -9.2950 2.9637 5.9190 -9.2950 -36.9389 -14.0738 40.5659 -81.1331 9.4168 -10.9908 -21.0913 5.3498 -28.1761 49.3304 39.0935 75.4183 -33.5373 -9.2513 30.0604 -18.5697 -4.8388 28.9813 23.2499 23.1662 -4.8290 -2.2239 52.6294 1.0999 -61.0649 -34.6342 -68.5673 -0.0000 0.0000 0.0000 -24.5917 1.0462 0.2280 -3.8407 -10.9986 -0.3699 -7.9034 -11.8838 -9.8847 -0.0000 0.0000 0.0000
0.1456 0.5874 -0.0398 -18.4063 3.3166 -57.0988 -4.2411 0.9922 -10.0289 -4.2411 0.9922 -10.0289 2.9622 5.2869 -9.3831 2.9622 5.2869 -9.3831 -39.0326 -14.3007 38.9814 -78.4853 9.8894 -12.0922 -20.9918 5.5717 -29.4329 48.6415 38.7154 75.7194 -34.3028 -9.2808 29.4703 -18.6522 -4.8729 29.0511 23.2111 23.3793 -4.8663 -3.3755 52.3811 1.6606 -60.5717 -37.9235 -67.5126 -0.0000 0.0000 0.0000 -25.2823 -0.6668 -0.1496 -2.6744 -9.5017 -0.2223 -7.2762 -12.4220 -9.0819 -0.0000 0.0000 0.0000
0.1419 0.5886 -0.0380 -17.7828 3.6710 -57.2401 -4.1237 0.8944 -9.6526 -4.1237 0.8944 -9.6526 2.9806 4.6161 -9.5060 2.9806 4.6161 -9.5060 -41.4644 -14.3437 36.7772 -75.4939 10.1187 -13.0473 -20.4824 5.6868 -30.7424 47.8688 38.1839 75.8948 -35.2773 -9.3038 28.7091 -18.8182 -4.9200 29.0680 23.4614 23.3475 -4.9133 -4.1087 51.7596 1.9939 -59.2282 -41.4334 -65.5443 -0.0000 0.0000 0.0000 -25.2974 -3.0420 -0.6828 -2.0687 -6.9998 -0.1265 -6.6120 -13.1220 -8.2309 -0.0000 0.0000 0.0000
0.1383 0.5918 -0.0352 -17.0436 4.0775 -56.8825 -3.9706 0.8200 -9.4189 -3.9706 0.8200 -9.4189 2.9821 3.8894 -9.6237 2.9821 3.8894 -9.6237 -44.4238 -14.0968 33.6922 -72.2697 10.5035 -14.3504 -19.1042 5.5178 -31.9600 46.9567 37.5524 76.0987 -36.4397 -9.3114 27.7922 -19.0511 -4.9774 29.0429 23.8580 23.0316 -4.9292 -4.6067 50.9370 2.1951 -56.8068 -44.9160 -62.4645 -0.0000 0.0000 0.0000 -25.1628 -5.8802 -1.3135 -1.4429 -3.8720 -0.0488 -6.1142 -13.6915 -7.5949 -0.0000 0.0000 0.0000
0.1345 0.5959 -0.0306 -16.2814 4.4444 -55.9463 -3.7925 0.7978 -9.3879 -3.7925 0.7978 -9.3879 2.9112 3.0664 -9.7611 2.9112 3.0664 -9.7611 -47.8777 -13.4997 29.8553 -69.0836 10.9976 -15.9225 -17.3887 5.1779 -32.9442 45.9697 36.9673 76.4826 -37.8094 -9.2502 26.5819 -19.2682 -5.0335 29.0339 24.4656 22.4707 -4.9322 -4.9872 50.1067 2.3324 -53.6883 -47.1998 -58.8363 -0.0000 0.0000 0.0000 -23.9091 -9.8742 -2.0956 -1.7260 0.6442 0.0097 -5.6349 -14.3951 -6.9809 -0.0000 0.0000 0.0000
0.1285 0.5999 -0.0237 -15.6072 4.6983 -54.4828 -3.6378 0.8599 -9.6612 -3.6378 0.8599 -9.6612 2.7529 2.1735 -9.9066 2.7529 2.1735 -9.9066 -51.4408 -12.5983 25.8137 -66.4483 11.7157 -17.8049 -15.5666 4.7079 -33.4768 44.9694 36.6129 77.2727 -39.2897 -9.0758 25.0702 -19.4030 -5.0796 29.0899 25.2327 21.8231 -4.9414 -5.1878 49.3053 2.3822 -50.9609 -48.3630 -55.7809 -0.0000 0.0000 0.0000 -21.1532 -15.6285 -2.9358 -3.5642 7.2337 0.2254 -4.9215 -15.5318 -6.0710 -0.0000 0.0000 0.0000
0.1218 0.6028 -0.0149 -15.0956 4.8672 -52.7403 -3.5166 1.0036 -10.2201 -3.5166 1.0036 -10.2201 2.5410 1.2192 -10.0735 2.5410 1.2192 -10.0735 -54.3414 -11.5467 22.2868 -64.3644 12.9130 -20.3890 -13.5595 4.0742 -33.3137 43.9976 36.5287 78.4906 -40.7257 -8.7963 23.4148 -19.4450 -5.1144 29.2193 26.1747 21.3020 -5.0068 -5.2908 48.5340 2.3866 -48.9201 -48.8429 -53.5439 -0.0000 0.0000 0.0000 -17.9579 -22.3290 -3.5723 -6.0478 15.0867 0.8016 -4.2839 -16.7589 -5.2603 -0.0000 0.0000 0.0000
0.1154 0.6044 -0.0050 -14.6930 5.0129 -50.8299 -3.4166 1.2198 -11.0017 -3.4166 1.2198 -11.0017 2.3008 0.2803 -10.1835 2.3008 0.2803 -10.1835 -57.1267 -10.4495 19.0702 -63.1253 14.0529 -22.6902 -11.9755 3.5597 -33.0050 42.9341 36.5909 80.1123 -42.1050 -8.4270 21.6706 -19.4716 -5.1482 29.3655 27.1082 20.9202 -5.0968 -5.5658 47.9308 2.4756 -47.6212 -48.3979 -52.2122 -0.0000 0.0000 0.0000 -15.2237 -29.0737 -3.9694 -8.6847 23.3109 1.7948 -3.8811 -17.6561 -4.7499 -0.0000 0.0000 0.0000
0.1077 0.6043 0.0052 -14.3553 5.2037 -48.9123 -3.3076 1.4867 -11.8934 -3.3076 1.4867 -11.8934 2.0881 -0.6170 -10.2254 2.0881 -0.6170 -10.2254 -59.8449 -9.4816 16.3989 -62.8545 14.9022 -24.1615 -11.2170 3.3211 -32.8948 41.6895 36.6595 82.0526 -43.4126 -7.9803 19.8778 -19.5484 -5.1901 29.4809 27.9520 20.6540 -5.1933 -5.8204 47.4163 2.5578 -46.9590 -47.0659 -51.6692 -0.0000 0.0000 0.0000 -13.3411 -35.2981 -4.2619 -11.0025 31.0614 3.0663 -3.5316 -18.0975 -4.3152 -0.0000 0.0000 0.0000
0.0997 0.6024 0.0146 -13.9670 5.6227 -47.3175 -3.1320 1.7387 -12.7084 -3.1320 1.7387 -12.7084 1.8994 -1.4624 -10.1264 1.8994 -1.4624 -10.1264 -62.6970 -8.5925 14.0608 -62.7599 15.7543 -25.5615 -11.1664 3.3369 -33.1847 40.2245 36.5505 84.0898 -44.6204 -7.5201 18.1985 -19.7445 -5.2494 29.5146 28.6773 20.3262 -5.2472 -6.1305 47.1347 2.6763 -46.7657 -45.4319 -51.6671 -0.0000 0.0000 0.0000 -14.6007 -38.7750 -5.1627 -10.2640 36.2384 3.3666 -3.8611 -17.8440 -4.7221 -0.0000 0.0000 0.0000
0.0901 0.5985 0.0223 -13.5304 6.2057 -46.0182 -2.9220 1.9749 -13.4746 -2.9220 1.9749 -13.4746 1.6960 -2.2741 -9.8912 1.6960 -2.2741 -9.8912 -65.7834 -7.6177 11.7549 -62.6462 16.4219 -26.6783 -12.0177 3.6686 -33.8448 38.6099 36.3078 86.2164 -45.7147 -7.0503 16.6286 -20.0282 -5.3213 29.4884 29.5635 20.0755 -5.3483 -6.6573 46.8415 2.8864 -47.1740 -43.2225 -52.3911 -0.0000 0.0000 0.0000 -17.5812 -40.1662 -6.4720 -7.6241 39.4107 2.7341 -4.4448 -17.4449 -5.4437 -0.0000 0.0000 0.0000
0.0791 0.5930 0.0278 -13.0529 6.8755 -45.0221 -2.7246 2.2276 -14.3319 -2.7246 2.2276 -14.3319 1.4155 -3.0717 -9.4740 1.4155 -3.0717 -9.4740 -69.0642 -6.1081 8.8674 -61.7836 16.9497 -27.9695 -12.9197 4.0544 -34.7199 36.8070 36.0345 88.6990 -46.6189 -6.5761 15.1897 -20.3600 -5.3999 29.4292 30.7086 19.8769 -5.5091 -7.1351 46.4533 3.0652 -48.4712 -41.2832 -54.0499 -0.0000 0.0000 0.0000 -20.7990 -40.6543 -7.7788 -4.7062 41.6656 1.7917 -5.0970 -17.0991 -6.2501 -0.0000 0.0000 0.0000
0.0652 0.5864 0.0309 -12.6441 7.5197 -44.3648 -2.5519 2.5171 -15.2820 -2.5519 2.5171 -15.2820 1.0785 -3.8931 -9.0110 1.0785 -3.8931 -9.0110 -71.8275 -4.0428 5.5800 -60.0073 17.6141 -30.0391 -13.0466 4.2317 -35.8111 34.8902 35.8006 91.5735 -47.2819 -6.0939 13.8663 -20.6781 -5.4769 29.3827 32.1708 19.7721 -5.7539 -7.3851 45.9036 3.1310 -50.5861 -40.3655 -56.4604 -0.0000 0.0000 0.0000 -23.4177 -41.0957 -8.8842 -2.1512 43.8077 0.8650 -5.6853 -16.8511 -6.9774 -0.0000 0.0000 0.0000
0.0526 0.5798 0.0317 -12.2081 8.1814 -43.8999 -2.3383 2.7704 -16.0908 -2.3383 2.7704 -16.0908 0.7231 -4.7598 -8.6273 0.7231 -4.7598 -8.6273 -73.9970 -1.2414 1.6475 -57.7113 18.2617 -32.5228 -12.0550 4.0366 -36.9125 32.9794 35.3922 94.2918 -47.8931 -5.5944 12.5564 -21.0162 -5.5565 29.3229 33.6273 19.6483 -5.9907 -7.4736 45.2842 3.1210 -52.8764 -39.9289 -58.9890 -0.0000 0.0000 0.0000 -25.0491 -42.4126 -9.8525 -0.7946 46.7315 0.3433 -6.0382 -16.6486 -7.4158 -0.0000 0.0000 0.0000
0.0394 0.5738 0.0303 -11.6065 8.9711 -43.5488 -2.0284 2.9196 -16.5252 -2.0284 2.9196 -16.5252 0.4331 -5.7317 -8.4409 0.4331 -5.7317 -8.4409 -75.4083 2.6891 -3.4784 -54.4292 18.7584 -35.6136 -9.4880 3.2657 -37.9151 31.1412 34.6379 96.4316 -48.6780 -5.0409 11.1163 -21.4284 -5.6444 29.2066 34.8425 19.2312 -6.0861 -7.2878 44.6901 2.9990 -54.6617 -39.7564 -60.9302 -0.0000 0.0000 0.0000 -26.6304 -44.0316 -10.9328 0.2403 49.9545 -0.1119 -6.5093 -16.3280 -8.0034 -0.0000 0.0000 0.0000
0.0281 0.5688 0.0273 -10.6190 10.1127 -43.4143 -1.5850 2.8892 -16.5407 -1.5850 2.8892 -16.5407 0.2419 -6.8183 -8.3977 0.2419 -6.8183 -8.3977 -75.7436 7.6858 -9.8732 -49.6927 18.8234 -39.3921 -5.4251 1.9006 -38.5902 29.3789 33.4576 97.8107 -49.6785 -4.4903 9.6822 -21.9567 -5.7434 28.9965 35.5782 18.2698 -5.9069 -6.9286 44.1867 2.8153 -55.6977 -40.4705 -61.9329 -0.0000 0.0000 0.0000 -30.0508 -43.8681 -12.3384 3.8260 51.3168 -1.8384 -7.4777 -16.0655 -9.2016 -0.0000 0.0000 0.0000
0.0173 0.5646 0.0230 -9.2890 11.5294 -43.5165 -1.0733 2.6975 -16.2254 -1.0733 2.6975 -16.2254 0.1207 -7.9784 -8.4850 0.1207 -7.9784 -8.4850 -74.5956 13.1532 -17.2130 -44.3326 18.2369 -43.0055 -0.6024 0.2095 -38.3548 27.8146 32.0265 98.4268 -50.8044 -3.9891 8.3887 -22.5461 -5.8451 28.7313 35.8886 17.0556 -5.5602 -6.5422 43.6745 2.6240 -55.6893 -41.9981 -61.6994 -0.0000 0.0000 0.0000 -35.3109 -40.4499 -13.3763 10.4179 49.2275 -4.7831 -8.8168 -16.0977 -10.8450 -0.0000 0.0000 0.0000
0.0076 0.5607 0.0175 -7.7280 13.0580 -43.8794 -0.5648 2.4597 -15.8742 -0.5648 2.4597 -15.8742 0.0050 -9.1894 -8.5307 0.0050 -9.1894 -8.5307 -71.3271 18.5233 -25.6049 -38.5195 16.9627 -46.2231 4.8707 -1.6350 -37.0943 26.2494 30.5390 98.9998 -51.9109 -3.5148 7.2134 -23.1454 -5.9433 28.4505 35.8131 15.9288 -5.1768 -6.1439 43.0691 2.4264 -55.3216 -44.1990 -60.9906 -0.0000 0.0000 0.0000 -40.9606 -33.8915 -12.9849 17.8295 43.3123 -7.1279 -10.5788 -16.1290 -13.0050 -0.0000 0.0000 0.0000
-0.0017 0.5564 0.0111 -6.1806 14.4491 -44.4324 -0.1211 2.2576 -15.6690 -0.1211 2.2576 -15.6690 -0.1148 -10.4035 -8.5267 -0.1148 -10.4035 -8.5267 -65.9596 22.4425 -34.0001 -32.7391 15.3344 -49.2446 10.7815 -3.3898 -34.8195 24.6571 29.1577 99.9176 -52.8143 -3.0302 6.0981 -23.6865 -6.0332 28.2133 35.5818 15.0793 -4.8640 -5.6841 42.3793 2.2051 -54.8334 -46.9265 -60.0889 -0.0000 0.0000 0.0000 -45.1520 -27.0048 -11.4026 23.1606 36.1288 -7.6473 -12.3406 -16.2182 -15.1579 -0.0000 0.0000 0.0000
-0.0114 0.5516 0.0036 -4.7622 15.6210 -45.1484 0.2495 2.1114 -15.5957 0.2495 2.1114 -15.5957 -0.2280 -11.6451 -8.4764 -0.2280 -11.6451 -8.4764 -59.6190 24.2244 -41.0695 -27.4491 13.6319 -52.1544 16.3791 -4.6336 -31.4036 23.0508 27.8865 101.2062 -53.4705 -2.5080 4.9766 -24.1669 -6.1164 28.0252 35.3406 14.4919 -4.6389 -5.2168 41.8246 1.9946 -54.2698 -49.2347 -59.1765 -0.0000 0.0000 0.0000 -47.6399 -22.2120 -9.9058 26.2778 30.2873 -7.2295 -13.8645 -16.2575 -17.0184 -0.0000 0.0000 0.0000
-0.0204 0.5465 -0.0051 -3.5012 16.5805 -45.9771 0.5823 2.0510 -15.6490 0.5823 2.0510 -15.6490 -0.3094 -12.8276 -8.2766 -0.3094 -12.8276 -8.2766 -53.1810 24.5387 -46.9667 -22.2720 11.6129 -54.6418 21.3905 -5.2235 -27.1562 21.3416 26.6845 103.0677 -53.9566 -1.8798 3.6919 -24.5737 -6.1937 27.9013 35.2933 14.0217 -4.4806 -4.8476 41.4870 1.8369 -53.7595 -51.3437 -58.3557 -0.0000 0.0000 0.0000 -49.2725 -20.3575 -9.4142 28.4101 27.3095 -7.0380 -15.1703 -15.8822 -18.6383 -0.0000 0.0000 0.0000
-0.0278 0.5415 -0.0148 -2.3065 17.4458 -46.8638 0.9299 2.0494 -15.7976 0.9299 2.0494 -15.7976 -0.3669 -13.9211 -7.8766 -0.3669 -13.9211 -7.8766 -47.1299 24.0252 -52.0121 -17.3807 9.3635 -56.3633 25.4167 -5.1305 -22.4730 19.5465 25.4623 105.3566 -54.3619 -1.1691 2.2765 -24.9218 -6.2677 27.8312 35.5413 13.3919 -4.3097 -4.6498 41.3910 1.7574 -53.1858 -53.2481 -57.5018 -0.0000 0.0000 0.0000 -50.8272 -20.9119 -10.0219 30.6855 26.8750 -7.5012 -16.1097 -15.8425 -19.7879 -0.0000 0.0000 0.0000
-0.0344 0.5368 -0.0252 -1.2245 18.1873 -47.7904 1.2946 2.0810 -15.9529 1.2946 2.0810 -15.9529 -0.4486 -14.8636 -7.3246 -0.4486 -14.8636 -7.3246 -41.8734 23.1565 -56.3368 -13.1640 7.1849 -57.1024 28.1948 -4.4963 -17.7694 17.8149 24.2605 107.8012 -54.6906 -0.4178 0.8080 -25.1697 -6.3376 27.8551 36.1822 12.4653 -4.0865 -4.6025 41.8083 1.7587 -52.0130 -54.0631 -56.1617 -0.0000 0.0000 0.0000 -52.6677 -22.9188 -11.4594 33.4562 28.3177 -8.6718 -16.7732 -15.8942 -20.5930 -0.0000 0.0000 0.0000
-0.0402 0.5323 -0.0358 -0.2503 18.8167 -48.7587 1.6620 2.1312 -16.1069 1.6620 2.1312 -16.1069 -0.5733 -15.6831 -6.6829 -0.5733 -15.6831 -6.6829 -37.2125 22.0976 -60.2282 -9.6823 5.2783 -57.1134 29.9173 -3.6037 -13.4307 16.1987 23.0981 110.2916 -54.9337 0.3339 -0.6423 -25.3282 -6.4048 27.9647 37.0571 11.5442 -3.8807 -4.9648 42.4947 1.9315 -51.0262 -53.9970 -55.1293 -0.0000 0.0000 0.0000 -54.9642 -25.3477 -13.3438 36.7963 30.4911 -10.3600 -17.1607 -16.1289 -21.0468 -0.0000 0.0000 0.0000
-0.0458 0.5279 -0.0460 0.6156 19.3310 -49.7683 2.0038 2.1759 -16.2349 2.0038 2.1759 -16.2349 -0.7257 -16.3342 -6.0012 -0.7257 -16.3342 -6.0012 -32.8434 20.7405 -63.6727 -6.7371 3.6222 -56.4904 31.0313 -2.7027 -9.7137 14.7709 22.0093 112.6294 -55.0663 1.0340 -1.9834 -25.4229 -6.4706 28.1368 38.0167 10.7193 -3.7022 -5.5930 43.2616 2.2194 -50.1523 -53.5182 -54.2659 -0.0000 0.0000 0.0000 -57.4003 -27.9377 -15.5106 40.2893 32.8671 -12.3505 -17.2575 -16.5814 -21.1292 -0.0000 0.0000 0.0000
-0.0514 0.5237 -0.0553 1.4053 19.7413 -50.8752 2.3054 2.2091 -16.3193 2.3054 2.2091 -16.3193 -0.8728 -16.8318 -5.3407 -0.8728 -16.8318 -5.3407 -28.6932 19.0527 -66.5405 -4.3980 2.3192 -55.5924 31.7666 -1.9252 -6.7588 13.4939 20.9609 114.7999 -55.0707 1.6802 -3.2222 -25.4973 -6.5367 28.3307 38.8044 10.1861 -3.5958 -6.5923 44.0243 2.6675 -49.5815 -52.8565 -53.7441 -0.0000 0.0000 0.0000 -59.7715 -30.2558 -17.6623 43.5337 34.8406 -14.2826 -17.1547 -17.0882 -20.9650 -0.0000 0.0000 0.0000
-0.0566 0.5195 -0.0632 2.1557 20.0793 -52.0669 2.5839 2.2420 -16.3813 2.5839 2.2420 -16.3813 -0.9972 -17.0771 -4.6406 -0.9972 -17.0771 -4.6406 -24.8254 17.1377 -68.7918 -2.4922 1.2837 -54.4986 32.6050 -1.3653 -4.6659 12.2916 19.9091 116.9404 -54.9853 2.3094 -4.4361 -25.5585 -6.6031 28.5396 39.3232 10.0641 -3.6040 -7.8963 44.4443 3.2302 -49.0039 -53.0002 -53.1144 -0.0000 0.0000 0.0000 -61.9817 -32.4031 -19.7992 46.3127 36.5981 -16.1010 -16.9844 -17.6320 -20.7171 -0.0000 0.0000 0.0000
-0.0610 0.5158 -0.0695 2.8306 20.3474 -53.2254 2.8306 2.2776 -16.3889 2.8306 2.2776 -16.3889 -1.0900 -17.1573 -4.0344 -1.0900 -17.1573 -4.0344 -21.2364 15.1299 -70.6271 -0.9174 0.4602 -53.2777 33.3904 -0.8553 -2.8513 11.2042 18.8832 118.9320 -54.8614 2.9458 -5.6723 -25.6122 -6.6701 28.7578 39.5671 10.2999 -3.7136 -9.2949 44.4556 3.8054 -48.1569 -53.9297 -52.1039 -0.0000 0.0000 0.0000 -64.0273 -34.1903 -21.7678 48.7091 38.0052 -17.7208 -16.7138 -18.4968 -20.3255 -0.0000 0.0000 0.0000
-0.0652 0.5126 -0.0741 3.4408 20.5698 -54.3204 3.0418 2.3106 -16.3004 3.0418 2.3106 -16.3004 -1.1574 -17.1864 -3.6074 -1.1574 -17.1864 -3.6074 -17.9575 13.1400 -72.1788 0.3989 -0.1945 -51.9893 33.8397 -0.2779 -0.9134 10.2527 17.9047 120.6785 -54.7475 3.5965 -6.9398 -25.6636 -6.7377 28.9803 39.6796 10.5936 -3.8317 -10.6521 44.3492 4.3520 -46.9848 -54.7384 -50.7659 -0.0000 0.0000 0.0000 -65.8944 -35.7548 -23.6150 50.7650 39.1585 -19.1573 -16.5344 -19.1829 -20.0592 -0.0000 0.0000 0.0000
-0.0690 0.5101 -0.0774 3.9604 20.7605 -55.2657 3.1984 2.3321 -16.0933 3.1984 2.3321 -16.0933 -1.2010 -17.2957 -3.4414 -1.2010 -17.2957 -3.4414 -15.1714 11.3525 -73.4719 1.5387 -0.7311 -50.8235 33.8307 0.3285 1.0801 9.4876 17.0278 121.9969 -54.6662 4.2481 -8.2086 -25.7373 -6.8073 29.1847 39.7500 10.9290 -3.9613 -11.9730 44.1738 4.8733 -45.5785 -55.5605 -49.1805 -0.0000 0.0000 0.0000 -67.5491 -37.2099 -25.3760 52.5074 40.1533 -20.4376 -16.3667 -19.7771 -19.8149 -0.0000 0.0000 0.0000
-0.0724 0.5081 -0.0800 4.3979 20.9244 -56.0228 3.3069 2.3422 -15.7998 3.3069 2.3422 -15.7998 -1.2171 -17.4887 -3.4780 -1.2171 -17.4887 -3.4780 -12.6505 9.6715 -74.7035 2.5205 -1.1627 -49.5220 33.3793 0.9483 3.1623 8.8882 16.2643 122.9161 -54.6251 4.8943 -9.4617 -25.8253 -6.8785 29.3779 39.8752 11.1722 -4.0638 -12.9869 43.9750 5.2626 -43.6076 -56.6242 -46.9724 -0.0000 0.0000 0.0000 -68.9184 -38.6377 -27.0531 53.8838 41.0918 -21.5702 -16.1623 -20.3627 -19.5284 -0.0000 0.0000 0.0000
-0.0757 0.5066 -0.0824 4.7263 21.0495 -56.5606 3.3860 2.3450 -15.4666 3.3860 2.3450 -15.4666 -1.2231 -17.7093 -3.6547 -1.2231 -17.7093 -3.6547 -10.3107 8.0472 -75.8829 3.3487 -1.4948 -48.1010 32.5058 1.5344 5.2601 8.4225 15.6078 123.5050 -54.5855 5.5248 -10.6846 -25.9129 -6.9506 29.5737 40.1251 11.2937 -4.1361 -13.6946 43.8681 5.5367 -41.4075 -57.7855 -44.5156 -0.0000 0.0000 0.0000 -70.0998 -40.1949 -28.7918 55.0348 42.2491 -22.7604 -15.8814 -20.9376 -19.1523 -0.0000 0.0000 0.0000
-0.0786 0.5052 -0.0851 5.0384 21.1685 -56.9749 3.4819 2.3459 -15.2160 3.4819 2.3459 -15.2160 -1.2475 -17.9262 -3.7899 -1.2475 -17.9262 -3.7899 -8.1859 6.4897 -76.7786 4.1610 -1.8027 -46.8330 31.7320 1.9690 6.9201 7.9803 14.9684 124.0660 -54.5161 6.1124 -11.8329 -25.9856 -7.0226 29.7846 40.4379 11.2833 -4.1673 -14.2433 43.8174 5.7531 -39.2384 -58.7001 -42.1224 -0.0000 0.0000 0.0000 -71.0730 -41.8159 -30.5245 55.8545 43.5209 -23.8944 -15.5759 -21.4732 -18.7507 -0.0000 0.0000 0.0000
-0.0815 0.5040 -0.0883 5.3209 21.2595 -57.2795 3.5908 2.3457 -15.0291 3.5908 2.3457 -15.0291 -1.2954 -18.0893 -3.8713 -1.2954 -18.0893 -3.8713 -6.1340 4.9233 -77.4834 4.9200 -2.0755 -45.7238 31.0285 2.3071 8.2975 7.5755 14.3696 124.5843 -54.4266 6.6511 -12.8941 -26.0254 -7.0935 30.0267 40.8127 11.1610 -4.1635 -14.6144 43.8589 5.9106 -37.3329 -59.1809 -40.0541 -0.0000 0.0000 0.0000 -72.0202 -43.3594 -32.2318 56.5307 44.8505 -25.0210 -15.2489 -21.8274 -18.3366 -0.0000 0.0000 0.0000
-0.0840 0.5030 -0.0918 5.5825 21.3142 -57.5082 3.7058 2.3448 -14.8987 3.7058 2.3448 -14.8987 -1.3657 -18.2000 -3.9017 -1.3657 -18.2000 -3.9017 -4.2159 3.4124 -77.9654 5.5898 -2.3055 -44.8011 30.5142 2.5630 9.3771 7.2092 13.8224 125.0770 -54.3304 7.1379 -13.8596 -26.0270 -7.1625 30.3044 41.1934 10.9470 -4.1247 -14.9348 44.0384 6.0686 -36.1988 -58.9508 -38.8716 -0.0000 0.0000 0.0000 -72.9748 -44.7694 -33.8834 57.1229 46.2180 -26.1539 -14.9328 -21.9066 -17.9535 -0.0000 0.0000 0.0000
-0.0863 0.5020 -0.0953 5.8313 21.3423 -57.6821 3.8184 2.3428 -14.8106 3.8184 2.3428 -14.8106 -1.4602 -18.2889 -3.9070 -1.4602 -18.2889 -3.9070 -2.4543 1.9958 -78.2313 6.1887 -2.5047 -44.0361 30.1222 2.7802 10.3059 6.8799 13.3242 125.5364 -54.2370 7.5807 -14.7419 -26.0052 -7.2302 30.6038 41.5322 10.7302 -4.0790 -15.2081 44.2358 6.2113 -35.3943 -58.4580 -38.0616 -0.0000 0.0000 0.0000 -73.8750 -45.9842 -35.3871 57.5812 47.5564 -27.2218 -14.5553 -21.8939 -17.5025 -0.0000 0.0000 0.0000
-0.0888 0.5012 -0.0985 6.0727 21.3548 -57.8248 3.9130 2.3393 -14.7405 3.9130 2.3393 -14.7405 -1.5593 -18.3650 -3.9100 -1.5593 -18.3650 -3.9100 -0.8893 0.7242 -78.3166 6.7784 -2.7015 -43.4200 29.6689 2.9734 11.1935 6.5957 12.8868 125.9368 -54.1646 7.9903 -15.5555 -25.9781 -7.2977 30.9080 41.8009 10.5405 -4.0348 -15.3911 44.4021 6.3130 -34.5201 -57.9034 -37.1807 -0.0000 0.0000 0.0000 -74.6416 -46.9365 -36.6275 57.8539 48.7344 -28.1058 -14.1255 -21.9115 -16.9870 -0.0000 0.0000 0.0000
-0.0909 0.5005 -0.1011 6.2634 21.3476 -57.9300 3.9779 2.3359 -14.6717 3.9779 2.3359 -14.6717 -1.6532 -18.4419 -3.9602 -1.6532 -18.4419 -3.9602 0.4530 -0.3687 -78.2800 7.3146 -2.8799 -42.9370 29.0464 3.1226 12.0128 6.3741 12.5368 126.2370 -54.1006 8.3689 -16.3076 -25.9586 -7.3656 31.2058 42.0335 10.4277 -4.0158 -15.5270 44.5138 6.3870 -33.5468 -57.2972 -36.1959 -0.0000 0.0000 0.0000 -75.2701 -47.6983 -37.6461 58.0154 49.7962 -28.8650 -13.6377 -21.9702 -16.3996 -0.0000 0.0000 0.0000
-0.0927 0.4998 -0.1029 6.4242 21.3393 -58.0226 4.0219 2.3358 -14.6262 4.0219 2.3358 -14.6262 -1.7256 -18.5139 -4.0321 -1.7256 -18.5139 -4.0321 1.5498 -1.2584 -78.1489 7.9652 -3.1141 -42.6546 28.1283 3.2135 12.7775 6.1805 12.2305 126.5128 -54.0278 8.7265 -17.0233 -25.9621 -7.4354 31.4837 42.1971 10.4164 -4.0285 -15.7414 44.5433 6.4809 -32.6709 -56.7864 -35.3039 -0.0000 0.0000 0.0000 -75.7354 -48.1010 -38.2755 58.1086 50.4660 -29.3429 -13.1668 -22.1478 -15.8258 -0.0000 0.0000 0.0000
-0.0944 0.4989 -0.1041 6.5381 21.3287 -58.0766 4.0445 2.3383 -14.5796 4.0445 2.3383 -14.5796 -1.7720 -18.5858 -4.1404 -1.7720 -18.5858 -4.1404 2.4756 -2.0055 -78.0195 8.6346 -3.3605 -42.4683 26.9600 3.2557 13.5226 6.0304 11.9858 126.7093 -53.9600 9.0689 -17.7091 -25.9832 -7.5069 31.7465 42.3359 10.4532 -4.0574 -15.9409 44.5373 6.5629 -31.8681 -56.4729 -34.4708 -0.0000 0.0000 0.0000 -76.1527 -48.2380 -38.6575 58.3459 50.8033 -29.6954 -12.7106 -22.3832 -15.2671 -0.0000 0.0000 0.0000
-0.0959 0.4978 -0.1047 6.6039 21.3074 -58.1041 4.0551 2.3443 -14.5353 4.0551 2.3443 -14.5353 -1.8018 -18.6364 -4.2520 -1.8018 -18.6364 -4.2520 3.2873 -2.6582 -77.9141 9.1926 -3.5654 -42.3271 25.7069 3.2588 14.2125 5.9118 11.7918 126.8678 -53.8880 9.3975 -18.3708 -26.0056 -7.5788 32.0086 42.4409 10.5365 -4.1010 -16.1997 44.5439 6.6717 -31.5769 -56.2251 -34.1796 -0.0000 0.0000 0.0000 -76.5346 -48.0770 -38.7682 58.7326 50.8077 -29.9235 -12.3228 -22.5604 -14.7938 -0.0000 0.0000 0.0000
-0.0973 0.4964 -0.1048 6.6326 21.2813 -58.1023 4.0674 2.3493 -14.5086 4.0674 2.3493 -14.5086 -1.8290 -18.6768 -4.3640 -1.8290 -18.6768 -4.3640 4.0159 -3.2421 -77.8217 9.6552 -3.7404 -42.2748 24.5462 3.2446 14.8351 5.8146 11.6325 127.0010 -53.8014 9.7025 -18.9940 -26.0241 -7.6505 32.2742 42.5138 10.6596 -4.1570 -16.4231 44.5219 6.7611 -31.4853 -56.3512 -34.0707 -0.0000 0.0000 0.0000 -76.9438 -47.7183 -38.7287 59.3410 50.5985 -30.1434 -12.0275 -22.7381 -14.4315 -0.0000 0.0000 0.0000
-0.0987 0.4950 -0.1045 6.6451 21.2563 -58.0827 4.0836 2.3482 -14.4981 4.0836 2.3482 -14.4981 -1.8477 -18.7025 -4.4609 -1.8477 -18.7025 -4.4609 4.6428 -3.7397 -77.6903 10.0534 -3.8979 -42.3000 23.6837 3.2343 15.3371 5.7351 11.5001 127.1050 -53.7038 9.9808 -19.5718 -26.0400 -7.7222 32.5422 42.5647 10.7746 -4.2075 -16.5411 44.5056 6.8075 -31.4054 -56.7318 -33.9529 -0.0000 0.0000 0.0000 -77.3781 -47.3116 -38.6625 60.1002 50.3192 -30.4039 -11.8510 -22.8808 -14.2134 -0.0000 0.0000 0.0000
-0.1003 0.4937 -0.1040 6.6549 21.2373 -58.0537 4.1026 2.3382 -14.5024 4.1026 2.3382 -14.5024 -1.8553 -18.7136 -4.5357 -1.8553 -18.7136 -4.5357 5.1785 -4.1587 -77.5195 10.4324 -4.0532 -42.3738 23.1966 3.2405 15.6941 5.6692 11.3845 127.1689 -53.5926 10.2305 -20.1015 -26.0627 -7.7948 32.8043 42.5960 10.8675 -4.2474 -16.5228 44.4732 6.7944 -31.2828 -57.1893 -33.7833 -0.0000 0.0000 0.0000 -77.9201 -46.9475 -38.6986 61.0384 50.0448 -30.7704 -11.7500 -22.9264 -14.0904 -0.0000 0.0000 0.0000
-0.1018 0.4927 -0.1034 6.6763 21.2308 -58.0255 4.1207 2.3187 -14.5145 4.1207 2.3187 -14.5145 -1.8496 -18.7229 -4.5912 -1.8496 -18.7229 -4.5912 5.6225 -4.4991 -77.3169 10.8491 -4.2239 -42.4470 22.8907 3.2508 15.9570 5.6099 11.2693 127.1822 -53.4638 10.4568 -20.5953 -26.1078 -7.8697 33.0473 42.5848 10.9464 -4.2772 -16.4167 44.4154 6.7405 -31.1688 -57.6247 -33.6250 -0.0000 0.0000 0.0000 -78.5318 -46.6178 -38.8066 62.0552 49.7582 -31.1726 -11.6985 -22.8971 -14.0303 -0.0000 0.0000 0.0000
-0.1031 0.4921 -0.1031 6.7164 21.2434 -57.9943 4.1322 2.2924 -14.5282 4.1322 2.2924 -14.5282 -1.8339 -18.7471 -4.6378 -1.8339 -18.7471 -4.6378 5.9822 -4.7697 -77.1134 11.2299 -4.3761 -42.4750 22.7170 3.2613 16.1321 5.5484 11.1344 127.1336 -53.3116 10.6715 -21.0794 -26.1968 -7.9493 33.2532 42.5469 10.9799 -4.2862 -16.1918 44.3145 6.6305 -30.8174 -57.9732 -33.2205 -0.0000 0.0000 0.0000 -79.2541 -46.3931 -39.0746 63.1989 49.4814 -31.6546 -11.6140 -22.8536 -13.9314 -0.0000 0.0000 0.0000
-0.1042 0.4917 -0.1036 6.7725 21.2714 -57.9786 4.1383 2.2644 -14.5356 4.1383 2.2644 -14.5356 -1.8195 -18.7769 -4.6754 -1.8195 -18.7769 -4.6754 6.3060 -5.0124 -76.9396 11.5285 -4.4918 -42.4635 22.5138 3.2559 16.2526 5.4712 10.9632 127.0620 -53.1265 10.8881 -21.5848 -26.3270 -8.0334 33.4241 42.4917 10.9963 -4.2865 -15.9696 44.1994 6.5198 -30.5305 -58.1696 -32.8977 -0.0000 0.0000 0.0000 -80.0433 -46.1916 -39.4057 64.3492 49.1854 -32.1259 -11.5230 -22.7689 -13.8266 -0.0000 0.0000 0.0000
-0.1052 0.4914 -0.1051 6.8300 21.3189 -57.9552 4.1417 2.2370 -14.5363 4.1417 2.2370 -14.5363 -1.8099 -18.8213 -4.7256 -1.8099 -18.8213 -4.7256 6.5768 -5.2183 -76.8369 11.7854 -4.5901 -42.4428 22.2224 3.2285 16.3319 5.3805 10.7583 126.9592 -52.9080 11.1115 -22.1223 -26.4988 -8.1222 33.5596 42.4246 11.0313 -4.2928 -15.8030 44.0490 6.4268 -30.1243 -58.3765 -32.4467 -0.0000 0.0000 0.0000 -80.8732 -45.9933 -39.7666 65.4810 48.8878 -32.5837 -11.4475 -22.7477 -13.7373 -0.0000 0.0000 0.0000
-0.1061 0.4912 -0.1078 6.8663 21.3691 -57.8646 4.1464 2.2123 -14.5481 4.1464 2.2123 -14.5481 -1.8001 -18.8679 -4.7985 -1.8001 -18.8679 -4.7985 6.8285 -5.4118 -76.7711 12.0196 -4.6808 -42.4339 21.7271 3.1839 16.4803 5.2948 10.5564 126.8228 -52.6824 11.3362 -22.6702 -26.6796 -8.2123 33.6872 42.4371 11.0104 -4.2859 -15.4147 43.8859 6.2417 -28.8075 -59.0327 -30.9880 -0.0000 0.0000 0.0000 -81.7155 -45.7880 -40.1301 66.6468 48.5738 -33.0486 -11.4091 -22.8479 -13.6866 -0.0000 0.0000 0.0000
-0.1068 0.4909 -0.1115 6.8806 21.4101 -57.6811 4.1557 2.1868 -14.5809 4.1557 2.1868 -14.5809 -1.7872 -18.8988 -4.8898 -1.7872 -18.8988 -4.8898 7.1463 -5.6595 -76.7281 12.2170 -4.7466 -42.3400 21.0221 3.1323 16.7659 5.2253 10.3759 126.6348 -52.4630 11.5499 -23.1975 -26.8512 -8.3020 33.8224 42.5324 10.9206 -4.2613 -14.8323 43.6916 5.9743 -26.9153 -59.9505 -28.8992 -0.0000 0.0000 0.0000 -82.3848 -45.6099 -40.4062 67.6276 48.3072 -33.4368 -11.4057 -23.0468 -13.6731 -0.0000 0.0000 0.0000
-0.1077 0.4908 -0.1160 6.8623 21.3984 -57.3752 4.1619 2.1749 -14.6537 4.1619 2.1749 -14.6537 -1.7640 -18.9303 -4.9796 -1.7640 -18.9303 -4.9796 7.5485 -5.9762 -76.7076 12.4108 -4.8052 -42.2024 20.1141 3.0680 17.1733 5.1519 10.2008 126.4988 -52.2521 11.7834 -23.7637 -26.9853 -8.3884 33.9894 42.7008 10.7393 -4.2084 -13.9214 43.4280 5.5670 -24.0241 -61.0294 -25.7407 -0.0000 0.0000 0.0000 -82.7596 -45.4780 -40.5315 68.3465 48.1219 -33.7282 -11.5203 -23.2594 -13.7999 -0.0000 0.0000 0.0000
-0.1084 0.4912 -0.1212 6.8675 21.3682 -56.9637 4.1705 2.1646 -14.7393 4.1705 2.1646 -14.7393 -1.7736 -19.0341 -5.0949 -1.7736 -19.0341 -5.0949 8.0364 -6.3590 -76.6732 12.6338 -4.8485 -41.8582 19.3697 3.0059 17.4805 5.0609 9.9858 126.3347 -52.0455 12.0380 -24.3734 -27.1165 -8.4749 34.1584 42.9603 10.3586 -4.0856 -12.7129 43.1502 5.0445 -20.7966 -61.7495 -22.2547 -0.0000 0.0000 0.0000 -83.1145 -45.7512 -41.0147 69.0498 48.3364 -34.3115 -11.5919 -23.6313 -13.8677 -0.0000 0.0000 0.0000
-0.1090 0.4924 -0.1265 6.9406 21.3775 -56.3960 4.1631 2.1384 -14.7987 4.1631 2.1384 -14.7987 -1.8038 -19.2182 -5.2715 -1.8038 -19.2182 -5.2715 8.5561 -6.7750 -76.7074 12.9409 -4.8859 -41.2306 18.7903 2.9304 17.5751 4.9873 9.7449 125.8774 -51.8665 12.2954 -24.9782 -27.3285 -8.5698 34.2576 43.3261 9.7052 -3.8627 -11.4404 42.8791 4.5052 -18.2817 -61.6345 -19.5763 -0.0000 0.0000 0.0000 -83.4791 -46.5752 -42.0152 69.6885 49.0498 -35.2423 -11.4986 -24.1948 -13.7300 -0.0000 0.0000 0.0000
-0.1091 0.4946 -0.1312 7.0783 21.4933 -55.3928 4.1104 2.0609 -14.8285 4.1104 2.0609 -14.8285 -1.7625 -19.2670 -5.4122 -1.7625 -19.2670 -5.4122 9.2350 -7.3593 -77.0579 13.4164 -4.9230 -40.1531 17.7151 2.7572 17.5577 5.0854 9.6483 124.4952 -51.8257 12.4557 -25.3182 -27.7202 -8.6816 34.2003 43.7088 8.7420 -3.5119 -9.9491 42.5050 3.8778 -17.5879 -60.5070 -18.8888 -0.0000 0.0000 0.0000 -83.8389 -47.7799 -43.3743 70.1917 50.1852 -36.4286 -11.2586 -24.7586 -13.4185 -0.0000 0.0000 0.0000
-0.1096 0.4980 -0.1345 7.3036 21.8180 -53.7441 3.9757 1.8760 -14.8285 3.9757 1.8760 -14.8285 -1.5850 -18.9117 -5.4754 -1.5850 -18.9117 -5.4754 10.0850 -8.1726 -77.9909 14.5263 -5.0575 -38.2243 15.8124 2.4044 17.1861 5.5961 9.9625 121.4371 -52.0984 12.3454 -24.9528 -28.3959 -8.8154 33.8885 44.0912 7.3264 -2.9702 -7.8226 41.9362 3.0018 -18.1541 -58.6744 -19.5861 -0.0000 0.0000 0.0000 -83.9109 -48.8840 -44.4497 70.2293 51.1411 -37.1931 -11.1204 -24.9791 -13.2443 -0.0000 0.0000 0.0000
-0.1105 0.5025 -0.1358 7.4035 22.2273 -51.2084 3.7864 1.6528 -14.8173 3.7864 1.6528 -14.8173 -1.2454 -17.9941 -5.4948 -1.2454 -17.9941 -5.4948 11.4201 -9.4688 -79.2682 16.6273 -5.4440 -36.0455 13.1244 1.9178 16.5571 6.6048 10.7022 116.7314 -52.7237 12.0014 -23.9511 -29.2316 -8.9523 33.4189 44.5004 5.4829 -2.2446 -5.1520 41.1634 1.9358 -20.1005 -55.9669 -21.8298 -0.0000 0.0000 0.0000 -83.0595 -48.9590 -43.9217 69.4717 51.1153 -36.6882 -11.4772 -24.5346 -13.6886 -0.0000 0.0000 0.0000
-0.1102 0.5079 -0.1356 7.1032 22.4773 -47.5293 3.5816 1.4930 -14.8671 3.5816 1.4930 -14.8671 -0.7184 -16.3293 -5.4770 -0.7184 -16.3293 -5.4770 13.3846 -11.3586 -80.5658 19.8590 -6.2021 -34.3923 9.7858 1.3708 15.9104 8.1225 11.7583 110.8260 -53.6517 11.5541 -22.6266 -30.0232 -9.0752 32.9714 45.0737 3.2591 -1.3527 -1.9508 39.9886 0.7099 -22.3039 -52.4048 -24.4361 -0.0000 0.0000 0.0000 -81.3320 -47.8269 -41.7080 68.3350 50.2529 -35.3168 -12.7830 -23.2386 -15.3084 -0.0000 0.0000 0.0000
-0.1095 0.5138 -0.1346 6.1495 22.1312 -42.8264 3.4663 1.5028 -15.0664 3.4663 1.5028 -15.0664 -0.0810 -14.3207 -5.7302 -0.0810 -14.3207 -5.7302 16.6454 -14.1829 -80.7562 23.7258 -7.1375 -33.0729 6.6128 0.8452 14.5521 9.6670 12.6592 105.3605 -54.4329 11.3796 -21.9280 -30.3959 -9.1741 32.9080 45.7627 0.9290 -0.3921 1.1684 38.6748 -0.4100 -24.8591 -47.9613 -27.5382 -0.0000 0.0000 0.0000 -79.4533 -46.1269 -38.9702 67.8511 49.6901 -34.5969 -14.5571 -21.2620 -17.5434 -0.0000 0.0000 0.0000
-0.1089 0.5205 -0.1335 4.3941 20.6056 -37.4562 3.3727 1.7531 -15.3491 3.3727 1.7531 -15.3491 0.7698 -12.0570 -6.1609 0.7698 -12.0570 -6.1609 20.9756 -17.2996 -78.8246 27.2309 -8.0831 -32.5252 3.9780 0.4286 12.2938 10.8848 13.3188 101.5696 -54.7160 11.7881 -22.5668 -30.0051 -9.2409 33.5625 46.2428 -0.8034 0.3430 4.1613 37.2913 -1.4047 -26.9819 -43.3506 -30.2430 -0.0000 0.0000 0.0000 -77.8920 -44.8372 -36.8802 68.7666 50.7854 -35.9893 -16.0519 -19.0043 -19.4900 -0.0000 0.0000 0.0000
-0.1079 0.5279 -0.1323 2.4497 17.9663 -32.1250 3.1114 2.0927 -15.3591 3.1114 2.0927 -15.3591 2.0027 -9.3149 -6.3991 2.0027 -9.3149 -6.3991 27.1090 -20.3451 -73.3190 31.2814 -9.2085 -32.0954 1.2880 0.1060 9.4091 12.2526 14.0744 97.9864 -54.8362 12.3817 -23.6211 -29.0689 -9.2608 34.6975 46.6576 -2.1157 0.9125 6.2524 36.2924 -2.0510 -28.3639 -38.4902 -32.2066 -0.0000 0.0000 0.0000 -76.5996 -44.2773 -35.6248 70.9207 53.4796 -39.4804 -17.0040 -17.2645 -20.7688 -0.0000 0.0000 0.0000
-0.1065 0.5342 -0.1310 1.0471 15.1284 -27.3742 2.6927 2.2409 -14.8928 2.6927 2.2409 -14.8928 3.2534 -5.9238 -5.8702 3.2534 -5.9238 -5.8702 34.0985 -22.2365 -65.3056 36.4306 -9.9180 -29.5418 -0.7584 -0.0374 5.6508 14.1596 14.9064 92.9757 -55.1171 12.6799 -24.0379 -28.1326 -9.2515 35.7926 47.5870 -4.2813 1.8884 6.6232 36.8475 -2.2085 -27.7905 -32.3776 -32.1289 -0.0000 0.0000 0.0000 -75.5387 -44.0335 -34.7929 73.6957 56.4026 -43.7851 -17.7907 -16.3525 -21.7952 -0.0000 0.0000 0.0000
-0.1040 0.5368 -0.1291 0.4302 12.8527 -23.3075 2.2861 2.1442 -14.0781 2.2861 2.1442 -14.0781 3.7496 -2.0262 -4.3298 3.7496 -2.0262 -4.3298 40.8860 -22.5621 -56.3065 41.5743 -9.3657 -24.3536 -1.7642 -0.0149 0.9690 16.3205 15.4534 86.8332 -55.9130 12.8851 -24.0224 -27.4626 -9.2808 36.7505 49.3093 -8.3458 3.8360 5.0556 39.9792 -1.8401 -23.8891 -23.4151 -28.4649 -0.0000 0.0000 0.0000 -74.9416 -43.3052 -33.8500 76.2255 58.1727 -47.1509 -18.7866 -16.3946 -23.0011 -0.0000 0.0000 0.0000
-0.1007 0.5352 -0.1265 0.4673 11.7044 -19.5146 1.9621 1.8642 -13.1218 1.9621 1.8642 -13.1218 2.8075 1.5844 -2.1186 2.8075 1.5844 -2.1186 46.3312 -21.2233 -47.2932 45.9617 -7.0217 -16.4639 -1.3486 0.0517 -4.3882 18.5610 15.4322 79.3287 -56.6026 12.5543 -23.0906 -27.6383 -9.3198 36.6676 51.6634 -14.6039 7.0992 2.6653 45.4658 -1.1169 -16.3298 -11.4600 -20.3983 -0.0000 0.0000 0.0000 -75.0979 -42.1044 -32.9643 78.2058 58.5378 -48.9805 -20.5791 -16.8390 -25.1321 -0.0000 0.0000 0.0000
-0.0949 0.5304 -0.1232 0.7332 11.4423 -15.6512 1.7872 1.5582 -12.4300 1.7872 1.5582 -12.4300 0.7677 4.0039 -0.1424 0.7677 4.0039 -0.1424 49.9818 -18.5865 -38.6886 47.2597 -3.3081 -7.5524 1.4763 -0.1232 -9.5389 20.4920 14.8361 71.5298 -56.2710 11.5070 -21.3411 -28.6522 -9.3915 35.6593 54.0688 -21.8837 11.2682 1.0063 52.0393 -0.4912 -8.3429 0.5032 -11.0225 -0.0000 0.0000 0.0000 -75.9339 -40.8382 -32.3981 80.4030 58.2894 -50.4640 -23.0415 -17.3166 -28.0533 -0.0000 0.0000 0.0000
-0.0891 0.5242 -0.1194 0.8174 11.4633 -11.4590 1.7569 1.3207 -12.1390 1.7569 1.3207 -12.1390 -1.5305 5.3709 1.4056 -1.5305 5.3709 1.4056 50.9566 -15.4589 -31.7979 45.6863 -0.5682 -1.3488 6.6206 -0.7333 -12.6272 21.9695 13.9247 64.3508 -54.6212 9.8038 -18.8602 -29.9929 -9.4082 34.1513 55.6058 -28.4179 15.2099 1.5340 57.5348 -0.8422 -3.1251 7.4237 -4.2875 -0.0000 0.0000 0.0000 -77.1632 -39.8861 -32.2878 83.3011 58.1613 -52.6387 -25.5821 -17.6096 -31.0668 -0.0000 0.0000 0.0000
-0.0822 0.5195 -0.1151 0.6667 11.5300 -7.1877 1.7829 1.1224 -11.8575 1.7829 1.1224 -11.8575 -3.7716 6.6311 2.5909 -3.7716 6.6311 2.5909 50.4731 -12.2793 -25.7115 41.2975 1.1795 3.1292 14.0299 -1.6015 -12.9601 23.9657 13.0895 56.7864 -51.3276 7.2983 -15.1215 -31.7184 -9.6072 32.9573 56.0395 -33.6883 18.3049 3.9563 61.4384 -2.3515 -0.9197 10.4994 -1.2850 -0.0000 0.0000 0.0000 -78.2083 -38.7868 -31.9344 85.6617 57.8479 -54.2469 -27.9559 -17.7816 -33.8768 -0.0000 0.0000 0.0000
-0.0729 0.5193 -0.1101 0.3514 11.7586 -3.1540 1.8872 0.9094 -11.4299 1.8872 0.9094 -11.4299 -6.1144 7.9539 3.8219 -6.1144 7.9539 3.8219 49.5723 -9.3121 -20.0047 34.5860 1.8060 5.7965 21.2431 -1.9522 -10.3826 26.9713 12.4169 48.7998 -46.4586 4.3042 -10.0075 -33.2862 -10.1049 32.9517 55.8393 -38.0669 20.7196 6.9642 64.2699 -4.3778 0.2465 12.5115 0.3488 -0.0000 0.0000 0.0000 -78.9607 -37.2027 -30.9918 86.4548 57.0047 -54.0803 -29.9054 -17.8177 -36.1858 -0.0000 0.0000 0.0000
-0.0605 0.5251 -0.1043 -0.0351 12.2023 0.2860 2.0901 0.6891 -10.7954 2.0901 0.6891 -10.7954 -8.3974 9.2190 5.0289 -8.3974 9.2190 5.0289 48.5613 -6.5976 -14.5625 27.6838 1.6364 6.6344 26.3225 -1.5057 -6.4326 30.8026 11.8907 41.4175 -40.7378 1.7657 -4.7533 -33.6615 -10.8933 34.9897 55.6128 -41.8364 22.7939 8.7074 66.8547 -5.7537 1.0571 14.3277 1.5131 -0.0000 0.0000 0.0000 -79.4019 -35.2669 -29.5670 85.2777 55.7559 -51.9400 -31.5202 -17.7251 -38.1069 -0.0000 0.0000 0.0000
-0.0473 0.5354 -0.0976 -0.4832 13.0252 3.0333 2.3702 0.4676 -9.8954 2.3702 0.4676 -9.8954 -10.4859 10.1285 6.2021 -10.4859 10.1285 6.2021 46.7174 -4.0659 -9.3973 21.6470 1.2864 6.7211 28.6962 -0.7381 -2.8849 34.9074 11.2636 34.8269 -34.4802 -0.0896 0.2889 -31.7220 -11.2290 38.1714 55.7690 -45.3051 24.9048 8.9488 69.4309 -6.2066 1.2013 16.3345 1.7429 -0.0000 0.0000 0.0000 -79.2989 -33.0975 -27.6674 82.0235 54.0259 -47.8207 -33.0207 -17.2120 -39.9457 -0.0000 0.0000 0.0000
-0.0328 0.5469 -0.0910 -1.0076 14.3765 5.1056 2.7245 0.2338 -8.7189 2.7245 0.2338 -8.7189 -12.1891 10.5929 7.1212 -12.1891 10.5929 7.1212 43.9457 -2.0399 -5.0531 16.6231 1.0533 7.2009 28.9042 -0.2830 -1.0979 39.3271 10.6891 29.3420 -28.6288 -1.2378 4.8482 -27.1417 -10.8309 42.8829 56.7020 -48.4626 27.3009 7.0652 71.7158 -5.1096 1.0264 18.3711 1.5109 -0.0000 0.0000 0.0000 -78.2443 -30.7732 -25.2321 77.1931 51.7445 -42.3231 -34.7187 -15.7401 -42.1563 -0.0000 0.0000 0.0000
-0.0179 0.5576 -0.0859 -1.6334 16.0705 6.7889 3.1593 0.0385 -7.5640 3.1593 0.0385 -7.5640 -13.2473 10.4680 7.6796 -13.2473 10.4680 7.6796 40.8420 -0.8424 -2.2624 12.2273 0.8968 8.3583 27.9102 -0.1272 -0.5118 43.5813 10.5987 26.1249 -24.2677 -1.7665 8.2029 -20.7012 -9.2841 47.9364 58.3220 -51.3829 30.0523 2.7703 74.0480 -2.0896 0.7399 19.7682 1.1005 -0.0000 0.0000 0.0000 -76.6911 -28.6392 -22.8316 71.8488 49.1102 -36.6320 -36.3929 -13.9226 -44.4066 -0.0000 0.0000 0.0000
-0.0005 0.5662 -0.0835 -2.2932 17.7810 8.1315 3.6280 -0.1266 -6.6720 3.6280 -0.1266 -6.6720 -13.7212 10.1122 7.8482 -13.7212 10.1122 7.8482 37.5377 0.0766 0.2255 8.2936 0.6487 8.9288 26.6611 -0.0349 -0.1473 47.5735 11.2437 25.1780 -21.1765 -2.0131 10.7388 -13.5235 -6.6280 52.0599 60.3772 -53.9241 32.9701 -3.0686 76.2569 2.4088 0.5270 20.6056 0.7888 -0.0000 0.0000 0.0000 -73.8884 -26.3816 -19.9925 65.9349 46.4139 -31.0808 -38.2500 -12.4223 -46.8396 -0.0000 0.0000 0.0000
0.0194 0.5719 -0.0824 -2.9394 19.3120 9.2489 4.0941 -0.2603 -6.0912 4.0941 -0.2603 -6.0912 -13.8325 9.5970 7.9652 -13.8325 9.5970 7.9652 34.3445 0.7562 2.4467 5.3794 0.4061 8.6270 25.4878 0.0200 0.0882 50.5893 12.3887 25.8687 -18.8833 -2.1192 12.6927 -6.8556 -3.5965 55.3224 62.7281 -56.2490 36.0912 -9.8539 78.4118 8.0450 0.9724 21.0246 1.4604 -0.0000 0.0000 0.0000 -70.6177 -24.2682 -17.3171 60.4691 43.8905 -26.4304 -40.0988 -11.2548 -49.2165 -0.0000 0.0000 0.0000
0.0339 0.5749 -0.0803 -3.6021 20.7869 10.3479 4.5771 -0.3563 -5.5285 4.5771 -0.3563 -5.5285 -14.0670 8.8003 8.2391 -14.0670 8.8003 8.2391 30.9994 1.1015 3.9703 3.2388 0.2323 8.2041 25.0618 0.1005 0.4524 52.7308 14.0552 27.9332 -18.0160 -2.1551 13.5330 -2.6428 -1.4522 57.5719 65.2221 -58.5139 39.4360 -20.2497 80.5787 17.2167 2.1071 21.0706 3.1653 -0.0000 0.0000 0.0000 -67.6965 -22.4952 -15.1939 55.5943 41.4558 -22.5644 -41.5157 -9.5189 -51.1979 -0.0000 0.0000 0.0000
0.0501 0.5758 -0.0750 -4.3082 22.2120 11.5933 5.0865 -0.4120 -4.9747 5.0865 -0.4120 -4.9747 -14.5857 7.7192 8.7658 -14.5857 7.7192 8.7658 27.3983 1.2505 5.1271 1.5974 0.1117 8.0011 25.4400 0.1817 0.8049 53.9339 15.9341 30.7598 -18.3671 -2.0797 12.8117 -1.1093 -0.6269 58.9416 67.5135 -60.9087 42.9068 -35.9346 82.4808 31.7407 3.7156 20.6206 5.5604 -0.0000 0.0000 0.0000 -64.8156 -20.6580 -13.1992 49.9594 38.7004 -18.5832 -42.0325 -7.1232 -52.2664 -0.0000 0.0000 0.0000
0.0722 0.5762 -0.0666 -5.0411 23.4772 12.9969 5.5817 -0.4337 -4.3769 5.5817 -0.4337 -4.3769 -15.1206 6.5717 9.2163 -15.1206 6.5717 9.2163 23.1773 1.2714 6.1943 -0.0515 -0.0036 7.9051 26.7138 0.1829 0.7703 54.9391 17.8014 33.5280 -18.4493 -1.8709 11.4821 0.3865 0.2244 60.2747 69.2231 -63.5080 46.2591 -56.5960 83.6013 51.4119 6.1860 19.0974 9.1446 -0.0000 0.0000 0.0000 -61.2979 -18.3186 -10.9150 42.9402 35.3267 -14.2775 -41.5858 -3.4926 -52.4729 -0.0000 0.0000 0.0000
0.0970 0.5782 -0.0570 -5.7591 24.2539 14.5992 6.0844 -0.4472 -3.9492 6.0844 -0.4472 -3.9492 -15.3214 5.5800 9.4136 -15.3214 5.5800 9.4136 18.4619 1.2120 7.4472 -1.8871 -0.1183 7.1738 28.2489 0.0767 0.3047 55.8999 19.4732 35.8420 -17.7114 -1.6201 10.3706 2.2826 1.3343 60.6132 68.8235 -65.9581 47.9301 -75.7124 83.8596 69.8392 9.8639 17.5224 14.3915 -0.0000 0.0000 0.0000 -57.8370 -15.7459 -8.7370 35.6436 31.4895 -10.3579 -40.2686 0.8136 -51.8182 -0.0000 0.0000 0.0000
0.1233 0.5829 -0.0488 -6.5440 24.5784 16.5271 6.4839 -0.4690 -3.7241 6.4839 -0.4690 -3.7241 -15.1298 4.7190 9.4529 -15.1298 4.7190 9.4529 13.8110 0.9855 8.1239 -3.1211 -0.1616 5.9280 30.7216 0.0726 0.2643 57.4962 21.1890 37.6552 -15.9034 -1.4576 10.4068 3.8856 2.2523 60.1848 64.2381 -66.8930 45.0441 -72.5416 83.3017 66.2613 13.9515 18.1202 20.3846 -0.0000 0.0000 0.0000 -54.0966 -13.1905 -6.7570 28.7247 28.0984 -7.3325 -38.8371 5.0359 -51.0404 -0.0000 0.0000 0.0000
0.1491 0.5912 -0.0430 -7.4069 24.6591 18.6449 6.6238 -0.4724 -3.5566 6.6238 -0.4724 -3.5566 -14.5316 3.7765 9.4225 -14.5316 3.7765 9.4225 9.8240 0.6490 7.5408 -3.5897 -0.1327 4.2334 33.6341 0.2230 0.7378 59.3711 22.9908 39.2680 -12.4986 -1.3189 12.0003 4.9321 2.7643 58.5189 56.6555 -65.9789 38.5734 -54.0406 82.3993 48.1160 16.7143 17.2258 24.2110 -0.0000 0.0000 0.0000 -50.6119 -10.7493 -5.0941 23.3439 25.1774 -5.2827 -37.6260 8.9101 -50.4896 -0.0000 0.0000 0.0000
0.1734 0.6020 -0.0400 -8.3840 24.9021 20.7839 6.5214 -0.4276 -3.1832 6.5214 -0.4276 -3.1832 -13.9617 2.5590 9.2723 -13.9617 2.5590 9.2723 6.0115 0.2750 5.2338 -3.0691 -0.0688 2.5694 36.2955 0.3999 1.2201 61.0747 25.3665 41.7632 -8.8672 -1.1273 14.4621 4.0402 2.1023 54.9664 49.5029 -64.7192 32.5691 -34.2501 80.6145 29.2955 18.2492 15.2765 26.0538 -0.0000 0.0000 0.0000 -47.2974 -8.5287 -3.7403 19.2098 22.5785 -3.8696 -36.6025 12.4278 -50.1263 -0.0000 0.0000 0.0000
0.1959 0.6138 -0.0400 -9.3878 25.2542 22.7398 6.2176 -0.3622 -2.7685 6.2176 -0.3622 -2.7685 -13.3620 1.2291 8.9577 -13.3620 1.2291 8.9577 2.0335 0.0261 1.4696 -1.8354 -0.0196 1.2247 37.7366 0.3638 1.0646 61.9435 28.0508 45.1942 -4.7357 -0.7594 18.2101 1.9895 0.9261 49.9188 42.9172 -64.8938 28.0623 -17.3839 79.1032 14.3915 18.6917 12.9760 26.2879 -0.0000 0.0000 0.0000 -43.8901 -6.4089 -2.5845 15.5933 20.1050 -2.7809 -35.7369 15.4486 -49.8702 -0.0000 0.0000 0.0000
0.2165 0.6243 -0.0428 -10.1605 25.3507 24.1772 5.7982 -0.3169 -2.5296 5.7982 -0.3169 -2.5296 -12.5279 0.3332 8.4379 -12.5279 0.3332 8.4379 -2.4016 0.0518 -2.4693 -0.2267 0.0003 -0.1584 37.2204 -0.1156 -0.3433 61.9511 30.5166 48.8773 -0.0351 -0.0074 23.7004 -0.3503 -0.1399 43.5382 35.6651 -67.2742 24.1617 0.2890 78.8593 -0.2376 18.4495 8.3933 25.2633 -0.0000 0.0000 0.0000 -40.7004 -4.7561 -1.7649 12.5933 18.4550 -2.0539 -35.1109 17.4998 -49.6693 -0.0000 0.0000 0.0000
0.2390 0.6319 -0.0474 -10.5648 24.9704 24.9622 5.3809 -0.3197 -2.6562 5.3809 -0.3197 -2.6562 -11.3738 0.1160 7.8244 -11.3738 0.1160 7.8244 -6.9874 0.3341 -5.4678 1.1809 -0.0163 -1.5858 34.6223 -0.9136 -2.9306 61.7583 32.6752 52.2276 3.8395 1.0518 30.6293 -2.6187 -0.8623 36.4485 26.6578 -70.5197 19.0177 20.0513 78.8127 -16.5287 18.3145 4.9979 24.6249 -0.0000 0.0000 0.0000 -38.6928 -4.2000 -1.4752 10.9579 18.1346 -1.7540 -34.6858 18.4812 -49.4128 -0.0000 0.0000 0.0000
0.2588 0.6362 -0.0537 -10.7807 24.1984 25.3740 4.9133 -0.3373 -2.9710 4.9133 -0.3373 -2.9710 -9.9981 0.1785 7.3317 -9.9981 0.1785 7.3317 -11.0024 0.7602 -7.8805 2.1264 -0.0510 -2.7497 31.8412 -1.2779 -4.4780 61.4111 34.8590 55.7245 6.0015 2.0727 38.0777 -4.9707 -1.3348 30.0456 17.3312 -72.1844 12.6798 32.5977 77.7436 -26.5249 18.8580 7.3518 25.6658 -0.0000 0.0000 0.0000 -38.0290 -4.9274 -1.6990 10.9043 19.2309 -1.8528 -34.4076 18.6719 -49.1019 -0.0000 0.0000 0.0000
0.2746 0.6385 -0.0616 -10.9534 23.2831 25.5399 4.3323 -0.3355 -3.2759 4.3323 -0.3355 -3.2759 -8.4194 0.2754 6.9133 -8.4194 0.2754 6.9133 -14.4369 1.3031 -10.2613 2.1715 -0.0662 -3.4905 29.7837 -1.3501 -5.0740 60.1455 37.0249 60.0781 5.4252 2.3095 46.0943 -7.3838 -1.5790 24.1101 11.1657 -72.1516 8.1470 39.4065 76.8149 -31.7001 19.3100 11.6436 26.9230 -0.0000 0.0000 0.0000 -38.4706 -6.7002 -2.3402 12.3991 21.5559 -2.3692 -34.4741 17.6120 -48.8585 -0.0000 0.0000 0.0000
0.2867 0.6406 -0.0691 -11.0207 22.1101 25.5048 3.6294 -0.3245 -3.6367 3.6294 -0.3245 -3.6367 -6.7168 0.6231 6.4328 -6.7168 0.6231 6.4328 -17.9804 1.9553 -12.3126 2.5441 -0.0816 -3.6724 28.6907 -0.9940 -3.8854 58.4611 38.9906 64.6400 2.1266 1.0908 54.3058 -8.8788 -1.5181 19.3684 8.6911 -71.2344 6.2320 41.9611 76.3362 -33.5477 19.4050 16.1685 27.8346 -0.0000 0.0000 0.0000 -39.3990 -8.8617 -3.1784 14.9977 24.8527 -3.3228 -34.9150 15.0972 -48.6898 -0.0000 0.0000 0.0000
0.2955 0.6431 -0.0736 -11.0299 20.7803 25.3766 2.8236 -0.2993 -4.0656 2.8236 -0.2993 -4.0656 -4.9755 1.0598 5.7902 -4.9755 1.0598 5.7902 -21.7643 2.7440 -14.2028 3.3635 -0.0893 -3.0406 27.9407 -0.6816 -2.7393 56.2460 40.3129 68.9617 -3.5808 -2.1561 62.0976 -8.4184 -1.1453 15.4681 8.2428 -69.6251 5.7367 42.2446 76.1031 -33.6488 18.9575 19.9742 27.9358 -0.0000 0.0000 0.0000 -40.3965 -10.9293 -4.0314 18.1331 28.3148 -4.6101 -35.3877 11.8005 -48.3894 -0.0000 0.0000 0.0000
0.3023 0.6457 -0.0728 -10.8949 19.1742 25.1518 1.8963 -0.2577 -4.6537 1.8963 -0.2577 -4.6537 -3.1993 1.7790 5.0369 -3.1993 1.7790 5.0369 -25.6451 3.4338 -15.0046 4.0748 -0.0872 -2.4505 26.0215 -0.4803 -2.0783 52.8427 40.7695 73.5835 -11.1824 -7.4741 67.4228 -6.4375 -0.6763 11.9813 8.7605 -67.2724 5.8348 41.4598 76.0360 -32.9649 18.3166 20.1581 27.0470 -0.0000 0.0000 0.0000 -41.4554 -12.8473 -4.8792 21.9243 32.1034 -6.3796 -35.8391 7.3729 -47.8461 -0.0000 0.0000 0.0000
0.3080 0.6486 -0.0664 -10.5951 17.3322 24.8440 0.8548 -0.1873 -5.4592 0.8548 -0.1873 -5.4592 -1.2871 2.6056 4.0456 -1.2871 2.6056 4.0456 -29.1989 3.8532 -14.7173 4.2908 -0.0647 -1.7283 21.9215 -0.4361 -2.2517 47.1901 40.2754 80.0288 -20.8678 -13.8873 66.9577 -3.8309 -0.3083 9.1994 9.7204 -64.4082 6.1311 40.2917 75.8746 -31.9182 17.7961 18.9552 26.0648 -0.0000 0.0000 0.0000 -42.5059 -14.5435 -5.6824 26.1773 36.0256 -8.6468 -36.2495 2.2006 -47.1861 -0.0000 0.0000 0.0000
0.3113 0.6521 -0.0569 -10.2479 15.5518 24.5487 -0.1729 -0.0778 -6.1664 -0.1729 -0.0778 -6.1664 0.2923 3.1247 2.9369 0.2923 3.1247 2.9369 -32.2003 4.1102 -14.1734 4.1737 -0.0384 -1.0542 16.4936 -0.3372 -2.3262 39.2850 37.9310 87.8303 -31.8216 -18.6983 60.0171 -1.5421 -0.1021 7.5752 10.1999 -61.9775 6.1363 40.6262 75.9144 -32.2137 17.5289 18.3250 25.5658 -0.0000 0.0000 0.0000 -43.2208 -15.6149 -6.2181 30.1549 39.2658 -10.9789 -36.5159 -2.4342 -46.5650 -0.0000 0.0000 0.0000
0.3131 0.6565 -0.0476 -9.6574 13.5317 24.0869 -1.1443 0.0556 -7.4531 -1.1443 0.0556 -7.4531 1.6990 4.0069 1.9545 1.6990 4.0069 1.9545 -35.4057 3.8028 -11.8753 2.4675 -0.0086 -0.3981 8.2592 -0.1665 -2.3060 32.5771 34.9826 94.3240 -40.4610 -20.2542 51.7156 0.2027 0.0125 7.0559 10.9865 -58.8878 6.2147 39.7334 75.5223 -31.2728 17.1311 16.2841 24.6471 -0.0000 0.0000 0.0000 -43.8404 -16.4824 -6.6712 34.0921 42.3976 -13.5634 -36.6106 -6.6801 -45.8838 -0.0000 0.0000 0.0000
0.3136 0.6622 -0.0400 -8.8608 11.2680 23.5957 -2.2023 0.2754 -8.9631 -2.2023 0.2754 -8.9631 2.8556 5.0191 1.1181 2.8556 5.0191 1.1181 -38.7369 2.9624 -8.4137 0.3071 0.0002 0.0759 -1.3074 0.0080 -0.6987 29.0335 33.1115 97.8872 -46.3570 -19.8716 44.5018 1.0283 0.0746 8.3004 12.3544 -54.7534 6.4158 36.5485 74.0623 -27.9776 16.4750 14.4124 23.4272 -0.0000 0.0000 0.0000 -44.3567 -17.2291 -7.0679 38.3545 45.4424 -16.5721 -36.7709 -10.0069 -45.4944 -0.0000 0.0000 0.0000
0.3041 0.6688 -0.0340 -7.9682 9.0996 22.8283 -3.2508 0.5993 -10.4686 -3.2508 0.5993 -10.4686 3.4884 6.0108 0.8553 3.4884 6.0108 0.8553 -42.1157 1.7819 -4.6258 -2.3423 -0.0166 0.8107 -10.9453 0.0153 -0.1598 29.0153 33.3307 98.3202 -49.5990 -19.2888 40.3850 0.8509 0.0812 10.9078 13.7915 -50.4753 6.5254 33.5483 71.9001 -24.6615 14.7663 13.4611 20.8992 -0.0000 0.0000 0.0000 -44.7629 -18.1692 -7.5344 42.1858 48.0988 -19.5337 -36.6254 -11.6235 -45.0514 -0.0000 0.0000 0.0000
0.2944 0.6749 -0.0286 -7.0859 7.3200 21.3889 -4.2490 1.0499 -11.9765 -4.2490 1.0499 -11.9765 4.0723 7.1152 0.8684 4.0723 7.1152 0.8684 -46.3460 0.4643 -1.0846 -5.4263 -0.0661 1.3958 -20.3198 0.2537 -1.4157 30.6980 33.7113 95.6489 -51.8180 -19.2866 38.5582 -0.1251 -0.0160 14.6064 15.5014 -46.6756 6.7215 31.7360 69.5687 -22.3384 11.9060 12.2267 16.7534 -0.0000 0.0000 0.0000 -45.0229 -19.6476 -8.2096 45.5799 50.6215 -22.4769 -36.1615 -12.9939 -44.2801 -0.0000 0.0000 0.0000
0.2814 0.6781 -0.0225 -6.2887 6.0504 19.0616 -5.1724 1.6244 -13.4680 -5.1724 1.6244 -13.4680 4.8855 8.1480 0.6640 4.8855 8.1480 0.6640 -51.5754 -0.4484 0.9281 -8.8308 -0.1487 1.9250 -27.3573 1.2889 -5.2923 31.7208 32.1497 90.8109 -53.6533 -19.7833 38.0494 -1.9797 -0.3197 18.3463 17.6573 -43.6337 7.1157 30.8317 67.5955 -20.9157 8.4269 9.1700 11.6616 -0.0000 0.0000 0.0000 -44.8986 -21.6844 -9.0491 48.1159 53.1061 -25.1539 -35.1515 -15.2753 -42.7354 -0.0000 0.0000 0.0000
0.2610 0.6774 -0.0149 -5.5991 5.2979 15.9534 -5.9107 2.2310 -14.7747 -5.9107 2.2310 -14.7747 5.8353 8.9081 -0.0146 5.8353 8.9081 -0.0146 -56.8826 -0.4191 0.7738 -12.6522 -0.1915 1.7275 -30.2733 3.0178 -11.1237 30.8385 28.1212 84.4831 -55.4382 -20.8189 38.5416 -4.7951 -0.8918 21.0599 20.0985 -41.5463 7.6915 30.1975 66.5569 -20.0835 4.8941 4.3099 6.5990 -0.0000 0.0000 0.0000 -44.2038 -23.9073 -9.8279 49.1324 55.5830 -27.0918 -33.1768 -18.3928 -39.9676 -0.0000 0.0000 0.0000
0.2389 0.6731 -0.0074 -4.9052 4.6677 12.3873 -6.5133 2.8993 -16.2249 -6.5133 2.8993 -16.2249 6.8253 9.2999 -1.3032 6.8253 9.2999 -1.3032 -61.7543 0.4256 -0.7118 -16.5369 -0.0518 0.3564 -28.1959 4.3819 -17.3229 27.9956 23.0637 78.5977 -58.4613 -21.7230 37.8522 -8.8639 -1.7374 22.1384 22.8864 -38.6861 8.1289 27.6171 65.4558 -17.9523 1.8552 -3.4034 2.4087 -0.0000 0.0000 0.0000 -42.8913 -26.0261 -10.3745 49.0983 58.1611 -28.5065 -29.7866 -22.0178 -35.5352 -0.0000 0.0000 0.0000
0.2157 0.6662 0.0001 -4.2495 4.2444 9.2209 -6.9837 3.4812 -17.2810 -6.9837 3.4812 -17.2810 7.4800 8.7686 -2.7987 7.4800 8.7686 -2.7987 -64.8712 1.8570 -2.9217 -19.5330 0.3221 -1.8712 -24.2435 4.6911 -21.5946 24.9396 19.0232 74.2997 -61.5135 -21.1931 34.9035 -13.0056 -2.5195 21.8395 25.4631 -34.3402 7.9867 23.1435 63.0618 -14.3208 1.1541 -10.2328 1.4545 -0.0000 0.0000 0.0000 -41.0230 -28.0270 -10.6685 49.4765 60.7344 -30.2160 -25.7825 -26.0005 -30.4325 -0.0000 0.0000 0.0000
0.1903 0.6576 0.0082 -3.6533 4.0084 6.7927 -7.2955 3.9058 -17.8679 -7.2955 3.9058 -17.8679 7.6794 7.7342 -3.8750 7.6794 7.7342 -3.8750 -66.6907 3.4701 -5.2715 -22.7767 0.9085 -4.5084 -20.8099 4.5009 -24.1597 23.1415 16.9684 72.1526 -63.3704 -19.6233 31.3030 -15.8061 -2.9528 21.0364 27.2226 -29.4890 7.2923 18.9296 59.7190 -10.9338 1.6479 -14.6167 2.0406 -0.0000 0.0000 0.0000 -38.7783 -30.3148 -10.8922 50.5223 63.4992 -32.5552 -21.5978 -29.0142 -25.2987 -0.0000 0.0000 0.0000
0.1595 0.6493 0.0178 -3.1006 4.1018 5.0283 -7.4443 4.1789 -18.1835 -7.4443 4.1789 -18.1835 7.5775 6.4265 -4.5841 7.5775 6.4265 -4.5841 -67.5208 5.2941 -7.9131 -26.2063 1.8056 -7.7458 -18.0606 4.1809 -25.8699 21.5492 15.6076 71.5212 -64.1497 -17.1410 27.0441 -17.6716 -3.1822 20.2623 28.2763 -24.2973 6.2076 15.7260 55.5169 -8.3145 2.9584 -16.3893 3.6381 -0.0000 0.0000 0.0000 -36.3173 -33.1918 -11.1659 52.4110 66.6298 -35.8512 -18.0578 -30.7237 -21.0665 -0.0000 0.0000 0.0000
0.1316 0.6444 0.0296 -2.5034 4.4696 3.6033 -7.5279 4.3575 -18.4046 -7.5279 4.3575 -18.4046 7.2781 5.0187 -5.0336 7.2781 5.0187 -5.0336 -67.6386 7.2823 -10.8524 -29.8878 3.1238 -11.6664 -15.5620 3.8322 -27.5141 19.7292 14.0392 70.6044 -64.4911 -13.8692 21.8254 -19.4544 -3.4358 19.8483 28.7000 -19.8870 5.1359 13.7614 51.4391 -6.6533 4.8693 -16.0329 5.9951 -0.0000 0.0000 0.0000 -32.9015 -35.7674 -10.8854 52.2192 69.3760 -37.4750 -16.7303 -30.8494 -19.5183 -0.0000 0.0000 0.0000
0.1045 0.6450 0.0442 -1.8036 4.8795 2.2489 -7.6416 4.5108 -18.6436 -7.6416 4.5108 -18.6436 6.9084 3.5783 -5.4690 6.9084 3.5783 -5.4690 -67.5106 9.1984 -13.7272 -33.8398 4.8090 -15.7186 -13.3268 3.5489 -29.7041 18.5036 12.4716 67.7067 -64.3119 -10.7931 17.0915 -21.6404 -3.9322 20.3647 28.5603 -16.9921 4.3549 12.8464 48.4527 -5.7999 6.2765 -14.2161 7.7803 -0.0000 0.0000 0.0000 -28.3016 -37.0635 -9.6618 47.0494 71.1542 -34.5930 -17.7420 -29.6883 -20.7678 -0.0000 0.0000 0.0000
0.0747 0.6511 0.0613 -0.9863 5.3419 0.9529 -7.7936 4.6089 -18.8280 -7.7936 4.6089 -18.8280 6.4467 2.1836 -5.8076 6.4467 2.1836 -5.8076 -67.2417 11.2321 -16.8247 -37.0860 6.6302 -19.5951 -10.8939 3.1537 -32.2063 17.7959 11.2215 64.2164 -63.4456 -8.0835 13.0418 -24.6823 -4.6113 20.8546 28.0719 -15.9951 4.0232 12.5100 47.0744 -5.4668 7.6788 -10.6097 9.6540 -0.0000 0.0000 0.0000 -23.0485 -36.7636 -7.7522 36.2819 71.4475 -26.5186 -19.9246 -27.9169 -23.4361 -0.0000 0.0000 0.0000
0.0472 0.6624 0.0789 -0.1039 5.5734 -0.2098 -8.0102 4.6880 -19.0065 -8.0102 4.6880 -19.0065 5.9755 0.9710 -6.1968 5.9755 0.9710 -6.1968 -67.6147 12.8174 -19.0440 -40.0115 8.7110 -23.6311 -8.9094 2.7175 -33.8662 17.7366 10.4240 60.6233 -61.7010 -6.1478 10.2746 -27.8856 -5.1625 20.5839 27.3263 -15.5756 3.8084 12.1870 46.6534 -5.2714 8.9687 -6.8146 11.4537 -0.0000 0.0000 0.0000 -17.9336 -34.7905 -5.6601 24.4530 69.7053 -17.1624 -22.3797 -26.3395 -26.4308 -0.0000 0.0000 0.0000
0.0233 0.6769 0.0958 0.7149 5.5792 -1.3905 -8.1851 4.7730 -19.1710 -8.1851 4.7730 -19.1710 5.5492 -0.2163 -6.6646 5.5492 -0.2163 -6.6646 -69.6579 14.6146 -20.8852 -43.8281 10.7838 -26.4083 -7.7390 2.4776 -35.4590 18.7781 10.4673 57.9698 -59.5614 -5.3775 9.3829 -30.5590 -5.4245 19.6758 25.7675 -16.7608 3.8599 13.5685 48.7313 -6.1681 8.8070 -3.2663 11.4273 -0.0000 0.0000 0.0000 -13.8846 -31.5146 -3.9355 15.3780 66.2639 -10.0717 -24.7690 -24.1880 -29.4246 -0.0000 0.0000 0.0000
0.0035 0.6916 0.1115 1.3938 5.4701 -2.6543 -8.2621 4.8530 -19.2807 -8.2621 4.8530 -19.2807 5.1526 -1.4212 -7.1430 5.1526 -1.4212 -7.1430 -72.6774 16.9288 -22.8734 -47.5667 12.6652 -28.2684 -6.9565 2.3274 -36.9596 20.4028 11.1502 56.9532 -57.5460 -5.4975 9.9934 -32.3110 -5.4525 18.6694 23.0831 -19.5426 4.0282 17.6891 53.5098 -8.9711 6.6779 0.0477 8.8072 -0.0000 0.0000 0.0000 -11.2934 -27.8659 -2.8103 9.8199 62.0819 -5.9192 -26.8944 -21.3564 -32.2139 -0.0000 0.0000 0.0000
-0.0145 0.7032 0.1255 1.9096 5.1422 -4.1259 -8.2604 4.9336 -19.3319 -8.2604 4.9336 -19.3319 4.7317 -2.7010 -7.7132 4.7317 -2.7010 -7.7132 -76.3794 19.8868 -25.1272 -51.9773 14.1939 -28.6538 -6.5168 2.2567 -38.1669 22.5532 12.2091 56.4157 -55.5357 -5.9184 11.2147 -33.8956 -5.4911 17.8864 19.4584 -23.8866 4.1541 25.3374 60.5927 -14.9642 2.3254 3.7566 3.1275 -0.0000 0.0000 0.0000 -9.4992 -23.7651 -2.0032 6.1519 57.4260 -3.3721 -29.1157 -17.6748 -35.2675 -0.0000 0.0000 0.0000
-0.0304 0.7109 0.1377 2.1955 4.5903 -5.7174 -8.1834 4.9931 -19.2842 -8.1834 4.9931 -19.2842 4.3063 -3.9205 -8.3257 4.3063 -3.9205 -8.3257 -80.5472 23.7209 -27.8426 -55.6909 15.1275 -28.2196 -6.3258 2.2423 -39.0042 25.7904 13.7310 55.4803 -53.1212 -6.7825 13.5205 -35.4901 -5.9569 18.4700 15.4974 -28.4206 3.9469 36.5445 67.9809 -25.1022 -4.2731 8.7783 -5.9072 -0.0000 0.0000 0.0000 -8.0982 -19.9554 -1.4270 3.9325 53.3831 -1.9777 -30.8306 -14.6305 -37.7028 -0.0000 0.0000 0.0000
-0.0449 0.7164 0.1472 2.1989 3.9698 -7.1447 -8.0196 5.0022 -19.1133 -8.0196 5.0022 -19.1133 3.9156 -4.9188 -8.9033 3.9156 -4.9188 -8.9033 -82.7550 28.2720 -31.9100 -56.0168 16.2839 -30.1098 -4.2634 1.5114 -39.0241 29.6706 15.7347 55.1012 -50.1689 -7.6640 16.2864 -36.6125 -6.8180 20.4137 12.0124 -31.7093 3.4231 50.7574 73.8132 -39.2179 -10.2522 14.3014 -14.6316 -0.0000 0.0000 0.0000 -6.5937 -17.5357 -1.0181 2.3532 51.1139 -1.1254 -31.6487 -13.1657 -38.8844 -0.0000 0.0000 0.0000
-0.0589 0.7205 0.1525 1.9323 3.3232 -8.2584 -7.7664 4.9862 -18.9588 -7.7664 4.9862 -18.9588 3.6000 -5.6437 -9.4292 3.6000 -5.6437 -9.4292 -82.4417 32.6997 -37.0276 -52.9762 17.2721 -33.9004 -0.7799 0.2737 -38.6768 33.8686 17.7019 54.1733 -46.5382 -8.3471 19.2616 -37.1560 -7.9687 23.4155 9.6866 -32.5800 2.8369 62.3069 77.3480 -51.6405 -13.4119 17.5476 -19.5255 -0.0000 0.0000 0.0000 -4.9397 -16.4473 -0.7143 1.4635 50.3418 -0.6878 -31.3149 -12.9225 -38.5194 -0.0000 0.0000 0.0000
-0.0709 0.7234 0.1517 1.4946 2.9102 -9.1012 -7.3922 4.9095 -18.7990 -7.3922 4.9095 -18.7990 3.3596 -6.3661 -9.9664 3.3596 -6.3661 -9.9664 -76.6347 37.0886 -46.0020 -46.3173 18.7206 -42.1494 5.4155 -1.7957 -36.6674 38.4844 19.6232 52.7109 -42.5509 -8.4502 21.4851 -36.1776 -9.4005 28.2577 8.4614 -32.3790 2.4607 70.8438 79.2962 -61.0296 -14.4895 18.4907 -21.2172 -0.0000 0.0000 0.0000 -3.3228 -16.3499 -0.4775 0.9767 50.6616 -0.4623 -29.8730 -12.9156 -36.7896 -0.0000 0.0000 0.0000
-0.0810 0.7247 0.1466 1.0381 2.9211 -9.5911 -6.8884 4.7144 -18.5952 -6.8884 4.7144 -18.5952 3.2045 -6.9692 -10.4096 3.2045 -6.9692 -10.4096 -64.1880 39.4487 -59.5115 -33.9267 18.0478 -55.0067 14.0429 -3.8490 -30.5195 43.2535 21.3934 50.9498 -38.1144 -7.8813 22.5551 -32.4163 -10.7113 35.7498 8.2045 -32.1191 2.3655 73.1575 79.9900 -63.8109 -14.4967 17.8954 -21.1381 -0.0000 0.0000 0.0000 -1.8667 -17.2831 -0.2837 0.6333 51.5589 -0.3059 -28.2161 -12.8789 -34.7983 -0.0000 0.0000 0.0000
-0.0900 0.7237 0.1376 0.6177 3.0476 -9.7501 -6.3062 4.4387 -18.3799 -6.3062 4.4387 -18.3799 3.0337 -7.2480 -10.6927 3.0337 -7.2480 -10.6927 -48.4659 37.5700 -74.1547 -18.4610 12.3616 -67.3583 20.4924 -3.6036 -19.7448 48.1070 22.6739 48.3773 -33.7901 -6.9194 22.5150 -25.2862 -10.3646 44.0290 8.6853 -32.1063 2.5036 69.3426 79.9827 -60.2464 -13.8140 16.4780 -19.9568 -0.0000 0.0000 0.0000 -0.6147 -19.0498 -0.1031 0.2631 53.2480 -0.1319 -26.9927 -12.7711 -33.3332 -0.0000 0.0000 0.0000
-0.0972 0.7201 0.1266 0.2688 3.1922 -9.5515 -5.6709 4.1065 -18.1739 -5.6709 4.1065 -18.1739 2.8598 -7.1908 -10.7753 2.8598 -7.1908 -10.7753 -33.2143 31.4352 -86.6740 -2.2981 1.6935 -72.7725 20.9692 -1.4759 -7.9628 52.3646 23.3650 45.6177 -29.6232 -5.6861 21.2732 -15.4151 -7.2254 50.0188 9.7214 -32.4415 2.8344 60.2207 79.4316 -51.4430 -12.9854 14.5755 -18.5345 -0.0000 0.0000 0.0000 0.3731 -21.6521 0.0714 0.1284 56.0423 -0.0683 -26.3186 -13.1604 -32.4689 -0.0000 0.0000 0.0000
-0.1033 0.7144 0.1151 0.0148 3.5528 -9.0182 -4.9619 3.6805 -17.9070 -4.9619 3.6805 -17.9070 2.6820 -6.5954 -10.2670 2.6820 -6.5954 -10.2670 -19.6119 21.1944 -94.5368 14.5502 -9.8773 -68.1857 15.4896 0.1152 0.8469 56.3092 23.6287 42.6958 -25.6458 -4.4589 19.4118 -4.1959 -2.0557 52.1871 11.2181 -33.1001 3.3434 48.5704 78.4342 -40.4293 -12.4047 12.5763 -17.4878 -0.0000 0.0000 0.0000 1.0704 -24.6781 0.2341 0.4683 59.2093 -0.2661 -26.2710 -13.7923 -32.3347 -0.0000 0.0000 0.0000
-0.1088 0.7067 0.1047 -0.1692 4.0994 -8.2545 -4.2187 3.2142 -17.6241 -4.2187 3.2142 -17.6241 2.4057 -5.3805 -8.9643 2.4057 -5.3805 -8.9643 -8.4193 9.4853 -96.8419 28.9969 -15.8307 -56.5308 8.8813 0.3185 4.0991 59.8108 23.5252 39.8050 -21.8366 -3.4301 17.6461 5.8094 2.7310 50.3263 12.9735 -33.8669 3.9653 36.4230 77.3027 -29.4836 -11.8955 11.4189 -16.6560 -0.0000 0.0000 0.0000 1.4520 -27.4455 0.3546 1.3547 61.8441 -0.8115 -26.8080 -14.4717 -32.9005 -0.0000 0.0000 0.0000
-0.1137 0.6986 0.0960 -0.3148 4.7519 -7.3668 -3.4323 2.7140 -17.2886 -3.4323 2.7140 -17.2886 1.8268 -3.6445 -6.8529 1.8268 -3.6445 -6.8529 1.9346 -2.0742 -93.9916 39.1475 -16.3675 -44.0428 3.3005 0.1041 3.6112 63.2473 23.1405 36.7814 -18.2983 -2.5864 15.9582 15.1385 6.6466 47.2092 14.8507 -34.7906 4.6762 25.9059 76.4749 -20.5453 -11.1777 11.1168 -15.6284 -0.0000 0.0000 0.0000 1.6174 -29.6876 0.4287 2.5531 63.8664 -1.5913 -27.5961 -15.3888 -33.7358 -0.0000 0.0000 0.0000
-0.1169 0.6920 0.0885 -0.4653 5.3180 -6.3179 -2.5272 2.1806 -16.9077 -2.5272 2.1806 -16.9077 0.6625 -1.4707 -4.2107 0.6625 -1.4707 -4.2107 13.6768 -13.0211 -87.1606 44.9361 -13.6205 -32.2143 -1.2884 -0.0071 0.6326 67.2088 22.4809 33.3014 -14.5628 -1.9692 15.3211 25.7681 10.7843 44.8473 16.6009 -35.6769 5.3760 17.0169 75.8630 -13.3007 -10.1433 12.0305 -14.2695 -0.0000 0.0000 0.0000 1.5284 -31.2921 0.4281 4.1438 65.2527 -2.6534 -28.8732 -15.9187 -35.1978 -0.0000 0.0000 0.0000
-0.1192 0.6879 0.0814 -0.6416 5.7942 -4.9307 -1.4775 1.6233 -16.4828 -1.4775 1.6233 -16.4828 -0.9974 0.6392 -1.7457 -0.9974 0.6392 -1.7457 27.2413 -21.2799 -75.5749 46.5373 -9.8304 -22.6182 -2.1560 0.0968 -5.1391 71.0825 21.5819 29.8771 -9.7417 -1.3536 15.7840 37.7457 15.4096 43.1837 17.9146 -36.7701 5.9977 11.0114 75.4836 -8.5339 -8.9487 13.0477 -12.6768 -0.0000 0.0000 0.0000 1.0423 -32.7779 0.3066 6.7679 66.3800 -4.4301 -30.7042 -16.9997 -37.2369 -0.0000 0.0000 0.0000
-0.1207 0.6866 0.0738 -0.8690 6.1530 -3.0159 -0.2963 1.0707 -16.0310 -0.2963 1.0707 -16.0310 -2.6562 2.3192 -0.2204 -2.6562 2.3192 -0.2204 42.8490 -25.1081 -59.1506 45.8510 -6.8033 -15.9998 0.7131 -0.0647 -10.3618 74.5235 20.4252 26.6461 -3.1226 -0.4704 17.1288 47.9349 18.2811 39.7944 18.5151 -38.1541 6.4526 8.5614 75.2996 -6.6100 -7.8271 13.1901 -11.1033 -0.0000 0.0000 0.0000 -0.0358 -34.3970 -0.0111 10.8841 67.4446 -7.2770 -32.7882 -18.6571 -39.4758 -0.0000 0.0000 0.0000
-0.1216 0.6880 0.0653 -1.1418 6.4695 -0.6526 0.9552 0.5366 -15.4697 0.9552 0.5366 -15.4697 -4.1951 3.8118 0.4717 -4.1951 3.8118 0.4717 56.1692 -23.0883 -41.8919 45.5334 -4.6529 -11.0584 5.5088 -0.6479 -13.4063 77.5801 19.2158 23.7872 5.1743 0.8518 18.6851 52.4361 17.7524 35.1906 18.4708 -39.7745 6.7324 8.5501 75.0780 -6.5750 -6.8168 12.5795 -9.6364 -0.0000 0.0000 0.0000 -1.7201 -35.9540 -0.5582 15.9059 68.1713 -10.8009 -34.7737 -20.9592 -41.4836 -0.0000 0.0000 0.0000
-0.1209 0.6910 0.0560 -1.4566 6.5031 2.1577 2.0219 0.1155 -14.8537 2.0219 0.1155 -14.8537 -5.4234 5.2555 0.5407 -5.4234 5.2555 0.5407 63.6987 -17.6167 -28.0121 46.1111 -2.6812 -6.2943 10.4904 -1.3718 -14.8598 80.8595 18.3259 21.4417 13.5801 2.3425 19.4864 50.6189 14.9456 31.0052 17.7060 -41.5618 6.7652 10.2133 74.7934 -7.8164 -6.0691 11.5754 -8.5280 -0.0000 0.0000 0.0000 -3.9298 -36.9335 -1.3128 21.4568 68.5218 -14.7073 -37.1757 -24.2167 -43.8109 -0.0000 0.0000 0.0000
-0.1183 0.6945 0.0475 -1.7452 6.2498 5.0587 2.8221 -0.1994 -14.2424 2.8221 -0.1994 -14.2424 -6.3643 6.4802 0.4396 -6.3643 6.4802 0.4396 65.7362 -11.8467 -18.2445 47.2198 -0.5223 -1.1949 14.8379 -2.1030 -16.0467 84.6653 17.9236 19.6426 19.0238 3.2691 19.3306 45.5310 12.1565 28.4762 16.3235 -43.2957 6.5159 12.3155 74.4008 -9.3634 -5.6805 10.9286 -7.9512 -0.0000 0.0000 0.0000 -6.2371 -37.0345 -2.0908 25.9835 68.3562 -17.8078 -39.7897 -28.1438 -46.2480 -0.0000 0.0000 0.0000
-0.1129 0.6973 0.0416 -1.9227 5.7316 7.7689 3.3868 -0.4524 -13.6348 3.3868 -0.4524 -13.6348 -7.0832 7.4021 0.2149 -7.0832 7.4021 0.2149 65.0392 -6.8766 -10.7672 46.5813 1.8564 4.3108 19.4172 -3.0185 -17.5098 89.0592 17.9740 18.2666 22.0571 3.6844 18.7419 40.0234 10.1079 27.2976 14.4155 -45.3345 6.0468 14.5079 74.4154 -11.0401 -5.9643 12.2698 -8.4172 -0.0000 0.0000 0.0000 -8.1921 -35.9128 -2.6590 28.2871 68.0103 -19.2965 -42.8619 -31.3402 -49.2537 -0.0000 0.0000 0.0000
-0.1055 0.7005 0.0397 -2.0126 5.3508 10.1571 3.7412 -0.6430 -12.9514 3.7412 -0.6430 -12.9514 -7.5671 7.7719 -0.0742 -7.5671 7.7719 -0.0742 62.5109 -3.4250 -5.6401 43.5296 3.4708 8.6791 24.2380 -3.7027 -17.1211 93.0196 18.8286 17.8776 24.6313 4.1305 18.7583 34.9582 8.8694 27.6717 12.0187 -47.3836 5.2894 16.9311 74.7716 -12.9773 -7.2185 15.3644 -10.3895 -0.0000 0.0000 0.0000 -9.5346 -33.6999 -2.8938 27.5720 67.1511 -18.5010 -46.2186 -34.2450 -52.5632 -0.0000 0.0000 0.0000
-0.0971 0.7065 0.0422 -2.0672 5.2584 12.1367 3.9412 -0.7688 -12.2800 3.9412 -0.7688 -12.2800 -7.7228 7.7737 -0.5852 -7.7228 7.7737 -0.5852 59.4391 -1.1920 -2.0881 39.1972 4.1223 11.5435 27.8536 -3.9127 -15.6864 96.1376 20.2890 18.2610 27.3541 5.0080 20.3753 30.4685 8.0789 29.0742 9.3599 -48.1670 4.1911 17.9555 74.3009 -13.6520 -8.8100 19.7139 -13.0679 -0.0000 0.0000 0.0000 -10.0569 -30.1869 -2.7188 23.1460 65.0236 -14.8722 -49.0384 -36.4337 -55.3389 -0.0000 0.0000 0.0000
-0.0851 0.7167 0.0482 -2.1326 5.4319 13.5927 3.9988 -0.8333 -11.7478 3.9988 -0.8333 -11.7478 -7.5713 7.6438 -1.2523 -7.5713 7.6438 -1.2523 56.8254 -0.0626 -0.1156 34.5960 3.9624 12.6766 29.6344 -3.7172 -13.9871 98.0807 21.9959 19.1512 30.5147 6.7226 24.3030 26.2000 7.0672 29.7229 7.0952 -46.7170 3.0674 16.4112 71.9711 -11.9557 -10.4704 23.2430 -15.9498 -0.0000 0.0000 0.0000 -9.7436 -25.4626 -2.2065 16.4449 61.1229 -9.7542 -50.9013 -37.6588 -57.1860 -0.0000 0.0000 0.0000
-0.0719 0.7305 0.0579 -2.2083 5.6292 14.7171 3.8580 -0.8413 -11.4002 3.8580 -0.8413 -11.4002 -7.0984 7.4916 -1.9828 -7.0984 7.4916 -1.9828 54.8445 0.2659 0.5124 30.4289 3.3882 12.4130 30.0432 -3.3597 -12.4738 99.2898 23.8383 20.3369 33.3450 9.2203 30.1386 21.7038 5.6704 28.9705 5.5681 -42.8789 2.1880 13.9005 67.6177 -9.3339 -12.0041 24.5330 -18.4620 -0.0000 0.0000 0.0000 -8.7988 -19.8148 -1.5398 10.2122 55.6373 -5.3988 -51.8464 -38.7708 -58.0470 -0.0000 0.0000 0.0000
-0.0590 0.7461 0.0706 -2.2563 5.6197 15.5799 3.5578 -0.8159 -11.1924 3.5578 -0.8159 -11.1924 -6.4427 7.4014 -2.6323 -6.4427 7.4014 -2.6323 53.3552 0.4617 0.9188 26.1085 2.8046 12.0534 29.8946 -3.0898 -11.5375 99.8436 25.7868 21.8046 34.8704 12.0786 37.2348 16.9811 4.0790 26.8343 4.7393 -36.9116 1.5825 11.5178 61.4627 -6.8622 -13.2161 24.3115 -20.2669 -0.0000 0.0000 0.0000 -7.7145 -14.1046 -0.9558 5.3852 49.5157 -2.4850 -51.0362 -38.4461 -57.2187 -0.0000 0.0000 0.0000
-0.0473 0.7613 0.0856 -2.2087 5.2704 16.1478 3.1461 -0.7889 -11.0723 3.1461 -0.7889 -11.0723 -5.7168 7.4916 -3.1612 -5.7168 7.4916 -3.1612 52.1212 0.8969 1.8338 21.4933 2.2786 11.9633 29.7603 -3.1223 -11.7129 99.7641 27.5683 23.3591 34.3398 14.4461 44.6057 13.0935 2.8038 24.0756 4.0495 -31.0628 1.1258 9.9293 55.5681 -5.2411 -13.8853 23.9314 -21.2126 -0.0000 0.0000 0.0000 -6.7600 -8.8619 -0.5244 2.1029 43.8770 -0.8471 -49.6797 -36.0427 -56.0934 -0.0000 0.0000 0.0000
-0.0342 0.7739 0.1019 -2.0718 4.6466 16.4130 2.6368 -0.7659 -11.0635 2.6368 -0.7659 -11.0635 -4.9705 7.7295 -3.5922 -4.9705 7.7295 -3.5922 51.1590 1.6160 3.3752 16.5132 1.8577 12.7499 29.5210 -3.4198 -12.9283 99.3784 29.0829 24.8217 32.4116 15.9284 51.4096 10.6544 2.0008 21.2135 3.1987 -26.7564 0.7609 9.1623 51.8960 -4.4657 -13.5809 23.5867 -20.6945 -0.0000 0.0000 0.0000 -6.0717 -4.4124 -0.2341 0.0115 39.3075 -0.0041 -47.9234 -32.9259 -54.6266 -0.0000 0.0000 0.0000
-0.0233 0.7831 0.1177 -1.8930 3.8923 16.4312 2.0602 -0.7360 -11.1475 2.0602 -0.7360 -11.1475 -4.2235 8.1968 -3.8589 -4.2235 8.1968 -3.8589 50.3245 2.3712 5.0451 11.9344 1.4164 13.4885 28.9456 -3.7055 -14.2869 98.1399 31.2494 27.2637 27.9911 15.8294 58.3033 8.8788 1.4412 18.4041 2.3523 -23.7179 0.4940 8.2449 49.4984 -3.8060 -12.3788 23.2102 -18.8243 -0.0000 0.0000 0.0000 -5.6999 -0.9330 -0.0464 -1.3080 35.8998 0.4237 -46.3295 -30.0381 -53.2932 -0.0000 0.0000 0.0000
-0.0127 0.7893 0.1315 -1.7385 3.1806 16.2857 1.4857 -0.7014 -11.2308 1.4857 -0.7014 -11.2308 -3.3999 8.7120 -4.1046 -3.3999 8.7120 -4.1046 49.5969 2.8407 6.1436 8.3739 1.0044 13.6559 28.3882 -3.8200 -15.0219 95.8048 33.8764 30.7696 21.8846 13.7870 64.0380 7.8941 1.1136 16.0345 1.6686 -21.2554 0.3131 7.0405 47.5776 -3.1067 -10.8839 22.1832 -16.4334 -0.0000 0.0000 0.0000 -5.6243 1.6058 0.0789 -2.0126 33.4951 0.6057 -45.2591 -27.8846 -52.4237 -0.0000 0.0000 0.0000
-0.0024 0.7934 0.1431 -1.6818 2.6332 16.1055 0.9477 -0.6613 -11.2981 0.9477 -0.6613 -11.2981 -2.4984 9.1237 -4.3519 -2.4984 9.1237 -4.3519 48.8972 2.8685 6.3043 6.1359 0.7279 13.5175 28.1741 -3.8681 -15.3280 92.2185 36.8736 35.5626 14.6000 9.7877 67.5164 7.5704 0.9666 14.5324 1.3359 -18.9924 0.2235 5.8772 45.7945 -2.4841 -9.5987 20.0129 -14.2635 -0.0000 0.0000 0.0000 -5.7310 3.1945 0.1599 -2.0836 32.1328 0.6001 -44.3900 -27.3335 -51.5348 -0.0000 0.0000 0.0000
0.0064 0.7961 0.1533 -1.7314 2.1535 15.9837 0.4745 -0.6138 -11.2996 0.4745 -0.6138 -11.2996 -1.5287 9.4144 -4.6214 -1.5287 9.4144 -4.6214 48.1418 2.7406 6.1304 4.6186 0.5272 13.0168 28.4386 -3.9248 -15.4014 87.0357 39.6994 41.6316 7.5055 5.1051 68.4038 7.2589 0.8813 13.8267 1.3694 -16.6780 0.2007 5.0043 44.1757 -2.0319 -8.9395 18.0103 -13.0948 -0.0000 0.0000 0.0000 -5.9863 4.2684 0.2233 -1.5654 31.6869 0.4443 -43.5431 -27.2058 -50.6048 -0.0000 0.0000 0.0000
0.0136 0.7971 0.1632 -1.9102 1.7765 15.8821 0.1015 -0.5735 -11.2899 0.1015 -0.5735 -11.2899 -0.5645 9.5718 -4.8725 -0.5645 9.5718 -4.8725 47.0673 2.4618 5.6489 3.7668 0.4075 12.3452 29.0337 -4.0143 -15.4159 80.7179 41.6508 48.2251 1.8277 1.2194 67.4186 6.6120 0.7856 13.5365 1.6200 -14.6812 0.2087 4.4506 42.9478 -1.7515 -9.0932 16.8012 -13.2057 -0.0000 0.0000 0.0000 -6.5726 4.4998 0.2585 -0.2721 31.9842 0.0780 -42.2745 -26.8970 -49.2243 -0.0000 0.0000 0.0000
0.0202 0.7964 0.1745 -2.2159 1.4759 15.7671 -0.1745 -0.5486 -11.3829 -0.1745 -0.5486 -11.3829 0.3382 9.6397 -5.1681 0.3382 9.6397 -5.1681 45.7013 2.2845 5.4180 3.4994 0.3732 12.1719 29.5565 -4.1654 -15.6978 74.8243 42.4371 53.8232 -1.7612 -1.1438 66.0011 5.8893 0.6932 13.4153 1.9934 -13.2419 0.2314 4.1861 42.5221 -1.6294 -9.6585 15.9183 -13.9379 -0.0000 0.0000 0.0000 -7.6149 3.3431 0.2225 1.6878 33.3508 -0.5056 -40.1811 -26.7738 -46.8793 -0.0000 0.0000 0.0000
0.0255 0.7948 0.1872 -2.6564 1.2189 15.6494 -0.3698 -0.5315 -11.6051 -0.3698 -0.5315 -11.6051 1.0915 9.7195 -5.3623 1.0915 9.7195 -5.3623 44.2020 2.2157 5.4529 3.2586 0.3444 12.0644 29.5261 -4.1982 -15.8367 69.7232 42.3772 58.1894 -3.7786 -2.4084 65.0143 5.0079 0.5816 13.2415 2.6527 -11.7292 0.2725 4.0544 42.1720 -1.5639 -10.3109 16.4522 -14.9283 -0.0000 0.0000 0.0000 -9.1152 0.1013 0.0081 3.9317 35.5816 -1.2621 -37.0221 -26.9582 -43.2693 -0.0000 0.0000 0.0000
0.0296 0.7930 0.2007 -3.1754 0.9681 15.5265 -0.5131 -0.5205 -11.8742 -0.5131 -0.5205 -11.8742 1.6194 9.7937 -5.4389 1.6194 9.7937 -5.4389 42.5324 2.2156 5.6885 3.0600 0.3158 11.7821 29.1325 -4.1246 -15.7795 66.2337 41.7029 60.5624 -4.4556 -2.8502 65.1982 4.1996 0.4828 13.1092 3.4703 -9.9673 0.3027 3.8139 41.5000 -1.4454 -11.0399 16.8286 -16.0183 -0.0000 0.0000 0.0000 -10.8864 -4.4361 -0.4229 6.2062 38.3027 -2.1572 -33.2865 -27.0082 -38.9950 -0.0000 0.0000 0.0000
0.0327 0.7918 0.2136 -3.7799 0.7575 15.4311 -0.6271 -0.5056 -12.1517 -0.6271 -0.5056 -12.1517 2.0109 9.8710 -5.4434 2.0109 9.8710 -5.4434 40.7349 2.2371 6.0210 3.1713 0.3191 11.4905 28.6801 -4.0239 -15.6488 63.8486 40.8186 61.6920 -4.8041 -3.1179 65.9502 3.6431 0.4193 13.1253 4.4519 -7.7902 0.3033 3.5197 40.1861 -1.2879 -11.6402 16.0071 -16.7882 -0.0000 0.0000 0.0000 -12.7566 -9.5355 -1.0684 8.4589 41.5136 -3.2109 -29.3835 -27.0631 -34.4984 -0.0000 0.0000 0.0000
0.0357 0.7917 0.2249 -4.4465 0.5859 15.3616 -0.7069 -0.4819 -12.3975 -0.7069 -0.4819 -12.3975 2.3784 9.9287 -5.5217 2.3784 9.9287 -5.5217 39.0504 2.2852 6.4383 3.7722 0.3656 11.0671 28.5508 -3.9478 -15.4277 62.2326 39.8988 62.0384 -5.0940 -3.3643 66.8661 3.3458 0.3905 13.3094 5.3859 -5.7232 0.2694 3.3939 38.7160 -1.1927 -11.9832 14.5307 -17.1103 -0.0000 0.0000 0.0000 -14.3829 -13.7979 -1.7493 10.6512 44.7210 -4.3920 -26.1062 -27.0501 -30.7063 -0.0000 0.0000 0.0000
0.0388 0.7925 0.2341 -5.1445 0.4620 15.2624 -0.7490 -0.4542 -12.6151 -0.7490 -0.4542 -12.6151 2.8008 10.0258 -5.7299 2.8008 10.0258 -5.7299 37.5193 2.3639 6.9524 4.4917 0.4195 10.6646 28.5875 -3.8960 -15.2075 60.7868 38.9648 62.1927 -5.2749 -3.5415 67.7329 3.1793 0.3771 13.5268 6.0675 -4.1662 0.2209 3.4288 37.3047 -1.1577 -12.0620 12.9936 -17.0529 -0.0000 0.0000 0.0000 -15.8393 -17.0579 -2.3903 13.0279 47.5872 -5.7642 -23.5019 -26.7150 -27.7082 -0.0000 0.0000 0.0000
0.0419 0.7940 0.2416 -5.8244 0.3882 15.1171 -0.7534 -0.4247 -12.8047 -0.7534 -0.4247 -12.8047 3.2779 10.1863 -6.0492 3.2779 10.1863 -6.0492 36.1369 2.4589 7.5275 5.2377 0.4718 10.2868 28.8064 -3.8583 -14.9441 59.1792 37.9511 62.3934 -5.4748 -3.7399 68.6532 3.1628 0.3808 13.7282 6.4645 -3.2119 0.1814 3.5473 36.0875 -1.1559 -11.9696 10.9588 -16.7124 -0.0000 0.0000 0.0000 -16.9252 -19.1235 -2.8714 15.5754 49.8866 -7.2793 -21.5572 -26.7650 -25.4336 -0.0000 0.0000 0.0000
0.0454 0.7956 0.2477 -6.4613 0.3580 14.9258 -0.7156 -0.3971 -12.9726 -0.7156 -0.3971 -12.9726 3.7500 10.3911 -6.3865 3.7500 10.3911 -6.3865 35.0474 2.5651 8.1114 5.4788 0.4822 10.0521 28.8766 -3.7780 -14.5994 57.2750 36.7682 62.6511 -5.6518 -3.9279 69.5750 3.2223 0.3983 14.0888 6.6853 -2.6128 0.1526 3.7838 35.1959 -1.2005 -11.6989 9.2847 -16.1758 -0.0000 0.0000 0.0000 -17.9126 -21.4562 -3.4206 18.4752 52.1730 -9.1055 -20.1520 -27.0461 -23.7681 -0.0000 0.0000 0.0000
0.0491 0.7968 0.2522 -7.0078 0.3642 14.7151 -0.6439 -0.3730 -13.0941 -0.6439 -0.3730 -13.0941 4.1023 10.5870 -6.6347 4.1023 10.5870 -6.6347 34.0855 2.6483 8.6244 5.2896 0.4600 9.9336 28.7744 -3.6667 -14.2255 55.0124 35.3611 62.9486 -5.9497 -4.2121 70.5695 3.2841 0.4230 14.6744 6.8077 -2.2262 0.1324 3.9605 34.3949 -1.2262 -11.5999 6.8512 -15.8200 -0.0000 0.0000 0.0000 -18.9811 -24.3034 -4.1231 22.0432 54.7982 -11.5297 -19.2763 -27.5357 -22.7071 -0.0000 0.0000 0.0000
0.0531 0.7972 0.2559 -7.4661 0.4076 14.4975 -0.5446 -0.3499 -13.1547 -0.5446 -0.3499 -13.1547 4.2941 10.7495 -6.7976 4.2941 10.7495 -6.7976 33.2290 2.6638 8.9108 4.8764 0.4256 9.9691 28.5719 -3.5187 -13.7564 52.6382 33.8284 63.1640 -6.4470 -4.6374 71.4279 3.2302 0.4405 15.5272 6.9137 -1.7936 0.1084 3.9605 33.6051 -1.1964 -11.6819 4.0864 -15.6963 -0.0000 0.0000 0.0000 -20.1956 -27.5951 -5.0084 26.3262 57.5156 -14.6274 -18.9223 -27.8458 -22.2708 -0.0000 0.0000 0.0000
0.0573 0.7968 0.2587 -7.8318 0.4422 14.2736 -0.4119 -0.3275 -13.1403 -0.4119 -0.3275 -13.1403 4.2822 10.8448 -6.8554 4.2822 10.8448 -6.8554 32.5132 2.5947 8.8817 4.4331 0.3960 10.2035 28.2417 -3.3315 -13.1881 50.5212 32.3393 63.1408 -7.0792 -5.1600 72.1439 3.1076 0.4485 16.4212 6.9553 -1.2870 0.0782 3.9087 33.0356 -1.1595 -11.7682 1.6710 -15.6177 -0.0000 0.0000 0.0000 -21.5618 -31.0682 -6.0595 30.9313 59.6767 -18.0354 -19.2887 -27.5759 -22.7187 -0.0000 0.0000 0.0000
0.0621 0.7960 0.2601 -8.1240 0.4429 13.9719 -0.2340 -0.3082 -13.0596 -0.2340 -0.3082 -13.0596 4.0979 10.9052 -6.7943 4.0979 10.9052 -6.7943 31.9228 2.4620 8.5930 4.1037 0.3859 10.7410 27.8568 -3.1443 -12.6303 48.8218 30.9768 62.8140 -7.5588 -5.5906 72.9390 2.9840 0.4485 17.0913 6.8499 -0.6975 0.0417 3.8899 32.7076 -1.1418 -11.4818 0.3049 -15.1371 -0.0000 0.0000 0.0000 -23.0896 -34.5663 -7.2732 35.1342 60.8772 -21.0763 -20.4431 -26.2193 -24.1734 -0.0000 0.0000 0.0000
0.0667 0.7952 0.2595 -8.3516 0.4168 13.5819 -0.0091 -0.2921 -12.9136 -0.0091 -0.2921 -12.9136 3.7819 10.9522 -6.5959 3.7819 10.9522 -6.5959 31.3487 2.2851 8.1307 4.0670 0.4103 11.5180 27.6121 -2.9929 -12.1367 47.4135 29.7167 62.2791 -7.9945 -6.0199 73.9215 2.9824 0.4582 17.4648 6.6160 0.0001 -0.0000 3.8219 32.4975 -1.1143 -10.7233 -0.1710 -14.1090 -0.0000 0.0000 0.0000 -24.4456 -37.4981 -8.4108 37.8883 60.9083 -22.8195 -22.0365 -24.2072 -26.2122 -0.0000 0.0000 0.0000
0.0714 0.7947 0.2554 -8.5195 0.3861 13.0552 0.2371 -0.2809 -12.7147 0.2371 -0.2809 -12.7147 3.3994 11.0384 -6.2772 3.3994 11.0384 -6.2772 30.8273 2.1201 7.6793 4.0948 0.4449 12.3961 27.2924 -2.8803 -11.8242 46.2460 28.5664 61.6070 -8.3394 -6.4122 75.0739 3.1294 0.4860 17.6505 6.2121 0.3034 -0.0165 3.7265 32.6325 -1.0912 -9.7974 -0.0172 -12.9049 -0.0000 0.0000 0.0000 -25.5509 -40.0232 -9.4416 39.7656 60.5421 -23.8390 -24.0502 -21.8608 -28.8045 -0.0000 0.0000 0.0000
0.0763 0.7948 0.2472 -8.6347 0.2511 12.3545 0.4651 -0.2712 -12.5253 0.4651 -0.2712 -12.5253 3.0191 11.2658 -5.9041 3.0191 11.2658 -5.9041 30.4000 2.0261 7.4474 4.0547 0.4712 13.2521 26.8394 -2.8109 -11.7419 45.5914 27.6851 60.7672 -8.3277 -6.5486 76.3231 3.4457 0.5413 17.8509 5.7319 0.3179 -0.0159 3.5061 32.9161 -1.0361 -9.3083 -0.1812 -12.2531 -0.0000 0.0000 0.0000 -26.3460 -42.1796 -10.3156 41.7200 60.6569 -25.1348 -26.1183 -19.8573 -31.4593 -0.0000 0.0000 0.0000
0.0809 0.7947 0.2355 -8.7408 -0.0269 11.3993 0.6472 -0.2558 -12.3593 0.6472 -0.2558 -12.3593 2.6889 11.6848 -5.5394 2.6889 11.6848 -5.5394 30.0610 2.0075 7.4664 4.0512 0.4972 13.9892 26.3307 -2.7915 -11.8934 45.6010 27.1366 59.7212 -7.8550 -6.3220 77.6261 3.9134 0.6249 18.1371 5.2736 0.3531 -0.0163 3.0076 32.8582 -0.8870 -9.8412 -1.1433 -12.8923 -0.0000 0.0000 0.0000 -26.5908 -43.8182 -10.8579 43.8525 61.4162 -26.8919 -28.0146 -18.4343 -33.8694 -0.0000 0.0000 0.0000
0.0852 0.7937 0.2210 -8.8695 -0.5213 10.2463 0.7713 -0.2284 -12.1813 0.7713 -0.2284 -12.1813 2.4726 12.2920 -5.2903 2.4726 12.2920 -5.2903 29.8085 2.0400 7.6541 4.0773 0.5160 14.4206 25.7576 -2.8012 -12.2077 46.3632 26.8720 58.3130 -6.9582 -5.7353 78.9712 4.5669 0.7448 18.5167 4.7509 -0.1290 0.0054 2.4315 32.5024 -0.7089 -11.8424 -3.9444 -15.3019 -0.0000 0.0000 0.0000 -26.5673 -45.0852 -11.1939 46.6637 62.6712 -29.4293 -29.6320 -17.9341 -35.8474 -0.0000 0.0000 0.0000
0.0891 0.7915 0.2048 -9.1100 -1.1679 9.0188 0.8800 -0.1858 -11.9599 0.8800 -0.1858 -11.9599 2.4252 12.9779 -5.1574 2.4252 12.9779 -5.1574 29.6125 2.0938 7.9095 4.1812 0.5324 14.5058 25.2569 -2.8189 -12.5341 47.4438 26.6892 56.7224 -5.8866 -4.9656 80.2841 5.2098 0.8638 18.8161 4.2764 -1.2729 0.0475 2.0785 32.4267 -0.6044 -14.5485 -7.6148 -18.4775 -0.0000 0.0000 0.0000 -26.8175 -46.3960 -11.6669 51.2134 64.4284 -33.6059 -30.5278 -18.2191 -36.8711 -0.0000 0.0000 0.0000
0.0931 0.7882 0.1881 -9.5515 -1.8276 7.9834 1.0502 -0.1342 -11.7081 1.0502 -0.1342 -11.7081 2.5960 13.5577 -5.1033 2.5960 13.5577 -5.1033 29.4470 2.1224 8.0643 4.3765 0.5488 14.2890 24.9588 -2.8322 -12.7470 48.2231 26.4131 55.3383 -5.1108 -4.3834 81.2286 5.6492 0.9549 19.1731 4.0451 -2.8678 0.1013 2.1142 33.0760 -0.6278 -17.2540 -11.6899 -21.5236 -0.0000 0.0000 0.0000 -27.8507 -47.9668 -12.5892 58.8619 66.1887 -40.3776 -29.7405 -19.1229 -35.8286 -0.0000 0.0000 0.0000
0.0968 0.7847 0.1721 -10.2127 -2.3730 7.2728 1.3177 -0.0834 -11.4440 1.3177 -0.0834 -11.4440 2.9019 13.9715 -5.0883 2.9019 13.9715 -5.0883 29.2838 2.1054 8.0464 4.3629 0.5340 13.9489 24.8480 -2.8261 -12.7774 48.4260 25.9980 54.3476 -4.8549 -4.2082 81.8294 5.7875 0.9957 19.5070 4.1531 -4.6658 0.1693 2.4589 34.3028 -0.7590 -19.4497 -14.6702 -23.9587 -0.0000 0.0000 0.0000 -30.4660 -50.0378 -14.4859 70.5272 67.1804 -50.3107 -27.6830 -20.3089 -33.2603 -0.0000 0.0000 0.0000
0.1001 0.7818 0.1582 -11.1085 -2.8241 6.9013 1.7095 -0.0449 -11.2544 1.7095 -0.0449 -11.2544 3.3140 14.2321 -5.0786 3.3140 14.2321 -5.0786 29.0735 2.0450 7.8750 4.0115 0.4837 13.7441 24.8568 -2.7653 -12.5002 48.2454 25.5052 53.6256 -4.9280 -4.2974 82.1707 5.7478 1.0122 19.9587 4.7510 -5.9116 0.2455 2.7914 35.5719 -0.8956 -21.1120 -16.3253 -25.8242 -0.0000 0.0000 0.0000 -35.1049 -52.6224 -17.7786 85.7329 66.8181 -62.9519 -24.7065 -21.0991 -29.6566 -0.0000 0.0000 0.0000
0.1032 0.7804 0.1471 -12.2165 -3.1685 6.7486 2.2120 -0.0217 -11.1522 2.2120 -0.0217 -11.1522 3.7301 14.3920 -5.0328 3.7301 14.3920 -5.0328 28.7701 1.9615 7.6373 3.3432 0.4027 13.7328 24.8634 -2.6177 -11.8346 47.8943 25.0371 53.1245 -5.2170 -4.5566 82.2593 5.6274 1.0206 20.5428 5.8629 -5.9914 0.3071 2.8491 35.9644 -0.9249 -22.2787 -17.1536 -27.1520 -0.0000 0.0000 0.0000 -41.7492 -55.3126 -22.6028 101.1085 64.7605 -75.2467 -21.8406 -21.7044 -26.2017 -0.0000 0.0000 0.0000
0.1057 0.7806 0.1395 -13.4725 -3.4470 6.7161 2.7707 -0.0141 -11.1045 2.7707 -0.0141 -11.1045 4.1445 14.5058 -5.0328 4.1445 14.5058 -5.0328 28.4109 1.8527 7.3098 2.5281 0.3066 13.8262 24.7916 -2.3963 -10.8717 47.5923 24.6203 52.6582 -5.5968 -4.8809 82.1712 5.5061 1.0340 21.2569 7.2865 -5.5918 0.3563 2.5799 35.2852 -0.8206 -22.8655 -18.0980 -27.7639 -0.0000 0.0000 0.0000 -49.8509 -57.3013 -28.4937 113.6498 61.3071 -84.3871 -19.8365 -22.4793 -23.7566 -0.0000 0.0000 0.0000
0.1076 0.7820 0.1359 -14.8710 -3.6068 6.7231 3.3582 -0.0240 -11.0970 3.3582 -0.0240 -11.0970 4.5531 14.5281 -5.0877 4.5531 14.5281 -5.0877 28.0416 1.7368 6.9471 1.6238 0.2008 14.0955 24.5722 -2.1117 -9.6743 47.2602 24.2918 52.3863 -6.0855 -5.2882 81.9672 5.3294 1.0330 21.9240 8.9207 -5.1073 0.3987 2.1494 34.1957 -0.6612 -23.0546 -19.5520 -27.8473 -0.0000 0.0000 0.0000 -59.2898 -58.4406 -35.3159 123.8039 57.1991 -91.2000 -17.9649 -23.6573 -21.4459 -0.0000 0.0000 0.0000
0.1087 0.7840 0.1357 -16.4187 -3.6473 6.7718 3.9572 -0.0448 -11.1226 3.9572 -0.0448 -11.1226 4.9697 14.4287 -5.1680 4.9697 14.4287 -5.1680 27.6277 1.6097 6.5402 0.9897 0.1257 14.4738 24.4641 -1.8314 -8.4333 46.8219 24.0245 52.3435 -6.7034 -5.7924 81.6443 5.0752 1.0168 22.6432 10.6609 -4.8557 0.4533 1.8191 33.2954 -0.5440 -23.0238 -21.9617 -27.5806 -0.0000 0.0000 0.0000 -68.4227 -58.4736 -41.6687 132.0219 53.1502 -96.6868 -14.8892 -25.1706 -17.7031 -0.0000 0.0000 0.0000
0.1084 0.7860 0.1377 -18.0352 -3.6086 6.8129 4.5472 -0.0802 -11.1736 4.5472 -0.0802 -11.1736 5.3855 14.2766 -5.2963 5.3855 14.2766 -5.2963 27.1422 1.4969 6.1954 0.4582 0.0602 14.9785 24.4278 -1.5927 -7.3482 46.4639 23.8439 52.3807 -7.2765 -6.2621 81.4100 4.8537 0.9986 23.2394 12.3748 -4.7800 0.5185 1.6720 32.5551 -0.4882 -22.6296 -24.4387 -26.8896 -0.0000 0.0000 0.0000 -76.5631 -57.5635 -46.8788 138.3664 49.8079 -101.3703 -11.1510 -27.1959 -13.1828 -0.0000 0.0000 0.0000
0.1079 0.7877 0.1411 -19.6404 -3.5777 6.8610 5.1226 -0.1439 -11.2785 5.1226 -0.1439 -11.2785 5.8880 14.1157 -5.5265 5.8880 14.1157 -5.5265 26.5300 1.4302 6.0616 -0.0914 -0.0125 15.5544 24.4490 -1.4026 -6.4672 46.4460 23.7415 52.1996 -7.5865 -6.5302 81.4203 4.8055 1.0098 23.7222 14.0524 -4.7166 0.5816 1.6728 31.9115 -0.4783 -21.5076 -27.2488 -25.3361 -0.0000 0.0000 0.0000 -82.8574 -56.2770 -50.5326 142.8516 47.8384 -105.7032 -7.3817 -29.5426 -8.6662 -0.0000 0.0000 0.0000
0.1068 0.7891 0.1449 -21.1233 -3.5632 7.0125 5.6647 -0.2259 -11.4028 5.6647 -0.2259 -11.4028 6.3940 13.9385 -5.8134 6.3940 13.9385 -5.8134 25.7879 1.3907 6.0697 -0.6380 -0.0896 15.9923 24.6269 -1.2519 -5.7309 46.7438 23.7287 51.8513 -7.9003 -6.7932 81.3592 4.9866 1.0703 24.2145 15.5775 -4.5320 0.6202 1.8955 31.2527 -0.5302 -19.6535 -30.3393 -22.9429 -0.0000 0.0000 0.0000 -87.4420 -55.0258 -52.9561 145.7668 47.4583 -109.9716 -4.0440 -32.4729 -4.7052 -0.0000 0.0000 0.0000
0.1044 0.7899 0.1488 -22.4164 -3.5770 7.3374 6.1655 -0.3183 -11.5354 6.1655 -0.3183 -11.5354 6.8744 13.7442 -6.1450 6.8744 13.7442 -6.1450 25.0056 1.3616 6.1349 -1.1418 -0.1629 16.2381 25.0128 -1.1370 -5.1227 47.1777 23.6938 51.3181 -8.2805 -7.1009 81.2029 5.2555 1.1513 24.6973 16.8987 -4.1347 0.6145 2.3080 30.4712 -0.6287 -17.0652 -33.7970 -19.7265 -0.0000 0.0000 0.0000 -90.7818 -53.9010 -54.5352 147.3007 48.1486 -113.4217 -1.6887 -35.1045 -1.9490 -0.0000 0.0000 0.0000
0.1026 0.7903 0.1534 -23.5149 -3.5872 7.8621 6.6215 -0.4107 -11.6764 6.6215 -0.4107 -11.6764 7.3147 13.5055 -6.4888 7.3147 13.5055 -6.4888 24.2282 1.3261 6.1727 -1.6033 -0.2307 16.3773 25.5511 -1.0435 -4.5998 47.5450 23.6188 50.7845 -8.8029 -7.5202 80.9837 5.4887 1.2223 25.0916 18.0268 -3.5651 0.5657 2.8340 29.5269 -0.7470 -14.1944 -37.0165 -16.2618 -0.0000 0.0000 0.0000 -94.1684 -52.7158 -56.1076 148.0164 49.0201 -115.6953 0.2181 -36.7189 0.2505 -0.0000 0.0000 0.0000
0.1007 0.7904 0.1581 -24.4739 -3.5602 8.5179 7.0372 -0.4918 -11.8106 7.0372 -0.4918 -11.8106 7.6907 13.2449 -6.7992 7.6907 13.2449 -6.7992 23.4438 1.2850 6.1875 -1.8849 -0.2713 16.3820 26.1624 -0.9607 -4.1329 47.6006 23.4358 50.3722 -9.6381 -8.1792 80.6004 5.5779 1.2645 25.5267 18.9903 -2.9765 0.4979 3.4256 28.5811 -0.8728 -11.7024 -39.5768 -13.3125 -0.0000 0.0000 0.0000 -97.1016 -51.4721 -57.2536 148.3239 50.2981 -117.7138 1.7966 -37.5363 2.0583 -0.0000 0.0000 0.0000
0.0992 0.7907 0.1624 -25.3406 -3.5103 9.1663 7.4405 -0.5702 -11.9769 7.4405 -0.5702 -11.9769 8.0761 13.0243 -7.1030 8.0761 13.0243 -7.1030 22.6661 1.2772 6.3664 -2.1326 -0.3053 16.2916 26.5131 -0.8815 -3.7404 47.4561 23.1491 49.9659 -10.5801 -8.9199 80.2210 5.6392 1.3051 26.0416 19.8336 -2.5057 0.4381 3.9571 27.8060 -0.9799 -9.8645 -41.1981 -11.1722 -0.0000 0.0000 0.0000 -99.3128 -50.1033 -57.6477 148.3215 52.1286 -119.7690 2.1500 -37.7456 2.4616 -0.0000 0.0000 0.0000
0.0980 0.7913 0.1663 -26.1507 -3.5489 9.7239 7.8158 -0.6511 -12.2004 7.8158 -0.6511 -12.2004 8.5276 12.8757 -7.4676 8.5276 12.8757 -7.4676 21.9131 1.3126 6.7725 -2.2569 -0.3190 16.0874 26.4571 -0.8384 -3.5654 47.4027 22.8058 49.3508 -11.5214 -9.6563 79.8773 5.6391 1.3363 26.6433 20.6130 -2.1667 0.3941 4.3179 27.1122 -1.0416 -8.4445 -41.9842 -9.5441 -0.0000 0.0000 0.0000 -100.4215 -48.8872 -57.2480 147.9371 54.7344 -121.9297 1.6188 -37.6983 1.8538 -0.0000 0.0000 0.0000
0.0970 0.7922 0.1692 -27.0223 -3.4250 10.1809 8.2151 -0.7289 -12.4398 8.2151 -0.7289 -12.4398 9.0578 12.6584 -7.9958 9.0578 12.6584 -7.9958 21.2026 1.3767 7.3459 -2.2736 -0.3148 15.7625 26.0897 -0.7828 -3.3779 47.2235 22.4367 48.8099 -13.0348 -10.8008 79.2149 5.5103 1.3538 27.5877 21.3851 -2.1988 0.4152 4.5702 26.5338 -1.0781 -6.8085 -42.4565 -7.6860 -0.0000 0.0000 0.0000 -100.8796 -47.6862 -56.2921 147.4033 58.1970 -124.5695 0.2162 -38.7467 0.2468 -0.0000 0.0000 0.0000
0.0961 0.7932 0.1713 -28.0726 -2.9577 10.5624 8.6767 -0.7882 -12.6459 8.6767 -0.7882 -12.6459 9.5964 12.2539 -8.7442 9.5964 12.2539 -8.7442 20.6456 1.4670 8.0413 -2.3001 -0.3094 15.3182 25.5284 -0.6654 -2.9366 46.6441 21.9658 48.4697 -15.5128 -12.5664 77.9007 4.9928 1.2927 29.0163 22.2191 -2.7273 0.5357 4.8991 26.0090 -1.1321 -4.4073 -43.0263 -4.9681 -0.0000 0.0000 0.0000 -101.4890 -46.2595 -55.1924 147.0724 62.0498 -127.6653 -2.0631 -40.8704 -2.3404 -0.0000 0.0000 0.0000
0.0940 0.7943 0.1724 -29.3603 -1.8532 10.8838 9.2470 -0.8150 -12.6453 9.2470 -0.8150 -12.6453 10.0093 11.6012 -9.4800 10.0093 11.6012 -9.4800 20.2834 1.5628 8.7203 -2.4847 -0.3153 14.4610 24.8913 -0.5137 -2.3274 45.3752 21.3559 48.5531 -19.2873 -14.9867 75.4861 3.7792 1.0405 30.7768 23.1556 -3.9639 0.8124 5.3282 25.4751 -1.2052 -1.2842 -43.7982 -1.4446 -0.0000 0.0000 0.0000 -102.6357 -44.1711 -53.7517 144.9125 65.6215 -127.7581 -6.2599 -42.8210 -7.0596 -0.0000 0.0000 0.0000
0.0917 0.7953 0.1732 -30.8505 -0.0434 11.1975 9.9233 -0.8028 -12.2851 9.9233 -0.8028 -12.2851 10.1647 10.7773 -9.8725 10.1647 10.7773 -9.8725 20.0662 1.6414 9.2580 -2.9028 -0.3352 13.1727 24.2918 -0.3237 -1.5041 43.2782 20.5688 49.1565 -24.5152 -17.7998 71.5657 1.7503 0.5115 32.5753 24.1620 -5.9279 1.2699 5.9450 25.0620 -1.3225 2.5841 -44.6150 2.9000 -0.0000 0.0000 0.0000 -104.0166 -41.6152 -51.8899 140.1882 68.8117 -124.2660 -11.8784 -43.3275 -13.3672 -0.0000 0.0000 0.0000
0.0887 0.7965 0.1741 -32.4434 2.3062 11.5242 10.6672 -0.7639 -11.5948 10.6672 -0.7639 -11.5948 9.9504 9.9729 -9.7494 9.9504 9.9729 -9.7494 19.9452 1.7125 9.7170 -3.6037 -0.3621 11.4723 23.6909 -0.1593 -0.7597 40.7352 19.5890 49.8764 -30.7423 -20.3833 66.3667 -0.8399 -0.2571 34.0415 25.2103 -8.3911 1.8796 6.6866 24.8370 -1.4740 6.7895 -44.6472 7.6168 -0.0000 0.0000 0.0000 -105.2492 -38.4171 -49.0354 129.4935 70.9834 -113.0306 -18.0196 -41.0739 -20.3825 -0.0000 0.0000 0.0000
0.0855 0.7981 0.1756 -33.9326 4.6196 11.8897 11.3501 -0.7070 -10.7654 11.3501 -0.7070 -10.7654 9.3601 9.3405 -9.1532 9.3601 9.3405 -9.1532 19.8974 1.7517 9.9622 -4.2768 -0.3656 9.7666 23.1991 -0.0613 -0.2986 38.2926 18.5661 50.4214 -37.2621 -22.1148 60.1966 -3.6801 -1.1577 34.9150 26.2228 -10.6906 2.4969 7.4059 24.6736 -1.6219 10.6858 -43.5955 12.0181 -0.0000 0.0000 0.0000 -105.7644 -35.1491 -45.4208 113.4443 71.3171 -95.0974 -22.9512 -36.9020 -26.2353 -0.0000 0.0000 0.0000
0.0823 0.8001 0.1780 -35.2207 6.5305 12.2781 11.9401 -0.6602 -10.0465 11.9401 -0.6602 -10.0465 8.5658 8.8863 -8.4237 8.5658 8.8863 -8.4237 19.8854 1.7619 10.0261 -4.8523 -0.3562 8.3911 22.7852 -0.0354 -0.1756 36.3769 17.6825 50.6671 -43.2023 -22.8414 54.0607 -6.2403 -1.9842 35.2482 27.1609 -12.4590 3.0209 8.0011 24.4207 -1.7341 14.1882 -41.7717 16.0307 -0.0000 0.0000 0.0000 -105.6198 -32.5005 -42.0282 97.1483 70.1027 -76.9710 -26.6642 -31.9976 -30.8784 -0.0000 0.0000 0.0000
0.0797 0.8024 0.1813 -36.2785 7.8391 12.6527 12.4423 -0.6366 -9.6279 12.4423 -0.6366 -9.6279 7.8155 8.5766 -7.8620 7.8155 8.5766 -7.8620 19.9013 1.7832 10.1386 -5.2768 -0.3501 7.5855 22.5076 -0.0406 -0.2043 35.0141 16.9540 50.5809 -47.9792 -22.5632 48.2905 -8.5385 -2.7382 35.5055 27.9469 -13.5175 3.3783 8.5690 24.1550 -1.8368 17.2895 -39.3443 19.6579 -0.0000 0.0000 0.0000 -104.9358 -29.9399 -38.3821 82.6479 67.6233 -60.9854 -29.2078 -26.8129 -34.3224 -0.0000 0.0000 0.0000
0.0773 0.8047 0.1852 -37.1447 8.7261 12.9742 12.8845 -0.6329 -9.4387 12.8845 -0.6329 -9.4387 7.2654 8.3500 -7.5124 7.2654 8.3500 -7.5124 19.9177 1.8283 10.3848 -5.5144 -0.3362 6.9720 22.3575 -0.0951 -0.4815 33.9908 16.2761 50.1463 -51.4010 -21.5839 43.2129 -10.7624 -3.4753 35.7034 28.5719 -14.0756 3.6011 9.0294 23.9050 -1.9152 19.7065 -36.6671 22.5665 -0.0000 0.0000 0.0000 -103.6375 -27.1072 -34.0858 71.1625 63.8130 -48.0194 -31.1833 -21.4739 -37.2339 -0.0000 0.0000 0.0000
0.0752 0.8068 0.1892 -37.8454 9.3022 13.2315 13.2681 -0.6400 -9.4219 13.2681 -0.6400 -9.4219 6.9293 8.1653 -7.2966 6.9293 8.1653 -7.2966 19.9476 1.8762 10.6390 -5.6439 -0.3331 6.7491 22.3007 -0.1327 -0.6735 32.9857 15.5990 49.6531 -53.6961 -20.2163 38.8032 -12.9644 -4.1993 35.7666 29.0282 -14.3359 3.7295 9.4116 23.7666 -1.9847 21.5624 -34.0184 24.8716 -0.0000 0.0000 0.0000 -101.9865 -24.3529 -29.8341 62.4927 59.6419 -38.3524 -32.5056 -16.1915 -39.4787 -0.0000 0.0000 0.0000
0.0733 0.8088 0.1925 -38.4394 9.8022 13.4127 13.6075 -0.6494 -9.4518 13.6075 -0.6494 -9.4518 6.6929 8.0153 -7.1945 6.6929 8.0153 -7.1945 20.0455 1.9352 10.9177 -5.8577 -0.3421 6.6786 22.1305 -0.1799 -0.9201 31.8914 14.9361 49.2904 -55.0692 -18.7460 35.1377 -15.0047 -4.8236 35.4705 29.3851 -14.6019 3.8481 9.6838 23.7062 -2.0371 22.8832 -31.5313 26.5814 -0.0000 0.0000 0.0000 -100.2432 -21.6322 -25.7607 56.2182 55.0053 -31.0819 -33.4346 -10.9931 -41.3465 -0.0000 0.0000 0.0000
0.0717 0.8105 0.1943 -38.9160 10.1898 13.5683 13.8808 -0.6560 -9.5011 13.8808 -0.6560 -9.5011 6.4854 7.8911 -7.1443 6.4854 7.8911 -7.1443 20.2591 1.9732 11.0115 -6.1840 -0.3728 6.8933 21.9639 -0.2071 -1.0670 30.8009 14.2811 48.9115 -56.1924 -17.2661 31.7505 -16.9346 -5.3396 34.7847 29.6598 -14.7737 3.9319 9.8729 23.5579 -2.0636 23.9596 -29.0593 28.0327 -0.0000 0.0000 0.0000 -98.7411 -19.6775 -22.8544 51.4990 50.8560 -25.8312 -33.8422 -6.5550 -42.5581 -0.0000 0.0000 0.0000
0.0700 0.8124 0.1937 -39.2891 10.4940 13.6323 14.1055 -0.6711 -9.6141 14.1055 -0.6711 -9.6141 6.3867 7.7681 -7.2337 6.3867 7.7681 -7.2337 20.5227 2.0058 11.0462 -6.5484 -0.4160 7.2620 21.7058 -0.2484 -1.2956 29.8563 13.7069 48.5328 -56.9880 -16.0311 29.0859 -18.4678 -5.7105 34.1106 29.8804 -14.9297 4.0048 10.0079 23.2024 -2.0596 24.5259 -27.3077 28.8467 -0.0000 0.0000 0.0000 -97.7255 -19.0479 -21.7447 47.8481 47.8704 -22.2804 -33.6360 -3.1383 -42.9052 -0.0000 0.0000 0.0000
0.0685 0.8145 0.1906 -39.5648 10.7470 13.6048 14.2820 -0.6943 -9.7760 14.2820 -0.6943 -9.7760 6.4102 7.6272 -7.4316 6.4102 7.6272 -7.4316 20.7782 2.0430 11.1095 -6.8708 -0.4639 7.7160 21.4120 -0.2905 -1.5362 28.9293 13.1430 48.1292 -57.3683 -14.9287 26.9340 -19.7469 -6.0194 33.6171 30.0255 -15.0094 4.0468 10.1421 22.7439 -2.0450 24.7065 -26.0485 29.1739 -0.0000 0.0000 0.0000 -97.0423 -19.0681 -21.5135 45.0651 45.4161 -19.6986 -33.1734 -0.4183 -42.8373 -0.0000 0.0000 0.0000
0.0670 0.8172 0.1851 -39.7615 11.0063 13.4787 14.4255 -0.7310 -9.9649 14.4255 -0.7310 -9.9649 6.6257 7.4342 -7.7542 6.6257 7.4342 -7.7542 20.9560 2.1066 11.3545 -7.1269 -0.4961 7.9536 20.8982 -0.3321 -1.8005 28.0180 12.4757 47.3164 -57.8703 -14.0050 25.0531 -21.0393 -6.3777 33.4017 30.1000 -15.1503 4.0959 10.2479 22.0968 -2.0061 24.2881 -25.3245 28.7533 -0.0000 0.0000 0.0000 -96.5968 -19.6026 -21.9451 43.2045 44.1842 -18.2615 -32.7305 1.3046 -42.6159 -0.0000 0.0000 0.0000
0.0655 0.8205 0.1779 -39.9093 11.3745 13.1777 14.5656 -0.7935 -10.2273 14.5656 -0.7935 -10.2273 7.0289 7.1837 -8.2059 7.0289 7.1837 -8.2059 21.1033 2.2288 11.9236 -7.4612 -0.5187 7.9417 19.8576 -0.3542 -2.0233 27.0634 11.7243 46.2081 -58.6942 -13.1462 23.1635 -22.6085 -6.8412 33.2949 30.1398 -15.5560 4.2126 10.3177 21.4346 -1.9579 23.4871 -24.7713 27.8664 -0.0000 0.0000 0.0000 -95.9538 -19.5614 -21.6592 42.1102 42.4576 -17.0102 -32.5029 3.3279 -42.7319 -0.0000 0.0000 0.0000
0.0636 0.8244 0.1696 -40.0302 11.8754 12.7032 14.6962 -0.8697 -10.4583 14.6962 -0.8697 -10.4583 7.4904 6.9257 -8.7146 7.4904 6.9257 -8.7146 21.2842 2.4123 12.7863 -7.9852 -0.5271 7.5405 18.3667 -0.3667 -2.2681 26.0462 10.8794 44.7556 -59.8425 -12.2877 21.1880 -24.4965 -7.3685 33.0420 30.2101 -16.2735 4.4200 10.3366 20.9430 -1.9155 22.4801 -24.0709 26.7463 -0.0000 0.0000 0.0000 -94.7940 -18.5502 -20.1392 41.6492 40.0826 -15.7985 -32.5369 5.7676 -43.2847 -0.0000 0.0000 0.0000
0.0610 0.8286 0.1613 -40.1280 12.4325 12.1550 14.8095 -0.9462 -10.6011 14.8095 -0.9462 -10.6011 7.8679 6.7272 -9.1220 7.8679 6.7272 -9.1220 21.5249 2.6126 13.6816 -8.6803 -0.5264 6.9271 16.8462 -0.3609 -2.4370 25.0422 9.9446 42.7859 -61.2620 -11.1767 18.7660 -26.8471 -7.9392 32.4240 30.3183 -17.1471 4.6780 10.3288 20.6282 -1.8846 21.5096 -22.9106 25.7032 -0.0000 0.0000 0.0000 -93.1907 -16.9082 -17.8618 41.2183 37.4148 -14.5143 -32.6565 8.2316 -43.9848 -0.0000 0.0000 0.0000
0.0586 0.8327 0.1534 -40.2092 13.0004 11.5647 14.9122 -1.0185 -10.6475 14.9122 -1.0185 -10.6475 8.1503 6.5865 -9.4161 8.1503 6.5865 -9.4161 21.7882 2.8041 14.4947 -9.4537 -0.5246 6.3384 15.5767 -0.3501 -2.5590 24.0590 9.0151 40.6037 -62.2295 -10.0379 16.5568 -29.2765 -8.4376 31.5412 30.4703 -18.0702 4.9596 10.3259 20.5578 -1.8775 20.7101 -21.3608 24.8882 -0.0000 0.0000 0.0000 -91.3652 -15.1336 -15.4941 40.5009 34.8294 -13.2017 -32.6566 10.6814 -44.5645 -0.0000 0.0000 0.0000
0.0562 0.8365 0.1465 -40.2601 13.4718 11.0420 14.9888 -1.0736 -10.6021 14.9888 -1.0736 -10.6021 8.2962 6.5370 -9.5469 8.2962 6.5370 -9.5469 22.0619 2.9507 15.0525 -10.2080 -0.5337 5.9698 14.8291 -0.3434 -2.6383 23.0473 8.1702 38.6108 -62.3259 -9.0599 14.9278 -31.3364 -8.7669 30.5703 30.6150 -18.7598 5.1776 10.3173 20.8066 -1.8991 20.2302 -19.4766 24.4774 -0.0000 0.0000 0.0000 -89.5459 -13.7563 -13.6487 39.4083 32.8729 -12.0621 -32.5682 12.5474 -44.9156 -0.0000 0.0000 0.0000
0.0535 0.8398 0.1409 -40.2743 13.8055 10.6453 15.0383 -1.1114 -10.5042 15.0383 -1.1114 -10.5042 8.3861 6.5167 -9.5782 8.3861 6.5167 -9.5782 22.3119 3.0574 15.4137 -10.9162 -0.5595 5.8506 14.3701 -0.3373 -2.6752 22.0056 7.4199 36.8862 -61.7989 -8.3134 13.8476 -32.9632 -8.9997 29.7911 30.7103 -19.2023 5.3191 10.2838 21.1864 -1.9283 19.9613 -17.4098 24.3347 -0.0000 0.0000 0.0000 -88.0799 -13.2852 -12.8510 38.1876 32.2175 -11.4179 -32.4203 13.2974 -44.9151 -0.0000 0.0000 0.0000
0.0513 0.8425 0.1370 -40.2730 14.1015 10.3486 15.0788 -1.1407 -10.3990 15.0788 -1.1407 -10.3990 8.4373 6.5077 -9.5650 8.4373 6.5077 -9.5650 22.5397 3.1595 15.7592 -11.5646 -0.5836 5.7584 14.0186 -0.3384 -2.7521 21.0764 6.8433 35.6352 -60.9018 -7.8744 13.3546 -34.0641 -9.1119 29.1607 30.7652 -19.5305 5.4218 10.2297 21.6457 -1.9607 19.8894 -15.2555 24.4410 -0.0000 0.0000 0.0000 -86.7823 -13.0961 -12.3862 36.8742 31.7508 -10.8320 -32.2805 13.7320 -44.8445 -0.0000 0.0000 0.0000
0.0495 0.8447 0.1351 -40.2555 14.3636 10.1038 15.0994 -1.1596 -10.2933 15.0994 -1.1596 -10.2933 8.4576 6.5153 -9.5266 8.4576 6.5153 -9.5266 22.7998 3.2620 16.0759 -12.1609 -0.5955 5.5857 13.7073 -0.3430 -2.8534 20.2626 6.3926 34.7097 -59.7580 -7.6317 13.2437 -34.8795 -9.1953 28.7173 30.7861 -19.7750 5.4949 10.1723 22.1666 -1.9977 19.7933 -13.2684 24.5079 -0.0000 0.0000 0.0000 -85.2084 -12.2321 -11.2562 35.5688 30.6117 -10.0339 -32.2569 14.6302 -45.0524 -0.0000 0.0000 0.0000
0.0480 0.8465 0.1351 -40.2189 14.5958 9.8621 15.0949 -1.1656 -10.1733 15.0949 -1.1656 -10.1733 8.4411 6.5355 -9.4518 8.4411 6.5355 -9.4518 23.1013 3.3478 16.2752 -12.6528 -0.5928 5.3428 13.4170 -0.3405 -2.8945 19.6638 6.0467 33.8987 -58.6605 -7.4507 13.2204 -35.6620 -9.3098 28.4099 30.7934 -19.9618 5.5491 10.0651 22.6001 -2.0162 19.6012 -11.9282 24.3990 -0.0000 0.0000 0.0000 -83.4714 -10.8209 -9.6591 34.3275 28.8711 -9.0916 -32.2730 15.6543 -45.3540 -0.0000 0.0000 0.0000
0.0462 0.8479 0.1365 -40.1673 14.8202 9.5859 15.0738 -1.1657 -10.0481 15.0738 -1.1657 -10.0481 8.3816 6.5973 -9.3451 8.3816 6.5973 -9.3451 23.4215 3.4220 16.4007 -13.0460 -0.5815 5.0823 13.1022 -0.3358 -2.9235 19.2911 5.7828 33.1016 -57.6932 -7.3323 13.2702 -36.3722 -9.4011 28.1040 30.8413 -20.1346 5.6072 9.9531 22.9143 -2.0221 19.2721 -11.0559 24.0764 -0.0000 0.0000 0.0000 -81.7458 -9.0292 -7.8179 33.2982 26.6511 -8.1032 -32.2454 16.8969 -45.6684 -0.0000 0.0000 0.0000
0.0446 0.8490 0.1386 -40.1121 15.0630 9.2686 15.0565 -1.1685 -9.9439 15.0565 -1.1685 -9.9439 8.2773 6.7069 -9.2451 8.2773 6.7069 -9.2451 23.6912 3.5124 16.6336 -13.3331 -0.5792 4.9528 12.9631 -0.3367 -2.9633 19.0865 5.5807 32.3348 -56.9472 -7.2125 13.2565 -37.0537 -9.4324 27.6603 30.9565 -20.2839 5.6717 9.8547 23.2750 -2.0344 18.8323 -10.5129 23.5836 -0.0000 0.0000 0.0000 -80.2564 -7.2523 -6.1155 32.4449 24.3097 -7.1716 -32.0879 18.2816 -45.8628 -0.0000 0.0000 0.0000
0.0428 0.8497 0.1409 -40.0588 15.3065 8.9704 15.0357 -1.1693 -9.8503 15.0357 -1.1693 -9.8503 8.1582 6.8465 -9.1202 8.1582 6.8465 -9.1202 23.9778 3.6347 16.9963 -13.4135 -0.5928 5.0378 13.1730 -0.3477 -3.0105 18.9824 5.4140 31.5829 -56.2498 -7.0879 13.2186 -37.5867 -9.4194 27.2185 31.1139 -20.4034 5.7362 9.7374 23.7104 -2.0488 18.3926 -10.1378 23.0732 -0.0000 0.0000 0.0000 -79.0908 -6.2034 -5.1236 31.9149 22.8082 -6.6020 -31.9084 18.9325 -45.8159 -0.0000 0.0000 0.0000
0.0413 0.8501 0.1426 -40.0009 15.4720 8.7432 14.9897 -1.1656 -9.8045 14.9897 -1.1656 -9.8045 8.0408 7.0205 -8.9469 8.0408 7.0205 -8.9469 24.4269 3.8017 17.4344 -13.1143 -0.6173 5.3663 13.8334 -0.3720 -3.0659 18.9876 5.3135 31.0157 -55.3514 -6.9297 13.1706 -37.6586 -9.3343 26.9273 31.2621 -20.4613 5.7816 9.6022 24.2368 -2.0664 17.8605 -10.0517 22.4198 -0.0000 0.0000 0.0000 -77.9863 -6.0582 -4.9062 31.6587 22.2699 -6.3881 -31.9138 18.4308 -45.6719 -0.0000 0.0000 0.0000
0.0399 0.8502 0.1435 -39.9454 15.5141 8.6216 14.9067 -1.1543 -9.8117 14.9067 -1.1543 -9.8117 7.9935 7.2132 -8.7281 7.9935 7.2132 -8.7281 25.1147 3.9921 17.7855 -12.3670 -0.6397 5.8991 15.0014 -0.4014 -3.0478 18.9962 5.2591 30.6993 -54.0623 -6.6845 13.0594 -37.2930 -9.1721 26.7432 31.3692 -20.3664 5.7749 9.4499 24.7579 -2.0785 17.3259 -10.1718 21.7442 -0.0000 0.0000 0.0000 -76.5964 -6.0167 -4.7530 31.2130 22.0974 -6.2439 -32.0529 17.5225 -45.5912 -0.0000 0.0000 0.0000
0.0387 0.8502 0.1428 -39.8751 15.3981 8.6076 14.7776 -1.1357 -9.8866 14.7776 -1.1357 -9.8866 8.0480 7.4412 -8.4630 8.0480 7.4412 -8.4630 26.1465 4.1915 17.9107 -10.8306 -0.6227 6.5618 16.7503 -0.4317 -2.9314 19.1514 5.2760 30.5510 -51.9647 -6.3359 12.9584 -36.5899 -9.0752 26.9956 31.3860 -20.4529 5.8032 9.3650 25.5039 -2.1239 16.5090 -10.8278 20.6726 -0.0000 0.0000 0.0000 -74.5554 -6.3264 -4.8176 31.1629 22.3440 -6.3046 -32.2697 15.2659 -45.2423 -0.0000 0.0000 0.0000
0.0376 0.8503 0.1407 -39.7619 15.2305 8.6581 14.6170 -1.1174 -10.0275 14.6170 -1.1174 -10.0275 8.1933 7.7232 -8.1529 8.1933 7.7232 -8.1529 27.5004 4.3961 17.8285 -8.7556 -0.5545 7.2331 18.4572 -0.4741 -2.9172 19.4687 5.3723 30.5909 -48.7948 -5.9593 13.0933 -35.6274 -9.0975 27.8126 31.3016 -20.8705 5.9074 9.3539 26.4369 -2.2017 14.9307 -12.1206 18.6134 -0.0000 0.0000 0.0000 -71.4145 -7.0935 -5.1017 31.4276 22.9287 -6.5313 -32.4934 11.5221 -44.5590 -0.0000 0.0000 0.0000
0.0370 0.8501 0.1375 -39.5749 15.0665 8.7033 14.4481 -1.1128 -10.2716 14.4481 -1.1128 -10.2716 8.3712 8.0830 -7.8400 8.3712 8.0830 -7.8400 29.0228 4.6259 17.7389 -6.4907 -0.4455 7.8452 19.6753 -0.5439 -3.1361 20.0136 5.5609 30.7784 -44.7102 -5.6551 13.6964 -34.4150 -9.2315 29.2226 31.1013 -21.5265 6.0562 9.3860 27.4822 -2.3000 12.3238 -13.6757 15.2852 -0.0000 0.0000 0.0000 -67.3746 -8.4361 -5.6291 31.7176 23.7593 -6.8398 -32.3574 6.6084 -43.2377 -0.0000 0.0000 0.0000
0.0374 0.8494 0.1332 -39.2861 14.8383 8.7129 14.2871 -1.1329 -10.7025 14.2871 -1.1329 -10.7025 8.5399 8.5593 -7.5578 8.5399 8.5593 -7.5578 30.6165 4.8888 17.7285 -4.4163 -0.3235 8.3746 20.1805 -0.6452 -3.6245 20.9594 5.9012 31.1416 -40.2199 -5.4820 14.8992 -32.8753 -9.3558 31.0027 30.7508 -22.5438 6.2741 9.4510 28.8657 -2.4375 8.8462 -15.1385 10.9209 -0.0000 0.0000 0.0000 -63.0404 -10.2157 -6.2755 31.8915 24.9958 -7.2476 -31.6884 1.2731 -41.3027 -0.0000 0.0000 0.0000
0.0387 0.8476 0.1283 -38.8673 14.4367 8.6584 14.1340 -1.1844 -11.3760 14.1340 -1.1844 -11.3760 8.7000 9.1546 -7.3791 8.7000 9.1546 -7.3791 32.2183 5.1726 17.7783 -2.7113 -0.2082 8.7816 20.0172 -0.7593 -4.3005 22.4133 6.4247 31.6326 -35.7001 -5.4155 16.7100 -30.7973 -9.4193 33.3061 30.3024 -23.7770 6.5253 9.5094 30.6789 -2.6141 4.9510 -16.4690 6.0857 -0.0000 0.0000 0.0000 -58.7916 -12.2403 -6.9138 32.3008 26.3609 -7.7595 -30.9391 -3.4299 -39.5275 -0.0000 0.0000 0.0000
0.0403 0.8447 0.1230 -38.3466 13.8527 8.5265 13.9753 -1.2540 -12.2213 13.9753 -1.2540 -12.2213 8.8506 9.8295 -7.3558 8.8506 9.8295 -7.3558 33.6814 5.4336 17.8194 -1.5098 -0.1202 9.1036 19.5498 -0.8529 -4.9475 24.2874 7.0684 32.0295 -31.6573 -5.3678 18.7770 -28.4730 -9.3691 35.7981 29.8521 -24.8508 6.7225 9.5036 32.4940 -2.7753 1.1747 -17.6827 1.4377 -0.0000 0.0000 0.0000 -55.1249 -14.1073 -7.3905 32.5362 28.0524 -8.3389 -30.7865 -6.7167 -38.8054 -0.0000 0.0000 0.0000
0.0415 0.8412 0.1180 -37.7266 13.1789 8.3564 13.8051 -1.3258 -13.0947 13.8051 -1.3258 -13.0947 8.9672 10.4979 -7.4728 8.9672 10.4979 -7.4728 34.9077 5.6533 17.8492 -0.6523 -0.0529 9.2791 19.1185 -0.9324 -5.5326 26.4070 7.7496 32.2062 -28.2797 -5.2719 20.7127 -26.0142 -9.1818 38.3361 29.3875 -25.6446 6.8312 9.5461 34.2673 -2.9491 -2.3529 -18.8199 -2.8676 -0.0000 0.0000 0.0000 -52.0406 -16.1942 -7.9459 33.2938 29.9529 -9.1463 -29.7918 -9.8328 -37.1237 -0.0000 0.0000 0.0000
0.0427 0.8377 0.1143 -36.9593 12.4406 8.2059 13.5876 -1.3849 -13.8440 13.5876 -1.3849 -13.8440 8.9833 11.1333 -7.6505 8.9833 11.1333 -7.6505 35.8072 5.7560 17.6903 0.0115 0.0009 9.3566 19.0570 -1.0227 -6.0870 28.6533 8.3367 31.8539 -25.3591 -5.0641 22.2397 -23.2573 -8.8777 41.3347 28.7939 -25.7385 6.7128 9.6042 35.5301 -3.0836 -5.6780 -19.4505 -6.9018 -0.0000 0.0000 0.0000 -48.8417 -18.8503 -8.6209 34.0981 32.3426 -10.1637 -28.1587 -12.2745 -34.8081 -0.0000 0.0000 0.0000
0.0440 0.8350 0.1134 -35.9837 11.7329 7.9567 13.2702 -1.4215 -14.3597 13.2702 -1.4215 -14.3597 8.8078 11.7416 -7.7909 8.8078 11.7416 -7.7909 36.4051 5.7601 17.3967 0.6460 0.0523 9.2572 19.3377 -1.1646 -6.8278 30.9701 8.7797 30.9757 -22.7212 -4.7557 23.3542 -19.8971 -8.2757 44.8278 28.0002 -25.0460 6.3396 9.5682 36.1237 -3.1268 -8.4928 -18.9196 -10.3383 -0.0000 0.0000 0.0000 -44.4772 -21.0543 -8.6902 33.3658 34.0557 -10.4882 -26.8163 -13.0821 -33.0809 -0.0000 0.0000 0.0000
0.0451 0.8330 0.1158 -34.7768 11.0111 7.5844 12.8093 -1.4348 -14.7320 12.8093 -1.4348 -14.7320 8.5070 12.2823 -7.9390 8.5070 12.2823 -7.9390 36.8735 5.7102 17.0168 1.2582 0.0999 9.0832 19.5597 -1.3457 -7.7955 33.1848 9.0983 29.9011 -20.5366 -4.4066 23.9801 -16.5168 -7.4105 48.0907 26.9352 -24.1721 5.8710 9.5121 36.5320 -3.1460 -10.6332 -17.3388 -13.0127 -0.0000 0.0000 0.0000 -39.4414 -22.1777 -8.0374 30.8572 35.1207 -9.9827 -26.3052 -13.6050 -32.3987 -0.0000 0.0000 0.0000
0.0458 0.8312 0.1211 -33.3717 10.3655 6.9820 12.2068 -1.4306 -14.9675 12.2068 -1.4306 -14.9675 8.1508 12.6867 -8.0965 8.1508 12.6867 -8.0965 37.4389 5.6240 16.4953 2.1176 0.1634 8.8235 19.7969 -1.5912 -9.0999 35.7135 9.4134 28.6719 -17.8006 -3.8637 24.3102 -11.3581 -5.5014 51.5742 25.7262 -23.2184 5.3718 9.4294 37.2256 -3.1820 -12.1123 -14.8724 -14.9547 -0.0000 0.0000 0.0000 -33.2359 -22.0422 -6.6535 26.7981 34.8423 -8.5497 -26.9372 -13.3422 -33.1948 -0.0000 0.0000 0.0000
0.0463 0.8286 0.1292 -31.8290 9.9041 6.1251 11.5054 -1.4085 -15.0376 11.5054 -1.4085 -15.0376 7.7795 12.9004 -8.2452 7.7795 12.9004 -8.2452 38.2155 5.4925 15.7663 3.4438 0.2567 8.5232 20.0999 -1.8999 -10.6903 38.7656 9.7757 27.3240 -14.6813 -3.1934 24.4190 -5.0017 -2.5588 54.1655 24.4928 -22.1412 4.8637 9.1614 38.0367 -3.1637 -13.3150 -12.4254 -16.5898 -0.0000 0.0000 0.0000 -26.1801 -20.0189 -4.7002 21.4229 33.2437 -6.4640 -28.1048 -13.6120 -34.5695 -0.0000 0.0000 0.0000
0.0462 0.8245 0.1393 -30.2120 9.7183 5.1191 10.8044 -1.3925 -14.9474 10.8044 -1.3925 -14.9474 7.4275 12.9416 -8.3751 7.4275 12.9416 -8.3751 39.0688 5.3063 14.8823 5.1655 0.3676 8.1358 20.4225 -2.2478 -12.4312 42.2240 10.2044 26.0412 -11.7362 -2.5320 24.2700 1.3563 0.7062 55.0100 23.2847 -20.7412 4.3188 8.5867 38.6156 -3.0133 -14.6865 -10.8868 -18.4013 -0.0000 0.0000 0.0000 -19.5041 -16.4333 -2.8433 15.8077 30.1797 -4.2875 -28.9888 -14.7513 -35.4848 -0.0000 0.0000 0.0000
0.0456 0.8188 0.1512 -28.5485 9.6609 4.1564 10.1557 -1.3760 -14.7029 10.1557 -1.3760 -14.7029 7.0309 12.8849 -8.4110 7.0309 12.8849 -8.4110 40.0868 4.9652 13.5546 8.0427 0.5348 7.5958 21.3161 -2.7094 -14.3246 45.9082 10.5568 24.6110 -9.0339 -1.9092 23.8205 7.4403 3.8730 54.9492 22.0636 -18.7677 3.6907 7.8186 38.5918 -2.7411 -16.4874 -10.5951 -20.6651 -0.0000 0.0000 0.0000 -14.0309 -12.2623 -1.5147 10.8464 26.5992 -2.5712 -29.7573 -16.4861 -36.1790 -0.0000 0.0000 0.0000
0.0445 0.8122 0.1645 -26.8525 9.6499 3.3100 9.5969 -1.3565 -14.3056 9.5969 -1.3565 -14.3056 6.5143 12.8025 -8.2627 6.5143 12.8025 -8.2627 41.3895 4.4659 11.7863 12.4633 0.7207 6.5934 22.5115 -3.2219 -16.0869 49.3881 10.7344 23.0953 -6.8632 -1.4176 23.3147 12.7829 6.6455 54.7951 20.7905 -16.4356 3.0352 7.0136 37.9142 -2.4118 -18.4145 -11.0968 -23.0119 -0.0000 0.0000 0.0000 -10.1117 -8.1574 -0.7229 6.5571 23.0174 -1.3365 -30.6129 -18.0136 -36.9979 -0.0000 0.0000 0.0000
0.0431 0.8058 0.1786 -25.1769 9.5802 2.6072 9.1299 -1.3397 -13.8707 9.1299 -1.3397 -13.8707 5.9092 12.7232 -7.9838 5.9092 12.7232 -7.9838 42.9554 3.8822 9.8464 17.9805 0.8022 5.0672 23.0416 -3.5726 -17.3983 52.3340 10.6553 21.4930 -5.3105 -1.0784 22.9421 17.0959 8.9613 55.0704 19.5355 -14.4314 2.4972 6.2934 36.9563 -2.1049 -20.4807 -11.6557 -25.5084 -0.0000 0.0000 0.0000 -7.9414 -4.9963 -0.3470 3.0050 20.6930 -0.5487 -31.5227 -19.1550 -37.9237 -0.0000 0.0000 0.0000
0.0411 0.8010 0.1929 -23.5804 9.4242 2.0735 8.7521 -1.3103 -13.4251 8.7521 -1.3103 -13.4251 5.2034 12.6732 -7.5451 5.2034 12.6732 -7.5451 44.6549 3.2054 7.7950 25.2065 0.5875 2.6270 22.9548 -3.7919 -18.5195 55.0987 10.4842 19.9499 -3.8757 -0.7827 22.8264 21.5312 11.3419 55.1524 18.3645 -12.4786 2.0249 5.9578 35.7513 -1.9231 -22.1442 -11.5199 -27.5674 -0.0000 0.0000 0.0000 -6.8831 -3.0320 -0.1824 0.2868 19.1086 -0.0483 -32.6011 -19.3285 -39.1669 -0.0000 0.0000 0.0000
0.0376 0.7984 0.2066 -22.0948 9.1908 1.8022 8.4271 -1.2670 -13.0471 8.4271 -1.2670 -13.0471 4.5842 12.5092 -7.1409 4.5842 12.5092 -7.1409 46.3945 2.2321 5.2057 33.7274 -0.3320 -1.0951 21.3172 -3.5248 -18.5700 58.1176 10.3740 18.5571 -2.3637 -0.4824 23.0659 26.2102 13.7048 54.6051 17.3886 -10.4181 1.5974 6.0781 34.4764 -1.8875 -22.5591 -10.9359 -28.1410 -0.0000 0.0000 0.0000 -6.5086 -1.7625 -0.1002 -1.5892 17.9270 0.2507 -33.1765 -19.3841 -39.8336 -0.0000 0.0000 0.0000
0.0333 0.7981 0.2196 -20.7262 8.9159 1.8194 8.1262 -1.2195 -12.8136 8.1262 -1.2195 -12.8136 4.1101 12.1159 -6.9433 4.1101 12.1159 -6.9433 47.7064 0.8049 1.8202 42.5093 -2.4134 -6.1993 17.6911 -2.6974 -17.2055 61.6050 10.4371 17.4198 -0.7963 -0.1666 23.6368 31.1926 15.8224 52.9306 16.6935 -8.3750 1.2309 6.4954 33.3262 -1.9461 -21.1640 -10.5335 -26.4658 -0.0000 0.0000 0.0000 -6.5649 -0.7686 -0.0441 -2.7895 16.7301 0.4103 -33.0130 -19.6346 -39.6088 -0.0000 0.0000 0.0000
0.0270 0.7989 0.2316 -19.4644 8.6358 2.1113 7.8246 -1.1583 -12.6729 7.8246 -1.1583 -12.6729 3.7554 11.4497 -6.9034 3.7554 11.4497 -6.9034 48.3745 -1.2086 -2.6905 49.9993 -5.7188 -12.2278 13.2261 -1.6856 -14.4633 65.4288 10.6790 16.5572 0.7496 0.1615 24.3090 35.8881 17.2062 50.0819 16.2879 -6.4158 0.9191 6.8118 32.2476 -1.9713 -17.9674 -10.3405 -22.5265 -0.0000 0.0000 0.0000 -6.9466 -0.1788 -0.0108 -3.4386 15.8514 0.4789 -32.2230 -20.0123 -38.6346 -0.0000 0.0000 0.0000
0.0204 0.7999 0.2432 -18.2792 8.3845 2.4968 7.5180 -1.1066 -12.6562 7.5180 -1.1066 -12.6562 3.4316 10.5994 -6.9211 3.4316 10.5994 -6.9211 48.1300 -3.9148 -8.7524 54.1922 -9.4004 -18.2583 9.1918 -0.8968 -11.1218 69.1969 11.1882 16.1629 2.5311 0.5705 25.4011 39.8272 17.5889 46.2509 16.2162 -5.0480 0.7196 6.7117 31.4858 -1.8940 -13.7508 -10.2275 -17.2817 -0.0000 0.0000 0.0000 -7.6484 -0.3606 -0.0241 -3.4743 15.7789 0.4816 -30.8912 -20.2014 -37.0493 -0.0000 0.0000 0.0000
0.0130 0.7996 0.2543 -17.1655 8.0796 2.7236 7.1118 -1.0757 -12.9643 7.1118 -1.0757 -12.9643 3.2094 9.5663 -7.2464 3.2094 9.5663 -7.2464 47.3560 -6.9707 -15.8148 55.7956 -12.1070 -22.6539 5.4069 -0.4385 -9.2654 72.5466 12.0173 16.3245 5.3895 1.2690 26.4817 43.6397 16.9313 40.7850 16.4908 -4.4932 0.6514 6.0722 31.8948 -1.7366 -10.1894 -9.3720 -12.8673 -0.0000 0.0000 0.0000 -8.4079 -1.1071 -0.0814 -3.1122 16.5899 0.4539 -29.3710 -20.3902 -35.2402 -0.0000 0.0000 0.0000
0.0000 0.7968 0.2646 -16.1211 7.6913 2.7945 6.5668 -1.0464 -13.5520 6.5668 -1.0464 -13.5520 2.9984 8.5400 -7.6568 2.9984 8.5400 -7.6568 45.2964 -10.1088 -23.9361 56.2262 -14.7166 -27.1778 1.6383 -0.1210 -8.4506 75.4424 13.3601 17.2206 9.2500 2.2825 27.6686 45.5486 14.8923 34.5834 16.9911 -4.1320 0.6175 5.0958 33.0181 -1.5112 -7.2370 -7.7811 -9.2079 -0.0000 0.0000 0.0000 -9.1192 -2.0937 -0.1670 -2.4248 17.7102 0.3778 -27.7376 -20.9971 -33.2471 -0.0000 0.0000 0.0000
-0.0150 0.7915 0.2724 -15.1473 7.1066 2.7305 5.7747 -0.9560 -14.5711 5.7747 -0.9560 -14.5711 2.9101 7.7460 -8.1148 2.9101 7.7460 -8.1148 42.1525 -13.0980 -33.1760 55.8018 -17.6212 -32.6325 -2.2733 0.1372 -6.9050 78.1953 15.0709 18.4918 14.0125 3.5310 28.1602 46.1172 12.3388 28.4961 17.5984 -3.3903 0.5249 4.3855 34.2528 -1.3520 -3.7543 -5.3470 -4.8309 -0.0000 0.0000 0.0000 -9.7622 -2.7221 -0.2325 -1.2706 18.5523 0.2075 -26.1776 -22.0330 -31.2973 -0.0000 0.0000 0.0000
-0.0301 0.7845 0.2765 -14.2320 6.4304 2.6078 4.7210 -0.7210 -15.7681 4.7210 -0.7210 -15.7681 2.9077 7.1362 -8.4625 2.9077 7.1362 -8.4625 36.6466 -15.3756 -44.3527 53.2278 -20.9688 -40.5412 -5.4578 0.1788 -3.7493 80.8520 16.9155 19.8033 19.1012 4.8814 28.4320 45.8818 10.1053 23.5978 18.2299 -2.3759 0.3812 4.1323 35.3760 -1.3183 -0.0121 -3.1289 -0.0157 -0.0000 0.0000 0.0000 -10.3758 -3.1830 -0.2891 0.2579 19.5869 -0.0445 -25.0349 -23.6777 -29.7864 -0.0000 0.0000 0.0000
-0.0494 0.7765 0.2761 -13.3486 5.7051 2.4841 3.4980 -0.3281 -16.9278 3.4980 -0.3281 -16.9278 3.0333 6.8446 -8.5531 3.0333 6.8446 -8.5531 28.2080 -15.7024 -57.5173 49.4701 -24.3790 -50.2434 -6.6661 -0.0771 1.3232 83.0746 18.9269 21.3122 23.8515 6.2490 28.9830 45.1337 8.6839 20.7074 18.7624 -1.6965 0.2803 4.2558 36.6711 -1.4110 2.9459 -0.8847 3.8702 -0.0000 0.0000 0.0000 -11.0242 -3.9745 -0.3837 2.0083 21.5008 -0.3813 -24.6295 -25.1158 -29.1722 -0.0000 0.0000 0.0000
-0.0695 0.7676 0.2721 -12.4984 4.9279 2.1603 2.2343 0.1987 -18.0401 2.2343 0.1987 -18.0401 3.2528 6.8803 -8.4060 3.2528 6.8803 -8.4060 15.5779 -11.8854 -74.5418 41.5970 -27.3368 -65.2590 -5.0979 -0.4334 9.7127 84.9756 20.9468 22.8208 28.6913 8.0195 30.6558 44.0658 7.8609 19.2711 19.0595 -1.1170 0.1875 5.0228 37.6812 -1.7149 3.8006 0.6834 5.0311 -0.0000 0.0000 0.0000 -11.8310 -4.7984 -0.4975 4.2179 23.8389 -0.8907 -25.2837 -25.4678 -29.9028 -0.0000 0.0000 0.0000
-0.0889 0.7575 0.2654 -11.6651 4.0801 1.5972 0.9854 0.8083 -19.0548 0.9854 0.8083 -19.0548 3.5559 6.8305 -8.3321 3.5559 6.8305 -8.3321 -1.1906 1.2041 -90.6416 17.9554 -17.2423 -87.6416 5.5799 0.7426 15.1506 85.9439 23.8634 25.5598 33.3512 10.4463 33.9415 41.8687 7.1351 18.5129 19.2651 -2.0794 0.3530 6.4936 40.4756 -2.3963 3.2854 3.1754 4.4048 -0.0000 0.0000 0.0000 -12.6153 -6.2103 -0.6871 6.7401 27.2281 -1.6341 -26.6704 -25.1141 -31.5558 -0.0000 0.0000 0.0000
-0.1084 0.7464 0.2561 -10.8503 3.3762 0.8883 -0.1495 1.3745 -19.6754 -0.1495 1.3745 -19.6754 3.9549 6.4980 -8.3092 3.9549 6.4980 -8.3092 -18.3587 19.4085 -93.2429 -6.8169 7.1544 -92.7751 18.2317 1.2968 8.0690 84.6764 28.6521 31.3147 34.3243 12.8567 40.0866 37.4231 6.5639 19.2183 19.5701 -4.6067 0.7949 8.5984 44.9405 -3.5619 2.0652 6.5993 2.8206 -0.0000 0.0000 0.0000 -13.1628 -8.6600 -1.0010 9.1586 32.0132 -2.6325 -28.3668 -24.5752 -33.5891 -0.0000 0.0000 0.0000
-0.1322 0.7346 0.2439 -10.0346 2.9944 0.1051 -1.1540 1.8224 -19.7807 -1.1540 1.8224 -19.7807 4.4468 5.7698 -8.3415 4.4468 5.7698 -8.3415 -31.7700 28.7305 -83.9729 -26.5957 23.5121 -82.7289 22.2983 -0.4026 -2.0424 78.9293 35.1911 42.1331 28.9275 13.0826 47.9341 31.1318 6.2357 22.1281 20.1755 -7.8295 1.3950 11.2768 49.5443 -5.2172 0.5850 10.5556 0.8177 -0.0000 0.0000 0.0000 -13.0907 -10.5378 -1.2125 10.5451 36.0725 -3.4424 -30.0686 -23.3239 -35.7118 -0.0000 0.0000 0.0000
-0.1565 0.7233 0.2289 -9.2267 2.9941 -0.5993 -2.1352 2.1663 -19.3875 -2.1352 2.1663 -19.3875 5.1110 4.7282 -8.4073 5.1110 4.7282 -8.4073 -35.4262 28.1898 -76.3446 -36.1183 28.3771 -75.5796 22.7049 -1.2874 -6.4056 66.1726 40.1953 58.6358 19.0658 9.8564 54.3569 23.7014 5.5351 25.9462 21.2812 -10.7839 2.0318 13.8168 52.8997 -6.8989 -0.8485 12.7770 -1.2023 -0.0000 0.0000 0.0000 -12.1882 -11.6913 -1.2525 10.5497 38.9135 -3.7361 -31.4071 -21.5979 -37.4799 -0.0000 0.0000 0.0000
-0.1814 0.7140 0.2119 -8.3639 3.4695 -1.1327 -3.1497 2.3890 -18.5230 -3.1497 2.3890 -18.5230 5.8744 3.8361 -8.2715 5.8744 3.8361 -8.2715 -32.7780 24.4578 -72.7750 -35.9734 27.8856 -74.8098 21.4681 -1.2982 -6.8406 46.1781 39.3695 80.0055 6.8412 3.6388 55.9766 14.7696 3.9111 29.5177 22.6422 -13.0031 2.6140 15.1430 54.4808 -7.8294 -1.6859 14.1416 -2.4101 -0.0000 0.0000 0.0000 -10.7304 -11.4414 -1.0781 9.2145 39.8473 -3.3462 -32.4635 -19.0802 -39.0383 -0.0000 0.0000 0.0000
-0.2087 0.7083 0.1951 -7.4150 4.3333 -1.6103 -4.2069 2.5373 -17.4009 -4.2069 2.5373 -17.4009 6.5942 3.3632 -7.7189 6.5942 3.3632 -7.7189 -30.3903 22.1368 -71.5258 -34.2158 26.5597 -74.9631 20.0694 -1.1739 -6.6270 28.0597 31.1662 96.2798 -4.2988 -2.1305 52.7094 5.8486 1.5946 30.4784 23.7331 -13.7162 2.8953 14.7733 53.4749 -7.4732 -2.1981 15.2284 -3.1648 -0.0000 0.0000 0.0000 -9.2475 -9.1890 -0.7447 7.2484 38.1820 -2.5117 -33.2931 -15.4946 -40.5084 -0.0000 0.0000 0.0000
-0.2342 0.7064 0.1797 -6.3526 5.4070 -1.9812 -5.3188 2.6185 -16.1469 -5.3188 2.6185 -16.1469 7.2697 3.4330 -6.7383 7.2697 3.4330 -6.7383 -29.3215 21.5199 -71.9893 -31.5169 24.1265 -74.2757 18.2902 -0.9992 -6.2007 16.4949 20.6305 102.9331 -12.5964 -5.6420 48.1180 -0.8728 -0.2238 28.7668 24.4760 -14.5095 3.1633 13.5422 51.6788 -6.5815 -1.8468 17.2634 -2.6968 -0.0000 0.0000 0.0000 -8.1076 -6.4466 -0.4574 5.5126 35.5175 -1.7668 -33.9330 -11.6811 -41.8365 -0.0000 0.0000 0.0000
-0.2566 0.7067 0.1667 -5.2212 6.1735 -2.2077 -6.5002 2.7460 -15.1598 -6.5002 2.7460 -15.1598 7.6399 4.0441 -5.4896 7.6399 4.0441 -5.4896 -30.2931 22.9191 -73.6579 -31.9638 23.6223 -72.2690 18.7697 -0.8735 -5.2813 9.0173 11.3651 103.2097 -18.5250 -8.0879 46.8736 -5.4616 -1.2419 25.6041 24.8777 -15.3942 3.4151 12.5078 49.7344 -5.8154 -1.6411 19.9250 -2.4437 -0.0000 0.0000 0.0000 -7.4792 -4.1566 -0.2718 4.6052 33.4276 -1.3835 -34.6786 -9.5282 -43.0722 -0.0000 0.0000 0.0000
-0.2775 0.7076 0.1559 -4.0751 6.4625 -2.3296 -7.6886 2.9491 -14.5441 -7.6886 2.9491 -14.5441 7.6645 4.7889 -4.3140 7.6645 4.7889 -4.3140 -33.8289 25.9394 -74.2774 -38.2333 25.6590 -66.6133 21.3061 -1.1533 -6.1255 4.3204 5.1719 100.2640 -23.6754 -10.9810 49.2725 -8.0211 -1.5064 21.2398 25.0271 -16.1562 3.6085 11.6644 48.0359 -5.2121 -2.0135 22.6986 -3.0643 -0.0000 0.0000 0.0000 -7.1374 -2.0525 -0.1280 4.2794 31.6522 -1.2136 -35.5727 -8.4825 -44.3203 -0.0000 0.0000 0.0000
-0.2975 0.7086 0.1467 -2.9611 6.0576 -2.3164 -8.8871 3.3104 -14.4987 -8.8871 3.3104 -14.4987 7.6027 5.4226 -3.5721 7.6027 5.4226 -3.5721 -40.2633 30.2882 -72.8778 -51.7198 28.5072 -55.3178 24.6536 -2.3652 -10.7928 1.4163 1.5456 95.0008 -29.6868 -16.4908 57.3387 -7.8701 -0.9999 14.4587 25.0909 -16.3504 3.6621 10.9699 46.7289 -4.7508 -2.6883 24.1526 -4.1408 -0.0000 0.0000 0.0000 -6.8391 -0.9334 -0.0558 4.4146 31.0128 -1.2254 -36.4531 -8.6438 -45.3484 -0.0000 0.0000 0.0000
-0.3153 0.7101 0.1380 -1.8691 5.2874 -2.1835 -10.0601 3.8303 -14.8940 -10.0601 3.8303 -14.8940 7.5154 5.8439 -3.1273 7.5154 5.8439 -3.1273 -48.6852 34.4257 -68.8041 -66.0983 26.8227 -40.2539 24.1784 -4.0548 -18.7697 -0.8447 -0.7968 86.6509 -42.3884 -30.0720 69.4252 -1.0291 -0.0193 2.1494 25.0060 -16.0779 3.5877 10.3285 45.9605 -4.3897 -3.2132 24.3646 -4.9578 -0.0000 0.0000 0.0000 -6.5712 -0.6722 -0.0386 4.9374 31.3611 -1.3868 -37.2307 -9.1836 -46.1840 -0.0000 0.0000 0.0000
-0.3307 0.7120 0.1293 -0.7559 4.4649 -1.9754 -11.1363 4.4051 -15.3919 -11.1363 4.4051 -15.3919 7.4669 5.9661 -2.8497 7.4669 5.9661 -2.8497 -57.6307 36.8866 -62.4519 -73.8078 20.7328 -27.3816 19.7178 -4.6184 -26.1269 -2.7080 -2.0722 74.8437 -88.3680 -49.1734 50.4200 16.6388 -0.4112 -2.8115 24.7112 -16.0013 3.5270 9.8880 45.9922 -4.2050 -3.4538 24.6628 -5.3425 -0.0000 0.0000 0.0000 -6.4029 -0.8310 -0.0465 5.4313 32.2744 -1.5726 -37.6412 -8.8190 -46.7373 -0.0000 0.0000 0.0000
-0.3453 0.7147 0.1212 0.3717 3.7563 -1.6983 -12.0909 4.9283 -15.7703 -12.0909 4.9283 -15.7703 7.6728 5.9493 -2.7433 7.6728 5.9493 -2.7433 -65.4049 37.6696 -55.9613 -74.8576 14.5990 -19.0026 14.2987 -3.9219 -30.5356 -3.3942 -1.9561 59.8999 -141.2895 7.6761 -2.7000 9.4567 2.8339 33.2985 24.1997 -16.3613 3.5304 9.5589 46.7312 -4.1375 -3.3216 25.7072 -5.1855 -0.0000 0.0000 0.0000 -6.4233 -1.0173 -0.0571 5.7444 33.2092 -1.7143 -37.6462 -6.7048 -47.1239 -0.0000 0.0000 0.0000
-0.3587 0.7185 0.1149 1.4812 2.8978 -1.4048 -12.9269 5.4054 -16.0983 -12.9269 5.4054 -16.0983 7.9546 5.9749 -2.8325 7.9546 5.9749 -2.8325 -72.1569 37.3769 -49.8045 -72.6278 9.8825 -13.4183 9.5075 -2.7767 -32.4961 -3.5000 -1.4180 44.0988 -69.8972 54.7898 -73.1165 -43.2293 -7.3671 18.4577 23.4712 -16.8415 3.5229 9.6508 47.8189 -4.2867 -3.1487 27.4954 -4.9969 -0.0000 0.0000 0.0000 -6.6429 -0.9063 -0.0526 5.9234 34.0024 -1.8126 -37.5416 -4.2456 -47.4598 -0.0000 0.0000 0.0000
-0.3709 0.7230 0.1106 2.5331 1.9778 -1.1641 -13.6339 5.7835 -16.2955 -13.6339 5.7835 -16.2955 8.2219 5.9893 -3.0871 8.2219 5.9893 -3.0871 -76.4409 35.9307 -44.7586 -69.3578 7.2981 -10.5326 6.6441 -1.9631 -32.8898 -3.1995 -1.0053 34.8765 -51.9846 43.9231 -79.1854 -48.0401 -2.6216 5.8786 22.6005 -17.2212 3.4663 9.8212 48.9256 -4.4768 -2.8721 29.1729 -4.6327 -0.0000 0.0000 0.0000 -6.8514 -0.8649 -0.0518 5.9186 34.8286 -1.8579 -37.4473 -1.7716 -47.8326 -0.0000 0.0000 0.0000
-0.3817 0.7271 0.1083 3.5048 1.0802 -0.9690 -14.2072 6.0520 -16.3973 -14.2072 6.0520 -16.3973 8.4667 5.9755 -3.4356 8.4667 5.9755 -3.4356 -77.3626 33.9341 -41.7222 -66.0711 6.7637 -10.3846 5.8690 -1.7221 -32.6817 -4.1650 -1.1849 31.7486 -56.4222 39.6179 -67.7592 -44.9223 -2.1301 5.1495 21.7533 -17.2497 3.3388 9.7931 49.8138 -4.5559 -2.6485 29.8951 -4.3034 -0.0000 0.0000 0.0000 -6.9730 -0.9805 -0.0597 5.7992 35.7234 -1.8702 -37.3513 -0.1828 -48.0409 -0.0000 0.0000 0.0000
-0.3917 0.7304 0.1072 4.3760 0.5042 -0.8287 -14.5852 6.2365 -16.5200 -14.5852 6.2365 -16.5200 8.5867 5.9491 -3.5558 8.5867 5.9491 -3.5558 -76.3346 32.1830 -40.3079 -63.2235 6.6925 -10.8533 6.4176 -1.8527 -32.1758 -6.3012 -1.7519 31.0478 -61.0946 35.9337 -57.5759 -39.6269 -1.8497 5.1310 20.9858 -16.9825 3.1678 9.3836 50.2533 -4.4086 -2.4267 29.5847 -3.9308 -0.0000 0.0000 0.0000 -6.9709 -1.1020 -0.0671 5.7531 36.1683 -1.8801 -37.4256 -0.1651 -48.1356 -0.0000 0.0000 0.0000
-0.4007 0.7331 0.1069 5.1516 0.3589 -0.7302 -14.8330 6.3583 -16.6206 -14.8330 6.3583 -16.6206 8.5933 5.9714 -3.2601 8.5933 5.9714 -3.2601 -74.6055 30.4314 -39.2931 -60.5039 6.1781 -10.5730 7.0571 -2.0591 -32.4961 -9.6398 -2.6381 30.5467 -61.1379 31.9090 -51.6545 -35.6732 -1.0166 3.1588 20.3210 -16.8473 3.0406 8.5681 50.6208 -4.0579 -2.2916 29.0077 -3.6907 -0.0000 0.0000 0.0000 -6.8587 -0.9331 -0.0559 5.7604 35.9338 -1.8694 -37.6699 -1.2292 -48.2143 -0.0000 0.0000 0.0000
-0.4085 0.7352 0.1074 5.8369 0.5661 -0.6758 -14.9887 6.4608 -16.7485 -14.9887 6.4608 -16.7485 8.5246 6.0361 -2.6128 8.5246 6.0361 -2.6128 -72.4915 28.7168 -38.4953 -57.6449 5.4079 -9.8111 7.4149 -2.2166 -33.2468 -13.6233 -3.4767 28.5115 -55.6963 27.5675 -49.8157 -37.8172 -0.3283 0.9585 19.7479 -16.7954 2.9439 7.3624 50.9500 -3.5115 -2.3099 28.4551 -3.7002 -0.0000 0.0000 0.0000 -6.7057 -0.2389 -0.0140 5.7194 34.8972 -1.7990 -38.0308 -2.2995 -48.4360 -0.0000 0.0000 0.0000
-0.4157 0.7366 0.1091 6.4310 0.9050 -0.6458 -15.1169 6.5449 -16.8463 -15.1169 6.5449 -16.8463 8.3500 6.2202 -1.7355 8.3500 6.2202 -1.7355 -70.7768 27.0178 -37.3711 -54.7634 4.5594 -8.7902 6.5855 -2.0255 -34.1600 -17.0544 -3.8252 25.1115 -48.3699 23.1764 -49.0820 -44.9268 -0.2162 0.5228 19.2527 -16.8747 2.8824 5.8453 51.5214 -2.8227 -2.6211 27.4874 -4.1597 -0.0000 0.0000 0.0000 -6.6051 0.6228 0.0359 5.6515 33.5578 -1.7053 -38.4240 -3.5704 -48.6581 -0.0000 0.0000 0.0000
-0.4218 0.7375 0.1113 6.9275 1.1816 -0.6815 -15.2569 6.6072 -16.8488 -15.2569 6.6072 -16.8488 7.9969 6.5392 -0.7028 7.9969 6.5392 -0.7028 -69.6883 25.4893 -35.9973 -52.0125 3.6314 -7.4355 5.4864 -1.7197 -34.7841 -19.6221 -3.8080 21.7632 -42.6826 19.1359 -46.6727 -51.2582 -0.0706 0.1472 18.8312 -16.8547 2.8148 4.1870 52.3559 -2.0590 -3.1789 27.0274 -5.0227 -0.0000 0.0000 0.0000 -6.5494 1.4211 0.0813 5.4849 32.3581 -1.5925 -38.7554 -4.5762 -48.8598 -0.0000 0.0000 0.0000
-0.4267 0.7381 0.1140 7.3336 1.2575 -0.7658 -15.4231 6.6628 -16.7588 -15.4231 6.6628 -16.7588 7.4515 7.0217 0.3976 7.4515 7.0217 0.3976 -69.4001 23.9353 -34.0406 -49.4164 2.7496 -5.9716 3.9400 -1.2506 -35.2085 -21.4434 -3.6839 19.2790 -37.9776 15.8769 -44.1193 -56.3505 -1.0689 1.9953 18.5424 -17.1116 2.8137 2.2399 53.7604 -1.1355 -4.1855 27.0437 -6.6123 -0.0000 0.0000 0.0000 -6.5850 1.9993 0.1150 5.2601 31.6593 -1.4924 -38.9147 -5.7209 -48.8295 -0.0000 0.0000 0.0000
-0.4304 0.7388 0.1166 7.6906 1.2180 -0.8823 -15.5811 6.6726 -16.5722 -15.5811 6.6726 -16.5722 6.7356 7.5970 1.5025 6.7356 7.5970 1.5025 -69.4240 22.2814 -31.7384 -46.9778 2.1489 -4.9423 1.9683 -0.6163 -34.7690 -22.6827 -3.5970 17.7955 -35.6681 13.6058 -40.6896 -56.3073 -2.0478 3.8255 18.3906 -17.9688 2.9322 -0.1963 55.6941 0.1037 -5.4758 27.1826 -8.6578 -0.0000 0.0000 0.0000 -6.7716 2.0856 0.1234 5.0374 31.5403 -1.4234 -38.8473 -7.3517 -48.4414 -0.0000 0.0000 0.0000
-0.4341 0.7394 0.1184 7.9849 0.9659 -0.9880 -15.8493 6.6426 -16.1706 -15.8493 6.6426 -16.1706 6.0466 8.2089 2.5263 6.0466 8.2089 2.5263 -69.4624 20.2509 -28.8918 -45.0834 1.6241 -3.9117 -0.7225 0.2225 -34.2401 -23.2808 -3.4559 16.6626 -34.3687 12.0451 -37.6743 -55.4713 -3.2870 6.2469 18.2088 -18.1439 2.9315 -3.0201 57.0963 1.6433 -6.5837 27.8991 -10.4745 -0.0000 0.0000 0.0000 -6.9019 1.8935 0.1142 4.7133 32.2084 -1.3615 -38.4499 -9.4101 -47.5950 -0.0000 0.0000 0.0000
-0.4379 0.7400 0.1186 8.2535 0.5289 -1.0670 -16.1896 6.5497 -15.5970 -16.1896 6.5497 -15.5970 5.5106 8.7968 3.3038 5.5106 8.7968 3.3038 -68.9673 17.9529 -25.9032 -43.7234 1.4859 -3.7024 -3.2173 0.9579 -33.1519 -23.5658 -3.3817 16.1091 -34.3327 10.9637 -34.5171 -53.1542 -3.9907 7.9675 17.9687 -18.3709 2.9290 -5.6945 58.2513 3.1746 -7.3498 29.6685 -11.8916 -0.0000 0.0000 0.0000 -6.9482 1.4918 0.0906 4.3258 33.5800 -1.3058 -37.6303 -11.3626 -46.2857 -0.0000 0.0000 0.0000
-0.4416 0.7407 0.1166 8.5461 0.0356 -1.1018 -16.5621 6.3902 -14.9364 -16.5621 6.3902 -14.9364 5.1260 9.3155 3.8670 5.1260 9.3155 3.8670 -67.6594 15.8275 -23.4354 -42.6785 1.7122 -4.3809 -5.1002 1.4478 -31.6767 -23.9113 -3.4220 16.0596 -34.8345 10.0904 -31.4350 -51.1627 -4.9317 10.2806 17.6603 -19.3910 3.0407 -8.1237 59.5809 4.6560 -7.5935 31.2169 -12.4811 -0.0000 0.0000 0.0000 -6.9804 0.8384 0.0511 4.0314 35.3400 -1.2847 -36.5156 -13.2555 -44.6571 -0.0000 0.0000 0.0000
-0.4450 0.7415 0.1125 8.8797 -0.3852 -1.1428 -16.8727 6.1699 -14.2960 -16.8727 6.1699 -14.2960 4.7862 9.6905 4.3114 4.7862 9.6905 4.3114 -65.7918 14.3006 -21.9517 -41.4127 2.1532 -5.6923 -6.0841 1.6169 -29.7399 -24.4158 -3.6323 16.6756 -35.7925 9.3641 -28.4630 -48.6790 -5.8159 12.8146 17.2174 -21.4347 3.2825 -9.6124 61.8306 5.7651 -7.5689 33.9553 -12.8230 -0.0000 0.0000 0.0000 -7.0081 0.2206 0.0135 3.6871 37.1873 -1.2408 -35.3223 -13.6349 -43.1866 -0.0000 0.0000 0.0000
-0.4490 0.7429 0.1064 9.3343 -0.6074 -1.1688 -17.0883 5.9218 -13.7874 -17.0883 5.9218 -13.7874 4.3890 9.8694 4.6795 4.3890 9.8694 4.6795 -63.7962 13.4239 -21.4143 -39.2508 2.5828 -7.2348 -6.6504 1.6450 -27.7594 -25.2192 -4.0678 18.0411 -36.5501 8.6503 -25.7992 -45.9496 -6.4641 15.1741 17.0158 -25.6952 3.9080 -11.7504 65.1076 7.5170 -7.2897 35.1907 -12.5345 -0.0000 0.0000 0.0000 -7.1711 -0.5043 -0.0316 3.3852 38.8247 -1.1932 -34.1970 -13.6341 -41.8528 -0.0000 0.0000 0.0000
-0.4533 0.7450 0.0983 9.9328 -0.5837 -1.1735 -17.2204 5.6838 -13.4767 -17.2204 5.6838 -13.4767 3.8528 9.8968 5.0480 3.8528 9.8968 5.0480 -61.8470 12.9160 -21.4005 -36.4769 2.8253 -8.5597 -7.1548 1.6596 -26.0869 -26.1168 -4.7007 20.0701 -37.2307 7.9888 -23.4239 -43.0693 -6.7638 17.0338 17.2846 -31.3812 4.8896 -16.1896 68.7670 11.1177 -6.5312 34.6799 -11.1673 -0.0000 0.0000 0.0000 -7.5651 -1.6219 -0.1072 3.2836 39.9316 -1.1932 -33.4064 -14.5889 -40.7733 -0.0000 0.0000 0.0000
-0.4569 0.7476 0.0884 10.6639 -0.4704 -1.1455 -17.3818 5.4567 -13.2262 -17.3818 5.4567 -13.2262 3.2379 9.8363 5.3588 3.2379 9.8363 5.3588 -60.0914 12.5461 -21.5210 -34.0041 2.6914 -8.7864 -7.8075 1.7420 -25.1198 -26.7985 -5.3480 22.1848 -37.5098 7.4633 -21.7462 -40.8524 -6.9019 18.3955 18.1790 -36.9429 6.1182 -23.9012 71.4421 17.3089 -5.3563 32.1979 -8.9085 -0.0000 0.0000 0.0000 -8.1222 -2.7706 -0.1967 3.2695 40.4245 -1.2040 -32.8815 -16.9487 -39.8180 -0.0000 0.0000 0.0000
-0.4607 0.7504 0.0768 11.5420 -0.3562 -1.0386 -17.5916 5.2433 -13.0326 -17.5916 5.2433 -13.0326 2.6404 9.8155 5.5317 2.6404 9.8155 5.5317 -58.8099 12.2022 -21.4782 -31.8650 2.4287 -8.4934 -8.6598 1.8744 -24.3827 -27.3129 -5.9818 24.2725 -37.5180 7.0031 -20.4264 -39.1490 -6.9206 19.3017 19.8004 -42.5394 7.7735 -35.5382 73.0963 26.7261 -3.3816 29.6293 -5.4787 -0.0000 0.0000 0.0000 -8.9114 -3.9176 -0.3054 3.5715 40.3895 -1.3141 -32.6591 -20.0156 -39.1445 -0.0000 0.0000 0.0000
-0.4636 0.7532 0.0642 12.5341 -0.2697 -0.7987 -17.8908 5.0460 -12.8329 -17.8908 5.0460 -12.8329 2.1153 9.9268 5.6001 2.1153 9.9268 5.6001 -57.8305 11.8279 -21.2423 -30.0873 2.1653 -8.0441 -9.9020 2.0981 -23.8714 -27.5658 -6.4649 25.9304 -37.2571 6.7810 -19.9362 -38.1641 -7.0773 20.2707 22.2755 -47.4091 9.8809 -50.1880 73.5571 38.5866 -0.8474 27.5021 -1.3454 -0.0000 0.0000 0.0000 -9.8865 -5.0186 -0.4343 4.1868 39.8578 -1.5186 -33.0023 -22.9248 -39.1702 -0.0000 0.0000 0.0000
-0.4666 0.7560 0.0513 13.5748 -0.2460 -0.4269 -18.2526 4.8546 -12.6053 -18.2526 4.8546 -12.6053 1.7235 10.2022 5.5313 1.7235 10.2022 5.5313 -56.9214 11.1982 -20.5027 -29.0666 2.0274 -7.8092 -11.8670 2.4800 -23.5295 -27.4257 -6.6678 26.8539 -37.1071 6.8829 -20.3163 -37.6946 -7.3206 21.2291 25.5740 -51.0959 12.3831 -65.8377 73.2795 51.4212 1.1365 27.5748 1.8055 -0.0000 0.0000 0.0000 -10.8508 -5.8554 -0.5566 4.8894 39.0885 -1.7366 -34.4363 -23.9195 -40.7016 -0.0000 0.0000 0.0000
-0.4703 0.7591 0.0388 14.6086 -0.2336 0.0699 -18.6709 4.6660 -12.3312 -18.6709 4.6660 -12.3312 1.4240 10.6843 5.4379 1.4240 10.6843 5.4379 -56.0085 10.3392 -19.3097 -28.8364 2.0096 -7.8053 -14.3859 2.9812 -23.3009 -26.8651 -6.5197 26.8264 -37.1578 7.2367 -21.3093 -37.6791 -7.6358 22.1331 29.9304 -53.9241 15.4863 -80.8960 72.0467 63.5910 2.3735 28.3983 3.7999 -0.0000 0.0000 0.0000 -11.6853 -6.3629 -0.6518 5.5789 38.1266 -1.9292 -36.4318 -23.5997 -43.0413 -0.0000 0.0000 0.0000
-0.4752 0.7629 0.0278 15.6082 -0.1568 0.6570 -19.1262 4.4775 -12.0322 -19.1262 4.4775 -12.0322 1.1700 11.2919 5.4002 1.1700 11.2919 5.4002 -54.7224 9.3320 -17.9255 -29.2291 2.1623 -8.2792 -17.0624 3.5231 -23.1724 -26.0357 -6.2550 26.5937 -37.7404 7.6538 -22.1465 -37.3898 -7.8802 23.0103 34.9497 -55.6097 18.8523 -93.7433 70.2169 73.7788 2.6167 29.8850 4.2513 -0.0000 0.0000 0.0000 -12.0733 -6.5136 -0.6896 5.7927 36.6773 -1.9215 -37.8917 -22.0850 -44.9302 -0.0000 0.0000 0.0000
-0.4805 0.7676 0.0196 16.5771 0.0417 1.2635 -19.5837 4.2967 -11.7487 -19.5837 4.2967 -11.7487 0.9066 11.8858 5.4588 0.9066 11.8858 5.4588 -53.1023 8.4047 -16.7299 -30.1246 2.3963 -8.8878 -19.2282 4.0071 -23.3374 -25.2689 -5.9878 26.2670 -38.3862 7.9635 -22.6156 -36.8697 -8.0119 23.7300 40.1835 -56.7546 22.3544 -103.6071 68.2158 81.4399 1.7429 30.3717 2.8463 -0.0000 0.0000 0.0000 -12.0801 -6.2646 -0.6635 5.4205 34.8597 -1.7029 -38.4098 -20.3262 -45.7825 -0.0000 0.0000 0.0000
-0.4857 0.7730 0.0145 17.5477 0.3622 1.8935 -20.0028 4.1147 -11.5079 -20.0028 4.1147 -11.5079 0.6564 12.3784 5.6019 0.6564 12.3784 5.6019 -51.5862 7.7383 -15.9333 -30.7860 2.6511 -9.6085 -20.8654 4.3736 -23.4329 -24.7182 -5.8989 26.4643 -39.2068 8.0592 -22.3771 -35.7394 -7.9574 24.3478 45.0704 -57.9071 25.8578 -111.1448 66.3729 87.3160 0.6026 30.7999 0.9886 -0.0000 0.0000 0.0000 -11.9272 -5.7470 -0.6008 4.6285 32.9589 -1.3699 -38.0978 -18.6924 -45.6657 -0.0000 0.0000 0.0000
-0.4896 0.7786 0.0129 18.5346 0.7457 2.6000 -20.3873 3.9454 -11.3255 -20.3873 3.9454 -11.3255 0.4723 12.7653 5.7483 0.4723 12.7653 5.7483 -50.3969 7.3646 -15.5766 -30.7990 2.8456 -10.3054 -21.9969 4.6630 -23.6637 -24.2361 -5.8800 26.9043 -40.0605 8.0897 -21.9542 -34.4322 -7.8309 24.9119 49.4022 -59.0964 29.2290 -116.9896 64.7590 91.9471 -0.4418 31.2478 -0.7283 -0.0000 0.0000 0.0000 -11.8094 -5.0216 -0.5197 3.6346 31.1768 -1.0143 -37.1407 -17.6627 -44.7083 -0.0000 0.0000 0.0000
-0.4928 0.7835 0.0145 19.5466 1.1245 3.3662 -20.7240 3.7932 -11.2215 -20.7240 3.7932 -11.2215 0.3837 13.0665 5.8288 0.3837 13.0665 5.8288 -49.6431 7.2474 -15.5932 -29.9813 2.9497 -10.9843 -22.5522 4.8211 -23.8440 -23.7749 -5.9243 27.6209 -40.9755 8.1055 -21.4746 -33.0398 -7.6366 25.3636 53.4613 -60.4865 32.7268 -121.6047 63.3247 95.6374 -1.2684 31.9534 -2.1064 -0.0000 0.0000 0.0000 -11.9344 -4.1582 -0.4348 2.8221 29.6349 -0.7467 -36.1353 -17.2062 -43.6028 -0.0000 0.0000 0.0000
-0.4953 0.7873 0.0185 20.5433 1.4642 4.1179 -21.0229 3.6527 -11.1472 -21.0229 3.6527 -11.1472 0.3507 13.3236 5.8677 0.3507 13.3236 5.8677 -49.3889 7.3558 -15.9157 -28.3595 2.8385 -11.2007 -22.6003 4.8430 -23.8985 -23.2726 -5.9080 28.1355 -41.8409 8.1275 -21.0565 -31.8695 -7.4501 25.6912 57.5492 -62.1864 36.6493 -125.3462 62.0229 98.6354 -2.0954 32.4623 -3.4990 -0.0000 0.0000 0.0000 -12.3930 -3.1452 -0.3416 2.4361 28.3426 -0.6152 -35.5225 -17.1582 -42.8926 -0.0000 0.0000 0.0000
-0.4971 0.7899 0.0243 21.5197 1.7430 4.7812 -21.3047 3.5139 -11.0672 -21.3047 3.5139 -11.0672 0.3742 13.4982 5.8296 0.3742 13.4982 5.8296 -49.2975 7.6009 -16.4745 -25.6903 2.5794 -11.2775 -22.1641 4.7369 -23.8475 -22.7564 -5.8887 28.6742 -42.6888 8.1296 -20.6135 -30.7720 -7.2534 25.9413 61.9789 -64.0621 41.1879 -128.5074 60.7676 101.1234 -3.0536 32.7370 -5.1136 -0.0000 0.0000 0.0000 -12.9397 -1.9024 -0.2158 2.1794 27.0389 -0.5241 -35.2403 -16.8687 -42.6042 -0.0000 0.0000 0.0000
-0.4984 0.7915 0.0310 22.4303 1.9776 5.3180 -21.5659 3.3730 -10.9583 -21.5659 3.3730 -10.9583 0.4309 13.5804 5.7312 0.4309 13.5804 5.7312 -49.1644 7.8502 -17.0601 -22.3573 2.1740 -10.9686 -21.6331 4.6160 -23.8240 -22.3345 -5.8788 29.1596 -43.3941 8.0268 -20.0010 -29.7604 -7.0519 26.1117 66.2755 -65.8483 45.8301 -130.9445 59.7499 103.0760 -4.3680 32.7929 -7.3159 -0.0000 0.0000 0.0000 -13.4738 -0.5663 -0.0669 1.9416 25.8353 -0.4454 -35.3511 -16.3526 -42.8101 -0.0000 0.0000 0.0000
-0.4993 0.7926 0.0379 23.2795 2.1774 5.7207 -21.8080 3.2396 -10.8418 -21.8080 3.2396 -10.8418 0.5055 13.5661 5.5792 0.5055 13.5661 5.5792 -48.7908 8.1076 -17.7632 -18.8848 1.8044 -10.8182 -20.9383 4.5079 -24.0489 -22.0048 -5.8941 29.6618 -43.9510 7.8686 -19.3442 -28.8327 -6.8508 26.2151 70.3890 -67.5652 50.5190 -133.1275 59.0854 105.1781 -6.0650 32.7562 -10.1458 -0.0000 0.0000 0.0000 -13.9534 0.6836 0.0836 1.5797 24.7947 -0.3473 -35.7068 -15.4957 -43.3561 -0.0000 0.0000 0.0000
-0.4999 0.7933 0.0443 24.0809 2.3372 6.0543 -22.0590 3.1142 -10.6999 -22.0590 3.1142 -10.6999 0.5765 13.5097 5.4249 0.5765 13.5097 5.4249 -48.0256 8.3686 -18.6519 -15.7068 1.4765 -10.6742 -20.2490 4.4950 -24.7912 -21.7697 -5.9329 30.1640 -44.3129 7.6602 -18.6727 -27.9403 -6.6704 26.3679 73.8604 -69.1298 54.7544 -134.6685 58.8190 106.9345 -7.8420 32.8319 -13.1147 -0.0000 0.0000 0.0000 -14.3944 1.6767 0.2118 1.1224 24.0291 -0.2389 -36.0460 -14.6755 -43.8806 -0.0000 0.0000 0.0000
-0.5000 0.7936 0.0497 24.8472 2.4775 6.3634 -22.3077 3.0006 -10.5461 -22.3077 3.0006 -10.5461 0.6016 13.4623 5.3177 0.6016 13.4623 5.3177 -46.9996 8.6388 -19.7091 -13.4030 1.2556 -10.6552 -19.7829 4.5998 -25.9405 -21.5723 -6.0285 30.9018 -44.6162 7.4328 -17.9920 -26.9544 -6.4606 26.5035 76.7466 -70.6171 58.5696 -135.8027 58.8828 108.5396 -9.4490 32.9543 -15.8037 -0.0000 0.0000 0.0000 -14.8453 2.3860 0.3109 0.6480 23.6132 -0.1355 -36.1845 -14.1212 -44.1297 -0.0000 0.0000 0.0000
-0.4998 0.7936 0.0540 25.5883 2.5656 6.6504 -22.5560 2.8838 -10.3256 -22.5560 2.8838 -10.3256 0.5898 13.4280 5.2574 0.5898 13.4280 5.2574 -45.9543 8.9311 -20.8725 -11.8112 1.0763 -10.3767 -19.4818 4.7716 -27.2841 -21.2653 -6.1022 31.7006 -44.9926 7.2267 -17.3397 -25.8802 -6.2301 26.6505 79.1935 -72.0514 62.0577 -136.0028 59.1953 109.1567 -11.0892 32.1479 -18.3562 -0.0000 0.0000 0.0000 -15.3429 2.9397 0.3961 0.2055 23.3789 -0.0425 -36.3737 -14.0049 -44.3710 -0.0000 0.0000 0.0000
-0.4995 0.7933 0.0569 26.3051 2.5732 6.9001 -22.7929 2.7559 -10.0258 -22.7929 2.7559 -10.0258 0.5447 13.4226 5.2293 0.5447 13.4226 5.2293 -45.0599 9.2318 -22.0275 -10.3692 0.8907 -9.7924 -19.1089 4.9325 -28.7063 -20.6550 -6.0618 32.4042 -45.6633 7.0940 -16.7512 -24.7686 -5.9979 26.8391 80.8908 -73.2819 64.7510 -134.9490 59.6017 108.1802 -12.9237 30.0895 -20.9012 -0.0000 0.0000 0.0000 -15.8756 3.4541 0.4818 -0.2340 23.1640 0.0480 -36.7688 -14.2777 -44.7936 -0.0000 0.0000 0.0000
-0.4988 0.7929 0.0585 26.9643 2.5016 7.1237 -22.9854 2.6131 -9.6587 -22.9854 2.6131 -9.6587 0.5221 13.4297 5.1747 0.5221 13.4297 5.1747 -44.3850 9.4676 -22.9495 -8.9984 0.7044 -8.9343 -18.7549 5.1012 -30.1913 -19.7637 -5.9474 33.2097 -46.6397 7.0048 -16.1617 -23.5393 -5.7500 27.1029 81.3542 -74.2302 66.0756 -132.9438 59.9723 105.9273 -14.9336 26.5945 -23.3173 -0.0000 0.0000 0.0000 -16.3640 3.9515 0.5684 -0.7323 22.9082 0.1484 -37.3579 -14.6979 -45.4197 -0.0000 0.0000 0.0000
-0.4981 0.7925 0.0590 27.5575 2.3903 7.3167 -23.1364 2.4733 -9.3080 -23.1364 2.4733 -9.3080 0.5578 13.4398 5.0674 0.5578 13.4398 5.0674 -43.7297 9.6004 -23.6392 -7.7092 0.5614 -8.3180 -18.1983 5.1683 -31.4756 -18.8395 -5.7975 33.9458 -47.6761 6.9718 -15.6994 -22.4787 -5.5464 27.3984 81.2632 -74.9154 66.6424 -131.2377 60.1111 103.8603 -16.6884 23.7217 -25.3778 -0.0000 0.0000 0.0000 -16.7311 4.4195 0.6502 -1.3387 22.6117 0.2677 -37.9803 -14.9388 -46.1112 -0.0000 0.0000 0.0000
-0.4976 0.7926 0.0586 28.1015 2.2264 7.4483 -23.2892 2.3526 -9.0414 -23.2892 2.3526 -9.0414 0.6326 13.4567 4.9604 0.6326 13.4567 4.9604 -42.8599 9.5618 -24.0583 -6.3710 0.4408 -7.9079 -17.0925 5.0613 -32.7776 -18.0953 -5.6424 34.3913 -48.5192 6.9919 -15.4397 -21.8467 -5.4552 27.7335 80.7766 -75.2941 66.5500 -130.5982 59.9244 102.8271 -17.6538 23.8757 -26.8499 -0.0000 0.0000 0.0000 -16.9932 4.8790 0.7293 -1.9409 22.2169 0.3811 -38.5103 -14.4274 -46.8143 -0.0000 0.0000 0.0000
-0.4978 0.7933 0.0573 28.6029 1.9746 7.5200 -23.4677 2.2561 -8.8737 -23.4677 2.2561 -8.8737 0.7366 13.5006 4.8595 0.7366 13.5006 4.8595 -41.8307 9.3564 -24.1719 -5.2488 0.3601 -7.8446 -15.8665 4.8562 -33.8486 -17.5778 -5.5195 34.6328 -49.0908 7.0158 -15.2903 -21.6351 -5.4636 28.0417 79.8954 -75.4255 65.8563 -131.3068 59.4626 103.2200 -17.4461 27.1689 -27.2991 -0.0000 0.0000 0.0000 -17.1748 5.3364 0.8064 -2.4847 21.8350 0.4793 -38.7378 -13.3245 -47.2625 -0.0000 0.0000 0.0000
-0.4983 0.7944 0.0550 29.0657 1.5955 7.5453 -23.6920 2.1713 -8.7277 -23.6920 2.1713 -8.7277 0.8962 13.5858 4.7273 0.8962 13.5858 4.7273 -40.7714 9.0552 -24.0584 -4.0710 0.2873 -8.0710 -14.3302 4.5222 -34.8740 -17.1962 -5.4035 34.6657 -49.3921 6.9953 -15.1417 -21.7107 -5.5401 28.3218 78.6801 -75.3706 64.6814 -132.6741 58.8433 104.3063 -16.4923 31.9843 -27.0762 -0.0000 0.0000 0.0000 -17.3226 5.8026 0.8847 -2.9056 21.5268 0.5525 -38.7808 -11.9454 -47.5455 -0.0000 0.0000 0.0000
-0.4988 0.7959 0.0519 29.4964 1.0708 7.5344 -23.9580 2.0871 -8.5513 -23.9580 2.0871 -8.5513 1.1255 13.6978 4.5139 1.1255 13.6978 4.5139 -39.6441 8.7103 -23.8603 -2.8522 0.2144 -8.5969 -12.4647 4.0772 -36.1068 -16.8258 -5.2810 34.6376 -49.5837 6.9279 -14.9321 -21.8572 -5.6303 28.5754 77.1930 -75.2345 63.1889 -134.0748 58.2568 105.5041 -15.4184 36.3716 -26.6498 -0.0000 0.0000 0.0000 -17.4905 6.3296 0.9746 -3.1665 21.2996 0.5956 -38.7485 -10.4929 -47.7582 -0.0000 0.0000 0.0000
-0.4992 0.7976 0.0485 29.8819 0.4473 7.5088 -24.2306 1.9950 -8.3048 -24.2306 1.9950 -8.3048 1.4515 13.7939 4.1662 1.4515 13.7939 4.1662 -38.4602 8.3523 -23.6450 -1.7971 0.1493 -9.4997 -10.6191 3.6155 -37.5156 -16.4330 -5.1735 34.7471 -49.7846 6.7686 -14.5256 -21.8115 -5.6652 28.8044 75.4600 -75.1727 61.5522 -134.9809 57.9384 106.3656 -14.7605 38.5148 -26.2522 -0.0000 0.0000 0.0000 -17.7059 6.7989 1.0602 -3.2653 21.1997 0.6112 -38.6288 -9.3415 -47.8196 -0.0000 0.0000 0.0000
-0.5000 0.7994 0.0454 30.2096 -0.1800 7.4987 -24.4823 1.8998 -8.0161 -24.4823 1.8998 -8.0161 1.8220 13.8523 3.7184 1.8220 13.8523 3.7184 -37.1989 8.0040 -23.4883 -1.0991 0.1026 -10.6619 -9.2161 3.2181 -38.4293 -16.1018 -5.0931 34.9092 -50.0192 6.6231 -14.1406 -21.6330 -5.6664 29.0440 73.8606 -75.2122 60.1395 -135.3987 57.8270 106.8079 -14.5922 38.9351 -26.1078 -0.0000 0.0000 0.0000 -17.9069 7.1247 1.1239 -3.2933 21.2827 0.6189 -38.4600 -8.7329 -47.7279 -0.0000 0.0000 0.0000
-0.5007 0.8010 0.0429 30.4738 -0.6793 7.4905 -24.6962 1.8075 -7.7225 -24.6962 1.8075 -7.7225 2.1817 13.8584 3.2288 2.1817 13.8584 3.2288 -35.8475 7.6647 -23.4014 -0.8144 0.0844 -11.8302 -7.9764 2.8477 -39.2431 -15.8576 -5.0379 35.0593 -50.2392 6.4246 -13.6523 -21.3285 -5.6197 29.2173 72.4830 -75.3598 59.0300 -135.3847 58.0326 107.0209 -14.6982 38.1651 -26.0226 -0.0000 0.0000 0.0000 -18.0858 7.2091 1.1488 -3.2687 21.4017 0.6178 -38.2077 -8.3959 -47.4881 -0.0000 0.0000 0.0000
-0.5015 0.8022 0.0413 30.6778 -0.9993 7.4926 -24.8581 1.7181 -7.4349 -24.8581 1.7181 -7.4349 2.4827 13.8420 2.7635 2.4827 13.8420 2.7635 -34.5336 7.3738 -23.4241 -0.8807 0.1003 -12.9981 -7.1302 2.5896 -39.8790 -15.7158 -5.0326 35.3248 -50.3733 6.1486 -13.0304 -20.8591 -5.5111 29.3077 71.5164 -75.5848 58.3601 -135.3198 58.6907 107.6706 -14.7197 36.4570 -25.4961 -0.0000 0.0000 0.0000 -18.2636 7.0377 1.1327 -3.2263 21.5804 0.6150 -37.8831 -8.3103 -47.1163 -0.0000 0.0000 0.0000
-0.5023 0.8027 0.0408 30.8400 -1.1565 7.4710 -24.9628 1.6296 -7.1561 -24.9628 1.6296 -7.1561 2.6976 13.8388 2.3664 2.6976 13.8388 2.3664 -33.2164 7.1145 -23.5462 -1.1122 0.1406 -14.4060 -6.4927 2.4343 -41.0695 -15.6945 -5.0695 35.6137 -50.3339 5.7831 -12.2714 -20.3342 -5.3591 29.2525 71.0758 -75.8042 58.1571 -134.8498 59.9798 108.4625 -14.0863 35.2828 -24.0755 -0.0000 0.0000 0.0000 -18.4154 6.8705 1.1150 -3.2131 21.8467 0.6203 -37.6714 -8.5224 -46.8259 -0.0000 0.0000 0.0000
-0.5033 0.8022 0.0417 31.0154 -1.2267 7.4068 -25.0375 1.5390 -6.8897 -25.0375 1.5390 -6.8897 2.8244 13.8509 2.0540 2.8244 13.8509 2.0540 -31.8317 6.8927 -23.8505 -1.3140 0.1859 -16.1073 -6.0084 2.3251 -42.2806 -15.7552 -5.1438 35.9712 -50.1378 5.3965 -11.5064 -19.8276 -5.2027 29.1432 70.9904 -75.9130 58.1757 -133.7725 61.8513 109.0648 -11.9801 35.9681 -20.7023 -0.0000 0.0000 0.0000 -18.5613 6.9215 1.1324 -3.2682 22.1796 0.6408 -37.7565 -8.9264 -46.8558 -0.0000 0.0000 0.0000
-0.5045 0.8007 0.0442 31.2218 -1.2199 7.3104 -25.0891 1.4514 -6.6533 -25.0891 1.4514 -6.6533 2.8887 13.9031 1.7982 2.8887 13.9031 1.7982 -30.5105 6.7004 -24.2284 -1.1869 0.1898 -18.1717 -5.2075 2.0942 -43.7916 -15.7543 -5.1967 36.3191 -49.9441 4.9566 -10.6192 -19.3591 -5.0421 28.9481 71.2255 -75.9286 58.4009 -132.7042 64.4507 110.4270 -8.4910 38.0518 -15.1286 -0.0000 0.0000 0.0000 -18.6855 7.1078 1.1709 -3.4372 22.5150 0.6844 -38.0482 -9.6470 -47.0762 -0.0000 0.0000 0.0000
-0.5055 0.7981 0.0481 31.4474 -1.1715 7.1881 -25.1141 1.3770 -6.4712 -25.1141 1.3770 -6.4712 2.8760 13.9736 1.6228 2.8760 13.9736 1.6228 -29.4063 6.5449 -24.5848 -0.5672 0.0999 -19.9765 -3.6523 1.5264 -45.3523 -15.5524 -5.1563 36.4975 -50.0147 4.5278 -9.6886 -18.9409 -4.8972 28.7562 71.6512 -75.8774 58.7389 -128.8300 67.7699 109.0275 -4.1469 40.9606 -7.7289 -0.0000 0.0000 0.0000 -18.7260 7.3528 1.2140 -3.7909 22.8303 0.7657 -38.4369 -10.9208 -47.3154 -0.0000 0.0000 0.0000
-0.5061 0.7946 0.0532 31.6911 -1.1111 7.0376 -25.1269 1.3199 -6.3357 -25.1269 1.3199 -6.3357 2.7955 14.0951 1.5342 2.7955 14.0951 1.5342 -28.5895 6.4021 -24.7595 0.6602 -0.1242 -21.3150 -0.9627 0.4176 -46.9023 -15.0953 -4.9656 36.2415 -50.4599 4.0759 -8.6372 -18.6450 -4.7729 28.4894 72.2066 -75.8326 59.2000 -119.4508 71.2562 101.6716 0.5667 44.8576 1.1288 -0.0000 0.0000 0.0000 -18.6624 7.5255 1.2383 -4.3509 23.1887 0.8931 -38.8389 -13.0448 -47.4279 -0.0000 0.0000 0.0000
-0.5060 0.7906 0.0587 31.9565 -1.0697 6.8371 -25.1302 1.2928 -6.2770 -25.1302 1.2928 -6.2770 2.6219 14.2706 1.5290 2.6219 14.2706 1.5290 -27.8744 6.2230 -24.7107 2.4745 -0.4878 -22.2984 2.2010 -0.9775 -47.8885 -14.5695 -4.6880 35.5115 -51.1162 3.7095 -7.7478 -18.6249 -4.7162 28.1941 72.3839 -75.8499 59.3753 -102.7315 74.2117 86.8472 5.8025 49.9120 12.8038 -0.0000 0.0000 0.0000 -18.6266 7.5588 1.2414 -4.9291 23.7833 1.0386 -39.2310 -15.9855 -47.4036 -0.0000 0.0000 0.0000
-0.5056 0.7864 0.0641 32.2505 -1.1007 6.5569 -25.1236 1.2916 -6.2765 -25.1236 1.2916 -6.2765 2.3765 14.4964 1.5866 2.3765 14.4964 1.5866 -26.9355 5.9461 -24.4721 4.5780 -0.9385 -23.1592 4.9705 -2.2074 -47.8712 -14.2301 -4.4100 34.2865 -51.7165 3.6216 -7.4641 -19.0491 -4.7864 27.9747 71.4771 -75.9222 58.6217 -70.0713 73.9614 55.6657 17.4316 51.2809 38.6976 -0.0000 0.0000 0.0000 -18.7090 7.5568 1.2466 -5.3736 24.6336 1.1741 -39.6506 -19.1481 -47.3918 -0.0000 0.0000 0.0000
-0.5042 0.7826 0.0688 32.5891 -1.2205 6.2123 -25.1142 1.3030 -6.2940 -25.1142 1.3030 -6.2940 2.0974 14.7424 1.6659 2.0974 14.7424 1.6659 -25.6566 5.6096 -24.2840 6.6932 -1.4223 -23.9679 6.0803 -2.6024 -46.3111 -14.1882 -4.1918 32.7734 -51.9959 3.8483 -7.8814 -19.9284 -4.9928 27.8743 68.7353 -76.0132 56.2433 -39.7817 66.7146 26.7948 45.7201 28.2705 67.9817 -0.0000 0.0000 0.0000 -19.0133 7.5372 1.2640 -5.5842 25.6139 1.2704 -40.2740 -21.6437 -47.7281 -0.0000 0.0000 0.0000
-0.5027 0.7794 0.0727 32.9362 -1.3485 5.8588 -25.0706 1.3173 -6.3238 -25.0706 1.3173 -6.3238 1.8331 14.9834 1.7138 1.8331 14.9834 1.7138 -24.0977 5.2685 -24.3279 8.4920 -1.8628 -24.7030 5.1081 -2.0500 -43.7115 -14.5241 -4.1034 31.4041 -51.7537 4.3096 -8.8708 -21.0168 -5.2788 27.9131 64.0173 -76.0892 52.1311 -23.0254 54.9754 12.0987 62.4805 -0.8958 77.1097 -0.0000 0.0000 0.0000 -19.5149 7.4319 1.2798 -5.5905 26.5087 1.3178 -40.9658 -23.1201 -48.2970 -0.0000 0.0000 0.0000
-0.5013 0.7769 0.0761 33.2385 -1.4662 5.5505 -24.9835 1.3116 -6.3089 -24.9835 1.3116 -6.3089 1.6679 15.2008 1.6440 1.6679 15.2008 1.6440 -22.2968 4.9273 -24.6317 9.4745 -2.0952 -24.8873 2.5435 -0.9532 -41.0836 -15.0315 -4.0994 30.3546 -51.2303 4.7568 -9.9024 -21.9379 -5.5600 28.1302 57.7438 -76.0488 46.6486 -13.6794 42.4776 5.3381 62.8592 -18.0358 73.5192 -0.0000 0.0000 0.0000 -19.9680 7.2545 1.2787 -5.6118 27.1925 1.3583 -41.6621 -23.5665 -49.0222 -0.0000 0.0000 0.0000
-0.5003 0.7747 0.0792 33.4830 -1.5809 5.2669 -24.8821 1.2852 -6.2516 -24.8821 1.2852 -6.2516 1.6072 15.4066 1.4693 1.6072 15.4066 1.4693 -20.5065 4.5899 -24.9846 10.0781 -2.2360 -24.9593 -0.3401 0.1204 -39.0024 -15.4784 -4.1525 29.8731 -50.6546 4.9633 -10.4644 -22.4072 -5.7508 28.4587 50.7349 -75.7355 40.4757 -7.9106 32.0264 2.2736 57.1994 -25.6518 65.9443 -0.0000 0.0000 0.0000 -20.2029 7.0616 1.2596 -5.8332 27.6539 1.4368 -42.3389 -23.5004 -49.8003 -0.0000 0.0000 0.0000
-0.5007 0.7726 0.0822 33.6627 -1.6953 4.9730 -24.7850 1.2433 -6.1563 -24.7850 1.2433 -6.1563 1.6121 15.6004 1.2142 1.6121 15.6004 1.2142 -18.8547 4.2634 -25.2713 11.0535 -2.4749 -25.1686 -2.1325 0.7374 -38.1442 -15.7865 -4.2571 30.0142 -50.1330 4.8975 -10.4482 -22.3828 -5.8136 28.7881 44.2585 -75.1220 34.7314 -3.5052 24.5552 0.7631 51.2401 -28.6432 58.9276 -0.0000 0.0000 0.0000 -20.1882 6.9600 1.2405 -6.2274 27.9483 1.5511 -43.1009 -23.3821 -50.6818 -0.0000 0.0000 0.0000
-0.5010 0.7701 0.0852 33.7869 -1.7784 4.6571 -24.7119 1.1964 -6.0424 -24.7119 1.1964 -6.0424 1.6506 15.7740 0.9499 1.6506 15.7740 0.9499 -17.3653 3.9458 -25.4231 13.1586 -3.0157 -25.7126 -2.0446 0.7085 -38.2200 -15.9039 -4.4042 30.7821 -49.6578 4.6319 -9.9912 -21.8883 -5.7346 29.0429 39.5128 -74.3469 30.4707 0.0239 18.7493 -0.0039 46.0241 -28.6140 53.1666 -0.0000 0.0000 0.0000 -19.9716 7.0297 1.2392 -6.7018 28.0440 1.6755 -43.9373 -23.3853 -51.6273 -0.0000 0.0000 0.0000
-0.5019 0.7670 0.0883 33.8644 -1.7101 4.3092 -24.6506 1.1680 -6.0092 -24.6506 1.1680 -6.0092 1.6499 15.8594 0.7789 1.6499 15.8594 0.7789 -16.0060 3.6490 -25.5316 16.9394 -3.9780 -26.2556 -0.1230 0.0429 -38.4703 -15.9022 -4.5887 32.0114 -49.0348 4.2329 -9.2648 -21.2110 -5.5574 29.0638 36.8858 -73.6372 28.0347 2.7996 14.3807 -0.3533 42.6893 -27.4737 49.6072 -0.0000 0.0000 0.0000 -19.6643 7.1774 1.2455 -7.1706 27.9158 1.7844 -45.0184 -23.4720 -52.8334 -0.0000 0.0000 0.0000
-0.5027 0.7636 0.0915 33.9066 -1.4921 3.9602 -24.5876 1.1633 -6.0749 -24.5876 1.1633 -6.0749 1.5876 15.8304 0.7460 1.5876 15.8304 0.7460 -14.6633 3.3782 -25.8179 21.5538 -5.0816 -26.2462 2.1367 -0.7317 -37.8058 -15.9976 -4.8223 33.3624 -48.1458 3.9655 -8.8621 -20.6806 -5.3869 28.9161 36.0111 -73.1453 27.1156 4.7075 11.1615 -0.4602 41.1241 -26.7090 47.9542 -0.0000 0.0000 0.0000 -19.3881 7.3615 1.2592 -7.5437 27.5855 1.8544 -46.1803 -23.6217 -54.1165 -0.0000 0.0000 0.0000
-0.5034 0.7601 0.0950 33.9233 -1.0952 3.6332 -24.5014 1.1780 -6.2435 -24.5014 1.1780 -6.2435 1.4541 15.7250 0.8608 1.4541 15.7250 0.8608 -13.1723 3.0731 -26.1590 26.4900 -6.1246 -25.6100 4.5895 -1.5030 -36.2488 -16.1496 -5.0450 34.5017 -47.0845 3.8581 -8.8409 -20.4703 -5.2840 28.6715 36.4396 -72.9448 27.3515 6.0296 8.8931 -0.4693 40.2999 -26.2442 47.0881 -0.0000 0.0000 0.0000 -19.1312 7.4313 1.2540 -7.8664 27.1582 1.9029 -47.4174 -23.8093 -55.4727 -0.0000 0.0000 0.0000
-0.5039 0.7566 0.0985 33.9235 -0.5664 3.3172 -24.3890 1.2038 -6.4699 -24.3890 1.2038 -6.4699 1.2705 15.5711 1.0726 1.2705 15.5711 1.0726 -11.4946 2.7096 -26.4467 31.4879 -6.9338 -24.2566 6.8647 -2.1241 -34.3521 -16.2030 -5.2229 35.5323 -46.0175 3.7907 -8.9118 -20.4826 -5.2185 28.3131 37.4010 -72.9301 28.0887 6.9652 7.0659 -0.4306 39.5659 -26.0339 46.2855 -0.0000 0.0000 0.0000 -18.9154 7.3233 1.2216 -8.1476 26.7196 1.9381 -48.6163 -24.0434 -56.7734 -0.0000 0.0000 0.0000
-0.5044 0.7535 0.1017 33.9252 -0.0485 3.0080 -24.2659 1.2223 -6.6563 -24.2659 1.2223 -6.6563 1.0806 15.4404 1.3004 1.0806 15.4404 1.3004 -9.5216 2.2603 -26.6527 36.0019 -7.2673 -22.1165 8.7984 -2.5803 -32.6342 -15.9999 -5.2821 36.3417 -45.2669 3.7354 -8.9440 -20.6982 -5.1915 27.8843 38.4564 -73.0087 28.9477 7.8001 5.5829 -0.3809 38.4468 -25.8867 45.0342 -0.0000 0.0000 0.0000 -18.7272 7.1043 1.1729 -8.4093 26.3453 1.9715 -49.7651 -24.2117 -58.0240 -0.0000 0.0000 0.0000
-0.5047 0.7509 0.1040 33.9422 0.3815 2.7070 -24.1488 1.2234 -6.7449 -24.1488 1.2234 -6.7449 0.9045 15.3800 1.5126 0.9045 15.3800 1.5126 -7.2554 1.7265 -26.7374 39.7516 -7.0663 -19.3840 10.3085 -2.8796 -31.1403 -15.4690 -5.2084 37.0296 -44.9997 3.6099 -8.7012 -20.9173 -5.1576 27.4237 39.4186 -73.1286 29.7597 8.7154 4.3635 -0.3327 37.1017 -25.7913 43.5141 -0.0000 0.0000 0.0000 -18.5865 6.8891 1.1286 -8.6198 26.0589 1.9983 -50.7928 -24.2168 -59.1636 -0.0000 0.0000 0.0000
-0.5050 0.7492 0.1050 33.9744 0.7640 2.4178 -24.0206 1.2127 -6.7839 -24.0206 1.2127 -6.7839 0.7374 15.3552 1.7012 0.7374 15.3552 1.7012 -4.7492 1.1283 -26.7154 42.5250 -6.3658 -16.2659 11.4275 -3.0739 -30.0233 -14.7094 -5.0503 37.7274 -45.0712 3.4488 -8.2995 -21.0744 -5.1128 26.9945 40.3463 -73.2703 30.5609 9.6730 3.4195 -0.2894 35.8503 -25.6902 42.0970 -0.0000 0.0000 0.0000 -18.5087 6.6567 1.0858 -8.7600 25.7618 2.0069 -51.6747 -24.0619 -60.1662 -0.0000 0.0000 0.0000
-0.5052 0.7483 0.1046 34.0158 1.0945 2.1644 -23.8744 1.1850 -6.7533 -23.8744 1.1850 -6.7533 0.5823 15.3909 1.8673 0.5823 15.3909 1.8673 -2.0130 0.4770 -26.6593 43.6120 -5.3460 -13.3114 12.1422 -3.2015 -29.4433 -13.8805 -4.8509 38.3729 -45.3315 3.3438 -7.9964 -21.1516 -5.0716 26.6877 41.1679 -73.4000 31.2771 10.6031 2.5758 -0.2391 34.6155 -25.6480 40.6872 -0.0000 0.0000 0.0000 -18.4966 6.4215 1.0467 -8.8273 25.3460 1.9887 -52.2122 -23.7131 -60.8203 -0.0000 0.0000 0.0000
-0.5054 0.7483 0.1026 34.0661 1.4936 1.9510 -23.6834 1.1541 -6.7522 -23.6834 1.1541 -6.7522 0.3838 15.4402 2.0548 0.3838 15.4402 2.0548 0.6814 -0.1598 -26.3920 43.5697 -4.3105 -10.7587 12.7483 -3.2750 -28.7090 -13.1949 -4.6822 38.9347 -45.4567 3.3391 -7.9607 -21.2350 -5.0600 26.5259 42.3522 -73.5384 32.2898 11.3775 1.8292 -0.1822 33.6934 -25.5165 39.6443 -0.0000 0.0000 0.0000 -18.5407 6.0920 0.9953 -8.8366 24.8049 1.9469 -52.5282 -23.2858 -61.2436 -0.0000 0.0000 0.0000
-0.5056 0.7490 0.0994 34.1233 1.9397 1.7825 -23.4553 1.1252 -6.8012 -23.4553 1.1252 -6.8012 0.1462 15.4667 2.2352 0.1462 15.4667 2.2352 3.1163 -0.7198 -26.0057 42.6760 -3.4016 -8.6935 13.1547 -3.2879 -27.9545 -12.6967 -4.5529 39.3242 -45.3216 3.4236 -8.1885 -21.5166 -5.1156 26.4605 43.9718 -73.6219 33.6251 11.8803 1.1590 -0.1206 33.1321 -25.2150 39.0352 -0.0000 0.0000 0.0000 -18.6495 5.6817 0.9337 -8.7942 24.1772 1.8870 -52.7756 -23.0227 -61.5630 -0.0000 0.0000 0.0000
-0.5061 0.7500 0.0953 34.1970 2.3477 1.6533 -23.2132 1.0957 -6.8738 -23.2132 1.0957 -6.8738 -0.0733 15.4816 2.3584 -0.0733 15.4816 2.3584 5.0825 -1.1519 -25.5246 41.4120 -2.6836 -7.0918 13.4476 -3.2732 -27.2462 -12.3079 -4.4287 39.4578 -44.9550 3.5270 -8.5115 -21.9749 -5.2261 26.4558 45.8594 -73.6229 35.1352 12.1350 0.5884 -0.0625 32.7526 -24.7013 38.6604 -0.0000 0.0000 0.0000 -18.8125 5.1878 0.8600 -8.7334 23.5823 1.8265 -53.0075 -22.9497 -61.8319 -0.0000 0.0000 0.0000
-0.5064 0.7513 0.0910 34.2947 2.6593 1.5605 -22.9822 1.0652 -6.9452 -22.9822 1.0652 -6.9452 -0.2372 15.4954 2.4062 -0.2372 15.4954 2.4062 6.4698 -1.4360 -25.0031 39.9344 -2.1744 -5.9800 13.7423 -3.2767 -26.7056 -11.9945 -4.2977 39.3094 -44.4831 3.6118 -8.8177 -22.5596 -5.3825 26.5221 47.4803 -73.5629 36.4012 12.2766 0.0986 -0.0106 32.3851 -24.1399 38.3043 -0.0000 0.0000 0.0000 -19.0419 4.6424 0.7790 -8.6744 23.1168 1.7773 -53.2701 -22.8662 -62.1363 -0.0000 0.0000 0.0000
-0.5067 0.7524 0.0870 34.4145 2.8431 1.5037 -22.7869 1.0303 -6.9725 -22.7869 1.0303 -6.9725 -0.3192 15.5119 2.3824 -0.3192 15.5119 2.3824 7.2957 -1.5803 -24.4133 38.7899 -1.8190 -5.1637 14.2640 -3.3520 -26.3239 -11.7146 -4.1499 38.9030 -44.0695 3.6349 -8.9657 -23.0946 -5.5341 26.6182 48.5497 -73.4780 37.2101 12.4371 -0.2715 0.0296 31.9055 -23.6475 37.8087 -0.0000 0.0000 0.0000 -19.3171 4.1489 0.7064 -8.5961 22.8720 1.7420 -53.5998 -22.7719 -62.5165 -0.0000 0.0000 0.0000
-0.5067 0.7531 0.0838 34.5391 2.9565 1.4634 -22.6269 0.9980 -6.9743 -22.6269 0.9980 -6.9743 -0.3500 15.5430 2.3392 -0.3500 15.5430 2.3392 7.7285 -1.6350 -23.8559 37.8169 -1.5848 -4.6243 14.9592 -3.4684 -25.9719 -11.4262 -3.9891 38.3860 -43.8018 3.6286 -9.0104 -23.5670 -5.6712 26.7133 48.8309 -73.4391 37.4123 12.7945 -0.6356 0.0713 31.2995 -23.2855 37.1488 -0.0000 0.0000 0.0000 -19.6365 3.6302 0.6284 -8.4894 22.7282 1.7092 -53.8308 -22.5435 -62.8119 -0.0000 0.0000 0.0000
-0.5067 0.7533 0.0816 34.6723 2.9927 1.4286 -22.5103 0.9656 -6.9328 -22.5103 0.9656 -6.9328 -0.3553 15.5734 2.3056 -0.3553 15.5734 2.3056 7.8984 -1.6332 -23.3308 37.1876 -1.3665 -4.0604 15.5541 -3.5563 -25.6121 -11.1805 -3.8384 37.7976 -43.6822 3.6177 -9.0106 -23.9475 -5.7950 26.8458 48.9080 -73.4163 37.4601 13.0620 -0.8246 0.0944 30.7893 -23.1881 36.5670 -0.0000 0.0000 0.0000 -19.9596 3.2846 0.5781 -8.3419 22.7635 1.6821 -54.1422 -22.2100 -63.2147 -0.0000 0.0000 0.0000
-0.5062 0.7528 0.0805 34.8063 2.9764 1.3752 -22.4267 0.9382 -6.8788 -22.4267 0.9382 -6.8788 -0.3941 15.5839 2.3319 -0.3941 15.5839 2.3319 7.9654 -1.6209 -22.9700 36.5612 -1.1594 -3.5088 15.8684 -3.5703 -25.2112 -11.0049 -3.7186 37.2458 -43.6395 3.6411 -9.0783 -24.3770 -5.9279 26.9602 48.7775 -73.3507 37.3133 13.2372 -0.8631 0.1001 30.5964 -23.1045 36.3523 -0.0000 0.0000 0.0000 -20.2629 3.1904 0.5703 -8.1721 22.8991 1.6578 -54.5557 -21.9908 -63.7096 -0.0000 0.0000 0.0000
-0.5059 0.7519 0.0804 34.9360 2.8972 1.3041 -22.3677 0.9136 -6.8192 -22.3677 0.9136 -6.8192 -0.4523 15.5876 2.3929 -0.4523 15.5876 2.3929 7.9476 -1.5995 -22.7239 36.0963 -0.9260 -2.8413 16.0462 -3.5363 -24.7069 -10.8986 -3.6311 36.7615 -43.6243 3.6933 -9.2115 -24.8099 -6.0526 27.0304 48.6084 -73.2232 37.0967 13.3393 -0.8135 0.0951 30.5923 -22.8544 36.3772 -0.0000 0.0000 0.0000 -20.5266 3.3399 0.6049 -7.9874 23.0668 1.6324 -55.0251 -21.9153 -64.2396 -0.0000 0.0000 0.0000
-0.5055 0.7508 0.0814 35.0547 2.8212 1.2235 -22.3172 0.8947 -6.7893 -22.3172 0.8947 -6.7893 -0.5270 15.5770 2.4677 -0.5270 15.5770 2.4677 7.9514 -1.5942 -22.6397 35.4659 -0.7225 -2.2590 16.0968 -3.4680 -24.1686 -10.8784 -3.5870 36.4074 -43.5958 3.7728 -9.4159 -25.2221 -6.1566 27.0316 48.2559 -73.0538 36.7075 13.4656 -0.8085 0.0955 30.6678 -22.3459 36.5259 -0.0000 0.0000 0.0000 -20.7387 3.6061 0.6601 -7.8314 23.1602 1.6071 -55.4194 -21.9897 -64.6591 -0.0000 0.0000 0.0000
-0.5054 0.7498 0.0836 35.1580 2.6846 1.1485 -22.2832 0.8753 -6.7557 -22.2832 0.8753 -6.7557 -0.5580 15.5704 2.4957 -0.5580 15.5704 2.4957 7.9394 -1.5967 -22.7088 34.8699 -0.5599 -1.7826 16.1613 -3.3982 -23.6024 -10.9346 -3.5642 36.0160 -43.5864 3.8486 -9.6066 -25.5586 -6.2351 27.0059 47.6838 -72.8336 36.1137 13.5851 -0.8033 0.0957 30.7004 -21.8036 36.6293 -0.0000 0.0000 0.0000 -20.8839 3.9839 0.7345 -7.7065 23.2372 1.5868 -55.7469 -22.2758 -64.9661 -0.0000 0.0000 0.0000
-0.5053 0.7491 0.0866 35.2346 2.5322 1.0759 -22.2506 0.8690 -6.8102 -22.2506 0.8690 -6.8102 -0.5486 15.5583 2.4705 -0.5486 15.5583 2.4705 7.9671 -1.6186 -22.9328 34.0000 -0.4515 -1.4769 16.2943 -3.3228 -22.9069 -11.0532 -3.5628 35.6389 -43.5430 4.0071 -10.0114 -25.9723 -6.3232 26.9395 46.7620 -72.5845 35.2292 13.7672 -0.9249 0.1117 30.7298 -21.1189 36.7469 -0.0000 0.0000 0.0000 -21.0177 4.2403 0.7869 -7.5911 23.1996 1.5604 -55.7964 -22.7253 -64.9384 -0.0000 0.0000 0.0000
-0.5053 0.7488 0.0899 35.2881 2.3743 1.0150 -22.2159 0.8684 -6.9072 -22.2159 0.8684 -6.9072 -0.4876 15.5384 2.3925 -0.4876 15.5384 2.3925 8.0853 -1.6592 -23.1582 33.1068 -0.3798 -1.2778 16.4814 -3.2705 -22.3022 -11.2314 -3.5753 35.2200 -43.4277 4.2005 -10.5230 -26.4251 -6.4229 26.8818 45.8770 -72.2595 34.3366 13.8792 -1.0991 0.1338 30.8425 -20.4276 36.9642 -0.0000 0.0000 0.0000 -21.1356 4.4576 0.8320 -7.4614 23.1825 1.5325 -55.7632 -23.2365 -64.8097 -0.0000 0.0000 0.0000
-0.5050 0.7487 0.0923 35.3193 2.2641 0.9848 -22.1670 0.8715 -7.0321 -22.1670 0.8715 -7.0321 -0.4331 15.5094 2.3174 -0.4331 15.5094 2.3174 8.4860 -1.7512 -23.2802 32.1429 -0.2911 -1.0103 16.7485 -3.2560 -21.8552 -11.4714 -3.5946 34.6983 -43.2190 4.3891 -11.0512 -26.9071 -6.5413 26.8703 44.9992 -71.8578 33.4146 13.9411 -1.3442 0.1644 31.0802 -19.5570 37.3523 -0.0000 0.0000 0.0000 -21.2426 4.6136 0.8656 -7.3263 23.2042 1.5061 -55.6890 -23.8630 -64.6159 -0.0000 0.0000 0.0000
-0.5048 0.7487 0.0928 35.3280 2.2648 0.9979 -22.0950 0.8786 -7.2035 -22.0950 0.8786 -7.2035 -0.4025 15.4652 2.2524 -0.4025 15.4652 2.2524 9.2639 -1.9072 -23.2192 31.3333 -0.1523 -0.5431 17.0222 -3.2552 -21.5022 -11.7859 -3.6316 34.1481 -42.9148 4.5195 -11.4660 -27.4017 -6.6542 26.8245 44.4918 -71.3643 32.7374 13.8847 -1.6284 0.1983 31.5482 -18.5781 38.0283 -0.0000 0.0000 0.0000 -21.3616 4.7023 0.8874 -7.1454 23.2823 1.4739 -55.5981 -24.5896 -64.3874 -0.0000 0.0000 0.0000
-0.5047 0.7490 0.0913 35.3141 2.4641 1.0633 -21.9894 0.8898 -7.4377 -21.9894 0.8898 -7.4377 -0.4248 15.3982 2.2249 -0.4248 15.3982 2.2249 10.4015 -2.1337 -23.1255 30.4615 -0.0257 -0.0945 17.1425 -3.2073 -21.0450 -12.1541 -3.6944 33.7057 -42.5583 4.5838 -11.7346 -27.8762 -6.7213 26.6239 44.5015 -70.7541 32.3976 13.6739 -2.0439 0.2451 32.1259 -17.4113 38.8635 -0.0000 0.0000 0.0000 -21.4814 4.7266 0.8971 -6.9198 23.2917 1.4279 -55.3944 -25.3104 -64.0381 -0.0000 0.0000 0.0000
-0.5047 0.7500 0.0879 35.2692 2.6811 1.1630 -21.8828 0.8947 -7.6182 -21.8828 0.8947 -7.6182 -0.4254 15.3738 2.1726 -0.4254 15.3738 2.1726 11.5869 -2.3792 -23.1333 30.3203 0.0373 0.1376 17.3490 -3.1607 -20.5005 -12.4012 -3.7295 33.3637 -42.2603 4.5691 -11.7870 -28.2441 -6.7624 26.4309 44.7074 -70.2943 32.2936 13.2476 -2.2343 0.2595 32.3191 -16.6776 39.1912 -0.0000 0.0000 0.0000 -21.5653 4.6643 0.8888 -6.7416 23.2676 1.3895 -55.1195 -26.1854 -63.5858 -0.0000 0.0000 0.0000
-0.5047 0.7518 0.0830 35.1792 2.8567 1.2914 -21.7844 0.8946 -7.7299 -21.7844 0.8946 -7.7299 -0.4128 15.4255 2.1049 -0.4128 15.4255 2.1049 13.1540 -2.6892 -23.0139 31.3373 0.1491 0.5315 17.9307 -3.1474 -19.7572 -12.4429 -3.7391 33.3384 -42.0500 4.4538 -11.5539 -28.3597 -6.7436 26.2518 44.7512 -70.1681 32.2552 12.6995 -2.0082 0.2235 32.1416 -16.5992 38.9920 -0.0000 0.0000 0.0000 -21.6055 4.2344 0.8083 -6.6590 23.3088 1.3750 -54.4658 -27.6660 -62.6200 -0.0000 0.0000 0.0000
-0.5047 0.7543 0.0772 35.0128 2.9450 1.4301 -21.6876 0.8882 -7.7468 -21.6876 0.8882 -7.7468 -0.3663 15.5411 1.9827 -0.3663 15.5411 1.9827 15.2174 -3.0550 -22.5785 33.4432 0.2924 0.9732 18.1038 -3.1098 -19.3393 -12.2441 -3.7320 33.7921 -41.9304 4.1616 -10.8333 -28.0526 -6.6311 26.1120 44.2130 -70.4263 31.9926 12.2446 -1.4377 0.1542 31.4595 -17.0982 38.1181 -0.0000 0.0000 0.0000 -21.5283 3.3964 0.6459 -6.7280 23.5031 1.4012 -53.3632 -29.7324 -61.0756 -0.0000 0.0000 0.0000
-0.5049 0.7570 0.0703 34.7724 2.9070 1.5659 -21.5830 0.8776 -7.6936 -21.5830 0.8776 -7.6936 -0.2035 15.6496 1.6842 -0.2035 15.6496 1.6842 17.8657 -3.5130 -22.0792 35.5553 0.4410 1.3753 17.6321 -2.9710 -18.9850 -11.8306 -3.6927 34.5645 -41.8803 3.7738 -9.8412 -27.4120 -6.4437 25.9935 42.6383 -70.9755 31.0985 12.1004 -0.8073 0.0856 30.2540 -17.8606 36.5930 -0.0000 0.0000 0.0000 -21.3599 2.3004 0.4339 -6.9307 23.8836 1.4675 -51.8751 -31.9223 -59.1043 -0.0000 0.0000 0.0000
-0.5049 0.7593 0.0623 34.4851 2.7004 1.6777 -21.4459 0.8755 -7.7195 -21.4459 0.8755 -7.7195 0.2116 15.6550 1.0814 0.2116 15.6550 1.0814 21.4740 -4.2149 -21.9649 36.5745 0.3416 1.0336 16.1565 -2.6771 -18.6971 -11.3780 -3.6861 35.8021 -41.7623 3.3839 -8.8552 -26.6086 -6.2118 25.8470 40.6775 -71.7830 30.0315 11.4737 0.5870 -0.0590 29.2354 -19.8950 35.1395 -0.0000 0.0000 0.0000 -21.0690 1.2270 0.2282 -7.3530 24.4586 1.5958 -50.1211 -33.7946 -56.9048 -0.0000 0.0000 0.0000
-0.5045 0.7613 0.0533 34.2186 2.3651 1.8162 -21.2503 0.8768 -7.8656 -21.2503 0.8768 -7.8656 0.8409 15.5995 0.1888 0.8409 15.5995 0.1888 25.5650 -5.1929 -22.6069 35.6535 -0.1142 -0.3550 13.7664 -2.2487 -18.4688 -11.1073 -3.7713 37.4110 -41.4470 3.1042 -8.1928 -25.9056 -6.0394 25.8357 38.9421 -72.7136 29.1751 9.5884 2.6859 -0.2253 29.2136 -22.8422 34.7697 -0.0000 0.0000 0.0000 -20.5762 0.5197 0.0943 -8.1097 25.2458 1.8190 -48.6258 -35.0716 -55.0842 -0.0000 0.0000 0.0000
-0.5033 0.7633 0.0432 33.9718 1.9168 1.8649 -20.9571 0.8792 -8.2064 -20.9571 0.8792 -8.2064 1.5715 15.3183 -0.9712 1.5715 15.3183 -0.9712 30.2890 -6.6871 -24.3614 34.2751 -0.9128 -2.9595 11.6213 -1.8602 -18.1285 -11.2511 -4.0315 39.3248 -40.6440 2.9846 -8.0474 -25.5811 -5.9638 25.8460 38.2135 -73.9177 29.2183 5.9414 7.8939 -0.4103 27.2133 -28.7911 31.8162 -0.0000 0.0000 0.0000 -19.9033 0.2486 0.0436 -9.1994 25.6532 2.0988 -47.2729 -35.5644 -53.5343 -0.0000 0.0000 0.0000
-0.5022 0.7662 0.0326 33.6810 1.4320 1.6730 -20.5339 0.8832 -8.8625 -20.5339 0.8832 -8.8625 2.2076 14.6697 -2.2094 2.2076 14.6697 -2.2094 35.8433 -8.7496 -26.6176 33.0265 -1.8141 -6.1140 10.0226 -1.5000 -16.9812 -11.9048 -4.5370 41.6064 -39.2201 2.9160 -8.1723 -25.8568 -5.9341 25.4471 39.2608 -75.5043 30.8796 0.9229 18.6585 -0.1516 16.7388 -38.6545 19.0726 -0.0000 0.0000 0.0000 -19.1191 0.1547 0.0260 -10.4603 25.4924 2.3724 -45.5433 -35.4022 -51.6598 -0.0000 0.0000 0.0000
-0.5013 0.7705 0.0222 33.2625 0.8246 1.0663 -19.9488 0.8682 -9.7808 -19.9488 0.8682 -9.7808 2.6093 13.6897 -3.4249 2.6093 13.6897 -3.4249 42.0930 -11.2384 -28.6855 32.6153 -2.6756 -9.1277 7.9899 -1.0758 -15.3123 -13.1158 -5.3252 44.0495 -37.1274 2.7427 -8.1548 -26.7086 -5.8892 24.4521 41.4976 -77.1451 33.6222 -7.5947 35.5370 2.4370 -18.9025 -30.3511 -22.0713 -0.0000 0.0000 0.0000 -18.3769 0.2064 0.0334 -11.6193 24.5539 2.5368 -43.2447 -34.5943 -49.2360 -0.0000 0.0000 0.0000
-0.5007 0.7765 0.0118 32.6504 0.0616 -0.0070 -19.2522 0.8171 -10.8150 -19.2522 0.8171 -10.8150 2.8262 12.3210 -4.6277 2.8262 12.3210 -4.6277 47.8518 -13.7158 -30.3332 33.1160 -3.5780 -11.9942 4.9560 -0.5512 -12.6856 -14.6807 -6.3347 46.4940 -34.5443 2.5285 -8.1196 -28.0720 -5.8351 23.0451 43.6896 -78.2944 36.1466 -24.2680 54.4412 12.6218 -26.2064 -2.4446 -33.7755 -0.0000 0.0000 0.0000 -17.7730 0.2655 0.0415 -12.3352 22.8645 2.5037 -40.4486 -33.0183 -46.3393 -0.0000 0.0000 0.0000
-0.5003 0.7837 0.0017 31.8270 -0.8890 -1.5479 -18.5116 0.7509 -11.7928 -18.5116 0.7509 -11.7928 2.8361 10.6891 -5.6629 2.8361 10.6891 -5.6629 52.6122 -16.4544 -32.6052 33.2930 -4.3560 -14.4977 0.6660 -0.0556 -9.5424 -16.3131 -7.4785 49.0240 -31.7098 2.3553 -8.2799 -29.6355 -5.7690 21.5674 45.1654 -78.8829 37.7750 -54.0771 65.0127 36.0314 -23.7381 0.4807 -31.0727 -0.0000 0.0000 0.0000 -17.4174 0.2644 0.0405 -12.3777 20.9895 2.3015 -37.4369 -31.1750 -43.1995 -0.0000 0.0000 0.0000
-0.5004 0.7911 -0.0085 30.8790 -2.0181 -3.4534 -17.8379 0.7037 -12.4999 -17.8379 0.7037 -12.4999 2.7101 9.4698 -6.2345 2.7101 9.4698 -6.2345 56.1291 -19.5017 -35.7304 33.1027 -4.4556 -14.9152 -3.5514 0.2176 -7.0095 -17.9685 -8.7025 51.4001 -28.5971 2.1719 -8.5068 -30.9479 -5.6393 20.1759 45.2848 -78.6833 37.7534 -72.7602 64.5628 49.9151 -23.9922 -4.5936 -30.6893 -0.0000 0.0000 0.0000 -17.2495 0.0094 0.0014 -11.9551 19.6024 2.0726 -34.4102 -29.4942 -39.9803 -0.0000 0.0000 0.0000
-0.4997 0.7979 -0.0189 29.8355 -3.1990 -5.6018 -17.2476 0.6957 -12.9842 -17.2476 0.6957 -12.9842 2.5297 8.6911 -6.3747 2.5297 8.6911 -6.3747 58.1789 -22.8051 -39.8519 33.0720 -4.1995 -14.0798 -6.7222 0.2806 -4.7758 -19.5649 -10.0450 54.0183 -25.2754 2.0255 -9.0159 -31.8541 -5.5063 19.1304 44.3914 -77.7697 36.4266 -76.3313 61.3480 49.9882 -24.3962 -9.1608 -30.6098 -0.0000 0.0000 0.0000 -17.1182 -0.5482 -0.0825 -11.2828 18.7748 1.8712 -31.3566 -28.1609 -36.6477 -0.0000 0.0000 0.0000
-0.4986 0.8031 -0.0293 28.7441 -4.5119 -7.7992 -16.8277 0.7656 -13.4153 -16.8277 0.7656 -13.4153 2.4783 8.3079 -6.2611 2.4783 8.3079 -6.2611 59.0789 -26.3474 -44.8855 35.5707 -4.1305 -12.8279 -9.0537 0.1670 -2.1094 -20.9285 -11.4534 57.0017 -21.8601 1.8346 -9.4794 -32.5565 -5.2746 17.9282 42.8047 -76.4654 34.3205 -78.2506 59.2795 49.6722 -25.1604 -12.2497 -31.1724 -0.0000 0.0000 0.0000 -16.8892 -1.0608 -0.1575 -10.6522 18.6251 1.7517 -28.4416 -27.1391 -33.4022 -0.0000 0.0000 0.0000
-0.4976 0.8067 -0.0393 27.6496 -5.9332 -9.8297 -16.6202 0.9259 -13.6342 -16.6202 0.9259 -13.6342 2.6437 8.4180 -6.0473 2.6437 8.4180 -6.0473 57.7439 -29.8241 -51.5582 39.1565 -4.9802 -13.9424 -10.4941 -0.0660 0.7189 -21.3973 -12.5065 60.2260 -19.1011 1.5723 -9.3250 -32.7813 -5.0359 17.0061 40.1296 -75.2325 31.4381 -79.3433 58.0912 49.4613 -25.8255 -14.4231 -31.7217 -0.0000 0.0000 0.0000 -16.5554 -1.3315 -0.1937 -10.2842 18.8878 1.7151 -26.1702 -26.3402 -30.8503 -0.0000 0.0000 0.0000
-0.4962 0.8089 -0.0487 26.6079 -7.2972 -11.4400 -16.6238 1.1617 -13.5386 -16.6238 1.1617 -13.5386 3.1554 8.9097 -5.9827 3.1554 8.9097 -5.9827 52.0987 -32.2945 -61.2787 40.8653 -6.9819 -18.5992 -11.0085 -0.4259 4.4179 -20.7859 -12.9528 63.5100 -17.3087 1.3168 -8.6352 -32.5365 -4.9450 16.8338 36.2146 -74.4772 27.9157 -79.8978 58.2129 50.0007 -26.2427 -16.0103 -32.0386 -0.0000 0.0000 0.0000 -16.1383 -1.4322 -0.2031 -9.9802 19.1829 1.6907 -24.8782 -25.7220 -29.4052 -0.0000 0.0000 0.0000
-0.4934 0.8099 -0.0573 25.7798 -8.4107 -12.8410 -16.7914 1.4832 -13.3141 -16.7914 1.4832 -13.3141 3.9296 9.4102 -6.0230 3.9296 9.4102 -6.0230 42.2728 -32.8178 -74.5955 40.0224 -9.4616 -25.6041 -10.5334 -0.8599 9.3081 -19.7319 -12.9842 66.3949 -16.0707 1.1024 -7.7974 -32.0896 -4.8808 16.8588 31.0696 -74.0481 23.6817 -79.8380 58.8023 50.4854 -25.6569 -16.3720 -31.2944 -0.0000 0.0000 0.0000 -16.0771 -1.5919 -0.2248 -9.4568 19.6087 1.6378 -24.4796 -25.5160 -28.9592 -0.0000 0.0000 0.0000
-0.4895 0.8102 -0.0646 25.1428 -9.1164 -14.4083 -17.0894 1.8831 -13.1260 -17.0894 1.8831 -13.1260 4.8047 9.5357 -6.0638 4.8047 9.5357 -6.0638 30.9381 -30.5342 -89.2097 35.5635 -10.8480 -32.9839 -7.6736 -1.0156 15.0566 -19.0901 -12.9966 68.2273 -14.9407 0.9090 -6.9236 -31.5491 -4.6260 16.2743 26.0953 -73.6023 19.6717 -77.7308 59.3943 49.3694 -24.7794 -16.2667 -30.2524 -0.0000 0.0000 0.0000 -16.3344 -2.2972 -0.3297 -8.6673 19.8769 1.5215 -24.3456 -25.4515 -28.8085 -0.0000 0.0000 0.0000
-0.4849 0.8099 -0.0702 24.5970 -9.3583 -16.2388 -17.4204 2.3314 -13.1279 -17.4204 2.3314 -13.1279 5.5474 8.8279 -6.1102 5.5474 8.8279 -6.1102 21.2034 -25.0751 -99.8264 29.0861 -10.7391 -39.8323 -2.3209 -0.4108 20.0707 -19.0801 -13.3144 69.5586 -13.7002 0.7331 -6.0972 -31.2278 -4.2788 15.2274 21.9167 -72.9253 16.2853 -73.3777 59.9032 46.4706 -23.6890 -16.2997 -28.9370 -0.0000 0.0000 0.0000 -16.6440 -3.6942 -0.5406 -7.8074 20.2390 1.3955 -23.9629 -25.7704 -28.3317 -0.0000 0.0000 0.0000
-0.4790 0.8090 -0.0743 24.0163 -9.3569 -18.2231 -17.7095 2.8046 -13.3624 -17.7095 2.8046 -13.3624 6.0503 7.1735 -6.3023 6.0503 7.1735 -6.3023 14.3168 -19.1688 -106.7180 22.6757 -9.5521 -45.2429 4.8284 0.9743 22.8047 -19.7269 -14.0591 70.6880 -12.1580 0.5677 -5.3272 -31.2881 -3.7705 13.4077 18.7485 -71.9008 13.6544 -69.7999 60.7614 44.4861 -23.0785 -17.1675 -28.1128 -0.0000 0.0000 0.0000 -16.7558 -5.4113 -0.7975 -7.1065 20.7636 1.3036 -23.0377 -26.2822 -27.2047 -0.0000 0.0000 0.0000
-0.4731 0.8073 -0.0776 23.4065 -9.1128 -20.0380 -17.8843 3.2056 -13.6240 -17.8843 3.2056 -13.6240 6.1620 4.9874 -6.5731 6.1620 4.9874 -6.5731 8.5653 -12.2037 -109.9764 16.7030 -7.6108 -48.7494 11.9679 2.3631 22.2627 -20.3066 -14.8204 71.9765 -10.8438 0.4260 -4.4856 -31.3468 -3.3083 11.7526 16.5062 -71.0448 11.8235 -68.8044 62.1026 44.8114 -23.3165 -18.7910 -28.2349 -0.0000 0.0000 0.0000 -16.5084 -7.2204 -1.0488 -6.8425 21.5251 1.3021 -22.0251 -27.1754 -25.9460 -0.0000 0.0000 0.0000
-0.4673 0.8043 -0.0811 22.8010 -8.7211 -21.3620 -17.9685 3.4780 -13.7351 -17.9685 3.4780 -13.7351 6.0459 2.9836 -6.8961 6.0459 2.9836 -6.8961 1.7500 -2.4407 -108.7229 11.2270 -5.4310 -51.5197 18.7499 2.9361 17.6465 -20.3777 -15.2750 73.4533 -9.9502 0.3222 -3.6999 -31.3405 -3.0258 10.7570 14.5370 -70.8474 10.3674 -70.2045 64.2069 47.5919 -24.3637 -20.8156 -29.2791 -0.0000 0.0000 0.0000 -16.0262 -8.8320 -1.2457 -6.9115 22.4216 1.3715 -21.5184 -28.4156 -25.2544 -0.0000 0.0000 0.0000
-0.4609 0.8002 -0.0856 22.2576 -8.3573 -22.4823 -18.0365 3.6888 -13.7801 -18.0365 3.6888 -13.7801 5.7998 1.1980 -7.1821 5.7998 1.1980 -7.1821 -5.5268 6.8529 -102.2516 6.1120 -3.2449 -55.8953 23.7058 2.3124 10.9855 -20.0874 -15.4755 74.9888 -9.3683 0.2588 -3.1582 -31.2571 -2.8507 10.1658 13.1243 -70.7131 9.3323 -71.8002 66.0702 50.4151 -25.4984 -22.8412 -30.4146 -0.0000 0.0000 0.0000 -15.6132 -10.0130 -1.3762 -7.2162 23.2561 1.4868 -21.6874 -29.9758 -25.3262 -0.0000 0.0000 0.0000
-0.4544 0.7948 -0.0916 21.8064 -7.7310 -23.0784 -18.1000 3.8542 -13.7930 -18.1000 3.8542 -13.7930 5.6246 -0.2243 -7.4231 5.6246 -0.2243 -7.4231 -10.9338 11.6450 -93.6317 4.1714 -2.3513 -58.8038 25.4335 1.2526 5.5465 -19.7034 -15.6459 76.6988 -8.7368 0.2344 -3.0682 -30.7984 -2.7675 10.0243 11.6213 -70.9121 8.2899 -75.8330 67.8579 55.3089 -27.0827 -24.0666 -32.1454 -0.0000 0.0000 0.0000 -15.2513 -10.9506 -1.4705 -7.5384 23.9915 1.6040 -22.7290 -31.5902 -26.3992 -0.0000 0.0000 0.0000
-0.4491 0.7886 -0.0987 21.4087 -6.6132 -22.9933 -18.0841 4.0331 -13.9445 -18.0841 4.0331 -13.9445 5.6476 -1.2873 -7.5572 5.6476 -1.2873 -7.5572 -14.0454 13.1661 -86.2636 4.9302 -2.8981 -60.8756 24.5002 0.3520 1.6209 -19.3983 -15.8598 78.3584 -8.0315 0.2285 -3.2538 -30.2668 -2.7574 10.1710 7.6934 -70.9146 5.4830 -79.6865 69.9835 60.5791 -28.6741 -24.4175 -33.9641 -0.0000 0.0000 0.0000 -14.5616 -12.3986 -1.5902 -8.0907 24.7635 1.7790 -24.0199 -33.1443 -27.7525 -0.0000 0.0000 0.0000
-0.4443 0.7818 -0.1064 20.9892 -4.9714 -22.2156 -17.8437 4.2330 -14.3211 -17.8437 4.2330 -14.3211 5.8518 -1.8743 -7.5929 5.8518 -1.8743 -7.5929 -15.4161 13.7329 -83.3191 6.3882 -3.8823 -62.5433 22.9286 -0.1078 -0.5314 -19.3948 -16.2318 79.6896 -7.2733 0.2377 -3.7390 -29.8973 -2.7466 10.2617 0.5941 -69.5771 0.4128 -79.4877 73.1637 63.3595 -29.9409 -24.2209 -35.4598 -0.0000 0.0000 0.0000 -13.3207 -14.6878 -1.7244 -9.0285 25.7414 2.0670 -25.0058 -34.3395 -28.7770 -0.0000 0.0000 0.0000
-0.4392 0.7748 -0.1134 20.3814 -3.3367 -21.1494 -17.3410 4.4922 -14.8990 -17.3410 4.4922 -14.8990 5.9430 -2.2075 -7.6149 5.9430 -2.2075 -7.6149 -16.3244 14.4883 -83.0974 7.6785 -4.8791 -64.8185 21.2664 -0.3407 -1.8145 -19.4991 -16.5960 80.6509 -6.9424 0.2427 -3.9996 -29.8449 -2.6823 10.0412 -6.8140 -66.5548 -4.4751 -69.4295 77.3244 57.9991 -31.1042 -23.4047 -36.9075 -0.0000 0.0000 0.0000 -11.9352 -17.4875 -1.8422 -9.9246 27.2289 2.4093 -25.6642 -35.2640 -29.4462 -0.0000 0.0000 0.0000
-0.4349 0.7684 -0.1186 19.5613 -2.1833 -20.2417 -16.7202 4.8201 -15.5120 -16.7202 4.8201 -15.5120 5.8091 -2.5831 -7.6608 5.8091 -2.5831 -7.6608 -18.2120 16.4687 -84.1563 5.2282 -3.6493 -69.8110 20.5658 -0.5838 -3.2172 -19.4761 -16.7076 81.1036 -7.1788 0.2501 -3.9856 -30.4874 -2.5214 9.2338 -10.3361 -61.4921 -6.1592 -36.9417 80.4865 31.5722 -31.2013 -22.3011 -37.1535 -0.0000 0.0000 0.0000 -10.8062 -20.1640 -1.9269 -10.2970 28.9543 2.6653 -25.9261 -36.0817 -29.6727 -0.0000 0.0000 0.0000
-0.4305 0.7632 -0.1209 18.5446 -1.8429 -19.9224 -16.1831 5.2171 -15.9328 -16.1831 5.2171 -15.9328 5.4804 -3.0857 -7.7794 5.4804 -3.0857 -7.7794 -21.7691 19.8122 -84.4913 -1.9948 1.5303 -74.9856 21.2458 -1.0363 -5.5212 -19.0547 -16.3645 81.1746 -8.0022 0.2531 -3.6166 -31.4248 -2.2717 8.0628 -9.7151 -55.2346 -5.0915 4.7676 77.9460 -3.8578 -29.6335 -21.3023 -35.4402 -0.0000 0.0000 0.0000 -10.3479 -22.0324 -2.0197 -9.7028 30.9077 2.6883 -26.2552 -36.4762 -30.0109 -0.0000 0.0000 0.0000
-0.4272 0.7600 -0.1196 17.4716 -1.9291 -19.8711 -15.7864 5.6273 -16.1098 -15.7864 5.6273 -16.1098 5.1465 -3.5896 -7.9266 5.1465 -3.5896 -7.9266 -26.3110 23.7053 -83.8428 -10.5295 8.2983 -76.4237 22.0420 -1.6689 -8.5535 -18.4619 -15.7911 80.9501 -9.0454 0.2116 -2.6751 -32.0438 -1.9668 6.8417 -6.7013 -48.8076 -3.0431 23.7470 72.7586 -17.6094 -27.1568 -18.7673 -32.8126 -0.0000 0.0000 0.0000 -10.6561 -22.8664 -2.1611 -8.0438 32.9996 2.3862 -26.9168 -36.3436 -30.7703 -0.0000 0.0000 0.0000
-0.4242 0.7589 -0.1146 16.5924 -1.5591 -19.9227 -15.3295 5.9456 -16.3213 -15.3295 5.9456 -16.3213 4.8406 -4.0458 -7.9145 4.8406 -4.0458 -7.9145 -30.2264 26.9354 -83.1298 -17.1549 13.1632 -74.8277 21.9616 -2.2192 -11.4008 -18.2911 -15.3064 79.7016 -10.1492 0.1067 -1.2015 -32.5711 -1.6269 5.5647 -2.6787 -42.6634 -1.0463 31.1436 67.5750 -21.1251 -23.7294 -14.9391 -29.1307 -0.0000 0.0000 0.0000 -11.2883 -23.4365 -2.3487 -6.0156 34.8295 1.8884 -27.4291 -35.6570 -31.4115 -0.0000 0.0000 0.0000
-0.4217 0.7596 -0.1057 15.9830 -0.4233 -19.9789 -14.6995 6.1615 -16.7334 -14.6995 6.1615 -16.7334 4.6015 -4.5902 -7.7142 4.6015 -4.5902 -7.7142 -33.5295 30.0273 -83.3584 -22.9604 16.5591 -71.2447 22.2385 -2.7696 -14.0239 -18.8090 -15.1106 77.3749 -10.9810 -0.0149 0.1555 -33.3177 -1.2933 4.3201 2.1036 -37.0398 0.7047 32.0056 62.7580 -19.8434 -20.7601 -10.8113 -25.9384 -0.0000 0.0000 0.0000 -11.8612 -23.8532 -2.5139 -4.1522 36.2795 1.3609 -28.0969 -34.0899 -32.3141 -0.0000 0.0000 0.0000
-0.4192 0.7608 -0.0937 15.5551 1.1129 -20.1346 -13.9416 6.3442 -17.3024 -13.9416 6.3442 -17.3024 4.3799 -5.2260 -7.3903 4.3799 -5.2260 -7.3903 -35.3909 32.0211 -83.9341 -25.4155 17.6439 -69.0751 22.5877 -3.1650 -15.7523 -19.6930 -14.9860 74.3096 -11.6977 -0.1382 1.3494 -34.3066 -1.0086 3.2669 7.2463 -32.3877 2.1070 27.7555 58.3314 -15.7014 -19.3161 -8.3599 -24.3957 -0.0000 0.0000 0.0000 -12.7811 -24.2303 -2.7545 -1.8786 37.5491 0.6387 -28.5502 -31.9804 -33.0341 -0.0000 0.0000 0.0000
-0.4157 0.7614 -0.0802 15.3314 2.9662 -20.3873 -13.0695 6.4851 -17.9925 -13.0695 6.4851 -17.9925 4.0730 -5.7995 -6.7968 4.0730 -5.7995 -6.7968 -34.5018 32.1250 -85.6747 -25.0331 17.5609 -69.6579 23.4365 -3.3596 -16.0951 -20.8399 -14.8542 70.6638 -12.2984 -0.2596 2.4095 -35.6880 -0.7384 2.2937 12.6081 -28.1669 3.1751 20.5367 53.8878 -10.5222 -16.0002 -5.9102 -20.4558 -0.0000 0.0000 0.0000 -14.1355 -24.8846 -3.1340 0.9646 38.5002 -0.3369 -28.6040 -30.4191 -33.2515 -0.0000 0.0000 0.0000
-0.4096 0.7601 -0.0669 15.2125 4.7832 -20.6848 -12.1457 6.6458 -18.6341 -12.1457 6.6458 -18.6341 3.7290 -6.2686 -6.0847 3.7290 -6.2686 -6.0847 -31.3836 30.2034 -87.6949 -22.2698 16.6397 -73.2236 25.0141 -3.3453 -14.9991 -22.1517 -14.7942 67.1052 -12.6453 -0.3339 3.0126 -37.1853 -0.4522 1.3443 17.4942 -24.5551 3.8356 13.3809 49.5706 -6.2009 -12.7936 -3.9984 -16.5204 -0.0000 0.0000 0.0000 -16.3478 -26.0603 -3.8077 4.7897 39.7562 -1.7327 -28.5201 -29.5557 -33.2429 -0.0000 0.0000 0.0000
-0.4016 0.7564 -0.0553 15.1723 6.3375 -20.9973 -11.2049 6.7994 -19.0797 -11.2049 6.7994 -19.0797 3.3804 -6.6467 -5.4024 3.3804 -6.6467 -5.4024 -27.4080 27.1974 -89.5409 -17.3512 14.1650 -78.3099 26.8508 -3.0030 -12.5331 -23.2428 -14.5908 63.8037 -13.1779 -0.3784 3.2749 -38.5320 -0.1665 0.4764 21.5918 -21.5294 4.1525 7.5424 45.6237 -3.1762 -9.7450 -2.8691 -12.6637 -0.0000 0.0000 0.0000 -19.8119 -27.9647 -4.9798 10.1246 41.3681 -3.8311 -28.0798 -29.4562 -32.7471 -0.0000 0.0000 0.0000
-0.3910 0.7501 -0.0467 15.2959 7.7489 -21.3797 -10.1960 6.8449 -19.3514 -10.1960 6.8449 -19.3514 3.0191 -7.0677 -4.8990 3.0191 -7.0677 -4.8990 -22.9235 23.4607 -91.3640 -10.8283 9.5872 -83.0056 28.5140 -2.3182 -9.1053 -24.0495 -14.2232 60.7161 -14.3941 -0.4319 3.4191 -39.3135 0.1595 -0.4465 24.6125 -19.3275 4.2548 3.8374 42.7290 -1.5016 -7.3526 -2.4288 -9.5813 -0.0000 0.0000 0.0000 -24.3456 -30.4629 -6.7227 16.0324 42.9613 -6.3441 -27.2953 -29.6005 -31.8310 -0.0000 0.0000 0.0000
-0.3792 0.7423 -0.0415 15.5065 8.9309 -21.8897 -9.2388 6.8238 -19.4010 -9.2388 6.8238 -19.4010 2.7570 -7.7080 -4.6470 2.7570 -7.7080 -4.6470 -19.3968 20.5605 -93.4049 -6.8230 6.2557 -85.0218 29.6874 -1.7419 -6.5658 -24.5057 -13.7222 57.9771 -15.7480 -0.4259 3.0790 -39.8540 0.4233 -1.1677 27.0696 -17.5485 4.2557 1.8827 40.4724 -0.6941 -6.7744 -3.2012 -8.7974 -0.0000 0.0000 0.0000 -29.4285 -32.9532 -8.8827 21.9986 44.4559 -9.0830 -26.6224 -29.1704 -31.0980 -0.0000 0.0000 0.0000
-0.3672 0.7338 -0.0398 15.7543 9.8756 -22.4939 -8.4169 6.7622 -19.2235 -8.4169 6.7622 -19.2235 2.6596 -8.4535 -4.6011 2.6596 -8.4535 -4.6011 -17.1722 18.8687 -95.4798 -4.9965 4.5979 -85.2370 30.2335 -1.3830 -5.1166 -24.7840 -13.2625 55.7684 -16.9013 -0.3427 2.3067 -40.2156 0.5540 -1.5131 29.2479 -16.0511 4.2139 0.6865 38.8072 -0.2418 -6.9038 -4.4565 -8.9140 -0.0000 0.0000 0.0000 -34.6072 -35.2057 -11.2897 27.5450 45.7372 -11.8048 -25.9569 -28.2253 -30.4201 -0.0000 0.0000 0.0000
-0.3550 0.7253 -0.0412 16.0252 10.7670 -23.0714 -7.7539 6.6367 -18.8957 -7.7539 6.6367 -18.8957 2.6393 -8.9608 -4.5018 2.6393 -8.9608 -4.5018 -15.7263 17.8012 -97.1841 -4.1154 3.7732 -85.0284 30.1758 -1.1051 -4.0976 -25.0909 -12.9192 53.9340 -17.7389 -0.2569 1.6463 -40.3967 0.5892 -1.6015 31.1772 -14.5129 4.0691 -0.0584 37.2302 0.0197 -6.4889 -5.1597 -8.3527 -0.0000 0.0000 0.0000 -39.1456 -37.1481 -13.6264 31.8301 46.6588 -14.0215 -25.2881 -27.2969 -29.7332 -0.0000 0.0000 0.0000
-0.3427 0.7165 -0.0444 16.2519 11.6505 -23.5078 -7.2548 6.5112 -18.5122 -7.2548 6.5112 -18.5122 2.6943 -9.2308 -4.3147 2.6943 -9.2308 -4.3147 -15.1628 17.5270 -98.3854 -3.8236 3.4806 -84.6189 29.6951 -0.9398 -3.5439 -25.5962 -12.7624 52.4241 -18.0637 -0.1789 1.1254 -40.4033 0.5980 -1.6250 32.8976 -12.9526 3.8391 -0.2580 35.9111 0.0836 -6.3462 -5.3085 -8.1637 -0.0000 0.0000 0.0000 -42.8949 -38.5938 -15.6639 34.7752 47.1998 -15.5803 -24.5517 -26.3282 -28.9673 -0.0000 0.0000 0.0000
-0.3311 0.7063 -0.0483 16.3310 12.4991 -23.6224 -6.9575 6.4436 -18.1114 -6.9575 6.4436 -18.1114 2.8788 -9.0154 -3.9219 2.8788 -9.0154 -3.9219 -15.9370 18.6188 -99.0097 -4.5892 4.1347 -84.0306 28.7100 -0.9739 -3.8043 -25.9314 -12.5464 51.0444 -18.1013 -0.1166 0.7321 -40.2942 0.6283 -1.7123 34.6607 -11.6292 3.6401 -0.0497 34.9458 0.0156 -6.7937 -5.2401 -8.7412 -0.0000 0.0000 0.0000 -46.8075 -39.9772 -17.8938 37.9146 47.8382 -17.3251 -23.8729 -25.1623 -28.2825 -0.0000 0.0000 0.0000
-0.3202 0.6940 -0.0530 16.2822 13.5215 -23.3777 -6.8276 6.4076 -17.7464 -6.8276 6.4076 -17.7464 3.2289 -8.2088 -3.2682 3.2289 -8.2088 -3.2682 -17.1351 19.7499 -98.2502 -4.8246 4.4043 -84.7790 27.4271 -0.9451 -3.8715 -25.8115 -12.0733 49.5484 -18.1965 -0.0750 0.4685 -40.0427 0.7111 -1.9512 36.5843 -10.8977 3.6121 0.1139 34.3070 -0.0352 -8.0225 -5.8425 -10.2917 -0.0000 0.0000 0.0000 -51.4097 -41.4999 -20.6715 41.8108 48.6269 -19.5827 -23.3315 -23.7735 -27.7752 -0.0000 0.0000 0.0000
-0.3095 0.6795 -0.0597 16.0891 14.6033 -22.7875 -6.8395 6.4212 -17.4263 -6.8395 6.4212 -17.4263 3.6428 -6.9039 -2.3675 3.6428 -6.9039 -2.3675 -18.8298 20.9465 -96.2158 -4.9644 4.6802 -86.6204 25.8266 -0.9314 -4.0608 -25.2668 -11.3863 47.9572 -18.2911 -0.0505 0.3137 -39.9060 0.8264 -2.2762 38.6691 -10.6717 3.7539 0.2710 33.4960 -0.0816 -8.4223 -6.3722 -10.7783 -0.0000 0.0000 0.0000 -56.8324 -42.9390 -24.0265 47.2106 49.5611 -22.8117 -23.0973 -22.4322 -27.6235 -0.0000 0.0000 0.0000
-0.3004 0.6636 -0.0697 15.8162 15.9906 -21.9213 -7.0337 6.4002 -17.0475 -7.0337 6.4002 -17.0475 3.8340 -4.8364 -0.9695 3.8340 -4.8364 -0.9695 -20.0420 21.1164 -93.0558 -3.4093 3.4071 -89.9631 24.1484 -0.6558 -3.0651 -24.1022 -10.3714 46.0613 -18.2141 -0.0218 0.1360 -40.0430 0.9071 -2.4890 40.9289 -11.2496 4.2097 0.3964 32.5003 -0.1155 -7.2093 -5.9707 -9.2451 -0.0000 0.0000 0.0000 -62.9645 -44.2594 -27.9678 54.0300 50.2185 -26.8759 -23.4896 -21.2377 -28.2012 -0.0000 0.0000 0.0000
-0.2930 0.6456 -0.0831 15.4018 17.5305 -20.9164 -7.2719 6.3192 -16.6733 -7.2719 6.3192 -16.6733 3.5103 -2.5260 0.6410 3.5103 -2.5260 0.6410 -20.1096 20.1413 -90.0922 -0.2686 0.2852 -93.4178 22.3028 -0.2090 -1.0600 -22.5662 -9.2484 44.1354 -18.0991 0.0118 -0.0739 -40.3496 0.9315 -2.5348 43.2895 -12.3144 4.9026 0.4529 31.1797 -0.1264 -4.6504 -4.6699 -6.0013 -0.0000 0.0000 0.0000 -68.8260 -45.1619 -31.8035 60.9884 50.1825 -30.8329 -24.2929 -20.2567 -29.2514 -0.0000 0.0000 0.0000
-0.2869 0.6236 -0.0992 14.7627 19.1671 -19.8872 -7.4916 6.1807 -16.3159 -7.4916 6.1807 -16.3159 2.5600 -0.3188 2.3696 2.5600 -0.3188 2.3696 -19.4686 18.8132 -88.0015 3.0026 -3.3098 -95.5743 20.6103 0.1939 1.0661 -20.9743 -8.2377 42.5147 -17.8426 0.0399 -0.2541 -40.6561 0.9266 -2.5009 45.5908 -13.4362 5.6682 0.7059 29.5093 -0.1859 -2.4403 -3.2881 -3.1700 -0.0000 0.0000 0.0000 -73.7291 -45.9223 -35.2495 66.9162 49.9084 -34.1863 -25.5268 -19.2340 -30.8242 -0.0000 0.0000 0.0000
-0.2814 0.5959 -0.1168 13.5888 20.4125 -18.5744 -7.6535 6.1390 -16.0462 -7.6535 6.1390 -16.0462 1.0468 1.9768 4.1271 1.0468 1.9768 4.1271 -20.7447 19.5817 -86.6268 0.7481 -0.8443 -96.9120 20.2109 0.1612 0.9045 -19.2090 -7.2997 41.3089 -17.4634 0.0302 -0.1966 -40.8391 0.9606 -2.5800 47.7845 -14.0038 6.2283 1.4119 27.6042 -0.3469 -2.2528 -3.3685 -2.9254 -0.0000 0.0000 0.0000 -78.8770 -47.2185 -39.5486 73.6400 50.7020 -39.0588 -26.5794 -18.2215 -32.1880 -0.0000 0.0000 0.0000
-0.2768 0.5631 -0.1342 11.8352 21.5813 -16.6266 -7.8152 6.1081 -15.7157 -7.8152 6.1081 -15.7157 -0.7551 4.3220 5.9221 -0.7551 4.3220 5.9221 -23.6802 21.6334 -84.6906 -5.0958 5.7341 -96.7568 20.2649 -0.1425 -0.7974 -16.8725 -6.1793 39.9970 -16.6234 0.0248 -0.1697 -41.2720 0.8067 -2.1419 49.7978 -13.9345 6.4930 2.5995 25.0031 -0.5765 -4.0732 -5.2463 -5.2433 -0.0000 0.0000 0.0000 -86.5973 -49.6955 -47.1491 84.4354 53.1730 -48.8435 -27.5093 -17.5664 -33.3709 -0.0000 0.0000 0.0000
-0.2734 0.5284 -0.1501 9.5129 22.6230 -13.6496 -7.9932 6.0633 -15.3493 -7.9932 6.0633 -15.3493 -2.5360 6.7382 7.8213 -2.5360 6.7382 7.8213 -28.5128 24.3694 -80.7171 -13.6328 14.6145 -94.0214 19.2057 -0.6432 -3.8005 -14.0539 -4.9264 38.4773 -15.1676 0.0531 -0.3992 -42.2041 0.4541 -1.1767 51.7324 -13.7735 6.7027 4.2329 21.9335 -0.8206 -6.6236 -7.3290 -8.4450 -0.0000 0.0000 0.0000 -95.8605 -52.3934 -57.1873 99.5203 55.7382 -63.9982 -28.8080 -16.7119 -35.0208 -0.0000 0.0000 0.0000
-0.2716 0.4966 -0.1638 6.8116 23.6793 -9.6939 -8.0976 5.9320 -15.0530 -8.0976 5.9320 -15.0530 -4.4719 8.8633 9.8934 -4.4719 8.8633 9.8934 -33.0825 25.7979 -75.2710 -20.7485 20.9237 -90.4926 16.3099 -0.8221 -5.7321 -11.2023 -3.6997 36.4557 -13.0759 0.0932 -0.8130 -43.5277 -0.1764 0.4419 53.8647 -14.3641 7.3260 5.8542 19.1315 -0.9874 -8.9713 -9.5738 -11.3236 -0.0000 0.0000 0.0000 -104.4986 -54.2138 -66.9360 115.3782 55.9740 -80.0784 -30.3284 -14.3918 -37.1353 -0.0000 0.0000 0.0000
-0.2724 0.4725 -0.1746 4.0311 24.8474 -5.1948 -8.0472 5.7460 -15.0332 -8.0472 5.7460 -15.0332 -6.4418 10.4523 11.9820 -6.4418 10.4523 11.9820 -34.7427 25.1766 -71.0415 -21.4715 21.7115 -90.6523 11.4159 -0.5462 -5.4605 -8.6664 -2.6505 33.9553 -10.7984 0.1273 -1.3472 -45.1339 -0.9952 2.3943 56.3374 -16.2361 8.7360 6.9455 17.1331 -1.0475 -10.6839 -11.1069 -13.3941 -0.0000 0.0000 0.0000 -109.9000 -54.8064 -72.9295 126.2767 53.8234 -90.1241 -30.7761 -9.5509 -38.3597 -0.0000 0.0000 0.0000
-0.2742 0.4577 -0.1821 1.3429 26.1211 -0.6378 -7.8315 5.5692 -15.4098 -7.8315 5.5692 -15.4098 -8.3653 11.4689 13.8830 -8.3653 11.4689 13.8830 -33.3908 23.3761 -69.1913 -15.2892 16.5136 -94.4664 5.2447 -0.2140 -4.6698 -6.7665 -1.9094 31.4846 -8.5953 0.1212 -1.6125 -46.6470 -1.8116 4.2002 58.9108 -19.0513 10.8270 7.6225 16.1031 -1.0798 -10.7175 -10.0050 -13.4966 -0.0000 0.0000 0.0000 -112.1733 -55.4080 -75.9825 132.9280 51.3462 -95.6396 -29.5167 -3.0143 -37.8306 -0.0000 0.0000 0.0000
-0.2764 0.4500 -0.1851 -1.0915 27.0536 3.5412 -7.5311 5.5266 -16.2189 -7.5311 5.5266 -16.2189 -10.0817 12.1899 15.4209 -10.0817 12.1899 15.4209 -31.9459 21.8623 -68.0182 -9.0377 10.2437 -97.1920 -0.2830 0.0141 -5.7021 -5.2110 -1.3632 29.3013 -6.8872 0.0662 -1.0993 -47.6641 -2.4389 5.5179 61.2097 -22.1649 13.2179 8.3792 16.0640 -1.1845 -6.4199 -6.3633 -8.2201 -0.0000 0.0000 0.0000 -112.0702 -56.6766 -77.3625 137.2734 49.4696 -99.3323 -27.0895 3.5315 -35.8687 -0.0000 0.0000 0.0000
-0.2790 0.4452 -0.1829 -3.1976 27.8495 7.1324 -7.2704 5.5448 -17.1151 -7.2704 5.5448 -17.1151 -11.6912 12.5343 16.6819 -11.6912 12.5343 16.6819 -30.1639 20.4189 -67.5106 -3.3645 3.8610 -97.8660 -4.2914 0.3078 -8.2006 -3.7382 -0.9019 27.1211 -5.3529 0.0077 -0.1653 -48.2262 -3.0227 6.7469 63.0068 -24.8553 15.3837 9.5066 15.9928 -1.3385 5.3778 1.3156 7.1394 -0.0000 0.0000 0.0000 -111.9095 -58.0722 -78.8143 140.6918 47.5962 -101.9964 -24.6357 9.7118 -33.7823 -0.0000 0.0000 0.0000
-0.2811 0.4399 -0.1761 -5.0774 28.8154 10.1300 -7.0508 5.6014 -17.9601 -7.0508 5.6014 -17.9601 -12.7108 12.5838 17.4023 -12.7108 12.5838 17.4023 -27.8489 18.8128 -67.5011 1.1119 -1.2565 -96.9885 -6.2718 0.6165 -11.2178 -2.4701 -0.5584 25.4743 -4.0393 -0.0260 0.7370 -48.5268 -3.3506 7.4250 64.5369 -27.1531 17.3393 10.8720 15.9533 -1.5279 19.8650 15.5656 28.3679 -0.0000 0.0000 0.0000 -112.1892 -59.3085 -80.5347 142.9207 45.8054 -103.1138 -23.5326 16.0483 -33.5698 -0.0000 0.0000 0.0000
-0.2827 0.4334 -0.1670 -6.6818 29.8262 12.3876 -6.7835 5.6623 -18.7808 -6.7835 5.6623 -18.7808 -12.9960 12.5799 17.4485 -12.9960 12.5799 17.4485 -25.2674 17.0863 -67.6598 4.3360 -4.7592 -95.3332 -6.4595 0.7861 -13.8636 -1.9039 -0.4241 25.1136 -3.1182 -0.0366 1.3448 -48.3519 -3.3734 7.5060 65.8783 -29.0405 19.0512 12.3352 15.9910 -1.7392 28.2263 25.3886 42.7663 -0.0000 0.0000 0.0000 -112.5842 -60.3811 -82.1834 144.0578 44.7405 -103.5150 -23.4991 22.7957 -35.1605 -0.0000 0.0000 0.0000
-0.2829 0.4271 -0.1579 -8.0542 31.0545 13.9708 -6.5474 5.6951 -19.4550 -6.5474 5.6951 -19.4550 -12.9882 12.5128 17.1300 -12.9882 12.5128 17.1300 -22.2869 15.0866 -67.8227 7.0746 -7.4864 -93.2485 -5.8133 0.8238 -16.1183 -1.7729 -0.4029 25.6032 -2.4952 -0.0325 1.4905 -47.9330 -3.1333 7.0416 67.2825 -30.7596 20.7451 13.6213 16.1661 -1.9435 31.2126 28.8903 48.4023 -0.0000 0.0000 0.0000 -111.7428 -61.5175 -82.5714 144.0697 44.7079 -103.4897 -23.1654 29.9378 -36.8620 -0.0000 0.0000 0.0000
-0.2826 0.4234 -0.1503 -9.2772 32.3864 15.1617 -6.2906 5.7024 -20.0875 -6.2906 5.7024 -20.0875 -13.1372 12.4922 16.6594 -13.1372 12.4922 16.6594 -19.1657 12.9299 -67.7378 10.2200 -10.2926 -90.4080 -4.8134 0.7729 -18.2337 -1.6917 -0.3997 26.5827 -2.4646 -0.0282 1.3115 -47.2866 -2.6932 6.1471 68.6424 -32.2150 22.3053 14.6379 16.3445 -2.1134 30.9673 32.6386 49.7428 -0.0000 0.0000 0.0000 -110.1157 -62.7917 -82.2731 143.7687 45.2127 -103.6875 -23.3347 33.1324 -38.3233 -0.0000 0.0000 0.0000
-0.2823 0.4234 -0.1447 -10.4053 33.7261 16.1771 -6.0145 5.7021 -20.6811 -6.0145 5.7021 -20.6811 -13.7086 12.3284 16.2761 -13.7086 12.3284 16.2761 -16.2148 10.8512 -67.3856 14.0877 -13.3146 -86.7371 -3.6487 0.6574 -20.4210 -1.4345 -0.3529 27.6384 -3.0338 -0.0203 0.7671 -46.5899 -2.1711 5.0398 69.9301 -33.5177 23.7835 15.4625 16.4488 -2.2483 29.7447 36.0514 49.6656 -0.0000 0.0000 0.0000 -107.7812 -64.0283 -81.1988 143.1661 46.0949 -103.9023 -24.4263 33.3040 -40.0987 -0.0000 0.0000 0.0000
-0.2815 0.4259 -0.1415 -11.4735 34.8985 17.2066 -5.7460 5.6940 -21.2492 -5.7460 5.6940 -21.2492 -15.0268 11.8821 16.3620 -15.0268 11.8821 16.3620 -13.9572 9.1729 -66.4786 17.8005 -15.8549 -83.2873 -2.6275 0.5227 -22.4997 -0.6804 -0.1713 28.2549 -4.0450 0.0003 -0.0078 -46.0001 -1.7506 4.1227 71.2973 -35.0141 25.4953 16.2613 16.4301 -2.3632 28.9697 37.1635 49.0889 -0.0000 0.0000 0.0000 -106.5045 -64.8644 -80.7946 142.3113 46.9227 -103.6393 -26.1414 31.4360 -41.9590 -0.0000 0.0000 0.0000
-0.2803 0.4291 -0.1405 -12.6432 36.1055 18.3466 -5.4304 5.7223 -21.8083 -5.4304 5.7223 -21.8083 -16.6058 11.0048 16.7769 -16.6058 11.0048 16.7769 -12.2431 7.8947 -65.5140 20.6326 -17.6519 -80.9302 -1.7412 0.3699 -23.9875 0.2194 0.0556 28.4148 -5.2231 0.0354 -0.7751 -45.8241 -1.3540 3.2028 72.2322 -35.7944 26.5174 16.6933 16.2766 -2.4039 27.3627 38.7458 47.4664 -0.0000 0.0000 0.0000 -107.8311 -64.8338 -82.1342 141.1200 47.3167 -102.2894 -29.6673 26.0104 -45.0514 -0.0000 0.0000 0.0000
-0.2796 0.4312 -0.1416 -13.9644 37.3539 19.5518 -5.1118 5.7274 -22.2938 -5.1118 5.7274 -22.2938 -18.0582 9.8756 17.3539 -18.0582 9.8756 17.3539 -11.0981 6.9809 -64.2430 22.3614 -18.9930 -80.4839 -1.0449 0.2297 -24.7933 1.1233 0.2845 28.4246 -6.5092 0.0897 -1.5777 -45.8717 -0.9634 2.2765 72.5639 -35.8246 26.6964 17.0798 15.9404 -2.4089 25.0995 41.0690 45.1772 -0.0000 0.0000 0.0000 -111.3205 -63.9902 -84.8850 139.6893 47.3243 -100.0974 -33.7085 19.0421 -48.2817 -0.0000 0.0000 0.0000
-0.2775 0.4319 -0.1450 -15.4849 38.6414 20.8472 -4.8494 5.7120 -22.6771 -4.8494 5.7120 -22.6771 -19.3076 8.6159 17.9978 -19.3076 8.6159 17.9978 -10.3628 6.2642 -62.2174 22.3629 -19.7264 -82.6685 -0.6014 0.1339 -25.1045 1.9653 0.4963 28.3432 -7.7215 0.1606 -2.3799 -45.8246 -0.5773 1.3657 72.3858 -35.3570 26.2549 17.5498 15.4040 -2.3918 22.3417 44.3776 42.6056 -0.0000 0.0000 0.0000 -115.0971 -62.9049 -87.7756 138.4253 47.1653 -97.9786 -36.5697 14.3865 -50.6423 -0.0000 0.0000 0.0000
-0.2770 0.4313 -0.1511 -17.2672 39.9623 22.3429 -4.6050 5.6231 -23.0011 -4.6050 5.6231 -23.0011 -20.4692 7.4155 18.5862 -20.4692 7.4155 18.5862 -9.7552 5.5978 -59.6166 21.4728 -19.7404 -85.0806 0.0728 -0.0167 -25.8275 3.0474 0.7672 28.2564 -8.9076 0.2530 -3.2470 -45.9389 -0.1980 0.4672 71.9499 -34.8114 25.6392 18.1538 14.8784 -2.3901 19.0307 48.4668 39.4957 -0.0000 0.0000 0.0000 -118.8280 -61.7178 -90.6214 137.3066 46.8205 -95.8552 -38.8646 11.3065 -52.7028 -0.0000 0.0000 0.0000
-0.2774 0.4303 -0.1600 -19.2336 41.2112 23.9893 -4.4028 5.4559 -23.3102 -4.4028 5.4559 -23.3102 -21.4839 6.3036 19.0948 -21.4839 6.3036 19.0948 -8.9873 4.9078 -57.2068 21.2687 -19.4853 -84.8817 1.4745 -0.3700 -28.1721 4.4313 1.1241 28.4553 -10.1050 0.3836 -4.3368 -46.5991 0.0683 -0.1585 71.7893 -34.5934 25.4015 18.7172 14.4853 -2.3997 16.1873 51.8263 36.5713 -0.0000 0.0000 0.0000 -122.0973 -60.4914 -93.0130 136.1844 46.2557 -93.4474 -40.1856 10.1303 -54.0399 -0.0000 0.0000 0.0000
-0.2789 0.4295 -0.1712 -21.2736 42.2715 25.7298 -4.2293 5.1169 -23.5671 -4.2293 5.1169 -23.5671 -22.4267 5.3805 19.6083 -22.4267 5.3805 19.6083 -8.1930 4.2570 -54.8540 20.7608 -18.2138 -82.3768 3.1705 -0.9015 -31.7378 5.9176 1.5240 28.8614 -11.2044 0.5525 -5.6286 -47.9432 -0.0031 0.0070 72.4628 -35.1931 26.1652 19.1688 14.3223 -2.4307 15.0642 53.0596 35.2757 -0.0000 0.0000 0.0000 -125.4977 -59.1131 -95.5041 135.1178 45.3350 -90.6392 -40.1655 10.5944 -54.1446 -0.0000 0.0000 0.0000
-0.2844 0.4294 -0.1831 -23.1802 43.0815 27.4364 -4.1523 4.7134 -23.7148 -4.1523 4.7134 -23.7148 -23.2544 4.5090 20.1923 -23.2544 4.5090 20.1923 -7.2255 3.5745 -52.5981 20.0592 -15.9917 -76.9154 4.7601 -1.5785 -36.6744 7.1799 1.8719 29.1912 -12.0404 0.7490 -7.0932 -49.9081 -0.3728 0.8011 73.4202 -35.5180 26.8629 18.9759 14.0214 -2.3548 14.8565 53.4619 35.2007 -0.0000 0.0000 0.0000 -128.2975 -57.7801 -97.4290 134.4771 44.2131 -88.1436 -39.4422 11.6052 -53.5190 -0.0000 0.0000 0.0000
-0.2924 0.4282 -0.1943 -24.7836 43.5566 28.9485 -4.2050 4.3256 -23.7230 -4.2050 4.3256 -23.7230 -23.8276 3.6881 20.8796 -23.8276 3.6881 20.8796 -6.6875 3.1324 -50.1578 14.5586 -10.4167 -71.0245 3.8586 -1.4938 -42.3138 8.1537 2.1380 29.3412 -12.7243 0.9469 -8.4775 -51.7660 -0.9337 1.9243 74.4297 -35.3357 27.1974 18.7299 13.2680 -2.1977 16.0794 53.0642 37.5245 -0.0000 0.0000 0.0000 -130.8627 -56.3642 -99.0540 133.9088 43.1266 -85.7809 -39.4977 10.6366 -53.3158 -0.0000 0.0000 0.0000
-0.3013 0.4250 -0.2039 -26.0003 43.5485 30.2303 -4.5098 4.1359 -23.5291 -4.5098 4.1359 -23.5291 -24.2461 2.7585 21.6089 -24.2461 2.7585 21.6089 -6.4119 2.8132 -47.3433 5.6147 -3.3817 -62.0942 0.1305 -0.0588 -48.5063 8.8726 2.2908 28.9020 -12.9132 1.0925 -9.6309 -52.6913 -1.4836 2.9952 76.5885 -34.7720 27.7736 17.6729 11.4984 -1.7934 18.7019 51.8278 41.8785 -0.0000 0.0000 0.0000 -133.4341 -54.6779 -100.4566 133.9197 42.1805 -84.4048 -39.3699 9.2442 -52.7741 -0.0000 0.0000 0.0000
-0.3083 0.4196 -0.2115 -26.7385 42.9591 31.2510 -5.2126 4.1986 -22.9984 -5.2126 4.1986 -22.9984 -24.4227 1.8270 22.1728 -24.4227 1.8270 22.1728 -6.7804 2.7521 -44.1439 -5.0724 2.2147 -47.1527 -6.7209 3.4808 -54.7208 9.8111 2.4150 27.5961 -12.6217 1.1714 -10.5625 -52.5179 -1.8660 3.7814 80.6511 -34.3784 29.4253 15.3025 9.0614 -1.2198 21.3548 50.2283 45.6251 -0.0000 0.0000 0.0000 -135.6284 -52.9420 -101.3675 134.9266 41.5007 -84.7938 -38.1756 8.4922 -51.0748 -0.0000 0.0000 0.0000
-0.3147 0.4130 -0.2165 -27.0251 41.8470 32.0075 -6.3175 4.4864 -22.1714 -6.3175 4.4864 -22.1714 -24.5721 0.8413 22.5306 -24.5721 0.8413 22.5306 -7.3538 2.7706 -41.2440 -11.6255 2.5851 -24.9944 -15.8515 8.9692 -58.7909 11.1552 2.5316 25.4986 -11.9348 1.1693 -11.1518 -51.3918 -2.1250 4.4147 86.4245 -34.5740 32.5954 11.8835 6.8029 -0.7089 23.4598 48.3886 47.8761 -0.0000 0.0000 0.0000 -137.2300 -51.2922 -101.5963 137.1104 40.8180 -86.8963 -36.1387 9.1277 -48.6588 -0.0000 0.0000 0.0000
-0.3207 0.4048 -0.2189 -27.0741 40.5415 32.6010 -7.4826 4.7185 -21.2458 -7.4826 4.7185 -21.2458 -24.6706 0.2406 22.7518 -24.6706 0.2406 22.7518 -7.5884 2.6636 -38.6380 -9.9071 0.2131 -2.4584 -20.8437 9.2742 -47.5935 12.3246 2.5414 23.2193 -11.1539 1.1405 -11.6406 -49.7163 -2.3346 5.0365 92.6418 -35.6213 37.1895 8.5314 5.9984 -0.4478 25.0058 45.9102 48.5059 -0.0000 0.0000 0.0000 -138.1264 -50.5920 -102.0168 140.2508 40.6535 -91.4010 -31.5091 13.0308 -43.6449 -0.0000 0.0000 0.0000
-0.3269 0.3947 -0.2185 -27.0773 39.4081 33.1422 -8.5058 4.8239 -20.4582 -8.5058 4.8239 -20.4582 -24.5688 0.1778 22.9231 -24.5688 0.1778 22.9231 -6.8838 2.2566 -36.2637 -2.2863 -0.2298 11.4802 -1.1990 0.1005 -9.5795 13.1061 2.4794 21.3371 -10.6543 1.1524 -12.3112 -48.0480 -2.4549 5.5042 98.9522 -37.1222 42.8916 5.4160 6.5536 -0.3103 25.5057 44.6590 48.3780 -0.0000 0.0000 0.0000 -138.0520 -51.3542 -102.8662 144.0231 40.9511 -97.9813 -24.4028 21.5992 -36.1356 -0.0000 0.0000 0.0000
-0.3328 0.3814 -0.2162 -27.2541 38.7693 33.7493 -9.1491 4.8369 -20.1205 -9.1491 4.8369 -20.1205 -24.2160 0.4379 23.2248 -24.2160 0.4379 23.2248 -5.5433 1.7040 -34.1512 2.7387 0.4217 17.5046 11.7590 0.8827 8.5562 13.4431 2.4271 20.3794 -10.5551 1.2086 -13.0284 -46.9084 -2.4188 5.5714 104.4813 -38.1436 48.1087 2.9203 7.7653 -0.1982 25.3022 45.1265 48.3913 -0.0000 0.0000 0.0000 -137.6434 -52.9636 -104.2556 147.2965 41.5155 -104.5129 -18.3661 30.6264 -29.6557 -0.0000 0.0000 0.0000
-0.3381 0.3635 -0.2123 -27.6297 38.6087 34.4194 -9.4951 4.8327 -20.2016 -9.4951 4.8327 -20.2016 -23.6835 0.7200 23.6578 -23.6835 0.7200 23.6578 -3.6196 1.0522 -32.4080 5.8921 1.0254 19.7275 16.7040 1.9400 13.1571 13.3725 2.3955 20.2242 -10.5818 1.2729 -13.6806 -46.2794 -2.3176 5.4198 110.0677 -38.2635 52.7675 0.1767 8.8080 -0.0136 24.9252 47.0858 49.3721 -0.0000 0.0000 0.0000 -137.4896 -54.7189 -106.1337 150.0438 42.0898 -110.3756 -12.3294 42.8622 -23.4736 -0.0000 0.0000 0.0000
-0.3429 0.3419 -0.2073 -28.1652 38.8157 35.1492 -9.6700 4.8163 -20.4906 -9.6700 4.8163 -20.4906 -22.9670 0.9281 24.1139 -22.9670 0.9281 24.1139 -1.8471 0.5094 -30.8315 7.7400 1.3918 20.3579 19.0633 2.4324 14.4117 13.0937 2.3572 20.3267 -10.5397 1.3011 -14.0365 -45.9570 -2.2418 5.2837 115.4240 -37.7556 56.8403 -2.6974 9.5372 0.2251 24.6387 48.6641 50.3266 -0.0000 0.0000 0.0000 -137.8420 -56.0834 -108.2172 152.1448 42.4412 -114.8701 -7.2002 54.5456 -17.9867 -0.0000 0.0000 0.0000
-0.3472 0.3189 -0.2016 -28.8269 39.2527 35.9140 -9.7560 4.7977 -20.8492 -9.7560 4.7977 -20.8492 -22.2156 0.8779 24.5486 -22.2156 0.8779 24.5486 0.4413 -0.1132 -28.7824 9.3504 1.7175 20.7728 20.9138 2.8992 15.6146 12.7407 2.2795 20.2081 -10.2237 1.2442 -13.8418 -45.9122 -2.2119 5.2190 120.3146 -36.8975 60.3556 -5.6265 10.7928 0.5319 24.2901 49.6079 50.6311 -0.0000 0.0000 0.0000 -138.6212 -56.6201 -109.9321 153.3734 42.3535 -117.1655 -2.6613 66.7142 -13.3506 -0.0000 0.0000 0.0000
-0.3504 0.2964 -0.1953 -29.6002 39.8096 36.6943 -9.7426 4.7382 -21.2846 -9.7426 4.7382 -21.2846 -21.5971 0.6472 24.9969 -21.5971 0.6472 24.9969 3.5412 -0.8111 -25.7936 10.1666 1.9295 21.4392 21.1910 3.0685 16.2968 12.3336 2.1812 19.9843 -9.9204 1.1599 -13.3046 -46.0689 -2.1556 5.0670 123.8856 -36.0966 62.8803 -7.7189 12.7708 0.8651 23.6511 49.6880 49.5079 -0.0000 0.0000 0.0000 -139.9798 -56.7109 -111.9793 154.1959 42.2088 -118.6211 0.4668 76.7796 -5.3981 -0.0000 0.0000 0.0000
-0.3530 0.2846 -0.1885 -30.4307 40.3904 37.4357 -9.6740 4.6419 -21.6902 -9.6740 4.6419 -21.6902 -21.0033 0.3989 25.4390 -21.0033 0.3989 25.4390 7.1456 -1.3950 -22.0662 10.3810 1.9767 21.5064 20.0231 2.8925 16.2778 11.9713 2.0797 19.6420 -9.7599 1.0949 -12.7718 -46.3217 -2.0837 4.8684 127.2467 -35.5205 65.7168 -9.3156 15.6976 1.2869 22.9003 49.2678 47.6623 -0.0000 0.0000 0.0000 -141.5686 -56.3754 -113.9227 154.6157 41.9706 -119.1606 -3.3792 80.9479 12.4561 -0.0000 0.0000 0.0000
-0.3554 0.2908 -0.1821 -31.3385 40.9238 38.1075 -9.5369 4.5028 -22.0065 -9.5369 4.5028 -22.0065 -20.4110 0.2312 25.7437 -20.4110 0.2312 25.7437 11.0758 -1.6993 -17.3928 8.8604 1.5618 19.9550 17.4606 2.3401 15.1521 11.7742 1.9971 19.1890 -9.5232 1.0293 -12.3095 -46.1434 -1.9447 4.5635 129.4733 -34.6048 66.8577 -10.8930 18.2050 1.7504 21.5285 50.3774 46.1157 -0.0000 0.0000 0.0000 -143.7074 -55.9554 -116.6528 155.2686 41.5953 -120.0117 -3.4187 77.9666 25.2484 -0.0000 0.0000 0.0000
-0.3571 0.3148 -0.1763 -32.1014 41.4108 38.7653 -9.3849 4.2729 -22.1377 -9.3849 4.2729 -22.1377 -19.9713 0.1509 25.8564 -19.9713 0.1509 25.8564 13.6275 -1.8413 -15.3193 9.5076 1.7426 20.7278 17.6859 2.4412 15.5969 11.5941 1.8870 18.4275 -9.9615 1.0999 -12.5705 -46.7402 -2.0710 4.7904 130.1190 -33.7738 66.2717 -11.9258 19.3506 2.0404 19.7430 53.2873 45.6840 -0.0000 0.0000 0.0000 -145.6726 -56.4646 -120.1816 155.9330 41.8150 -121.6760 4.1787 67.5843 22.9620 -0.0000 0.0000 0.0000
-0.3585 0.3497 -0.1711 -32.5872 41.8879 39.4166 -9.2774 3.9168 -22.0455 -9.2774 3.9168 -22.0455 -19.7745 0.0662 25.7300 -19.7745 0.0662 25.7300 15.7132 -2.1142 -15.2331 9.2302 1.8139 22.1912 19.6600 3.0130 17.2611 11.4287 1.7202 17.0642 -10.8783 1.2811 -13.3935 -48.3236 -2.5097 5.5908 128.7151 -33.1309 63.5697 -12.3431 18.4854 2.0162 17.8138 56.6312 45.9039 -0.0000 0.0000 0.0000 -147.2887 -58.4671 -124.6558 156.2920 43.1911 -124.1301 6.7597 45.0964 13.4771 -0.0000 0.0000 0.0000
-0.3599 0.3830 -0.1665 -32.8365 42.3047 40.0874 -9.2820 3.4650 -21.6647 -9.2820 3.4650 -21.6647 -19.7764 -0.1005 25.3082 -19.7764 -0.1005 25.3082 17.8460 -2.5751 -16.2934 7.2319 1.5087 23.5388 22.6758 3.9804 19.6643 11.4609 1.5019 14.8833 -11.9355 1.5095 -14.3648 -50.5629 -3.1789 6.7247 126.4840 -32.3041 59.7458 -13.2584 16.3167 1.9091 15.6220 60.3097 46.9495 -0.0000 0.0000 0.0000 -148.7365 -61.6338 -129.7414 156.3826 45.3916 -126.8792 3.2417 23.0899 4.9484 -0.0000 0.0000 0.0000
-0.3611 0.4024 -0.1628 -32.9717 42.5539 40.8448 -9.4598 3.0186 -20.9968 -9.4598 3.0186 -20.9968 -19.9232 -0.4584 24.6196 -19.9232 -0.4584 24.6196 20.4160 -3.1746 -17.4966 2.8139 0.5885 23.6225 25.5927 5.1275 22.3043 11.8752 1.2547 12.0198 -12.7051 1.7021 -15.2003 -53.1011 -3.9326 7.8610 123.6956 -31.2454 55.1794 -14.3327 12.9114 1.6302 13.2342 63.6846 48.3765 -0.0000 0.0000 0.0000 -150.7998 -64.6042 -135.2158 156.6858 47.4840 -129.7419 1.9625 13.6771 2.7969 -0.0000 0.0000 0.0000
-0.3623 0.3982 -0.1602 -33.1101 42.5711 41.5689 -9.7413 2.6746 -20.1763 -9.7413 2.6746 -20.1763 -20.0531 -0.8950 23.8194 -20.0531 -0.8950 23.8194 22.8063 -3.6404 -17.9080 -3.1198 -0.5918 21.4768 26.4420 5.7127 23.9802 12.5871 1.0019 9.0655 -12.7906 1.7650 -15.6500 -55.1657 -4.5419 8.6821 121.4024 -30.3109 51.5323 -15.0611 9.6337 1.2765 11.7675 65.4828 49.4455 -0.0000 0.0000 0.0000 -153.1078 -65.3557 -139.1162 157.4412 47.7577 -131.4946 5.8593 14.8349 8.4075 -0.0000 0.0000 0.0000
-0.3637 0.3715 -0.1589 -33.5038 42.3348 42.3102 -10.0069 2.5039 -19.4254 -10.0069 2.5039 -19.4254 -20.0291 -1.3278 23.0574 -20.0291 -1.3278 23.0574 23.8391 -3.5862 -16.8714 -8.0453 -1.1894 16.7929 23.9693 4.9548 23.0404 13.4968 0.7922 6.6876 -11.8278 1.6113 -15.4620 -55.6782 -4.8316 9.1348 118.9772 -29.2684 47.7952 -15.0674 6.2077 0.8218 10.1849 67.1767 50.5924 -0.0000 0.0000 0.0000 -154.9747 -63.4517 -140.5070 158.6667 45.6398 -131.7706 13.7336 22.4070 20.7259 -0.0000 0.0000 0.0000
-0.3648 0.3354 -0.1592 -34.0659 41.9385 43.1544 -10.1962 2.4425 -18.7789 -10.1962 2.4425 -18.7789 -19.9087 -1.7300 22.4521 -19.9087 -1.7300 22.4521 23.8340 -3.6532 -17.1860 -8.9355 -1.1880 15.1172 23.0401 4.6097 22.3416 14.3741 0.6137 4.8643 -10.9450 1.4932 -15.4922 -55.7407 -5.0820 9.5941 116.5350 -28.3587 44.4465 -14.3911 3.2926 0.4158 8.9312 68.3584 51.4389 -0.0000 0.0000 0.0000 -155.5594 -61.2638 -139.8201 159.3986 43.2561 -130.7489 20.2557 33.1919 33.4820 -0.0000 0.0000 0.0000
-0.3653 0.3016 -0.1614 -34.7185 41.4441 43.9807 -10.2710 2.4364 -18.2970 -10.2710 2.4364 -18.2970 -19.7931 -2.1052 22.0336 -19.7931 -2.1052 22.0336 23.8651 -3.7573 -17.6454 -9.3058 -1.1476 14.0309 22.2522 4.3139 21.6831 15.1428 0.4955 3.7268 -10.4145 1.4342 -15.6400 -55.4328 -5.2952 10.0602 114.2953 -27.7067 41.8036 -13.1689 1.2269 0.1416 8.6511 68.5799 51.4471 -0.0000 0.0000 0.0000 -155.1935 -59.6188 -138.0002 159.4456 41.3054 -128.6202 25.2951 38.7483 44.1256 -0.0000 0.0000 0.0000
-0.3656 0.2762 -0.1652 -35.3725 40.9094 44.6114 -10.2283 2.4375 -17.9683 -10.2283 2.4375 -17.9683 -19.6584 -2.2908 21.7265 -19.6584 -2.2908 21.7265 23.6275 -3.8401 -18.2116 -9.1474 -1.0834 13.4805 21.5724 4.0342 20.9481 15.7064 0.4521 3.2769 -10.2355 1.4186 -15.7408 -54.7380 -5.5210 10.6427 113.2857 -28.0897 41.6141 -11.3764 0.9093 0.0906 9.6272 67.6821 50.7748 -0.0000 0.0000 0.0000 -154.4502 -58.2782 -135.7361 159.1986 39.5205 -125.8721 26.3746 45.0746 50.2152 -0.0000 0.0000 0.0000
-0.3658 0.2619 -0.1702 -36.0102 40.3562 45.0386 -10.1356 2.4245 -17.7205 -10.1356 2.4245 -17.7205 -19.5131 -2.3453 21.4894 -19.5131 -2.3453 21.4894 23.3917 -3.9004 -18.6814 -8.7842 -1.0290 13.3374 21.0004 3.8060 20.3268 16.1513 0.4694 3.3077 -10.2156 1.4132 -15.7117 -54.0003 -5.7915 11.3390 112.8486 -29.3038 42.9964 -8.8593 2.0160 0.1562 11.3729 65.8737 49.5117 -0.0000 0.0000 0.0000 -153.7670 -57.1521 -133.6777 158.9326 37.8577 -123.0653 25.5272 49.0305 52.3317 -0.0000 0.0000 0.0000
-0.3653 0.2551 -0.1756 -36.5294 39.8595 45.1574 -10.0151 2.3867 -17.5315 -10.0151 2.3867 -17.5315 -19.3799 -2.2843 21.3066 -19.3799 -2.2843 21.3066 23.1494 -3.9366 -19.0507 -8.2352 -0.9852 13.6213 20.1013 3.4910 19.5118 16.3890 0.5360 3.7211 -10.1942 1.3954 -15.5483 -53.3180 -6.0848 12.0862 113.1075 -31.2734 45.9286 -5.6081 3.7917 0.1858 13.5439 63.3067 48.2499 -0.0000 0.0000 0.0000 -153.2788 -56.2224 -132.0599 158.7712 36.4797 -120.7494 24.4457 51.8145 53.4230 -0.0000 0.0000 0.0000
-0.3646 0.2504 -0.1801 -36.9886 39.3991 45.0796 -9.8834 2.3415 -17.3753 -9.8834 2.3415 -17.3753 -19.2393 -2.1561 21.1820 -19.2393 -2.1561 21.1820 22.9032 -3.9130 -19.1438 -7.5634 -0.9280 13.9697 19.2403 3.1974 18.7007 16.5082 0.6264 4.3160 -10.0589 1.3483 -15.2304 -52.6745 -6.3652 12.8176 113.1792 -33.0570 48.4435 -2.2329 5.5551 0.1083 15.1904 60.9821 47.2219 -0.0000 0.0000 0.0000 -153.0792 -55.5620 -131.1327 158.7249 35.2327 -118.7906 23.6950 53.1518 53.6592 -0.0000 0.0000 0.0000
-0.3628 0.2447 -0.1839 -37.3594 38.9801 44.8275 -9.7674 2.2873 -17.2286 -9.7674 2.2873 -17.2286 -19.1126 -1.9892 21.0900 -19.1126 -1.9892 21.0900 22.7491 -3.8974 -19.1991 -6.8048 -0.8729 14.6021 18.5619 2.9747 18.0563 16.5710 0.7265 4.9854 -9.7660 1.2792 -14.8900 -52.1925 -6.6016 13.4308 114.1105 -34.8032 51.6197 0.6614 7.1354 -0.0412 16.7791 58.5216 46.5074 -0.0000 0.0000 0.0000 -153.0286 -54.8349 -130.3773 158.6772 34.1698 -117.0245 24.5043 52.2554 54.0890 -0.0000 0.0000 0.0000
-0.3610 0.2400 -0.1873 -37.6806 38.5881 44.4530 -9.6446 2.2367 -17.1206 -9.6446 2.2367 -17.1206 -19.0217 -1.8226 21.0109 -19.0217 -1.8226 21.0109 22.7272 -3.8804 -19.1354 -6.0332 -0.8181 15.4307 18.1598 2.8531 17.7138 16.5985 0.8426 5.7714 -9.4584 1.2086 -14.5312 -51.8398 -6.7378 13.8125 115.0772 -35.9877 54.0972 2.8428 8.1494 -0.2026 17.9519 56.4148 45.9001 -0.0000 0.0000 0.0000 -152.8463 -54.1921 -129.4647 158.5788 33.5022 -115.7087 24.9393 52.2386 54.9143 -0.0000 0.0000 0.0000
-0.3578 0.2296 -0.1903 -37.9360 38.2088 43.9831 -9.4954 2.2014 -17.0581 -9.4954 2.2014 -17.0581 -18.8513 -1.6154 20.9522 -18.8513 -1.6154 20.9522 22.9612 -3.8775 -18.9249 -5.4268 -0.7804 16.3541 17.7013 2.7246 17.3663 16.4896 0.9605 6.6211 -9.1609 1.1438 -14.2041 -51.5912 -6.7969 14.0092 116.1646 -36.4393 55.7093 3.8955 8.9587 -0.3053 18.8024 54.5708 45.2554 -0.0000 0.0000 0.0000 -152.7933 -53.2463 -128.4622 158.4966 33.0177 -114.7059 27.0495 50.8525 57.1777 -0.0000 0.0000 0.0000
-0.3529 0.2358 -0.1932 -38.1450 37.8633 43.5676 -9.3368 2.1690 -16.9747 -9.3368 2.1690 -16.9747 -18.6672 -1.5047 20.9054 -18.6672 -1.5047 20.9054 23.2493 -3.8727 -18.6654 -5.4068 -0.8060 16.9447 17.3141 2.6409 17.2177 16.3355 1.0387 7.2277 -8.8752 1.0884 -13.9560 -51.3839 -6.7629 14.0036 115.9800 -35.5387 54.2855 3.6195 9.6187 -0.3046 18.7948 54.0690 44.6016 -0.0000 0.0000 0.0000 -152.3375 -52.4324 -126.8706 158.0929 32.7584 -113.2724 29.1479 48.9401 58.7379 -0.0000 0.0000 0.0000
-0.3471 0.2493 -0.1959 -38.2865 37.5998 43.2783 -9.1788 2.1324 -16.8583 -9.1788 2.1324 -16.8583 -18.5192 -1.5493 20.8712 -18.5192 -1.5493 20.8712 23.5003 -3.8473 -18.3451 -5.9221 -0.8858 16.9995 17.2082 2.6560 17.4211 16.1637 1.0663 7.4985 -8.6321 1.0514 -13.8631 -51.1729 -6.6876 13.9138 114.4267 -33.5334 50.1347 2.0740 9.6319 -0.1748 18.1140 54.8173 44.0467 -0.0000 0.0000 0.0000 -151.1694 -51.9992 -124.4197 157.2111 32.7307 -111.0773 30.5322 46.5994 58.6794 -0.0000 0.0000 0.0000
-0.3387 0.2647 -0.1984 -38.4275 37.4018 43.1591 -9.0244 2.0968 -16.7222 -9.0244 2.0968 -16.7222 -18.3611 -1.7358 20.8811 -18.3611 -1.7358 20.8811 23.4698 -3.7806 -18.0556 -6.9394 -0.9958 16.3122 17.4404 2.7754 17.9500 16.0414 1.0483 7.4292 -8.4134 1.0185 -13.7801 -50.9289 -6.5981 13.8036 111.6055 -30.5010 43.7233 -0.3109 8.9061 0.0242 16.9536 56.4116 43.5528 -0.0000 0.0000 0.0000 -149.3709 -52.0214 -121.3982 156.1178 32.6581 -108.3523 31.6685 40.0127 55.0989 -0.0000 0.0000 0.0000
-0.3295 0.2785 -0.2019 -38.5795 37.2806 43.1312 -8.8946 2.0699 -16.5697 -8.8946 2.0699 -16.5697 -18.1673 -2.0641 20.9291 -18.1673 -2.0641 20.9291 23.2124 -3.7347 -18.0399 -7.9346 -1.0872 15.5797 17.9758 2.9900 18.7396 16.0303 1.0193 7.2297 -8.2634 0.9963 -13.7270 -50.6854 -6.5228 13.7214 109.3059 -27.9727 38.6994 -2.3418 7.7142 0.1579 16.1073 57.4828 43.1083 -0.0000 0.0000 0.0000 -147.1898 -52.0912 -117.8690 154.9362 32.4525 -105.2560 -15.2857 -55.2908 -16.6430 -0.0000 0.0000 0.0000
-0.3211 0.2879 -0.2057 -38.7464 37.2353 43.1702 -8.8055 2.0545 -16.4114 -8.8055 2.0545 -16.4114 -17.9567 -2.5088 20.9527 -17.9567 -2.5088 20.9527 22.8223 -3.7055 -18.2105 -8.2901 -1.1069 15.1848 19.1232 3.3812 19.8764 16.2165 1.0043 7.0405 -8.2101 0.9883 -13.7056 -50.5911 -6.4768 13.6542 107.4030 -26.2715 35.2507 -3.5917 6.3890 0.2005 15.4376 58.1661 42.5137 -0.0000 0.0000 0.0000 -144.8532 -52.5475 -114.6358 153.9074 32.7736 -103.5249 -55.7642 -9.4214 -67.5681 -0.0000 0.0000 0.0000
-0.3120 0.2917 -0.2091 -38.9329 37.2101 43.2600 -8.7482 2.0559 -16.2611 -8.7482 2.0559 -16.2611 -17.6323 -2.9917 20.9548 -17.6323 -2.9917 20.9548 22.5698 -3.7119 -18.4473 -7.9227 -1.0665 15.3101 20.5719 3.8920 21.2088 16.5427 1.0087 6.9306 -8.0787 0.9607 -13.5415 -50.7389 -6.5838 13.8324 106.0399 -25.1878 33.0508 -4.5384 5.1019 0.2023 14.9816 58.4511 41.8097 -0.0000 0.0000 0.0000 -142.8701 -52.9310 -111.9896 153.1885 33.4617 -103.1798 -59.9877 -7.8577 -72.6142 -0.0000 0.0000 0.0000
-0.3017 0.2895 -0.2124 -39.1775 37.1724 43.4646 -8.6657 2.0634 -16.0773 -8.6657 2.0634 -16.0773 -17.2567 -3.5048 20.8753 -17.2567 -3.5048 20.8753 22.4090 -3.7531 -18.7836 -7.1595 -0.9882 15.6974 22.2066 4.5054 22.6686 16.9708 1.0379 6.9486 -7.8455 0.9182 -13.3305 -51.0385 -6.7692 14.1243 104.6609 -24.6533 31.6079 -4.9688 4.0040 0.1738 14.8772 58.1569 41.0708 -0.0000 0.0000 0.0000 -140.9715 -53.0739 -109.2758 152.3422 34.7800 -103.6674 -62.5871 -9.0226 -75.1891 -0.0000 0.0000 0.0000
-0.2889 0.2811 -0.2116 -39.2498 37.2451 43.5539 -8.4959 2.0239 -15.9731 -8.4959 2.0239 -15.9731 -17.0421 -3.8715 20.7310 -17.0421 -3.8715 20.7310 22.2251 -3.7349 -18.8498 -6.1015 -0.8826 16.4464 24.0451 5.1543 23.8673 17.3117 1.0902 7.1524 -7.4519 0.8427 -12.8855 -51.6405 -7.1313 14.6768 105.4817 -25.4659 33.0891 -7.0220 4.2717 0.2622 15.3736 57.2888 41.0048 -0.0000 0.0000 0.0000 -137.5013 -53.7872 -105.0446 151.1424 36.8212 -104.5940 -61.7994 -7.0701 -74.7916 -0.0000 0.0000 0.0000
-0.2731 0.2910 -0.2018 -39.0653 37.4843 43.4665 -8.2262 1.9243 -15.9934 -8.2262 1.9243 -15.9934 -17.0737 -3.9664 20.5227 -17.0737 -3.9664 20.5227 21.7526 -3.6225 -18.6920 -5.1739 -0.7856 17.2563 25.5273 5.5916 24.3311 17.6234 1.1876 7.6501 -6.8470 0.7267 -12.1031 -52.5521 -7.8455 15.8146 108.8058 -27.4526 37.6808 -10.9515 6.9016 0.6624 16.9792 54.9323 41.6331 -0.0000 0.0000 0.0000 -132.1555 -54.8198 -98.9103 149.3435 39.6753 -105.5469 -57.3436 -3.7506 -70.6673 -0.0000 0.0000 0.0000
-0.2528 0.3081 -0.1820 -38.5604 37.8996 43.1467 -7.8614 1.7516 -16.1135 -7.8614 1.7516 -16.1135 -17.3565 -3.7739 20.2165 -17.3565 -3.7739 20.2165 20.9468 -3.4127 -18.3089 -4.4899 -0.7137 18.0564 26.5207 5.6985 23.8504 17.8567 1.3081 8.3120 -6.0370 0.5810 -10.9837 -53.7810 -9.1857 18.0028 115.0045 -30.3639 46.1460 -16.1011 12.2079 1.7331 19.3561 51.2484 42.6415 -0.0000 0.0000 0.0000 -124.8248 -55.8767 -90.8510 146.9009 43.0244 -105.9747 -50.2941 0.4920 -63.6804 -0.0000 0.0000 0.0000
-0.2326 0.3352 -0.1537 -37.6288 38.4259 42.4931 -7.5051 1.4966 -16.3447 -7.5051 1.4966 -16.3447 -17.7941 -3.3656 19.9318 -17.7941 -3.3656 19.9318 20.0183 -3.1060 -17.4666 -4.1993 -0.6989 18.8907 27.1911 5.4794 22.3848 18.0654 1.4282 8.9662 -4.9583 0.4172 -9.6128 -55.2234 -11.1535 21.1482 124.6042 -33.2705 59.2926 -21.8386 20.1915 3.9346 21.8849 47.2579 43.9510 -0.0000 0.0000 0.0000 -114.6066 -57.4837 -81.0198 143.5663 47.0252 -105.7890 -44.8366 -0.5851 -56.9921 -0.0000 0.0000 0.0000
-0.2122 0.3699 -0.1212 -36.3759 39.0256 41.6525 -7.2441 1.1742 -16.5882 -7.2441 1.1742 -16.5882 -18.2116 -2.9428 19.6740 -18.2116 -2.9428 19.6740 19.1755 -2.7874 -16.3918 -4.5601 -0.7840 19.5003 27.5870 5.0873 20.5135 18.9524 1.6372 9.7851 -3.2338 0.2185 -7.7293 -56.8114 -14.3677 26.2380 134.2308 -34.5258 72.7220 -27.6779 28.0588 7.0448 23.8194 45.0435 45.7154 -0.0000 0.0000 0.0000 -99.1972 -58.6706 -66.8732 136.2383 52.9247 -102.2048 -41.2577 -5.2802 -51.7146 -0.0000 0.0000 0.0000
-0.1930 0.4067 -0.0911 -35.0302 39.5897 40.9150 -7.0984 0.8318 -16.7284 -7.0984 0.8318 -16.7284 -18.4741 -2.6787 19.3992 -18.4741 -2.6787 19.3992 18.6035 -2.5285 -15.3474 -5.7618 -0.9843 19.3742 27.6300 4.6727 18.8412 20.5498 1.9303 10.6191 -1.1074 0.0556 -5.7498 -57.0311 -18.1636 32.7892 140.1610 -34.4457 81.0890 -33.4911 32.6384 10.0688 24.7799 45.5870 47.8417 -0.0000 0.0000 0.0000 -80.2944 -57.5925 -49.7486 122.1632 59.3660 -91.7913 -38.6857 -8.2904 -48.0764 -0.0000 0.0000 0.0000
-0.1680 0.4406 -0.0668 -33.5102 40.2319 40.1129 -7.1025 0.4734 -16.8191 -7.1025 0.4734 -16.8191 -18.6784 -2.5592 19.1340 -18.6784 -2.5592 19.1340 18.2545 -2.3066 -14.2845 -7.4765 -1.2444 18.8735 27.6489 4.2982 17.3415 22.5885 2.3136 11.5470 1.2902 -0.0406 -3.6042 -54.2647 -21.7789 41.1541 144.1553 -34.0142 86.8040 -39.3023 35.6129 13.0857 25.0075 47.7634 50.1392 -0.0000 0.0000 0.0000 -57.5212 -52.0268 -29.9900 93.5886 63.9025 -67.1704 -37.0511 -9.5225 -45.9112 -0.0000 0.0000 0.0000
-0.1479 0.4665 -0.0514 -32.3979 40.8741 39.8314 -7.0926 0.1818 -16.8394 -7.0926 0.1818 -16.8394 -18.6880 -2.6275 18.8035 -18.6880 -2.6275 18.8035 17.8427 -2.1475 -13.6175 -8.9886 -1.4189 17.9050 27.7289 4.1813 16.8263 25.1944 2.9028 12.9368 2.9996 -0.0509 -1.9444 -49.2874 -23.4715 48.7252 144.4130 -33.8852 87.0141 -44.4444 35.8332 15.0489 23.9950 50.3666 50.8799 -0.0000 0.0000 0.0000 -46.0498 -45.1576 -20.0438 69.1785 62.2276 -45.1947 -34.8247 -8.1941 -43.4694 -0.0000 0.0000 0.0000
-0.1285 0.4800 -0.0458 -31.7033 41.3044 40.0526 -6.9792 -0.0600 -16.6767 -6.9792 -0.0600 -16.6767 -18.5135 -2.8608 18.3190 -18.5135 -2.8608 18.3190 17.4214 -2.0963 -13.6192 -9.9993 -1.4497 16.4575 27.4690 4.0245 16.3607 28.0314 3.7573 14.9718 4.0361 -0.0277 -0.7850 -41.5200 -22.9244 56.2854 143.7151 -34.8887 87.6010 -47.6286 37.2849 16.9376 24.6081 48.9941 50.5977 -0.0000 0.0000 0.0000 -44.8865 -42.1114 -18.0707 61.5391 60.0971 -38.0102 -32.8816 -5.6200 -41.5466 -0.0000 0.0000 0.0000
-0.1087 0.4812 -0.0496 -31.1747 41.0786 40.5320 -6.8527 -0.2715 -16.1795 -6.8527 -0.2715 -16.1795 -17.9824 -3.2092 17.8497 -17.9824 -3.2092 17.8497 16.8465 -2.1231 -14.2645 -10.1699 -1.2976 14.5050 26.9410 3.7296 15.4808 31.1410 4.7781 17.0307 4.5945 0.0105 0.2610 -33.4005 -20.2944 61.6367 143.9946 -37.0314 91.7239 -48.9910 41.7600 19.7198 27.1466 43.1531 50.0345 -0.0000 0.0000 0.0000 -49.2897 -42.3924 -20.1765 64.5421 60.1041 -40.1389 -32.2650 -5.8879 -40.7482 -0.0000 0.0000 0.0000
-0.0881 0.4733 -0.0615 -30.6767 39.9742 41.2285 -6.7883 -0.4329 -15.1634 -6.7883 -0.4329 -15.1634 -16.9567 -3.7565 17.4240 -16.9567 -3.7565 17.4240 15.9939 -2.2441 -15.8734 -9.4835 -1.0156 12.1981 26.4406 3.4922 14.7875 35.1731 5.8401 18.2845 5.2745 0.0870 1.8895 -25.6372 -16.2537 64.2240 144.1761 -39.7369 96.3793 -49.8159 47.4121 23.0487 29.8922 34.8977 49.2708 -0.0000 0.0000 0.0000 -57.3513 -43.7013 -24.7403 72.6731 60.9482 -46.8086 -31.7929 -7.7853 -39.8654 -0.0000 0.0000 0.0000
-0.0713 0.4632 -0.0774 -30.2507 38.2029 42.1894 -6.6572 -0.5855 -13.9185 -6.6572 -0.5855 -13.9185 -15.6895 -4.3018 17.1175 -15.6895 -4.3018 17.1175 14.6444 -2.3212 -17.9196 -8.3791 -0.7319 9.9659 26.4228 3.4411 14.5833 39.1559 6.7863 18.9297 6.0928 0.1837 3.4500 -20.4927 -12.7372 63.3867 142.5535 -42.4965 97.8464 -50.4393 51.0536 25.3519 31.8607 26.9550 48.5373 -0.0000 0.0000 0.0000 -66.4466 -45.0181 -30.3702 84.8911 62.0385 -57.6178 -30.4372 -9.7165 -37.9241 -0.0000 0.0000 0.0000
-0.0567 0.4546 -0.0966 -29.7401 36.1878 43.1210 -6.4050 -0.7548 -12.6918 -6.4050 -0.7548 -12.6918 -14.5382 -4.7379 16.7829 -14.5382 -4.7379 16.7829 12.8739 -2.2580 -19.8170 -6.9041 -0.4999 8.2722 27.2419 3.4262 14.0726 42.8774 7.7936 19.6822 5.9908 0.2248 4.2932 -18.1072 -10.9707 62.1520 141.6691 -45.6189 100.8571 -48.6529 55.0374 26.5058 32.7559 19.1444 47.0291 -0.0000 0.0000 0.0000 -68.9863 -44.2593 -31.2227 89.2058 62.5576 -61.8550 -30.1451 -12.1615 -37.2211 -0.0000 0.0000 0.0000
-0.0426 0.4495 -0.1165 -29.4036 34.2283 44.2339 -5.8676 -0.9015 -11.6644 -5.8676 -0.9015 -11.6644 -13.6313 -5.1200 16.5252 -13.6313 -5.1200 16.5252 10.6257 -2.0022 -21.2850 -5.0315 -0.3032 6.8926 29.3387 3.6251 13.7861 46.2391 9.3098 21.5946 4.8625 0.1688 3.9751 -18.3234 -10.8532 60.9977 138.3850 -48.3825 99.5433 -46.8146 55.7872 25.8120 32.1782 13.4759 44.6424 -0.0000 0.0000 0.0000 -66.8514 -42.0006 -28.4349 85.1998 62.8621 -58.6699 -30.7685 -13.1728 -37.8292 -0.0000 0.0000 0.0000
-0.0224 0.4488 -0.1288 -29.1639 32.6050 45.3007 -5.1166 -1.0193 -10.9303 -5.1166 -1.0193 -10.9303 -13.1876 -5.5361 16.3244 -13.1876 -5.5361 16.3244 8.6406 -1.7115 -22.3674 -3.2823 -0.1671 5.8270 31.6974 3.7506 13.1580 48.8994 11.5737 25.1315 3.4220 0.0817 2.7360 -18.7480 -10.6670 58.9778 135.3546 -50.7999 98.2995 -45.6503 56.8486 25.6658 31.8865 7.3293 42.7916 -0.0000 0.0000 0.0000 -60.5988 -38.0146 -22.7617 72.0044 62.0125 -47.1812 -33.2649 -12.7275 -40.8795 -0.0000 0.0000 0.0000
-0.0029 0.4503 -0.1315 -28.7916 31.2508 46.1170 -4.3712 -1.1093 -10.3638 -4.3712 -1.1093 -10.3638 -12.9627 -6.0237 16.0786 -12.9627 -6.0237 16.0786 7.3858 -1.5033 -22.9799 -1.7632 -0.0805 5.2283 33.4236 3.6186 12.0121 51.2421 14.6063 29.9237 2.3031 0.0366 1.8185 -18.7152 -10.2612 57.1679 136.9203 -53.6042 103.9968 -43.2989 62.3470 27.0063 31.3915 0.1719 40.7245 -0.0000 0.0000 0.0000 -52.8559 -32.3764 -16.4205 55.2353 58.3522 -32.5671 -36.9802 -10.5545 -45.6509 -0.0000 0.0000 0.0000
0.0173 0.4524 -0.1279 -28.3405 30.1525 46.7684 -3.7431 -1.0940 -9.4800 -3.7431 -1.0940 -9.4800 -12.8455 -6.7575 15.6315 -12.8455 -6.7575 15.6315 6.9522 -1.4835 -24.0631 -0.2280 -0.0098 4.9195 35.7474 3.4530 10.6799 53.2678 18.1816 35.3915 1.5507 0.0134 0.9883 -20.4693 -10.5348 54.0992 140.5557 -55.8354 111.8386 -41.1734 69.3287 29.1205 31.1230 -6.6989 39.2201 -0.0000 0.0000 0.0000 -45.6324 -26.0979 -11.1379 40.9535 52.5262 -20.8802 -39.7482 -6.5207 -49.6726 -0.0000 0.0000 0.0000
0.0378 0.4564 -0.1222 -28.1027 29.4067 47.4098 -3.2734 -0.9811 -8.4778 -3.2734 -0.9811 -8.4778 -12.6374 -7.6626 15.1918 -12.6374 -7.6626 15.1918 7.2868 -1.6437 -25.3919 1.5914 0.0638 4.5885 38.3478 3.5317 10.1333 53.7320 21.8067 41.6390 2.0363 0.0306 1.7201 -24.0255 -11.3655 50.1255 142.0112 -57.4512 115.7372 -39.6318 74.1020 30.4365 31.5345 -11.1975 39.0325 -0.0000 0.0000 0.0000 -41.4973 -21.7524 -8.3264 33.4682 47.8623 -15.2003 -41.1997 -1.8970 -52.3490 -0.0000 0.0000 0.0000
0.0548 0.4626 -0.1178 -28.1605 28.9930 48.0330 -2.9578 -0.8095 -7.5015 -2.9578 -0.8095 -7.5015 -12.2705 -8.7060 14.7707 -12.2705 -8.7060 14.7707 8.3560 -1.9987 -26.8612 3.4066 0.1233 4.1460 40.0335 3.5463 9.7143 52.5986 25.0120 48.3413 2.8995 0.1458 5.7554 -27.9051 -11.6670 44.7070 140.6426 -59.3955 115.8202 -36.3440 75.7650 28.6507 32.8319 -13.4240 40.2600 -0.0000 0.0000 0.0000 -40.0596 -19.6738 -7.2339 28.4657 44.5176 -11.8540 -42.2147 1.8137 -54.4095 -0.0000 0.0000 0.0000
0.0728 0.4706 -0.1142 -28.3521 28.6987 48.5523 -2.7547 -0.6448 -6.6492 -2.7547 -0.6448 -6.6492 -11.6518 -9.7419 14.4085 -11.6518 -9.7419 14.4085 9.9200 -2.4953 -28.1754 5.0303 0.1347 3.0658 40.7951 3.3027 8.8666 50.2395 27.5142 55.1460 3.4828 0.3891 12.7464 -30.6904 -10.6106 37.3907 135.5442 -61.6351 111.1732 -33.2122 74.2438 25.4402 34.4017 -14.0116 42.0387 -0.0000 0.0000 0.0000 -40.0871 -19.0361 -7.0008 24.1782 41.9104 -9.3784 -41.9936 5.0578 -54.9337 -0.0000 0.0000 0.0000
0.0898 0.4802 -0.1090 -28.4971 28.4788 48.7847 -2.6849 -0.5247 -6.0922 -2.6849 -0.5247 -6.0922 -10.8986 -10.5654 14.0137 -10.8986 -10.5654 14.0137 11.9080 -3.0996 -29.0864 6.2113 0.0767 1.4141 39.6717 2.6321 7.2882 47.7404 29.3696 61.2686 3.4067 0.5983 19.9157 -31.6742 -8.6232 29.7679 133.0481 -64.8670 111.2959 -22.4444 74.6017 17.1905 35.1294 -15.4532 42.6828 -0.0000 0.0000 0.0000 -41.0978 -19.2223 -7.2642 20.5843 39.6409 -7.4893 -40.8232 7.9587 -54.2444 -0.0000 0.0000 0.0000
0.1071 0.4944 -0.1016 -28.3306 28.1966 48.6018 -2.7316 -0.4611 -5.8350 -2.7316 -0.4611 -5.8350 -9.8751 -11.1427 13.6306 -9.8751 -11.1427 13.6306 14.2993 -3.7161 -29.0003 6.7480 0.0175 0.2975 36.4710 1.8193 5.5181 44.9075 30.9238 67.5902 2.5924 0.6213 26.9505 -31.0617 -6.1960 22.0412 137.3974 -69.2415 121.0872 3.0228 76.9103 -2.4008 34.1602 -15.7001 41.5036 -0.0000 0.0000 0.0000 -42.8333 -19.7038 -7.7935 18.3191 37.7562 -6.3117 -39.0515 11.1589 -52.8981 -0.0000 0.0000 0.0000
0.1247 0.5117 -0.0900 -27.9206 27.8496 48.1969 -2.7907 -0.3895 -5.3131 -2.7907 -0.3895 -5.3131 -8.9080 -11.8485 13.1444 -8.9080 -11.8485 13.1444 16.8048 -4.3533 -28.8602 6.6478 -0.0141 -0.2429 33.9990 1.2927 4.2265 40.4831 31.3940 74.6230 0.3754 0.1072 31.8816 -31.2782 -4.0822 14.5105 140.2544 -73.1272 128.0353 25.1087 76.4232 -19.8873 32.8986 -12.5256 40.4722 -0.0000 0.0000 0.0000 -43.8324 -19.6765 -7.9822 16.0687 35.9652 -5.2464 -36.7760 14.6905 -50.9997 -0.0000 0.0000 0.0000
0.1421 0.5314 -0.0726 -27.4334 27.4543 47.7498 -2.8462 -0.2897 -4.4431 -2.8462 -0.2897 -4.4431 -8.0380 -12.8681 12.7329 -8.0380 -12.8681 12.7329 19.0715 -4.9411 -28.8098 6.5189 -0.0345 -0.6065 32.7902 1.3446 4.5678 34.6573 30.0798 81.4679 -3.3085 -1.0622 35.5920 -31.5584 -2.0817 7.3573 132.7775 -76.2931 121.8035 30.1160 74.6704 -23.1934 31.4200 -6.1339 39.6739 -0.0000 0.0000 0.0000 -44.3270 -19.0376 -7.8150 14.3836 34.2752 -4.4565 -34.3963 17.7616 -48.8011 -0.0000 0.0000 0.0000
0.1575 0.5576 -0.0476 -27.0625 27.0165 47.4802 -2.8917 -0.1692 -3.2901 -2.8917 -0.1692 -3.2901 -7.3415 -14.1225 12.5057 -7.3415 -14.1225 12.5057 20.7973 -5.4450 -29.0548 6.1289 -0.0456 -0.8526 32.7122 1.8168 6.1851 28.3244 26.8563 86.8310 -8.6078 -2.9568 37.8566 -31.0487 -0.1290 0.4644 101.4631 -76.1101 87.5132 12.7481 71.3099 -9.1636 30.4375 2.3790 39.9336 -0.0000 0.0000 0.0000 -44.8841 -18.2833 -7.6051 12.7569 32.5540 -3.7390 -32.3423 19.0201 -46.4309 -0.0000 0.0000 0.0000
0.1712 0.5908 -0.0152 -26.7469 26.6712 47.2792 -3.0263 -0.0612 -1.8841 -3.0263 -0.0612 -1.8841 -6.9297 -15.4422 12.3333 -6.9297 -15.4422 12.3333 21.9212 -5.8556 -29.5863 5.8998 -0.0732 -1.4197 33.3521 2.3486 7.8289 22.2986 22.3732 90.1964 -15.0719 -5.2839 38.4580 -29.0151 1.6272 -6.2825 78.3780 -67.9780 57.5927 -9.1086 62.2132 5.5035 29.0116 9.0747 39.4388 -0.0000 0.0000 0.0000 -45.4581 -16.8526 -7.1019 11.8992 30.3826 -3.2418 -31.1282 18.6083 -44.6592 -0.0000 0.0000 0.0000
0.1850 0.6252 0.0203 -26.6144 25.9583 47.7663 -3.1771 -0.0064 -0.5180 -3.1771 -0.0064 -0.5180 -6.5525 -16.4305 11.8899 -6.5525 -16.4305 11.8899 22.4244 -6.3005 -31.0347 6.0668 -0.1262 -2.3818 34.3626 2.8511 9.2030 17.9589 18.4167 91.4664 -21.0789 -7.1962 37.3481 -27.0223 2.6755 -11.1019 62.1590 -62.4792 40.1657 -15.8640 56.1715 8.5044 28.9155 17.2352 41.2592 -0.0000 0.0000 0.0000 -44.8583 -16.3274 -6.7774 11.0091 30.2950 -2.9888 -30.2023 18.6332 -43.4046 -0.0000 0.0000 0.0000
0.1972 0.6530 0.0565 -26.7717 24.7014 49.2762 -3.1937 -0.0031 0.5281 -3.1937 -0.0031 0.5281 -5.9733 -17.1031 11.2287 -5.9733 -17.1031 11.2287 22.5562 -6.8220 -33.2810 6.2083 -0.1800 -3.3190 35.2133 3.2868 10.3320 14.5838 14.9775 91.5430 -26.0988 -8.3271 34.8725 -24.9870 3.2614 -14.6430 46.8083 -57.6814 26.8124 -18.4795 53.0161 9.2772 27.0423 29.2527 42.4438 -0.0000 0.0000 0.0000 -43.1298 -16.0151 -6.3645 10.1564 31.3621 -2.8581 -29.9047 18.3403 -42.9141 -0.0000 0.0000 0.0000
0.2071 0.6675 0.0912 -27.1918 23.0645 51.8609 -3.1440 -0.0332 1.3445 -3.1440 -0.0332 1.3445 -5.2888 -17.7437 10.2291 -5.2888 -17.7437 10.2291 22.9487 -7.7112 -36.7342 5.7058 -0.1939 -3.8890 36.0869 3.6535 11.1835 11.6683 11.7811 90.5555 -30.4228 -8.7774 31.5239 -22.8560 3.6223 -17.7812 36.1015 -51.7989 17.9843 -19.7080 50.5492 9.3771 22.7427 42.5495 42.0977 -0.0000 0.0000 0.0000 -40.7862 -15.1955 -5.6778 9.7556 32.3702 -2.8378 -30.6105 16.9639 -43.4867 -0.0000 0.0000 0.0000
0.2146 0.6699 0.1200 -27.6936 21.3590 55.0768 -3.1072 -0.0866 1.9601 -3.1072 -0.0866 1.9601 -4.5618 -18.4795 9.0208 -4.5618 -18.4795 9.0208 23.6407 -8.9108 -40.8421 4.8874 -0.1715 -4.0177 36.7850 3.9307 11.7841 9.1682 8.9516 88.6247 -33.7842 -8.7211 28.1916 -20.4518 3.7490 -20.5661 31.8833 -47.9783 14.4883 -20.3639 49.8880 9.5504 22.3042 44.2982 42.4839 -0.0000 0.0000 0.0000 -38.5606 -13.4080 -4.7091 10.2482 32.4107 -2.9857 -32.0044 14.9211 -44.7956 -0.0000 0.0000 0.0000
0.2230 0.6612 0.1400 -28.1105 20.0160 58.1804 -3.0695 -0.1505 2.4347 -3.0695 -0.1505 2.4347 -4.0190 -19.2605 7.8626 -4.0190 -19.2605 7.8626 24.5811 -10.1791 -44.4700 3.7310 -0.1375 -4.2186 37.0688 4.0717 12.1047 6.7442 6.3091 86.1736 -36.3269 -8.3694 25.1445 -17.3752 3.5721 -23.0681 34.4252 -47.0749 15.3704 -22.3371 50.0291 10.5272 28.7720 30.4620 45.4978 -0.0000 0.0000 0.0000 -37.1180 -10.2187 -3.4389 11.4818 30.4103 -3.1304 -33.8619 12.5427 -46.6064 -0.0000 0.0000 0.0000
0.2318 0.6470 0.1494 -28.2222 19.4724 60.1836 -3.3678 -0.2478 3.0252 -3.3678 -0.2478 3.0252 -3.6536 -20.0527 7.0114 -3.6536 -20.0527 7.0114 25.7885 -11.2915 -46.7124 2.8038 -0.1148 -4.6887 36.7423 4.0657 12.2013 3.8915 3.4941 83.8358 -38.6692 -7.8901 22.2393 -12.9801 2.9469 -25.4817 43.5968 -49.3928 20.8429 -26.3075 49.8386 12.3931 34.5824 8.7511 46.5791 -0.0000 0.0000 0.0000 -36.8820 -5.7429 -1.9164 12.9286 26.0846 -3.0069 -35.6298 10.6231 -48.3912 -0.0000 0.0000 0.0000
0.2400 0.6345 0.1483 -28.0957 19.1845 61.5496 -3.9785 -0.3713 3.5613 -3.9785 -0.3713 3.5613 -3.1499 -20.7329 6.4042 -3.1499 -20.7329 6.4042 27.0054 -12.1830 -47.9230 2.5951 -0.1188 -5.2422 36.1829 4.1099 12.5356 0.9737 0.8427 81.7498 -40.9142 -7.3701 19.5914 -8.6436 2.0980 -27.2398 47.4804 -51.5312 23.9702 -28.5826 50.5373 13.7129 34.5583 4.0681 45.4767 -0.0000 0.0000 0.0000 -36.6231 -2.2794 -0.7544 14.1408 22.7573 -2.8597 -36.4263 11.4002 -49.6189 -0.0000 0.0000 0.0000
0.2472 0.6272 0.1376 -27.7189 18.9547 62.2631 -4.7962 -0.4639 3.6260 -4.7962 -0.4639 3.6260 -2.5335 -20.9596 6.2726 -2.5335 -20.9596 6.2726 28.0734 -12.5920 -47.6243 2.9395 -0.1444 -5.6253 35.4331 4.0041 12.4895 -1.8437 -1.5642 80.6188 -42.8528 -6.6852 16.9306 -4.2363 1.0602 -28.0901 49.4782 -54.0017 26.4258 -30.1639 52.2885 15.0703 34.7134 -1.2691 44.5805 -0.0000 0.0000 0.0000 -36.3599 0.3983 0.1308 15.1585 20.1953 -2.7148 -37.0977 12.8460 -50.8808 -0.0000 0.0000 0.0000
0.2535 0.6247 0.1166 -27.0593 18.7681 62.3608 -5.7444 -0.5011 3.3213 -5.7444 -0.5011 3.3213 -1.9225 -20.5895 6.4363 -1.9225 -20.5895 6.4363 28.8444 -12.5647 -46.3498 3.5556 -0.1775 -5.7142 35.1616 3.7450 11.7819 -4.1497 -3.5134 80.5007 -44.5399 -5.8487 14.2208 -0.6210 0.1553 -28.0791 50.8387 -55.6116 28.1406 -31.5871 53.3888 16.1891 34.8032 -7.0218 43.6429 -0.0000 0.0000 0.0000 -35.9866 2.5938 0.8426 15.8067 18.1536 -2.5410 -38.1918 13.4849 -52.4706 -0.0000 0.0000 0.0000
0.2593 0.6230 0.0856 -26.1852 18.6944 61.7484 -6.6398 -0.4648 2.7306 -6.6398 -0.4648 2.7306 -1.4924 -19.5409 6.8149 -1.4924 -19.5409 6.8149 29.3812 -12.2864 -44.6405 4.3341 -0.1993 -5.2624 35.3639 3.4616 10.8294 -5.7746 -5.0012 81.7778 -46.0180 -4.9303 11.5775 1.7752 -0.4346 -27.5089 50.3455 -58.4072 29.4384 -29.2878 56.0352 15.8311 33.9224 -11.8318 41.8006 -0.0000 0.0000 0.0000 -35.9701 3.7494 1.2175 16.6945 17.2213 -2.5456 -39.3740 13.4097 -53.9599 -0.0000 0.0000 0.0000
0.2641 0.6166 0.0474 -25.2990 18.8160 60.5349 -7.2343 -0.3575 1.9614 -7.2343 -0.3575 1.9614 -1.4686 -18.0232 7.3205 -1.4686 -18.0232 7.3205 29.6877 -11.8657 -42.8206 5.0628 -0.1925 -4.3531 35.7572 3.2212 9.9634 -6.7238 -6.1033 84.4495 -47.2073 -4.0535 9.2601 2.7669 -0.6608 -26.8576 47.3890 -63.2205 30.2291 -21.1105 60.7583 12.4676 32.7583 -14.8429 39.9676 -0.0000 0.0000 0.0000 -36.6090 3.4807 1.1517 18.0936 17.4715 -2.8030 -40.3708 12.6482 -54.9981 -0.0000 0.0000 0.0000
0.2672 0.6053 0.0049 -24.4786 19.1452 58.8420 -7.5506 -0.2184 1.1686 -7.5506 -0.2184 1.1686 -1.8022 -16.3655 7.8991 -1.8022 -16.3655 7.8991 29.8302 -11.3648 -40.9679 5.8998 -0.1669 -3.2374 35.9722 3.0910 9.5015 -7.4194 -7.1696 88.0327 -48.4912 -3.1633 7.0167 2.9529 -0.6850 -26.1163 40.2553 -70.5565 29.0715 -3.1106 67.0800 2.0623 31.5373 -16.1340 38.3395 -0.0000 0.0000 0.0000 -37.7841 1.7819 0.6099 20.4287 19.0576 -3.4649 -41.0266 11.4316 -55.4658 -0.0000 0.0000 0.0000
0.2680 0.5898 -0.0375 -23.5996 19.5345 56.6994 -7.5775 -0.0534 0.2976 -7.5775 -0.0534 0.2976 -2.2330 -14.6353 8.6039 -2.2330 -14.6353 8.6039 29.5823 -10.8491 -39.5606 7.7408 -0.1668 -2.4654 35.6998 3.1123 9.6444 -7.7464 -8.0121 91.9377 -49.9940 -2.5279 5.4186 2.8631 -0.6340 -24.9683 21.7314 -78.9894 17.9794 31.4941 71.1908 -22.8224 29.9467 -14.6456 36.6450 -0.0000 0.0000 0.0000 -39.4216 -0.9227 -0.3306 23.7569 21.8464 -4.6491 -41.2679 10.1378 -55.3962 -0.0000 0.0000 0.0000
0.2666 0.5722 -0.0768 -22.4939 19.8182 54.0540 -7.3660 0.1228 -0.7689 -7.3660 0.1228 -0.7689 -2.5607 -12.6106 9.3778 -2.5607 -12.6106 9.3778 28.6451 -10.2538 -38.7240 11.1788 -0.2553 -2.6082 35.2140 3.1868 10.0189 -7.4420 -8.3253 96.4329 -51.5023 -2.3385 4.8458 2.6589 -0.5502 -23.3782 -31.7652 -83.7502 -28.6186 65.4273 69.3403 -47.9085 27.8913 -12.1611 34.4992 -0.0000 0.0000 0.0000 -41.3261 -4.2333 -1.5971 27.1477 25.4992 -6.2540 -40.8999 9.4610 -54.7478 -0.0000 0.0000 0.0000
0.2619 0.5557 -0.1114 -21.1353 19.8837 51.0866 -6.9548 0.2420 -1.8529 -6.9548 0.2420 -1.8529 -2.7417 -10.3733 9.9417 -2.7417 -10.3733 9.9417 26.3966 -9.3902 -38.6009 16.0973 -0.5077 -3.5893 34.8319 3.1462 10.0068 -5.9156 -7.1660 100.9431 -53.2046 -3.1359 6.2570 1.8485 -0.3540 -21.6811 -76.9228 -82.4656 -69.6906 81.9560 66.4505 -59.2755 25.9603 -9.2731 32.5202 -0.0000 0.0000 0.0000 -42.9999 -7.2697 -2.8669 29.6218 29.0635 -7.8417 -40.1408 9.6714 -53.8569 -0.0000 0.0000 0.0000
0.2558 0.5427 -0.1401 -19.6237 19.6520 47.9922 -6.4337 0.2884 -2.9119 -6.4337 0.2884 -2.9119 -2.8018 -7.9520 10.2081 -2.8018 -7.9520 10.2081 22.5682 -8.1025 -39.0857 22.1603 -0.9125 -4.6572 34.6544 2.8883 9.2397 -3.2175 -4.2239 105.4152 -54.7426 -4.9562 9.5570 0.2954 -0.0519 -19.9115 -93.7186 -80.9415 -84.6326 91.1085 64.7248 -65.7313 23.9861 -5.7807 30.5264 -0.0000 0.0000 0.0000 -44.7149 -10.1624 -4.1889 31.4819 32.6167 -9.4286 -39.3247 9.8200 -52.8730 -0.0000 0.0000 0.0000
0.2492 0.5348 -0.1611 -18.1600 19.1972 45.0466 -5.8770 0.2663 -3.7995 -5.8770 0.2663 -3.7995 -2.7639 -5.6202 9.9315 -2.7639 -5.6202 9.9315 16.7650 -6.2487 -40.6520 29.4062 -1.5996 -6.0905 34.9160 2.5007 7.9401 0.8489 1.1871 108.8677 -56.0088 -8.1601 15.2789 -2.0348 0.3218 -17.9715 -99.9709 -81.1397 -91.1257 96.0913 64.5387 -70.1680 22.2891 -2.3913 28.8268 -0.0000 0.0000 0.0000 -46.9403 -13.2041 -5.7538 33.5146 36.1620 -11.2289 -38.4337 9.1106 -51.5611 -0.0000 0.0000 0.0000
0.2423 0.5301 -0.1736 -16.9396 18.7702 42.3963 -5.3378 0.2167 -4.4027 -5.3378 0.2167 -4.4027 -2.7682 -3.6664 9.0993 -2.7682 -3.6664 9.0993 9.1680 -3.6338 -43.1718 36.9440 -2.8102 -8.3992 35.8229 2.0127 6.2216 6.5147 9.2550 109.7756 -56.3997 -12.9738 23.9455 -4.9892 0.6804 -15.5227 -104.1384 -82.6376 -96.8848 100.0491 65.2530 -74.7307 20.6032 0.7442 27.0721 -0.0000 0.0000 0.0000 -49.4625 -16.2877 -7.5423 36.4547 39.7348 -13.5723 -37.5124 7.8458 -50.0752 -0.0000 0.0000 0.0000
0.2310 0.5256 -0.1779 -15.6440 18.0744 39.9326 -4.7490 0.1373 -5.0142 -4.7490 0.1373 -5.0142 -2.4284 -1.8999 7.7338 -2.4284 -1.8999 7.7338 0.3825 -0.1637 -46.3366 42.8008 -4.6879 -11.9253 38.2020 1.0339 2.9850 14.2489 19.0804 106.7231 -52.7623 -18.4081 36.1836 -7.7584 0.7950 -11.6843 -105.8953 -85.0173 -101.0452 103.8953 66.2454 -79.6248 18.9726 3.3703 25.2847 -0.0000 0.0000 0.0000 -52.1400 -18.7763 -9.2492 40.3721 43.2857 -16.5997 -36.4128 5.5813 -48.1454 -0.0000 0.0000 0.0000
0.2202 0.5194 -0.1764 -14.0621 16.8518 37.5307 -4.0946 0.0032 -5.9107 -4.0946 0.0032 -5.9107 -1.7177 -0.1379 5.9841 -1.7177 -0.1379 5.9841 -9.3095 4.2682 -49.1849 45.9408 -7.3943 -17.3358 42.1855 -1.4217 -3.6846 24.5122 28.4547 98.8216 -43.2180 -21.3193 50.8321 -9.2189 0.5254 -6.5096 -103.0066 -87.7640 -100.8183 107.4291 67.5345 -84.6478 17.5021 4.2523 23.4556 -0.0000 0.0000 0.0000 -55.6584 -20.5970 -10.9581 46.1753 46.9496 -20.9768 -34.8955 2.3577 -45.5349 -0.0000 0.0000 0.0000
0.2105 0.5103 -0.1717 -12.3851 15.2832 35.2531 -3.5106 -0.1722 -6.9680 -3.5106 -0.1722 -6.9680 -0.8493 1.4787 4.0407 -0.8493 1.4787 4.0407 -18.9422 8.8901 -49.9694 45.0334 -10.5633 -25.1421 45.6668 -6.6891 -15.8040 37.8595 35.3549 85.8022 -29.2628 -19.0266 65.3939 -9.3370 0.0454 -0.5558 35.4448 -89.3619 35.0764 110.5995 68.4020 -88.9298 16.3960 4.0521 21.9671 -0.0000 0.0000 0.0000 -59.6121 -21.9358 -12.6697 53.3774 50.5017 -26.6769 -33.1479 -1.0140 -42.6935 -0.0000 0.0000 0.0000
0.1973 0.4987 -0.1662 -10.8129 13.5320 33.1863 -3.0797 -0.3557 -8.1530 -3.0797 -0.3557 -8.1530 -0.1218 3.1167 2.3326 -0.1218 3.1167 2.3326 -28.0670 12.4145 -47.0315 39.3544 -13.1849 -35.8196 42.4832 -13.7856 -34.5506 53.4739 38.2590 69.0981 -14.7266 -11.4009 75.3690 -7.6339 -0.4036 6.0442 59.4708 -87.0215 56.9385 113.7155 68.4947 -92.3938 15.5607 3.5020 20.8003 -0.0000 0.0000 0.0000 -63.7846 -23.0929 -14.4898 61.6315 53.8035 -33.6759 -31.3035 -4.3053 -39.8309 -0.0000 0.0000 0.0000
0.1848 0.4863 -0.1610 -9.6713 12.0971 31.3146 -2.7848 -0.4814 -9.3212 -2.7848 -0.4814 -9.3212 0.5507 4.7003 0.8261 0.5507 4.7003 0.8261 -36.1122 14.3502 -42.2287 29.8067 -13.4563 -47.8121 29.4761 -15.2629 -53.9841 67.5077 36.5068 52.5358 -2.0492 -1.7014 79.4012 -3.7784 -0.4095 12.3658 64.7490 -85.0136 60.3207 116.7066 68.1460 -95.3180 15.2180 2.8666 20.2807 -0.0000 0.0000 0.0000 -68.0385 -24.5681 -16.7225 70.9171 56.6299 -41.9857 -29.8812 -7.0615 -37.6430 -0.0000 0.0000 0.0000
0.1731 0.4749 -0.1569 -9.1698 11.4944 29.5889 -2.5717 -0.4614 -10.2989 -2.5717 -0.4614 -10.2989 1.1856 5.9245 -0.3453 1.1856 5.9245 -0.3453 -42.2728 14.9182 -37.4187 17.8393 -9.7459 -57.0221 14.2264 -9.4044 -66.7805 75.8937 31.6787 39.9860 8.3051 6.8212 78.7622 1.3645 0.2085 17.3766 73.7691 -83.3093 67.4476 120.2041 67.7903 -98.8854 14.8491 2.2342 19.7304 -0.0000 0.0000 0.0000 -71.6779 -26.1045 -19.0108 79.8249 58.1680 -49.9036 -29.5141 -8.9946 -36.9069 -0.0000 0.0000 0.0000
0.1621 0.4660 -0.1541 -9.1138 11.5967 27.9863 -2.3746 -0.3307 -11.3014 -2.3746 -0.3307 -11.3014 2.1551 6.6561 -1.5460 2.1551 6.6561 -1.5460 -45.6263 14.3740 -33.3760 7.1415 -4.0408 -58.9600 1.7230 -1.2554 -72.1520 79.0553 26.7817 32.1869 16.5406 12.5604 74.2604 6.8909 1.3041 21.4080 82.8309 -81.4613 74.4366 122.9132 68.0615 -102.2980 14.3483 1.6956 19.0193 -0.0000 0.0000 0.0000 -74.4225 -27.1846 -20.8071 86.5020 58.1684 -55.2433 -29.9996 -10.1727 -37.3269 -0.0000 0.0000 0.0000
0.1500 0.4597 -0.1521 -9.2925 12.0843 26.5237 -2.1805 -0.1264 -12.4078 -2.1805 -0.1264 -12.4078 3.3955 6.9630 -2.7072 3.3955 6.9630 -2.7072 -46.6817 13.3544 -30.3580 -0.0605 0.0319 -55.6380 -7.3757 5.2831 -71.1903 78.2594 23.6589 28.8748 20.3312 13.9934 68.7787 11.7537 2.5794 24.6747 89.6261 -79.2045 78.8374 125.3032 69.1504 -106.2286 13.7542 1.0468 18.1792 -0.0000 0.0000 0.0000 -76.8806 -27.8276 -22.2486 91.8910 57.0347 -58.6357 -30.6682 -11.0348 -38.0117 -0.0000 0.0000 0.0000
0.1378 0.4553 -0.1503 -9.4647 12.4521 25.2342 -2.0313 0.0979 -13.6277 -2.0313 0.0979 -13.6277 5.0936 6.9193 -4.1472 5.0936 6.9193 -4.1472 -46.4649 11.9302 -27.3607 -6.1122 2.8725 -50.3109 -15.0595 9.6834 -65.3058 77.1496 21.5801 26.8779 21.3502 13.0754 62.5961 16.5914 4.0651 27.3600 92.7731 -76.8548 79.5702 126.3398 70.5863 -108.9053 13.0228 -0.9114 17.0565 -0.0000 0.0000 0.0000 -79.2823 -28.0295 -23.3671 96.4136 55.2259 -60.6696 -30.9475 -12.5457 -38.1320 -0.0000 0.0000 0.0000
0.1262 0.4511 -0.1485 -9.4979 12.3635 24.1362 -1.9637 0.3029 -14.7948 -1.9637 0.3029 -14.7948 6.9036 6.7124 -5.6995 6.9036 6.7124 -5.6995 -45.8951 10.2134 -23.8369 -11.2127 4.5004 -43.6316 -20.4278 11.1379 -56.8400 76.8650 19.8312 24.8473 19.3987 10.1315 54.8253 21.9544 5.9432 29.9655 93.1923 -74.7269 77.8292 126.1834 71.9223 -110.0525 12.1133 -5.1957 15.5629 -0.0000 0.0000 0.0000 -81.8488 -27.9308 -24.3340 100.7227 53.1300 -62.2275 -30.7518 -15.2722 -37.5221 -0.0000 0.0000 0.0000
0.1156 0.4464 -0.1465 -9.4218 11.8478 23.2172 -1.9611 0.5155 -15.7669 -1.9611 0.5155 -15.7669 8.8532 6.2421 -7.5462 8.8532 6.2421 -7.5462 -45.0808 8.4931 -20.2864 -13.9043 4.5677 -36.2224 -21.6835 10.1439 -49.7288 77.2433 18.4850 23.0257 13.7921 5.9328 46.3865 26.7937 8.0258 32.8242 92.2911 -73.0138 75.2178 125.9519 72.8434 -110.6899 11.0618 -11.9185 13.8211 -0.0000 0.0000 0.0000 -84.6058 -27.8170 -25.3990 105.0106 51.2105 -63.9833 -30.2976 -19.1684 -36.4800 -0.0000 0.0000 0.0000
0.1054 0.4409 -0.1444 -9.3366 11.2228 22.4835 -1.9606 0.7660 -16.5639 -1.9606 0.7660 -16.5639 10.6571 5.4929 -9.4238 10.6571 5.4929 -9.4238 -44.1322 6.7806 -16.6287 -15.6323 3.9300 -28.0661 -20.6910 8.3700 -43.6848 77.3848 17.6804 21.9781 6.1539 2.0718 37.1836 29.6373 9.8115 35.9494 91.1248 -71.5672 72.6376 125.6446 73.6430 -111.1161 9.5691 -20.0172 11.5995 -0.0000 0.0000 0.0000 -87.1312 -27.8253 -26.5150 108.8137 49.6666 -65.7697 -29.6429 -23.6705 -35.1760 -0.0000 0.0000 0.0000
0.0984 0.4348 -0.1420 -9.3763 10.9388 21.9408 -1.8455 1.0590 -17.1863 -1.8455 1.0590 -17.1863 12.0931 4.4316 -11.0739 12.0931 4.4316 -11.0739 -43.0445 5.2341 -13.2226 -15.2962 2.6037 -19.2107 -15.3593 5.5097 -39.2773 76.7053 17.5068 22.0241 -2.4583 -0.6251 28.5292 28.4216 10.6604 40.4496 90.5358 -70.3750 70.8804 124.7872 74.4554 -110.9252 8.3941 -26.9566 9.9368 -0.0000 0.0000 0.0000 -89.0634 -27.8817 -27.4468 111.5868 48.3478 -66.8758 -29.3989 -26.8705 -34.5370 -0.0000 0.0000 0.0000
0.0928 0.4283 -0.1389 -9.5975 11.1950 21.5533 -1.5778 1.3617 -17.5902 -1.5778 1.3617 -17.5902 13.0115 3.3556 -12.1096 13.0115 3.3556 -12.1096 -41.8045 4.0646 -10.6168 -11.6683 1.0567 -10.3140 -0.0680 0.0185 -30.5106 74.5641 18.0474 23.5661 -10.4574 -2.0591 22.2203 21.7009 9.2555 45.7898 90.3000 -69.1911 69.4718 123.5472 75.6080 -110.6394 8.9309 -31.5889 10.4141 -0.0000 0.0000 0.0000 -89.8801 -27.8035 -27.7476 112.6902 47.2343 -66.5891 -30.1638 -27.9446 -35.3016 -0.0000 0.0000 0.0000
0.0888 0.4228 -0.1355 -9.8514 11.6344 21.2275 -1.2301 1.6514 -17.9231 -1.2301 1.6514 -17.9231 13.5296 2.3743 -12.7985 13.5296 2.3743 -12.7985 -40.5376 3.0744 -8.3125 -6.8853 0.1159 -1.9260 21.8986 -1.9812 -10.2146 71.8384 18.4872 25.3243 -16.2875 -2.6425 18.3117 12.4891 5.6700 48.7002 89.6244 -68.0938 67.7458 121.1229 76.7476 -109.0442 11.7895 -34.7347 13.6068 -0.0000 0.0000 0.0000 -89.9689 -27.4524 -27.4380 112.7973 46.3144 -65.5414 -31.3225 -27.9746 -36.6295 -0.0000 0.0000 0.0000
0.0857 0.4187 -0.1316 -10.0985 12.1472 20.9334 -0.8645 1.8901 -18.1024 -0.8645 1.8901 -18.1024 13.6911 1.5906 -13.1312 13.6911 1.5906 -13.1312 -39.0507 2.2883 -6.4469 -2.3296 -0.1029 5.0562 31.1213 1.1945 4.2879 68.8056 18.5604 26.8416 -19.9092 -2.7614 15.6390 3.8562 1.7243 48.1713 88.7406 -67.1336 65.9781 118.0378 77.7023 -106.5984 16.0319 -36.7128 18.3753 -0.0000 0.0000 0.0000 -89.6369 -26.8332 -26.6698 112.2952 45.4023 -63.9005 -32.9320 -27.6408 -38.5135 -0.0000 0.0000 0.0000
0.0836 0.4160 -0.1276 -10.2717 12.5381 20.6622 -0.5577 2.1046 -18.1440 -0.5577 2.1046 -18.1440 13.7658 0.9138 -13.4038 13.7658 0.9138 -13.4038 -36.9801 1.6378 -4.8949 0.4526 0.0395 9.9790 31.4766 2.4255 8.5921 65.7729 18.3776 28.0918 -21.8240 -2.6880 13.8772 -3.2209 -1.3834 46.4780 87.7445 -66.2960 64.2470 115.7152 78.4464 -104.8238 20.6160 -37.9806 23.5106 -0.0000 0.0000 0.0000 -89.2086 -26.0272 -25.6821 111.6110 44.5874 -62.2156 -35.0106 -27.1888 -40.9460 -0.0000 0.0000 0.0000
0.0821 0.4142 -0.1236 -10.3535 12.7555 20.4129 -0.3157 2.2900 -18.1780 -0.3157 2.2900 -18.1780 13.6536 0.3811 -13.5959 13.6536 0.3811 -13.5959 -34.3649 0.9855 -3.1862 1.0304 0.1140 12.6238 30.4835 2.4897 9.1193 62.9586 18.0971 29.1579 -22.3814 -2.5560 12.8673 -9.0071 -3.7940 45.6140 86.9876 -65.5933 62.8795 115.0903 79.0337 -104.7339 24.8385 -38.7165 28.2249 -0.0000 0.0000 0.0000 -88.7127 -25.2829 -24.7386 110.9594 44.0819 -60.9642 -37.2040 -26.9474 -43.4778 -0.0000 0.0000 0.0000
0.0810 0.4130 -0.1201 -10.3330 12.7772 20.1829 -0.1478 2.4430 -18.2116 -0.1478 2.4430 -18.2116 13.4412 -0.0223 -13.7498 13.4412 -0.0223 -13.7498 -31.2703 0.3645 -1.3023 0.0416 0.0050 13.7186 29.6281 2.2615 8.5362 60.4010 17.6884 29.9348 -22.5349 -2.4664 12.3335 -14.8559 -6.1318 44.6685 86.4629 -65.0766 61.9099 116.9237 79.3744 -107.0295 28.2880 -38.9712 32.0780 -0.0000 0.0000 0.0000 -88.2108 -24.6869 -23.9501 110.5783 43.9373 -60.4273 -39.1889 -26.5169 -45.7909 -0.0000 0.0000 0.0000
0.0802 0.4120 -0.1175 -10.2234 12.6606 19.9309 -0.0462 2.5487 -18.2412 -0.0462 2.5487 -18.2412 13.1411 -0.3340 -13.8874 13.1411 -0.3340 -13.8874 -27.7388 -0.2020 0.8180 -1.8302 -0.2241 13.9593 28.9465 1.9333 7.4799 58.0146 17.1729 30.4666 -22.7818 -2.4486 12.1103 -20.4358 -8.1500 43.1318 86.3160 -64.6703 61.3855 121.5451 79.5273 -112.1653 30.7267 -38.9721 34.8065 -0.0000 0.0000 0.0000 -87.6817 -24.1980 -23.2648 110.3709 44.1070 -60.4472 -40.8726 -25.7869 -47.8015 -0.0000 0.0000 0.0000
0.0796 0.4104 -0.1160 -10.0584 12.5043 19.6426 0.0159 2.6103 -18.2584 0.0159 2.6103 -18.2584 12.7887 -0.5991 -14.0220 12.7887 -0.5991 -14.0220 -23.9116 -0.6600 3.1163 -4.1529 -0.4991 13.6999 28.8136 1.6787 6.5282 55.6472 16.5839 30.8747 -23.2158 -2.4918 12.0875 -25.7255 -9.9248 41.6380 86.6022 -64.3561 61.3316 127.9171 79.4679 -119.1020 32.6103 -38.7869 36.9272 -0.0000 0.0000 0.0000 -87.1358 -23.7688 -22.6400 110.1100 44.4120 -60.5855 -42.2770 -24.8817 -49.5227 -0.0000 0.0000 0.0000
0.0789 0.4075 -0.1157 -9.8792 12.3942 19.3327 0.0392 2.6321 -18.2354 0.0392 2.6321 -18.2354 12.4044 -0.7646 -14.0956 12.4044 -0.7646 -14.0956 -19.9500 -0.9430 5.3580 -6.3919 -0.7451 13.2840 28.8599 1.4587 5.6645 53.2894 15.9484 31.1986 -24.0293 -2.5780 12.0705 -30.3469 -11.1473 39.5812 87.3059 -64.0491 61.6512 135.1508 79.3309 -127.0831 33.9204 -38.6182 38.4041 -0.0000 0.0000 0.0000 -86.5550 -23.3361 -22.0077 109.6738 44.7192 -60.5628 -43.4601 -23.8320 -51.0189 -0.0000 0.0000 0.0000
0.0783 0.4041 -0.1162 -9.7034 12.3206 19.0302 0.0054 2.6403 -18.1785 0.0054 2.6403 -18.1785 12.0928 -0.8359 -14.1778 12.0928 -0.8359 -14.1778 -15.8603 -1.0379 7.4409 -8.1606 -0.9432 13.1648 29.3518 1.3401 5.1138 50.9115 15.2649 31.4444 -25.0546 -2.6602 11.9311 -34.2888 -11.7474 36.8853 88.2130 -63.6505 62.0602 142.4803 79.2860 -135.4192 34.7310 -38.2179 39.3493 -0.0000 0.0000 0.0000 -86.0052 -22.8941 -21.3879 109.1485 44.9679 -60.3851 -44.4207 -22.9476 -52.2421 -0.0000 0.0000 0.0000
0.0777 0.4006 -0.1171 -9.5223 12.2345 18.7683 -0.0692 2.6463 -18.1307 -0.0692 2.6463 -18.1307 11.8399 -0.8169 -14.2076 11.8399 -0.8169 -14.2076 -11.9387 -0.9894 9.4414 -9.1591 -1.0758 13.3707 30.6692 1.3681 4.9860 48.5170 14.5321 31.5955 -26.2636 -2.7454 11.7293 -37.7130 -11.9408 34.0510 89.2910 -63.2648 62.6334 149.7514 79.1434 -143.7808 35.1850 -37.2636 39.9596 -0.0000 0.0000 0.0000 -85.6393 -22.5481 -20.9320 108.8031 45.1914 -60.3419 -45.1316 -22.8642 -53.0577 -0.0000 0.0000 0.0000
0.0770 0.3973 -0.1176 -9.3168 12.0846 18.5493 -0.1624 2.6371 -18.0907 -0.1624 2.6371 -18.0907 11.6470 -0.7174 -14.1617 11.6470 -0.7174 -14.1617 -8.5262 -0.8495 11.3589 -9.4086 -1.1470 13.8705 32.3708 1.4611 5.0311 46.2189 13.7398 31.5322 -27.4413 -2.8386 11.5888 -40.4953 -11.8640 31.4630 90.7233 -63.1940 63.8414 155.7172 78.3347 -150.4128 34.9950 -35.6360 39.9289 -0.0000 0.0000 0.0000 -85.5982 -22.5293 -20.8998 109.2143 45.5808 -61.1988 -45.4454 -23.7493 -53.2701 -0.0000 0.0000 0.0000
0.0766 0.3948 -0.1175 -9.0850 11.9203 18.3753 -0.2547 2.6096 -18.0408 -0.2547 2.6096 -18.0408 11.4998 -0.5488 -14.0290 11.4998 -0.5488 -14.0290 -5.0925 -0.5895 13.1974 -9.4372 -1.1895 14.3357 33.5076 1.4332 4.7583 43.7083 12.8590 31.3879 -28.8799 -2.9004 11.2300 -42.7269 -11.4345 28.7133 92.0728 -62.8428 64.7025 161.6778 77.7957 -157.3937 34.4555 -33.4965 39.5652 -0.0000 0.0000 0.0000 -85.7190 -22.4657 -20.8838 109.6570 45.8241 -61.9105 -45.4133 -25.0875 -53.0236 -0.0000 0.0000 0.0000
0.0761 0.3934 -0.1165 -8.8296 11.7797 18.2659 -0.3359 2.5697 -17.9919 -0.3359 2.5697 -17.9919 11.3758 -0.3251 -13.8496 11.3758 -0.3251 -13.8496 -1.5118 -0.1976 14.8896 -9.6118 -1.2284 14.5325 33.8014 1.2590 4.1420 40.9297 11.9249 31.2702 -30.4561 -2.8772 10.5419 -44.3653 -10.7494 25.9862 92.8248 -61.8333 64.3530 169.7174 78.1246 -167.3478 34.2005 -31.3918 39.5190 -0.0000 0.0000 0.0000 -85.8888 -21.8635 -20.3813 109.3124 45.5102 -61.2032 -45.3684 -26.3760 -52.7743 -0.0000 0.0000 0.0000
0.0756 0.3932 -0.1148 -8.5734 11.7098 18.2098 -0.3986 2.5239 -17.9550 -0.3986 2.5239 -17.9550 11.2837 -0.1282 -13.7061 11.2837 -0.1282 -13.7061 1.9877 0.2826 16.1828 -9.6011 -1.2290 14.5554 33.4954 1.0136 3.3674 38.0103 10.9893 31.2090 -32.0239 -2.7581 9.5906 -45.5658 -9.9834 23.4948 93.2386 -60.4532 63.3107 -179.9365 78.6680 179.9226 34.3510 -29.2812 39.9384 -0.0000 0.0000 0.0000 -86.0755 -20.7103 -19.3650 108.1339 44.6205 -59.0347 -45.4504 -27.1847 -52.7428 -0.0000 0.0000 0.0000
0.0753 0.3936 -0.1127 -8.3232 11.6788 18.2019 -0.4860 2.4994 -17.9457 -0.4860 2.4994 -17.9457 11.2540 0.0088 -13.7160 11.2540 0.0088 -13.7160 5.5607 0.8332 17.0303 -9.3822 -1.1991 14.5352 32.6950 0.7390 2.5191 34.8097 10.0116 31.2228 -32.8963 -2.5117 8.4934 -46.1358 -9.1847 21.3621 93.1154 -58.5697 61.2664 -165.7319 79.2648 162.8132 34.7874 -27.0423 40.7093 -0.0000 0.0000 0.0000 -86.2018 -18.8808 -17.6887 106.0597 43.0476 -55.3038 -45.5664 -27.4668 -52.8295 -0.0000 0.0000 0.0000
0.0750 0.3937 -0.1102 -8.0760 11.6384 18.2305 -0.6203 2.5010 -17.9509 -0.6203 2.5010 -17.9509 11.3041 0.0720 -13.8706 11.3041 0.0720 -13.8706 9.0166 1.3837 17.4143 -8.4481 -1.0999 14.8101 32.0302 0.5322 1.8541 31.4818 8.9900 31.1691 -33.2374 -2.2008 7.3643 -46.4204 -8.3438 19.3077 92.6950 -56.5694 58.8481 -150.8649 79.2225 145.1344 35.2155 -24.9651 41.4632 -0.0000 0.0000 0.0000 -86.4245 -16.8839 -15.8753 104.1195 41.3054 -51.6058 -45.5436 -28.0139 -52.7217 -0.0000 0.0000 0.0000
0.0749 0.3926 -0.1072 -7.8268 11.5610 18.2568 -0.7816 2.5094 -17.9583 -0.7816 2.5094 -17.9583 11.4324 0.0489 -14.1325 11.4324 0.0489 -14.1325 12.1510 1.8799 17.5259 -6.8985 -0.9323 15.3753 31.4880 0.3544 1.2569 28.2342 7.9598 30.9271 -33.2250 -1.9044 6.3771 -46.5331 -7.5629 17.4780 92.6284 -55.3613 57.5525 -144.1202 78.5558 136.8058 35.1669 -23.0837 41.6537 -0.0000 0.0000 0.0000 -86.8860 -15.5490 -14.7354 103.3569 40.2841 -49.7888 -45.2657 -28.5591 -52.3305 -0.0000 0.0000 0.0000
0.0748 0.3907 -0.1039 -7.5685 11.4555 18.2754 -0.9603 2.5097 -17.9293 -0.9603 2.5097 -17.9293 11.6354 0.0211 -14.4144 11.6354 0.0211 -14.4144 15.1077 2.3208 17.3695 -5.2212 -0.7285 15.8747 30.8039 0.1957 0.7102 25.0175 6.9214 30.4950 -33.2070 -1.6013 5.3667 -46.4500 -6.8376 15.8512 92.6297 -54.6591 56.8332 -141.6719 77.9476 133.5062 34.8575 -21.2371 41.5432 -0.0000 0.0000 0.0000 -87.4793 -14.9144 -14.2790 103.5166 40.0530 -49.6408 -44.7459 -28.7148 -51.7279 -0.0000 0.0000 0.0000
0.0748 0.3887 -0.1008 -7.2760 11.2641 18.2839 -1.1545 2.4935 -17.8522 -1.1545 2.4935 -17.8522 11.8900 0.0536 -14.6645 11.8900 0.0536 -14.6645 17.9254 2.7013 17.0050 -3.5431 -0.5035 16.1706 30.0779 0.0845 0.3146 21.8843 5.9050 29.8743 -33.1337 -1.3171 4.4254 -46.4177 -6.3131 14.6577 92.4737 -54.5567 56.5976 -142.5314 77.6309 134.2811 34.5464 -19.6696 41.3953 -0.0000 0.0000 0.0000 -88.1745 -14.9461 -14.4824 104.5675 40.5912 -51.1157 -44.1306 -28.4878 -51.0744 -0.0000 0.0000 0.0000
0.0748 0.3880 -0.0983 -6.9461 10.9867 18.2740 -1.3425 2.4645 -17.7499 -1.3425 2.4645 -17.7499 12.1842 0.1135 -14.9125 12.1842 0.1135 -14.9125 20.7200 3.0397 16.5161 -1.8131 -0.2583 16.2140 29.2323 -0.0040 -0.0153 18.7399 4.9254 29.2177 -33.2449 -1.0575 3.5414 -46.5305 -5.9342 13.7481 92.0918 -54.8206 56.5486 -144.7708 77.5743 136.8849 34.2177 -18.5924 41.1602 -0.0000 0.0000 0.0000 -88.8123 -14.9997 -14.6954 105.5376 41.2199 -52.6614 -43.3999 -27.9466 -50.3358 -0.0000 0.0000 0.0000
0.0750 0.3897 -0.0966 -6.5651 10.5879 18.2810 -1.5764 2.4655 -17.6564 -1.5764 2.4655 -17.6564 12.5127 0.2317 -15.2004 12.5127 0.2317 -15.2004 23.7487 3.3733 15.9441 -0.3739 -0.0526 16.0216 28.2299 -0.0756 -0.3006 15.5754 4.0104 28.7186 -33.1170 -0.8428 2.8340 -46.6191 -5.7161 13.2187 91.0679 -54.3406 55.2130 -140.6837 77.7353 132.1913 34.0397 -18.0401 41.0286 -0.0000 0.0000 0.0000 -89.1577 -13.8884 -13.6877 104.7954 40.7679 -51.5112 -42.7062 -27.1015 -49.6802 -0.0000 0.0000 0.0000
0.0755 0.3935 -0.0961 -6.1551 10.1154 18.3152 -1.8556 2.5093 -17.5833 -1.8556 2.5093 -17.5833 12.8384 0.3727 -15.4832 12.8384 0.3727 -15.4832 26.6428 3.6415 15.2925 1.0373 0.1430 15.6941 27.4829 -0.1150 -0.4704 12.6743 3.2261 28.4570 -32.8915 -0.6742 2.2836 -46.5503 -5.5775 12.9215 89.4333 -53.2537 52.8009 -131.4182 77.9409 121.6831 33.9804 -18.3658 40.9138 -0.0000 0.0000 0.0000 -89.4341 -12.1051 -11.9870 103.2052 39.5868 -48.8469 -42.0396 -26.7193 -48.9854 -0.0000 0.0000 0.0000
0.0762 0.3990 -0.0963 -5.7595 9.6663 18.3593 -2.1415 2.5928 -17.5658 -2.1415 2.5928 -17.5658 13.1480 0.4664 -15.7235 13.1480 0.4664 -15.7235 29.0885 3.8457 14.7467 2.6566 0.3561 15.2660 27.0781 -0.1648 -0.6843 10.2361 2.6091 28.5310 -32.8667 -0.5371 1.8208 -46.3149 -5.4776 12.7632 87.3999 -52.0913 50.0679 -120.3708 78.0372 109.4656 33.8855 -19.1090 40.7004 -0.0000 0.0000 0.0000 -89.7428 -10.2493 -10.2036 101.5130 38.1137 -45.8463 -41.3212 -26.5114 -48.2049 -0.0000 0.0000 0.0000
0.0767 0.4051 -0.0970 -5.3897 9.2391 18.3786 -2.3997 2.6742 -17.5749 -2.3997 2.6742 -17.5749 13.4498 0.5611 -15.8717 13.4498 0.5611 -15.8717 30.7184 3.9253 14.2224 4.4620 0.5794 14.7899 27.2058 -0.2291 -0.9466 8.4876 2.1813 28.7785 -33.3270 -0.4792 1.6008 -46.1092 -5.4823 12.8373 85.1456 -51.5638 47.8580 -111.9830 78.4790 100.8777 33.3848 -19.4687 40.0660 -0.0000 0.0000 0.0000 -89.8455 -9.0934 -9.0691 100.2559 37.1917 -43.8788 -40.3897 -26.2869 -47.1837 -0.0000 0.0000 0.0000
0.0772 0.4108 -0.0980 -5.0601 8.8531 18.3181 -2.6038 2.7069 -17.5644 -2.6038 2.7069 -17.5644 13.7081 0.7325 -15.8244 13.7081 0.7325 -15.8244 31.6388 3.8957 13.6890 6.5180 0.8150 14.2401 27.6683 -0.3151 -1.2794 7.2001 1.8622 28.9682 -34.1672 -0.5358 1.7433 -46.0289 -5.6032 13.1435 82.6969 -52.1777 46.6229 -109.5462 80.0083 99.8452 32.5046 -19.1520 39.0770 -0.0000 0.0000 0.0000 -89.2393 -9.2808 -9.1589 99.5330 37.7025 -43.9525 -39.6288 -26.0529 -46.3543 -0.0000 0.0000 0.0000
0.0773 0.4158 -0.0994 -4.7671 8.5108 18.1513 -2.7521 2.6770 -17.5233 -2.7521 2.6770 -17.5233 13.8191 1.0658 -15.5950 13.8191 1.0658 -15.5950 32.4305 3.8582 13.2130 8.6136 1.0331 13.6530 28.4000 -0.4604 -1.8195 6.0251 1.5562 28.9399 -35.3176 -0.6758 2.1226 -45.8872 -5.7291 13.4826 80.0689 -53.3612 45.7772 -112.1478 82.2115 104.7429 31.3228 -18.4289 37.7822 -0.0000 0.0000 0.0000 -87.6843 -10.3831 -9.9738 98.6439 39.3126 -45.1351 -39.3755 -25.9420 -46.0822 -0.0000 0.0000 0.0000
0.0767 0.4201 -0.1014 -4.4840 8.1432 17.8993 -2.8984 2.6106 -17.4538 -2.8984 2.6106 -17.4538 13.7714 1.6312 -15.2436 13.7714 1.6312 -15.2436 33.7193 3.8749 12.7384 10.7448 1.2376 13.1035 29.3097 -0.6802 -2.6006 4.7684 1.2226 28.7457 -36.5005 -0.8692 2.6355 -45.5676 -5.8208 13.8030 77.2071 -54.2901 44.5235 -115.3779 84.3956 110.2052 30.1950 -17.6625 36.5483 -0.0000 0.0000 0.0000 -85.3806 -11.6303 -10.7339 97.0856 41.1835 -46.0805 -39.7730 -26.0150 -46.5231 -0.0000 0.0000 0.0000
0.0754 0.4244 -0.1041 -4.2059 7.7498 17.5800 -3.0549 2.5271 -17.3559 -3.0549 2.5271 -17.3559 13.5453 2.3897 -14.7681 13.5453 2.3897 -14.7681 35.4059 3.9166 12.2283 13.0109 1.4424 12.5989 30.3737 -0.9753 -3.5919 3.4592 0.8769 28.4423 -37.4746 -1.0745 3.1671 -45.2375 -5.9149 14.1369 74.2372 -55.0794 43.0717 -123.7152 86.5530 120.7990 28.9633 -17.1391 35.1526 -0.0000 0.0000 0.0000 -82.7963 -13.3297 -11.7627 95.6773 43.5189 -47.5757 -40.5587 -26.5211 -47.3419 -0.0000 0.0000 0.0000
0.0740 0.4295 -0.1074 -3.9276 7.3179 17.2231 -3.2115 2.4396 -17.2420 -3.2115 2.4396 -17.2420 13.2002 3.3434 -14.1587 13.2002 3.3434 -14.1587 37.2136 3.9661 11.7437 15.5283 1.6581 12.1166 31.4745 -1.3178 -4.6743 2.0686 0.5160 28.0098 -38.3234 -1.2380 3.5618 -44.8300 -5.9373 14.3319 71.2101 -55.6184 41.3815 -149.0098 88.3612 148.1555 27.3343 -16.7819 33.2548 -0.0000 0.0000 0.0000 -80.3865 -15.3315 -12.9752 94.8131 46.0552 -49.6257 -41.0925 -27.4339 -47.8160 -0.0000 0.0000 0.0000
0.0724 0.4361 -0.1104 -3.6359 6.8068 16.8479 -3.3462 2.3375 -17.1025 -3.3462 2.3375 -17.1025 12.7539 4.5449 -13.4199 12.7539 4.5449 -13.4199 38.8085 3.9599 11.2107 18.7572 1.9407 11.7104 32.9277 -1.7104 -5.7832 0.5739 0.1401 27.4273 -39.4240 -1.3710 3.8252 -44.4036 -5.9215 14.4449 68.2614 -56.0061 39.6441 135.6070 88.5554 -134.5872 24.9660 -16.3188 30.4709 -0.0000 0.0000 0.0000 -78.2994 -17.4262 -14.2239 94.4982 48.5136 -51.9740 -40.8252 -28.4180 -47.3775 -0.0000 0.0000 0.0000
0.0706 0.4444 -0.1124 -3.3330 6.2681 16.4438 -3.4266 2.2051 -16.9206 -3.4266 2.2051 -16.9206 12.1994 5.9580 -12.5322 12.1994 5.9580 -12.5322 40.0591 3.8715 10.5937 22.8859 2.2947 11.3011 34.2194 -2.1047 -6.8301 -0.9934 -0.2363 26.7568 -41.0805 -1.4771 3.9409 -43.8763 -5.8709 14.5109 65.3790 -56.2004 37.8285 105.7870 87.3252 -103.1967 21.9196 -15.4654 26.8852 -0.0000 0.0000 0.0000 -76.3002 -19.3154 -15.2276 94.2447 50.6530 -54.0151 -39.7419 -28.9643 -46.0830 -0.0000 0.0000 0.0000
0.0684 0.4547 -0.1131 -3.0125 5.6970 15.9980 -3.4675 2.0521 -16.7059 -3.4675 2.0521 -16.7059 11.4734 7.5243 -11.5274 11.4734 7.5243 -11.5274 41.2192 3.7499 9.9498 27.8721 2.6892 10.8071 34.8549 -2.4904 -7.9223 -2.6140 -0.6037 26.0061 -43.2835 -1.5261 3.8452 -43.0579 -5.7849 14.5970 62.6720 -56.3034 36.0925 98.3126 86.0956 -94.4301 18.6576 -14.1569 23.0369 -0.0000 0.0000 0.0000 -74.3887 -21.0278 -16.0338 94.1719 52.6005 -55.9903 -38.2143 -28.9884 -44.3560 -0.0000 0.0000 0.0000
0.0659 0.4663 -0.1126 -2.6776 5.1099 15.4947 -3.4694 1.8828 -16.4708 -3.4694 1.8828 -16.4708 10.5871 9.0849 -10.4911 10.5871 9.0849 -10.4911 42.4744 3.5023 8.9963 33.9848 3.0662 10.0108 34.8005 -2.8480 -9.0706 -4.3929 -0.9943 25.4967 -46.0971 -1.5960 3.7501 -41.8548 -5.6560 14.7209 59.6924 -55.9227 33.8800 89.4672 85.0435 -84.5129 15.4404 -12.4670 19.2183 -0.0000 0.0000 0.0000 -72.4768 -22.3526 -16.4791 93.8507 54.1563 -57.3408 -36.2233 -28.5544 -42.1560 -0.0000 0.0000 0.0000
0.0628 0.4782 -0.1107 -2.3392 4.5403 14.9433 -3.4312 1.7081 -16.2353 -3.4312 1.7081 -16.2353 9.6044 10.4703 -9.5244 9.6044 10.4703 -9.5244 43.7912 3.0494 7.5780 41.0147 3.2603 8.7021 33.3758 -3.0956 -10.3008 -6.2237 -1.4079 25.4704 -49.3475 -1.6508 3.5925 -40.1692 -5.4867 14.9320 56.3525 -54.8338 31.0571 77.1944 83.9114 -71.3260 12.4155 -10.8821 15.5700 -0.0000 0.0000 0.0000 -70.4975 -23.3108 -16.5879 93.1081 55.3486 -57.9456 -34.2267 -27.9672 -39.9550 -0.0000 0.0000 0.0000
0.0576 0.4901 -0.1073 -1.9981 4.0081 14.3831 -3.3689 1.5380 -15.9988 -3.3689 1.5380 -15.9988 8.5993 11.6415 -8.6321 8.5993 11.6415 -8.6321 44.9801 2.3787 5.7416 48.0529 3.0578 6.8528 30.9247 -3.1560 -11.3746 -8.0929 -1.8600 25.8482 -52.5899 -1.6223 3.2825 -38.1662 -5.3048 15.2543 52.9240 -53.1009 27.9342 64.6901 82.3824 -57.9920 9.7746 -9.6253 12.3321 -0.0000 0.0000 0.0000 -68.4631 -24.0036 -16.4611 92.0032 56.3272 -58.0107 -32.6703 -27.5029 -38.2299 -0.0000 0.0000 0.0000
0.0511 0.5021 -0.1031 -1.6632 3.5632 13.8374 -3.2918 1.3833 -15.7617 -3.2918 1.3833 -15.7617 7.6347 12.5691 -7.8299 7.6347 12.5691 -7.8299 45.9788 1.5644 3.6864 54.7510 2.4176 4.6670 27.8798 -3.0340 -12.1800 -10.0777 -2.3741 26.4502 -55.4579 -1.4797 2.8146 -36.0971 -5.1090 15.5922 49.7340 -50.9693 24.9152 54.9437 80.4374 -47.4680 7.5684 -8.8613 9.5847 -0.0000 0.0000 0.0000 -66.4587 -24.5626 -16.2329 90.5839 57.1763 -57.6683 -31.7890 -27.0782 -37.2677 -0.0000 0.0000 0.0000
0.0433 0.5140 -0.0988 -1.3283 3.2475 13.3269 -3.2095 1.2455 -15.5089 -3.2095 1.2455 -15.5089 6.7126 13.2775 -7.0941 6.7126 13.2775 -7.0941 46.7240 0.6821 1.5791 60.6360 1.3863 2.3704 24.6155 -2.7511 -12.5612 -11.9427 -2.8848 27.0703 -57.8322 -1.3580 2.4582 -34.0991 -4.8853 15.8378 46.8917 -48.5471 22.1321 46.0259 77.9729 -37.9442 5.9307 -8.4522 7.5263 -0.0000 0.0000 0.0000 -64.3720 -25.1056 -15.9552 88.8855 57.9839 -57.0438 -31.5209 -26.7467 -36.9975 -0.0000 0.0000 0.0000
0.0338 0.5254 -0.0945 -0.9786 2.9623 12.8731 -3.1806 1.1434 -15.2686 -3.1806 1.1434 -15.2686 5.8506 13.9119 -6.4042 5.8506 13.9119 -6.4042 47.4464 -0.1486 -0.3382 65.2870 0.3354 0.5235 21.7746 -2.4475 -12.6748 -13.7066 -3.4089 27.8128 -59.4115 -1.3716 2.4040 -32.2817 -4.7079 16.1684 44.3617 -45.2227 19.2744 34.1567 74.1151 -26.1227 5.5011 -9.1633 6.9607 -0.0000 0.0000 0.0000 -62.2743 -25.7989 -15.7545 87.3513 58.9422 -56.6998 -31.6346 -26.8103 -37.1211 -0.0000 0.0000 0.0000
0.0197 0.5350 -0.0902 -0.5938 2.6291 12.4238 -3.2476 1.0762 -15.0239 -3.2476 1.0762 -15.0239 5.0433 14.5937 -5.7180 5.0433 14.5937 -5.7180 48.0623 -0.9503 -2.1311 69.1465 -0.6563 -0.9522 19.5182 -2.1971 -12.7232 -15.6436 -3.9375 28.0978 -60.6516 -0.9644 1.6486 -30.9356 -4.6388 16.6546 42.0926 -40.8871 16.3251 24.3011 68.2605 -16.6060 5.2831 -11.8986 6.6104 -0.0000 0.0000 0.0000 -59.7301 -26.4480 -15.3696 85.0634 60.0728 -55.8838 -32.1181 -26.5457 -37.7081 -0.0000 0.0000 0.0000
0.0031 0.5451 -0.0863 -0.1798 2.1780 11.9441 -3.4341 1.0474 -14.7615 -3.4341 1.0474 -14.7615 4.3293 15.3700 -5.0666 4.3293 15.3700 -5.0666 48.7443 -1.6711 -3.6876 73.1113 -0.7006 -0.9448 17.2785 -1.9917 -13.0533 -17.8532 -4.3621 27.2587 -61.7902 0.6009 -1.0042 -30.3827 -4.7757 17.4619 40.1079 -36.0060 13.5306 18.2661 61.1556 -10.8528 4.9491 -16.0459 6.0931 -0.0000 0.0000 0.0000 -56.7715 -27.0550 -14.8147 82.2076 61.3005 -54.6790 -32.9042 -25.6974 -38.7140 -0.0000 0.0000 0.0000
-0.0154 0.5578 -0.0830 0.2578 1.6365 11.4484 -3.7374 1.0532 -14.5005 -3.7374 1.0532 -14.5005 3.6429 16.2474 -4.3585 3.6429 16.2474 -4.3585 49.4081 -2.3383 -5.0802 76.8130 -0.1289 -0.1626 15.2091 -1.8222 -13.5856 -20.1323 -4.6299 25.6578 -62.8055 3.1435 -5.1472 -30.6004 -5.0780 18.4138 38.3963 -31.6295 11.2655 15.5046 54.5510 -8.0301 4.2204 -18.9486 5.1404 -0.0000 0.0000 0.0000 -53.0331 -27.7005 -14.0261 78.5010 62.6241 -52.8555 -33.5489 -24.0390 -39.6622 -0.0000 0.0000 0.0000
-0.0389 0.5738 -0.0806 0.7102 1.1206 10.9377 -4.1343 1.0851 -14.2418 -4.1343 1.0851 -14.2418 3.0233 17.1270 -3.6200 3.0233 17.1270 -3.6200 50.4217 -2.6910 -5.7123 80.1067 2.4489 2.9128 13.6977 -1.7938 -14.8525 -22.4397 -4.7158 23.4539 -62.9619 6.3342 -10.3266 -31.7106 -5.5238 19.2802 36.7752 -28.6861 9.7167 15.0994 49.8766 -7.0532 2.0930 -19.0512 2.5487 -0.0000 0.0000 0.0000 -48.2150 -28.1961 -12.8243 72.8363 63.8244 -49.3507 -34.1862 -21.0928 -40.7830 -0.0000 0.0000 0.0000
-0.0633 0.5929 -0.0789 1.1929 0.7551 10.4447 -4.5891 1.1250 -13.9907 -4.5891 1.1250 -13.9907 2.4671 17.8975 -2.9024 2.4671 17.8975 -2.9024 51.6999 -2.7275 -5.6262 82.1455 6.0808 6.9751 13.1093 -1.8875 -16.3178 -24.5812 -4.6855 21.2708 -62.2818 9.1207 -15.0402 -33.1167 -5.9172 19.7225 35.0812 -27.1095 8.7154 15.7942 47.0560 -6.9122 0.1131 -15.0517 0.1399 -0.0000 0.0000 0.0000 -42.7099 -28.2812 -11.2515 65.5230 64.5355 -44.2239 -34.4378 -17.7111 -41.5417 -0.0000 0.0000 0.0000
-0.0874 0.6142 -0.0772 1.7143 0.5172 10.0456 -5.0856 1.1635 -13.7347 -5.0856 1.1635 -13.7347 2.0928 18.5375 -2.3302 2.0928 18.5375 -2.3302 53.5059 -2.2936 -4.5480 82.4155 11.2288 12.8106 13.9329 -2.2005 -17.8651 -26.5038 -4.6334 19.4950 -61.2157 11.1208 -18.6900 -34.3214 -6.2385 20.0163 33.2020 -25.7422 7.7943 16.1617 44.5808 -6.6620 -0.6600 -8.7950 -0.8368 -0.0000 0.0000 0.0000 -37.0857 -28.0520 -9.5796 57.8229 64.8010 -38.6312 -34.3509 -14.8475 -41.8539 -0.0000 0.0000 0.0000
-0.1105 0.6356 -0.0744 2.2688 0.3403 9.7721 -5.6057 1.1912 -13.4310 -5.6057 1.1912 -13.4310 1.9128 19.1168 -1.9900 1.9128 19.1168 -1.9900 55.7855 -1.3476 -2.5456 79.7301 16.9711 20.2585 16.3793 -2.7386 -18.8604 -28.0845 -4.5025 17.8650 -59.9896 12.7402 -21.8924 -35.6637 -6.5999 20.3239 31.0822 -24.7073 6.9709 16.4849 42.9204 -6.5184 -0.7322 -2.8092 -0.9533 -0.0000 0.0000 0.0000 -31.8900 -27.5400 -8.0104 50.5000 64.7042 -33.2673 -34.4109 -12.5918 -42.2657 -0.0000 0.0000 0.0000
-0.1347 0.6542 -0.0698 2.8158 0.1561 9.6326 -6.1152 1.2027 -13.0397 -6.1152 1.2027 -13.0397 1.9212 19.6404 -1.9073 1.9212 19.6404 -1.9073 58.3562 -0.0729 -0.1305 74.2823 21.9161 28.6790 19.7013 -3.2776 -18.7126 -29.1983 -4.2117 16.0711 -58.5765 14.2769 -25.1731 -37.5396 -7.0313 20.4946 28.7424 -24.1910 6.2857 16.8553 42.3584 -6.5710 -0.5881 1.9107 -0.7835 -0.0000 0.0000 0.0000 -27.5522 -27.1366 -6.7727 44.4149 64.5463 -28.9136 -34.5410 -10.9511 -42.6777 -0.0000 0.0000 0.0000
-0.1570 0.6673 -0.0633 3.3156 -0.0690 9.6061 -6.5711 1.1966 -12.5949 -6.5711 1.1966 -12.5949 1.9825 20.1103 -1.9449 1.9825 20.1103 -1.9449 60.9136 1.0279 1.7479 68.6205 24.5300 35.3403 22.5098 -3.5713 -17.8072 -29.7086 -3.8269 14.3587 -57.7546 15.3338 -27.4339 -39.3577 -7.3521 20.3686 26.0683 -24.0428 5.6444 17.2256 43.2447 -6.8715 0.2398 6.0278 0.3265 -0.0000 0.0000 0.0000 -23.7729 -26.7637 -5.7333 39.3566 64.4239 -25.3949 -34.6626 -9.9424 -42.9855 -0.0000 0.0000 0.0000
-0.1769 0.6769 -0.0550 3.7480 -0.3413 9.6841 -6.9694 1.1818 -12.1301 -6.9694 1.1818 -12.1301 2.0324 20.5261 -2.0093 2.0324 20.5261 -2.0093 63.4702 2.0777 3.3588 62.9201 25.7173 40.9199 25.1665 -3.6757 -16.3605 -29.7583 -3.3677 12.6277 -57.3966 16.1709 -29.0947 -41.2606 -7.6079 20.0313 22.9870 -24.1654 4.9847 17.6554 45.4050 -7.4349 1.4988 9.6989 2.0839 -0.0000 0.0000 0.0000 -20.3801 -26.0348 -4.7592 34.7841 64.1548 -22.2137 -34.8966 -9.5786 -43.3255 -0.0000 0.0000 0.0000
-0.1959 0.6844 -0.0457 4.1218 -0.6290 9.8422 -7.3177 1.1668 -11.7118 -7.3177 1.1668 -11.7118 2.0658 20.8648 -2.0663 2.0658 20.8648 -2.0663 65.7936 2.9324 4.5320 58.4298 25.8619 44.6430 27.5342 -3.5866 -14.5640 -29.6207 -2.8903 10.9007 -57.2370 16.8359 -30.3495 -43.3189 -7.7875 19.4508 19.6825 -24.2870 4.2753 18.1898 48.3010 -8.2110 3.6629 12.2060 5.1701 -0.0000 0.0000 0.0000 -17.5840 -24.7585 -3.8885 31.0778 63.5969 -19.5623 -35.0366 -9.8929 -43.4417 -0.0000 0.0000 0.0000
-0.2130 0.6908 -0.0368 4.4363 -0.7952 10.0693 -7.6058 1.1539 -11.3971 -7.6058 1.1539 -11.3971 2.1226 21.0034 -2.1292 2.1226 21.0034 -2.1292 67.7335 3.2776 4.8820 55.9214 25.8463 46.7537 29.8131 -3.3446 -12.5178 -29.5893 -2.4927 9.4184 -57.0431 17.3850 -31.4259 -45.5035 -7.9777 18.8811 16.2778 -24.3565 3.5356 18.5919 51.2067 -8.9697 6.3871 13.7220 9.0965 -0.0000 0.0000 0.0000 -15.2441 -23.1039 -3.1336 28.6981 62.7466 -17.7314 -35.2364 -9.7988 -43.6964 -0.0000 0.0000 0.0000
-0.2285 0.6965 -0.0286 4.6976 -0.8555 10.3698 -7.8766 1.1521 -11.1792 -7.8766 1.1521 -11.1792 2.2652 20.9448 -2.2404 2.2652 20.9448 -2.2404 69.3476 3.2287 4.6660 54.5667 26.0425 48.3007 31.9654 -2.8184 -9.8180 -29.5840 -2.1399 8.0912 -56.8169 18.0065 -32.6538 -47.9382 -8.1048 18.1084 12.8442 -24.7461 2.8289 19.2096 54.1379 -9.8853 8.5083 14.7505 12.1893 -0.0000 0.0000 0.0000 -13.0953 -21.1961 -2.4606 26.8124 61.6621 -16.1930 -35.2101 -9.0029 -43.7971 -0.0000 0.0000 0.0000
-0.2422 0.7019 -0.0206 4.8448 -0.6871 10.6536 -8.1320 1.1771 -11.0820 -8.1320 1.1771 -11.0820 2.3669 20.6518 -2.2425 2.3669 20.6518 -2.2425 70.6867 2.8438 4.0093 53.8438 26.7938 50.2556 34.5737 -2.2832 -7.3274 -29.5595 -1.8524 7.0129 -56.2232 19.0216 -34.8244 -50.4668 -7.7543 16.3667 9.3375 -25.9211 2.1535 20.7362 57.3296 -11.4236 7.1972 16.6477 10.4502 -0.0000 0.0000 0.0000 -10.8579 -19.9284 -1.9131 24.7696 60.7049 -14.6544 -34.7450 -6.4000 -43.6800 -0.0000 0.0000 0.0000
-0.2562 0.7068 -0.0129 4.8354 -0.3315 10.8333 -8.3671 1.2324 -11.0635 -8.3671 1.2324 -11.0635 2.2735 20.2289 -1.9747 2.2735 20.2289 -1.9747 71.9745 2.2644 3.1178 53.7011 28.0265 52.4857 36.3015 -1.7208 -5.2458 -29.4369 -1.5441 5.8733 -54.8302 20.4182 -38.2951 -52.9831 -6.8336 13.6624 5.8299 -27.8907 1.4488 23.4214 61.1133 -13.9539 1.1952 21.6583 1.8039 -0.0000 0.0000 0.0000 -8.3615 -19.7940 -1.4614 22.5205 60.3230 -13.1995 -33.9201 -2.7135 -43.3320 -0.0000 0.0000 0.0000
-0.2690 0.7110 -0.0054 4.6648 0.1782 10.9132 -8.5341 1.2887 -11.0101 -8.5341 1.2887 -11.0101 2.0849 19.7908 -1.5351 2.0849 19.7908 -1.5351 73.1877 2.1068 2.8371 52.2518 29.2232 55.9849 39.3971 -1.3247 -3.6990 -29.0329 -1.1331 4.3742 -52.5297 22.1736 -43.3155 -55.0916 -5.2768 10.0978 2.4683 -30.7906 0.6798 27.9974 65.7088 -18.2924 -7.1884 29.9783 -11.6680 -0.0000 0.0000 0.0000 -5.7252 -20.3396 -1.0278 20.3388 60.4893 -11.9414 -32.2143 1.8544 -42.0754 -0.0000 0.0000 0.0000
-0.2807 0.7146 0.0023 4.3096 0.9740 10.9007 -8.5413 1.3306 -10.9904 -8.5413 1.3306 -10.9904 1.8419 19.2822 -1.0177 1.8419 19.2822 -1.0177 74.2416 2.6259 3.4690 49.1198 30.1235 60.9845 42.9754 -0.7435 -1.8886 -28.1645 -0.7868 3.1359 -49.8868 24.2241 -49.5377 -56.0706 -3.3025 6.1976 -0.4383 -34.5289 -0.1362 35.5213 70.7104 -25.6065 -12.4534 35.8179 -21.4682 -0.0000 0.0000 0.0000 -3.2346 -21.3695 -0.6105 18.2528 60.9085 -10.7918 -30.0787 5.6941 -40.1220 -0.0000 0.0000 0.0000
-0.2915 0.7173 0.0108 3.8187 2.0606 10.8376 -8.3488 1.3385 -11.0237 -8.3488 1.3385 -11.0237 1.7079 18.5899 -0.6738 1.7079 18.5899 -0.6738 74.8833 3.4841 4.5492 45.3684 30.7209 66.6264 53.3698 -0.1899 -0.3778 -26.6531 -0.7321 3.0901 -49.2030 26.8374 -55.0448 -55.1661 -1.8943 3.6251 -2.7137 -38.5069 -0.9480 45.6808 75.1165 -35.8914 -13.8375 37.9640 -24.4662 -0.0000 0.0000 0.0000 -1.2390 -22.6152 -0.2478 17.0662 61.4378 -10.1895 -27.9131 8.7433 -37.9289 -0.0000 0.0000 0.0000
-0.3010 0.7184 0.0206 3.2624 3.4038 10.7870 -7.9695 1.3036 -11.1120 -7.9695 1.3036 -11.1120 1.6558 17.6327 -0.4909 1.6558 17.6327 -0.4909 74.6234 3.4021 4.4631 45.8754 33.2156 70.3516 51.7316 0.1539 0.3174 -24.4013 -1.2801 5.9155 -54.8202 31.5066 -57.0902 -51.8884 -2.2387 4.5994 -4.4384 -42.1206 -1.7098 55.9088 78.3171 -46.7461 -13.3213 38.2750 -23.6689 -0.0000 0.0000 0.0000 0.3895 -23.4170 0.0807 15.7582 61.7059 -9.4518 -25.6703 10.4733 -35.3109 -0.0000 0.0000 0.0000
-0.3092 0.7164 0.0322 2.6749 4.9956 10.7603 -7.4551 1.2440 -11.2963 -7.4551 1.2440 -11.2963 1.5048 16.4094 -0.2965 1.5048 16.4094 -0.2965 73.3090 1.8558 2.4937 54.2673 39.1602 69.5273 34.7646 -0.5129 -1.6384 -21.6516 -2.3591 12.2909 -72.4231 37.2663 -49.4527 -44.1622 -4.2763 10.5165 -6.0566 -45.1398 -2.5193 63.2762 80.3551 -54.9713 -12.4869 38.3553 -22.2365 -0.0000 0.0000 0.0000 1.7057 -24.1909 0.3655 14.3933 62.0994 -8.6945 -23.4203 12.4729 -32.6779 -0.0000 0.0000 0.0000
-0.3166 0.7098 0.0459 2.1193 6.5985 10.7805 -6.9044 1.1729 -11.5236 -6.9044 1.1729 -11.5236 1.1625 15.0922 -0.0031 1.1625 15.0922 -0.0031 70.5162 -1.3017 -1.8413 81.7393 46.0225 52.2854 6.0133 -0.0586 -1.1151 -18.6358 -3.5772 21.5516 -107.2202 29.0970 -21.6557 -27.0861 -5.0810 20.8740 -7.7901 -47.5071 -3.4326 64.3150 81.2786 -56.7034 -11.8675 38.9270 -21.3166 -0.0000 0.0000 0.0000 2.8514 -25.0779 0.6343 13.1928 63.2156 -8.1411 -21.2678 14.4615 -30.1114 -0.0000 0.0000 0.0000
-0.3225 0.6973 0.0613 1.6635 7.9439 10.9101 -6.4193 1.0967 -11.7082 -6.4193 1.0967 -11.7082 0.7843 13.9729 0.2956 0.7843 13.9729 0.2956 66.0805 -4.9276 -7.5698 126.0375 29.3032 15.1634 -11.7482 -1.6210 15.6590 -15.5484 -4.3123 30.8347 -120.6875 -11.3687 6.4875 -7.0030 -1.2488 20.1984 -9.9290 -49.4497 -4.5811 64.2172 81.3498 -56.6728 -11.7058 40.1861 -21.4090 -0.0000 0.0000 0.0000 3.9143 -25.5957 0.8895 12.6561 65.4476 -8.1519 -18.3962 17.6900 -26.6886 -0.0000 0.0000 0.0000
-0.3275 0.6791 0.0772 1.3231 8.9597 11.0013 -6.0341 1.0213 -11.8685 -6.0341 1.0213 -11.8685 0.4168 13.1341 0.5707 0.4168 13.1341 0.5707 60.7223 -7.8323 -13.3309 136.7655 -24.1343 -9.6847 11.3110 3.7299 36.4022 -12.7079 -4.4175 38.2087 -89.1130 -42.6004 43.2043 -4.2916 -0.4839 12.8599 -12.4164 -51.1562 -5.9611 67.8861 80.6890 -59.5131 -12.1387 41.7828 -22.7248 -0.0000 0.0000 0.0000 4.9479 -25.6126 1.1254 12.3219 67.7263 -8.2860 -15.3438 24.1212 -23.4437 -0.0000 0.0000 0.0000
-0.3321 0.6573 0.0926 1.1092 9.5630 10.9360 -5.7810 0.9462 -11.9269 -5.7810 0.9462 -11.9269 0.2124 12.5781 0.6773 0.2124 12.5781 0.6773 55.9701 -9.3480 -17.4940 101.2052 -58.7687 -49.6413 36.5254 6.1470 18.4835 -9.7028 -3.8762 43.4737 -48.9928 -39.6449 76.6949 -8.5485 -1.0611 14.1253 -14.8161 -52.4905 -7.3359 73.9189 79.4224 -64.0059 -12.7825 43.7659 -24.6843 -0.0000 0.0000 0.0000 5.8564 -25.1557 1.3078 12.0662 69.4096 -8.3727 -12.4749 33.9143 -21.0270 -0.0000 0.0000 0.0000
-0.3363 0.6357 0.1063 0.9743 9.9559 10.6763 -5.6014 0.8675 -11.8811 -5.6014 0.8675 -11.8811 0.0552 12.1440 0.7230 0.0552 12.1440 0.7230 52.0833 -10.1103 -20.5227 48.6199 -57.0789 -100.5730 35.0293 0.0536 0.1698 -6.6170 -2.9226 47.6222 -30.1532 -28.4027 86.4218 -10.2201 -1.6939 18.7734 -17.1020 -53.4977 -8.6677 81.0507 77.7441 -69.1403 -13.2031 46.1837 -26.5998 -0.0000 0.0000 0.0000 6.6473 -24.3312 1.4346 11.1221 69.9462 -7.7925 -10.0233 45.0851 -19.8980 -0.0000 0.0000 0.0000
-0.3398 0.6173 0.1177 0.8802 10.2709 10.2292 -5.4726 0.7920 -11.7385 -5.4726 0.7920 -11.7385 -0.0529 11.7586 0.7237 -0.0529 11.7586 0.7237 48.8953 -10.4638 -22.7760 28.1884 -45.6467 -118.3591 19.0050 -1.1735 -7.0022 -3.8838 -1.8583 51.1269 -21.0609 -19.8953 86.6695 -9.8690 -2.0116 22.9888 -19.0715 -54.2018 -9.8267 88.4374 75.7785 -74.2688 -13.1823 48.7165 -27.9481 -0.0000 0.0000 0.0000 7.2300 -23.5425 1.5086 9.6818 69.5857 -6.7356 -7.9975 55.2052 -20.3710 -0.0000 0.0000 0.0000
-0.3426 0.6038 0.1266 0.8007 10.5709 9.6758 -5.3762 0.7285 -11.5455 -5.3762 0.7285 -11.5455 -0.1746 11.3729 0.7648 -0.1746 11.3729 0.7648 45.8080 -10.6183 -24.8094 18.1659 -34.2193 -125.1098 7.5154 -0.4953 -7.5300 -1.5833 -0.8118 54.2876 -15.7543 -14.2747 84.2935 -8.8216 -2.0376 25.9652 -20.5097 -54.6470 -10.6801 94.8578 73.9041 -78.6272 -12.5450 51.0948 -28.1334 -0.0000 0.0000 0.0000 7.5670 -22.9339 1.5371 8.2383 68.7665 -5.6425 -6.5191 61.9524 -22.3046 -0.0000 0.0000 0.0000
-0.3448 0.5959 0.1329 0.7435 10.7135 9.1725 -5.3475 0.6924 -11.3719 -5.3475 0.6924 -11.3719 -0.3079 11.1199 0.8590 -0.3079 11.1199 0.8590 42.4896 -10.5239 -26.6544 11.7002 -24.0731 -128.6687 2.9246 -0.1549 -6.0611 0.3052 0.1641 56.5145 -12.2409 -10.7993 82.7914 -7.7268 -1.8938 27.5046 -21.3999 -54.9646 -11.2269 101.6767 72.4842 -83.9744 -11.8708 53.2121 -28.1917 -0.0000 0.0000 0.0000 7.8540 -22.5076 1.5652 6.8658 68.4104 -4.6699 -5.8399 64.6446 -23.9739 -0.0000 0.0000 0.0000
-0.3465 0.5927 0.1365 0.7215 10.6657 8.7054 -5.3852 0.6795 -11.2392 -5.3852 0.6795 -11.2392 -0.4518 10.9939 1.0004 -0.4518 10.9939 1.0004 38.8617 -10.2549 -28.5429 6.2490 -13.4140 -130.1997 1.2415 -0.0481 -4.4409 2.1326 1.1954 58.5392 -9.3257 -8.0385 81.4884 -6.7344 -1.7018 28.3338 -21.5990 -55.1093 -11.3679 107.9398 71.5366 -89.4487 -11.4473 54.9490 -28.6581 -0.0000 0.0000 0.0000 8.1795 -22.1179 1.6013 5.2845 68.2312 -3.5814 -5.6031 65.8326 -25.4421 -0.0000 0.0000 0.0000
-0.3480 0.5923 0.1382 0.7094 10.5216 8.3250 -5.4577 0.6839 -11.1320 -5.4577 0.6839 -11.1320 -0.6020 10.9156 1.1707 -0.6020 10.9156 1.1707 35.2084 -9.8623 -30.4234 1.5892 -3.3532 -129.2947 1.2503 -0.0376 -3.4435 4.0159 2.3600 60.8698 -7.1627 -5.8739 78.6842 -6.0082 -1.5770 29.3895 -21.1733 -55.0699 -11.1307 112.4181 71.1322 -93.7919 -11.2084 56.6391 -29.7090 -0.0000 0.0000 0.0000 8.5377 -21.7694 1.6447 3.6192 68.1305 -2.4476 -5.7310 66.0848 -26.6150 -0.0000 0.0000 0.0000
-0.3493 0.5934 0.1386 0.6991 10.3406 8.0383 -5.5278 0.6986 -11.0675 -5.5278 0.6986 -11.0675 -0.7277 10.7681 1.3162 -0.7277 10.7681 1.3162 31.8669 -9.4301 -32.2287 -2.3165 4.6573 -127.1276 1.8614 -0.0462 -2.8403 5.6840 3.5133 63.4143 -5.5872 -4.3565 75.8714 -5.4442 -1.4513 29.8338 -20.5311 -54.8770 -10.7438 115.4574 71.0298 -96.9949 -11.1250 58.0579 -31.1004 -0.0000 0.0000 0.0000 8.9309 -21.2529 1.6789 1.8025 67.7183 -1.2094 -6.0949 65.8158 -27.5552 -0.0000 0.0000 0.0000
-0.3503 0.5949 0.1382 0.7020 10.0756 7.8019 -5.5822 0.7194 -11.0896 -5.5822 0.7194 -11.0896 -0.7853 10.6031 1.3923 -0.7853 10.6031 1.3923 28.3857 -8.8583 -34.0564 -6.4172 11.8408 -123.2092 2.6417 -0.0771 -3.3408 7.1877 4.6733 66.0233 -3.9429 -2.8967 72.5957 -4.7371 -1.3067 30.8280 -19.8558 -54.5190 -10.3063 117.4338 71.0718 -99.2241 -11.3214 58.7580 -32.5325 -0.0000 0.0000 0.0000 9.2444 -20.7366 1.6949 0.2873 67.3337 -0.1914 -6.6930 65.0822 -28.3222 -0.0000 0.0000 0.0000
-0.3509 0.5963 0.1372 0.7329 9.6909 7.5852 -5.6121 0.7440 -11.2518 -5.6121 0.7440 -11.2518 -0.8412 10.5625 1.4924 -0.8412 10.5625 1.4924 24.6051 -8.0033 -35.5702 -10.9564 18.2411 -118.2930 3.0845 -0.1221 -4.5343 8.7420 5.9158 68.1178 -2.0944 -1.4581 69.6862 -3.5999 -1.0483 32.4630 -19.2112 -53.9493 -9.8463 118.8019 71.1584 -100.8417 -11.7071 58.5018 -33.2362 -0.0000 0.0000 0.0000 9.3632 -20.3583 1.6848 -0.5869 67.3081 0.3908 -7.5371 63.8648 -28.9728 -0.0000 0.0000 0.0000
-0.3512 0.5971 0.1357 0.8118 9.1443 7.3793 -5.6891 0.7871 -11.5236 -5.6891 0.7871 -11.5236 -0.8773 10.7152 1.6116 -0.8773 10.7152 1.6116 19.6140 -6.5597 -36.6840 -16.4272 24.3440 -112.4190 2.8172 -0.1487 -6.0407 10.6980 7.4030 69.2852 0.5732 0.3858 67.8897 -1.7278 -0.5332 34.2955 -18.7291 -53.3576 -9.4741 120.3781 71.2054 -102.6649 -12.2513 57.7255 -33.6628 -0.0000 0.0000 0.0000 9.3102 -20.0999 1.6535 -0.9731 67.7725 0.6536 -8.5822 62.1847 -29.5083 -0.0000 0.0000 0.0000
-0.3513 0.5972 0.1337 0.9286 8.5193 7.2006 -5.8454 0.8611 -11.8513 -5.8454 0.8611 -11.8513 -0.8851 10.9950 1.7648 -0.8851 10.9950 1.7648 13.4925 -4.5502 -37.1295 -22.5972 29.1023 -104.8282 1.8035 -0.1216 -7.7129 13.1852 9.2057 69.7220 3.4830 2.2717 66.2175 0.7382 0.2406 36.0961 -18.3399 -52.6971 -9.1424 121.7076 71.2797 -104.2503 -12.8668 56.6355 -33.8964 -0.0000 0.0000 0.0000 9.0860 -20.0757 1.6116 -0.8371 68.7677 0.5728 -9.7774 60.0860 -29.9828 -0.0000 0.0000 0.0000
-0.3509 0.5972 0.1317 1.0569 7.9828 7.1132 -6.0974 0.9703 -12.1243 -6.0974 0.9703 -12.1243 -0.8726 11.2857 1.9600 -0.8726 11.2857 1.9600 6.5874 -2.1854 -36.6738 -28.1872 31.6684 -96.9679 0.1799 -0.0148 -9.3987 16.1608 11.2197 69.3556 5.9506 3.7705 64.6908 3.2821 1.1119 37.4211 -18.0975 -52.1079 -8.9042 122.6073 71.3875 -105.3878 -13.4557 55.4462 -33.9926 -0.0000 0.0000 0.0000 8.7575 -20.2762 1.5689 -0.2782 69.9847 0.1948 -11.0571 57.6739 -30.4614 -0.0000 0.0000 0.0000
-0.3501 0.5976 0.1298 1.1906 7.6356 7.1413 -6.4151 1.1048 -12.2912 -6.4151 1.1048 -12.2912 -0.8461 11.4149 2.1602 -0.8461 11.4149 2.1602 -0.3417 0.1099 -35.6475 -32.4574 32.6590 -90.3747 -1.5588 0.1460 -10.7029 19.2373 13.1911 68.6089 7.8718 4.8769 63.5100 5.2474 1.7965 37.7766 -18.0970 -51.6376 -8.8119 122.9462 71.4638 -105.8534 -14.0004 54.2504 -34.0294 -0.0000 0.0000 0.0000 8.3966 -20.5064 1.5215 0.4458 70.9193 -0.3175 -12.3832 55.0474 -31.0053 -0.0000 0.0000 0.0000
-0.3493 0.5992 0.1284 1.3358 7.4151 7.2594 -6.7564 1.2489 -12.3851 -6.7564 1.2489 -12.3851 -0.8261 11.4032 2.3432 -0.8261 11.4032 2.3432 -6.2096 1.9061 -34.1009 -35.4728 32.9851 -85.5800 -3.4245 0.3531 -11.7706 22.2364 14.9351 67.4053 9.3400 5.7202 62.8996 6.7890 2.3183 37.6722 -18.2380 -51.2174 -8.7988 122.8126 71.5423 -105.7800 -14.5072 53.0316 -34.0089 -0.0000 0.0000 0.0000 8.0161 -20.6997 1.4663 1.2542 71.5637 -0.9040 -13.7957 52.1066 -31.6281 -0.0000 0.0000 0.0000
-0.3483 0.6026 0.1277 1.4907 7.2773 7.4448 -7.0555 1.3791 -12.4486 -7.0555 1.3791 -12.4486 -0.8535 11.3375 2.5062 -0.8535 11.3375 2.5062 -10.5185 3.0534 -32.2963 -37.9574 33.1700 -81.7851 -5.2163 0.5811 -12.7045 24.9767 16.3063 65.7946 10.5380 6.4743 63.0411 7.9483 2.6880 37.3205 -18.4455 -50.8211 -8.8217 122.3588 71.6388 -105.3592 -14.9844 51.7448 -33.9159 -0.0000 0.0000 0.0000 7.6271 -20.8995 1.4087 2.1145 72.0519 -1.5378 -15.3217 48.7536 -32.3365 -0.0000 0.0000 0.0000
-0.3474 0.6079 0.1278 1.6502 7.2047 7.6346 -7.2994 1.4826 -12.4552 -7.2994 1.4826 -12.4552 -0.9168 11.2316 2.6055 -0.9168 11.2316 2.6055 -13.5353 3.7147 -30.5672 -40.1834 33.2993 -78.5374 -6.9115 0.8204 -13.5227 27.3553 17.3013 64.0242 11.7772 7.3368 63.7323 8.8023 2.9316 36.7805 -18.6389 -50.4844 -8.8483 121.7161 71.7977 -104.7887 -15.4361 50.3446 -33.7347 -0.0000 0.0000 0.0000 7.2842 -20.7687 1.3366 2.5566 71.9594 -1.8562 -16.9217 45.0453 -33.1168 -0.0000 0.0000 0.0000
-0.3466 0.6148 0.1285 1.8175 7.0672 7.7571 -7.4973 1.5542 -12.3984 -7.4973 1.5542 -12.3984 -0.9948 11.2309 2.6347 -0.9948 11.2309 2.6347 -15.5138 3.9517 -28.4243 -42.7106 33.5758 -75.3067 -8.5572 1.0693 -14.2200 30.0694 18.1820 61.5673 13.4417 8.5624 64.8521 9.8544 3.2053 35.9617 -18.7116 -50.1957 -8.8255 121.4466 72.0241 -104.7131 -15.8781 48.7331 -33.4458 -0.0000 0.0000 0.0000 7.0208 -20.1731 1.2504 2.3673 71.2714 -1.6971 -18.5452 41.0083 -33.9067 -0.0000 0.0000 0.0000
-0.3458 0.6229 0.1297 1.9853 6.8450 7.7859 -7.6653 1.5948 -12.2650 -7.6653 1.5948 -12.2650 -1.0739 11.3507 2.6081 -1.0739 11.3507 2.6081 -17.0293 3.9217 -25.7622 -45.7740 33.9543 -71.7483 -10.2098 1.3319 -14.8261 33.6447 19.0950 58.1747 15.7460 10.2411 65.8883 11.3029 3.5474 34.7531 -18.6756 -50.0250 -8.7743 121.8799 72.2880 -105.4722 -16.3002 46.9170 -33.0650 -0.0000 0.0000 0.0000 6.8506 -19.2091 1.1606 1.6153 70.1291 -1.1338 -20.1454 36.6624 -34.6521 -0.0000 0.0000 0.0000
-0.3451 0.6312 0.1306 2.1466 6.5732 7.7300 -7.7938 1.6056 -12.0708 -7.7938 1.6056 -12.0708 -1.1586 11.5714 2.5448 -1.1586 11.5714 2.5448 -18.3050 3.7566 -23.0106 -49.1300 34.2045 -67.8909 -11.7613 1.5841 -15.2893 37.8528 19.9265 54.2528 18.3989 12.0813 66.3216 13.1501 3.9635 33.4194 -18.5655 -49.9824 -8.7135 123.1033 72.5377 -107.1159 -16.7033 44.8846 -32.6150 -0.0000 0.0000 0.0000 6.7570 -18.0760 1.0760 0.5499 68.7533 -0.3762 -21.6811 32.0423 -35.3184 -0.0000 0.0000 0.0000
-0.3445 0.6385 0.1309 2.2977 6.2835 7.6270 -7.8686 1.5946 -11.8853 -7.8686 1.5946 -11.8853 -1.2506 11.8684 2.4670 -1.2506 11.8684 2.4670 -19.4272 3.5186 -20.3454 -52.1994 34.2573 -64.3477 -13.1668 1.8020 -15.5193 42.0606 20.5046 50.3884 20.9825 13.7521 66.1440 15.2206 4.4032 32.1047 -18.4305 -50.0137 -8.6554 124.8525 72.7308 -109.3117 -17.0819 42.6763 -32.1309 -0.0000 0.0000 0.0000 6.6872 -17.0570 1.0039 -0.4858 67.5331 0.3248 -23.1408 27.1607 -35.9055 -0.0000 0.0000 0.0000
-0.3440 0.6442 0.1301 2.4274 6.0300 7.5646 -7.8860 1.5715 -11.7542 -7.8860 1.5715 -11.7542 -1.3452 12.1594 2.3674 -1.3452 12.1594 2.3674 -20.8064 3.2553 -17.5962 -55.2634 34.1950 -60.8751 -14.4714 1.9809 -15.5081 45.9078 20.7176 46.6895 23.8120 15.4615 65.5511 17.1232 4.7381 30.7313 -18.3868 -50.1586 -8.6630 126.9732 72.7820 -111.8136 -17.4195 40.3724 -31.6336 -0.0000 0.0000 0.0000 6.5948 -16.5477 0.9600 -1.1711 66.9836 0.7749 -24.5477 22.0601 -36.4676 -0.0000 0.0000 0.0000
-0.3435 0.6484 0.1283 2.5315 5.8633 7.6273 -7.8564 1.5413 -11.6806 -7.8564 1.5413 -11.6806 -1.4209 12.3982 2.2233 -1.4209 12.3982 2.2233 -22.5802 2.9764 -14.8291 -59.2020 34.1375 -56.7799 -15.5591 2.0887 -15.2002 49.0011 20.5705 43.4226 27.0928 17.2968 64.5274 18.4744 4.8928 29.4385 -18.4920 -50.2433 -8.7300 128.4093 72.7378 -113.4459 -17.7150 38.1130 -31.1785 -0.0000 0.0000 0.0000 6.4773 -16.4252 0.9358 -1.4778 66.8824 0.9760 -25.8942 16.9370 -37.0387 -0.0000 0.0000 0.0000
-0.3431 0.6519 0.1256 2.5698 5.8170 7.8752 -7.7500 1.5044 -11.6817 -7.7500 1.5044 -11.6817 -1.4819 12.6581 2.0354 -1.4819 12.6581 2.0354 -24.7983 2.5959 -11.7679 -64.0991 33.7613 -51.7184 -16.7327 2.1863 -14.7855 51.8766 20.0441 39.9353 31.0542 19.3561 63.0847 19.5365 4.9628 28.2579 -18.5086 -49.6680 -8.6244 126.8386 72.9233 -111.7946 -17.9853 36.0453 -30.8319 -0.0000 0.0000 0.0000 6.3831 -16.7757 0.9421 -1.3654 67.1344 0.9060 -27.1700 12.0371 -37.6421 -0.0000 0.0000 0.0000
-0.3427 0.6559 0.1225 2.4740 5.9537 8.2969 -7.5341 1.4612 -11.7188 -7.5341 1.4612 -11.7188 -1.5493 12.8808 1.8269 -1.5493 12.8808 1.8269 -27.2712 2.1142 -8.6994 -69.4360 32.6274 -45.7985 -18.0574 2.3247 -14.5534 54.6443 19.1331 36.1351 35.4701 21.3546 61.0416 20.4684 5.0237 27.3135 -18.2928 -48.4716 -8.2910 121.9955 73.3212 -106.6425 -18.2320 34.1797 -30.5722 -0.0000 0.0000 0.0000 6.4223 -17.4335 0.9857 -1.0169 67.1634 0.6752 -28.2957 7.6601 -38.2093 -0.0000 0.0000 0.0000
-0.3424 0.6616 0.1195 2.2368 6.2348 8.8064 -7.2194 1.4081 -11.7363 -7.2194 1.4081 -11.7363 -1.6182 13.0026 1.5976 -1.6182 13.0026 1.5976 -29.6282 1.6670 -6.2970 -73.7498 30.7100 -40.2122 -19.5677 2.5275 -14.5803 57.0295 18.0207 32.5418 39.5393 22.8307 58.6520 21.5306 5.1635 26.6826 -17.8851 -47.1968 -7.8649 116.3079 73.5897 -100.5842 -18.4725 32.2716 -30.3284 -0.0000 0.0000 0.0000 6.6750 -17.9548 1.0557 -0.8418 66.3918 0.5508 -29.1733 3.9122 -38.6126 -0.0000 0.0000 0.0000
-0.3421 0.6693 0.1172 1.8712 6.6206 9.3033 -6.8215 1.3478 -11.7414 -6.8215 1.3478 -11.7414 -1.6951 12.9673 1.3541 -1.6951 12.9673 1.3541 -31.4470 1.4092 -5.0027 -76.1949 28.7716 -36.2307 -20.8228 2.7618 -14.9484 58.6674 17.0620 29.8918 42.0758 23.5541 56.9216 22.4435 5.3157 26.3385 -17.3877 -46.3902 -7.4976 112.2769 73.6464 -96.2675 -18.6981 30.1654 -30.0397 -0.0000 0.0000 0.0000 7.1729 -17.9833 1.1365 -1.1475 64.4937 0.7239 -29.7289 0.7561 -38.7400 -0.0000 0.0000 0.0000
-0.3419 0.6788 0.1160 1.4202 7.0942 9.6981 -6.3857 1.2860 -11.7288 -6.3857 1.2860 -11.7288 -1.8133 12.7266 1.1466 -1.8133 12.7266 1.1466 -32.7671 1.3286 -4.5167 -77.2857 27.3068 -33.8001 -21.5503 2.9975 -15.6561 59.7245 16.3686 28.1261 43.2343 23.8256 56.0595 23.0605 5.4098 26.0784 -17.0196 -46.6124 -7.3762 112.3197 73.5209 -96.1835 -18.8981 27.7514 -29.6691 -0.0000 0.0000 0.0000 7.8477 -17.4963 1.2095 -1.8948 61.6688 1.1311 -29.9700 -1.9958 -38.5649 -0.0000 0.0000 0.0000
-0.3417 0.6890 0.1161 0.9351 7.6627 9.9856 -5.9558 1.2282 -11.6971 -5.9558 1.2282 -11.6971 -1.9721 12.3193 1.0091 -1.9721 12.3193 1.0091 -33.7436 1.3088 -4.3134 -77.9640 26.2646 -32.1634 -21.8641 3.2003 -16.4590 60.3392 15.9308 27.0684 43.7116 23.8913 55.6197 23.3075 5.4398 25.9425 -16.7524 -47.4796 -7.4103 114.3734 73.3527 -98.2285 -19.0545 25.2130 -29.2521 -0.0000 0.0000 0.0000 8.5600 -16.4776 1.2417 -2.7958 58.1179 1.5537 -29.9555 -4.5007 -38.1345 -0.0000 0.0000 0.0000
-0.3416 0.6990 0.1172 0.4268 8.3702 10.1927 -5.5178 1.1751 -11.6803 -5.5178 1.1751 -11.6803 -2.1797 11.8120 0.9611 -2.1797 11.8120 0.9611 -34.5324 1.3019 -4.1868 -78.3801 25.6226 -31.1697 -21.9948 3.3731 -17.2310 60.7479 15.7401 26.5414 43.6446 23.8087 55.5314 23.3890 5.4622 25.9555 -16.3133 -48.1924 -7.3357 114.7288 73.3991 -98.6630 -19.1550 22.7857 -28.8277 -0.0000 0.0000 0.0000 9.2502 -15.1363 1.2316 -3.6979 54.0828 1.8880 -29.7156 -6.7862 -37.4818 -0.0000 0.0000 0.0000
-0.3414 0.7077 0.1193 -0.0854 9.1646 10.3312 -5.0795 1.1285 -11.6691 -5.0795 1.1285 -11.6691 -2.4175 11.2589 0.9772 -2.4175 11.2589 0.9772 -35.3499 1.2707 -3.9863 -78.5587 25.0829 -30.4310 -22.2402 3.5611 -17.9745 61.2257 15.7388 26.2963 43.3332 23.5437 55.3605 23.5120 5.5438 26.1937 -15.6837 -48.6288 -7.1216 113.0910 73.6912 -97.1903 -19.1931 20.4984 -28.3845 -0.0000 0.0000 0.0000 9.8699 -13.7258 1.1908 -4.4834 49.9477 2.0890 -29.3033 -8.8860 -36.6656 -0.0000 0.0000 0.0000
-0.3413 0.7146 0.1218 -0.5356 9.8941 10.4183 -4.6847 1.0854 -11.6384 -4.6847 1.0854 -11.6384 -2.6275 10.7239 0.9975 -2.6275 10.7239 0.9975 -36.2334 1.2182 -3.7223 -78.3363 24.5281 -29.8808 -22.7626 3.7422 -18.4364 61.8598 15.7882 26.0583 43.1349 23.1648 54.8139 23.8522 5.7025 26.5369 -14.9280 -48.7788 -6.7989 110.2799 74.1364 -94.6418 -19.1787 18.2550 -27.9100 -0.0000 0.0000 0.0000 10.3692 -12.3678 1.1265 -5.1245 46.1487 2.1843 -28.8110 -10.8735 -35.7865 -0.0000 0.0000 0.0000
-0.3411 0.7195 0.1242 -0.9141 10.5233 10.4472 -4.3345 1.0462 -11.6228 -4.3345 1.0462 -11.6228 -2.7987 10.2357 1.0216 -2.7987 10.2357 1.0216 -37.0635 1.1725 -3.4967 -77.6417 23.9893 -29.5826 -23.3634 3.8993 -18.6990 62.6013 15.8481 25.7880 43.1677 22.7234 53.8553 24.3708 5.9122 26.8980 -13.9750 -48.5227 -6.3236 106.0063 74.7245 -90.7589 -19.1117 16.0134 -27.3940 -0.0000 0.0000 0.0000 10.7545 -11.2764 1.0648 -5.6536 43.0279 2.2301 -28.3019 -12.8162 -34.9101 -0.0000 0.0000 0.0000
-0.3408 0.7225 0.1262 -1.2259 11.0401 10.4326 -4.0317 1.0111 -11.6209 -4.0317 1.0111 -11.6209 -2.9362 9.7838 1.0757 -2.9362 9.7838 1.0757 -37.8156 1.1650 -3.4002 -76.5748 23.5163 -29.5432 -23.8833 4.0389 -18.9310 63.3714 15.9551 25.5826 43.1485 22.1967 52.7721 24.8836 6.1295 27.2811 -12.8648 -47.8844 -5.7315 100.4464 75.3470 -85.6934 -19.0052 13.7304 -26.8466 -0.0000 0.0000 0.0000 10.9989 -10.7806 1.0410 -5.9858 41.0505 2.2428 -27.8841 -14.8162 -34.1520 -0.0000 0.0000 0.0000
-0.3405 0.7239 0.1272 -1.4994 11.4985 10.4012 -3.7662 0.9808 -11.6232 -3.7662 0.9808 -11.6232 -3.0308 9.3605 1.1666 -3.0308 9.3605 1.1666 -38.5287 1.2051 -3.4472 -75.2886 23.1018 -29.6808 -24.3556 4.1787 -19.1909 64.0658 16.0876 25.4558 43.0118 21.6403 51.7516 25.2999 6.3423 27.7326 -11.6262 -46.9058 -5.0580 93.3659 75.8999 -79.1880 -18.8596 11.4321 -26.2727 -0.0000 0.0000 0.0000 11.1218 -10.8197 1.0565 -6.1239 40.0281 2.2324 -27.5654 -16.8483 -33.5228 -0.0000 0.0000 0.0000
-0.3402 0.7245 0.1265 -1.7505 11.9107 10.3691 -3.5314 0.9565 -11.6230 -3.5314 0.9565 -11.6230 -3.0947 8.9900 1.2836 -3.0947 8.9900 1.2836 -39.2454 1.2720 -3.5666 -73.9335 22.7342 -29.9101 -24.7090 4.3055 -19.4765 64.7366 16.2229 25.3453 42.6244 21.0548 50.9406 25.6024 6.5308 28.1910 -10.2952 -45.5155 -4.3284 83.7668 76.1988 -70.2227 -18.6458 9.2685 -25.6544 -0.0000 0.0000 0.0000 11.1579 -11.0286 1.0806 -6.1119 39.3690 2.1883 -27.2723 -18.7873 -32.9474 -0.0000 0.0000 0.0000
-0.3396 0.7246 0.1248 -1.9709 12.2365 10.3187 -3.3343 0.9379 -11.6138 -3.3343 0.9379 -11.6138 -3.1257 8.6885 1.3773 -3.1257 8.6885 1.3773 -40.0248 1.3151 -3.6096 -72.7728 22.2795 -29.9219 -25.0685 4.4208 -19.6982 65.5132 16.2931 25.0874 42.2883 20.4504 50.0090 25.8754 6.7181 28.6645 -8.9992 -43.9786 -3.6402 73.3207 76.1090 -60.4547 -18.3562 7.2301 -24.9764 -0.0000 0.0000 0.0000 11.1144 -11.2423 1.0973 -5.9764 38.8861 2.1114 -26.9772 -20.6171 -32.3925 -0.0000 0.0000 0.0000
-0.3391 0.7239 0.1231 -2.1657 12.4566 10.3163 -3.1785 0.9269 -11.5909 -3.1785 0.9269 -11.5909 -3.1253 8.4773 1.4305 -3.1253 8.4773 1.4305 -40.8430 1.3255 -3.5591 -71.7588 21.7516 -29.7509 -25.4093 4.4977 -19.7623 66.4210 16.2095 24.5450 42.1136 19.8924 48.9763 26.2486 6.9157 29.0582 -7.5155 -41.4588 -2.8478 58.1608 74.8412 -46.1016 -17.8766 5.8107 -24.1473 -0.0000 0.0000 0.0000 11.0190 -11.3096 1.0944 -5.7236 38.3559 1.9921 -26.6873 -22.2486 -31.8742 -0.0000 0.0000 0.0000
-0.3385 0.7237 0.1224 -2.3569 12.6390 10.3788 -3.0425 0.9221 -11.5718 -3.0425 0.9221 -11.5718 -3.1303 8.3343 1.4798 -3.1303 8.3343 1.4798 -41.6414 1.2980 -3.4123 -70.7634 21.2373 -29.5763 -25.6561 4.5175 -19.6541 67.4212 15.9709 23.7481 42.0687 19.3553 47.8302 26.8196 7.1353 29.3107 -5.9007 -37.9748 -2.0319 42.4789 71.6621 -31.3521 -17.2896 4.7170 -23.2302 -0.0000 0.0000 0.0000 10.8982 -11.3177 1.0831 -5.3810 37.7906 1.8430 -26.4141 -23.6878 -31.4026 -0.0000 0.0000 0.0000
-0.3378 0.7253 0.1233 -2.5484 12.7821 10.5192 -2.9205 0.9238 -11.5731 -2.9205 0.9238 -11.5731 -3.1385 8.2270 1.5324 -3.1385 8.2270 1.5324 -42.3456 1.2447 -3.2129 -69.7983 20.7950 -29.4738 -25.7472 4.4708 -19.3847 68.3922 15.6404 22.8536 42.0440 18.8438 46.7092 27.4628 7.3425 29.4255 -4.2909 -33.7557 -1.3024 30.2566 66.5899 -20.1362 -16.4478 4.6829 -22.1080 -0.0000 0.0000 0.0000 10.7738 -11.2908 1.0681 -4.9598 37.2216 1.6711 -26.2414 -24.9807 -31.0688 -0.0000 0.0000 0.0000
-0.3371 0.7292 0.1261 -2.7457 12.9049 10.7570 -2.8017 0.9318 -11.6187 -2.8017 0.9318 -11.6187 -3.1474 8.1233 1.5874 -3.1474 8.1233 1.5874 -43.0479 1.2182 -3.0883 -68.5732 20.4347 -29.6155 -25.6987 4.4021 -19.1286 69.2293 15.3216 22.0546 41.8817 18.3702 45.8121 28.0973 7.5153 29.4132 -2.9469 -29.7619 -0.7832 22.7062 61.0215 -13.4959 -15.5000 5.5024 -20.9376 -0.0000 0.0000 0.0000 10.6370 -11.3262 1.0578 -4.4587 36.7276 1.4807 -26.0781 -25.9954 -30.7772 -0.0000 0.0000 0.0000
-0.3364 0.7352 0.1304 -2.9509 12.9944 11.1125 -2.6834 0.9481 -11.7217 -2.6834 0.9481 -11.7217 -3.1540 8.0213 1.6347 -3.1540 8.0213 1.6347 -43.8378 1.2438 -3.0904 -66.8850 20.1034 -30.0473 -25.5225 4.3253 -18.9326 69.9755 15.0453 21.3699 41.5780 17.9127 45.0902 28.5964 7.6367 29.3493 -1.9036 -26.2376 -0.4437 18.2566 55.8662 -9.7391 -14.6258 6.7870 -19.9054 -0.0000 0.0000 0.0000 10.5019 -11.3895 1.0502 -3.9519 36.2860 1.2954 -25.7514 -26.7660 -30.3220 -0.0000 0.0000 0.0000
-0.3355 0.7426 0.1358 -3.1556 13.0285 11.5541 -2.5689 0.9734 -11.8780 -2.5689 0.9734 -11.8780 -3.1561 7.9268 1.6616 -3.1561 7.9268 1.6616 -44.8202 1.3007 -3.1535 -64.8102 19.6382 -30.5037 -25.4199 4.2809 -18.8183 70.6940 14.7817 20.7280 41.3109 17.4743 44.3588 28.9295 7.7220 29.3228 -1.1642 -23.5350 -0.2425 15.8663 52.0161 -7.7791 -14.0062 7.7935 -19.1762 -0.0000 0.0000 0.0000 10.3915 -11.4206 1.0419 -3.5585 35.8940 1.1529 -25.1996 -27.4706 -29.6141 -0.0000 0.0000 0.0000
-0.3346 0.7504 0.1418 -3.3699 13.0133 12.1245 -2.4520 1.0097 -12.0949 -2.4520 1.0097 -12.0949 -3.1575 7.8484 1.6740 -3.1575 7.8484 1.6740 -45.9586 1.3998 -3.3003 -62.3455 19.1085 -31.0955 -25.4130 4.2755 -18.8003 71.4553 14.5238 20.0918 41.0473 17.0807 43.7161 29.1651 7.8009 29.3713 -0.5202 -20.9075 -0.0960 14.1753 48.3589 -6.3906 -13.5964 8.3607 -18.6794 -0.0000 0.0000 0.0000 10.3179 -11.5080 1.0425 -3.2988 35.6139 1.0598 -24.4943 -28.5066 -28.7010 -0.0000 0.0000 0.0000
-0.3335 0.7574 0.1479 -3.5918 12.9740 12.7843 -2.3316 1.0530 -12.3452 -2.3316 1.0530 -12.3452 -3.1653 7.7841 1.6856 -3.1653 7.7841 1.6856 -47.1537 1.5394 -3.5265 -59.7164 18.5383 -31.7408 -25.5095 4.2974 -18.8224 72.2520 14.2801 19.4764 40.7323 16.7301 43.2174 29.3435 7.8874 29.5037 0.0129 -18.7120 0.0021 13.1247 45.3603 -5.5047 -13.4822 7.7712 -18.4623 -0.0000 0.0000 0.0000 10.2957 -11.7271 1.0602 -3.1703 35.5456 1.0164 -23.7596 -29.8267 -27.7347 -0.0000 0.0000 0.0000
-0.3326 0.7621 0.1536 -3.8052 12.9219 13.4532 -2.2131 1.0969 -12.5976 -2.2131 1.0969 -12.5976 -3.1839 7.7348 1.7044 -3.1839 7.7348 1.7044 -48.2934 1.6927 -3.7746 -57.2301 17.9502 -32.2914 -25.6677 4.3170 -18.7881 73.0613 14.0734 18.9201 40.3138 16.3914 42.8462 29.5147 7.9830 29.6734 0.4277 -17.1169 0.0644 12.4939 43.0823 -4.9484 -13.4158 7.1552 -18.3092 -0.0000 0.0000 0.0000 10.3166 -12.0864 1.0951 -3.1133 35.7227 1.0035 -23.2113 -31.1862 -26.9874 -0.0000 0.0000 0.0000
-0.3319 0.7655 0.1586 -3.9969 12.8663 14.0724 -2.1018 1.1358 -12.8306 -2.1018 1.1358 -12.8306 -3.2073 7.6990 1.7261 -3.2073 7.6990 1.7261 -49.3771 1.8628 -4.0508 -54.9036 17.3527 -32.7397 -25.8015 4.3357 -18.7690 73.8495 13.9320 18.4693 39.7283 16.0228 42.5680 29.7100 8.0721 29.7937 0.7039 -16.1867 0.1001 12.1717 41.4473 -4.6200 -13.3004 6.6226 -18.0998 -0.0000 0.0000 0.0000 10.3669 -12.4241 1.1315 -3.0786 35.8286 0.9954 -22.7626 -32.1799 -26.3902 -0.0000 0.0000 0.0000
-0.3313 0.7680 0.1623 -4.1556 12.8145 14.5871 -2.0067 1.1661 -13.0197 -2.0067 1.1661 -13.0197 -3.2264 7.6741 1.7455 -3.2264 7.6741 1.7455 -50.4691 2.0407 -4.3283 -52.7592 16.6771 -32.9281 -25.9177 4.3475 -18.7332 74.6852 13.8394 18.0761 38.9689 15.5344 42.1647 29.9647 8.1578 29.8411 0.8865 -15.6869 0.1221 12.0783 40.3206 -4.4487 -13.1510 6.3565 -17.8720 -0.0000 0.0000 0.0000 10.4547 -12.6022 1.1576 -3.0563 35.6788 0.9838 -22.3731 -32.6142 -25.9084 -0.0000 0.0000 0.0000
-0.3308 0.7701 0.1644 -4.2692 12.7617 14.9561 -1.9350 1.1880 -13.1564 -1.9350 1.1880 -13.1564 -3.2328 7.6668 1.7538 -3.2328 7.6668 1.7538 -51.6654 2.2266 -4.5973 -50.6995 15.8796 -32.8077 -26.0293 4.3651 -18.7258 75.5288 13.8033 17.7610 38.0423 14.9430 41.6557 30.2223 8.2215 29.8079 1.0028 -15.4104 0.1357 12.0975 39.5131 -4.3591 -13.0268 6.2081 -17.6901 -0.0000 0.0000 0.0000 10.5533 -12.5382 1.1626 -3.0415 35.1578 0.9638 -22.0234 -32.5304 -25.5134 -0.0000 0.0000 0.0000
-0.3304 0.7715 0.1645 -4.3290 12.6922 15.1366 -1.8923 1.2000 -13.2373 -1.8923 1.2000 -13.2373 -3.2518 7.6829 1.7647 -3.2518 7.6829 1.7647 -52.9020 2.3880 -4.7978 -48.8463 15.0518 -32.4423 -26.1417 4.3966 -18.7764 76.4237 13.7889 17.4637 37.0472 14.2858 41.0137 30.5427 8.2822 29.7035 1.0799 -15.2202 0.1443 12.1551 38.9905 -4.3174 -12.9379 6.0565 -17.5558 -0.0000 0.0000 0.0000 10.6545 -12.2122 1.1430 -3.0441 34.4291 0.9434 -21.8624 -32.1444 -25.3583 -0.0000 0.0000 0.0000
-0.3299 0.7726 0.1641 -4.3396 12.5976 15.1330 -1.8772 1.2025 -13.2722 -1.8772 1.2025 -13.2722 -3.2790 7.7076 1.7753 -3.2790 7.7076 1.7753 -54.0946 2.5072 -4.9084 -47.2855 14.2734 -31.9217 -26.2570 4.4401 -18.8741 77.3222 13.7778 17.1752 36.0971 13.6754 40.4056 30.8482 8.3305 29.5728 1.1488 -14.9954 0.1512 12.1812 38.6465 -4.2855 -12.9346 5.9973 -17.5458 -0.0000 0.0000 0.0000 10.7594 -11.6398 1.0999 -3.0544 33.6593 0.9241 -21.8907 -31.3885 -25.4497 -0.0000 0.0000 0.0000
-0.3295 0.7734 0.1637 -4.3120 12.4828 14.9777 -1.8828 1.1947 -13.2767 -1.8828 1.1947 -13.2767 -3.3127 7.7307 1.7858 -3.3127 7.7307 1.7858 -55.1499 2.5691 -4.9172 -46.0725 13.6082 -31.3478 -26.2800 4.4592 -18.9371 78.1781 13.7714 16.9106 35.2215 13.1507 39.9154 31.0905 8.3534 29.4188 1.2226 -14.7566 0.1583 12.1098 38.4564 -4.2376 -12.8566 6.2525 -17.4649 -0.0000 0.0000 0.0000 10.8734 -10.9447 1.0448 -3.1009 32.9773 0.9181 -22.1921 -30.4700 -25.8704 -0.0000 0.0000 0.0000
-0.3293 0.7742 0.1639 -4.2690 12.3547 14.7663 -1.8997 1.1814 -13.2711 -1.8997 1.1814 -13.2711 -3.3349 7.7368 1.7827 -3.3349 7.7368 1.7827 -56.0208 2.5990 -4.8837 -45.1180 13.0786 -30.8524 -26.1449 4.4418 -18.9638 78.9125 13.7897 16.7161 34.4252 12.7414 39.6385 31.1574 8.3165 29.2307 1.3327 -14.3847 0.1682 11.8731 38.1255 -4.1158 -12.6598 6.6019 -17.2322 -0.0000 0.0000 0.0000 11.0058 -10.1900 0.9843 -3.2314 32.2069 0.9331 -22.5502 -29.6872 -26.3482 -0.0000 0.0000 0.0000
-0.3293 0.7752 0.1650 -4.2365 12.2338 14.6105 -1.9145 1.1662 -13.2791 -1.9145 1.1662 -13.2791 -3.3364 7.7193 1.7557 -3.3364 7.7193 1.7557 -56.7094 2.6310 -4.8730 -44.3330 12.6488 -30.4370 -25.8233 4.3675 -18.8878 79.5143 13.8674 16.6336 33.6004 12.3812 39.5226 31.0538 8.2298 29.0348 1.4804 -13.8961 0.1804 11.5692 37.6372 -3.9546 -12.2385 6.6972 -16.6713 -0.0000 0.0000 0.0000 11.1454 -9.5862 0.9375 -3.3824 31.4376 0.9522 -22.8067 -29.2374 -26.6825 -0.0000 0.0000 0.0000
-0.3293 0.7762 0.1667 -4.2257 12.1315 14.5566 -1.9216 1.1534 -13.3122 -1.9216 1.1534 -13.3122 -3.3099 7.6837 1.7061 -3.3099 7.6837 1.7061 -57.2785 2.6877 -4.9194 -43.5687 12.2579 -30.0783 -25.3513 4.2448 -18.7138 79.9410 14.0075 16.6760 32.7626 12.0502 39.5016 30.7876 8.1071 28.8678 1.6695 -13.3170 0.1949 11.2215 36.9914 -3.7644 -11.7217 6.2946 -15.9364 -0.0000 0.0000 0.0000 11.2961 -9.1947 0.9113 -3.5616 30.6490 0.9763 -22.8332 -29.2631 -26.7111 -0.0000 0.0000 0.0000
-0.3296 0.7771 0.1690 -4.2382 12.0399 14.6157 -1.9228 1.1462 -13.3739 -1.9228 1.1462 -13.3739 -3.2748 7.6523 1.6524 -3.2748 7.6523 1.6524 -57.7525 2.7470 -4.9789 -42.8355 11.8890 -29.7330 -24.8415 4.1071 -18.4935 80.2543 14.1511 16.7543 31.9282 11.6930 39.3891 30.5059 7.9991 28.7623 1.9201 -12.6521 0.2129 10.8203 36.2234 -3.5485 -10.9683 5.3365 -14.8403 -0.0000 0.0000 0.0000 11.5223 -8.7460 0.8841 -3.8286 29.7328 1.0167 -22.6769 -29.7142 -26.4925 -0.0000 0.0000 0.0000
-0.3299 0.7778 0.1713 -4.2680 11.9523 14.7698 -1.9230 1.1469 -13.4630 -1.9230 1.1469 -13.4630 -3.2289 7.6342 1.5949 -3.2289 7.6342 1.5949 -58.1950 2.8062 -5.0400 -42.0520 11.5135 -29.3922 -24.3899 3.9904 -18.3142 80.4918 14.2705 16.8251 31.0606 11.2935 39.1712 30.2358 7.9297 28.7785 2.2156 -11.9660 0.2322 10.4162 35.4520 -3.3377 -10.1065 3.8996 -13.5758 -0.0000 0.0000 0.0000 11.8386 -8.0952 0.8407 -4.1770 28.6519 1.0672 -22.4322 -30.3466 -26.1578 -0.0000 0.0000 0.0000
-0.3302 0.7781 0.1736 -4.2991 11.8599 14.9533 -1.9248 1.1522 -13.5716 -1.9248 1.1522 -13.5716 -3.1801 7.6463 1.5429 -3.1801 7.6463 1.5429 -58.6437 2.8464 -5.0654 -41.2018 11.1211 -29.0409 -24.0355 3.9060 -18.2010 80.6911 14.3520 16.8622 30.1677 10.8562 38.8416 30.0211 7.8919 28.8522 2.5385 -11.3356 0.2520 9.9936 34.7650 -3.1356 -9.2202 2.2443 -12.2843 -0.0000 0.0000 0.0000 12.2250 -7.2578 0.7783 -4.5884 27.4782 1.1224 -22.3572 -31.0586 -26.0138 -0.0000 0.0000 0.0000
-0.3306 0.7783 0.1753 -4.3220 11.7480 15.1486 -1.9317 1.1627 -13.6934 -1.9317 1.1627 -13.6934 -3.1202 7.6882 1.4941 -3.1202 7.6882 1.4941 -59.1175 2.8509 -5.0247 -40.2907 10.6991 -28.6386 -23.7774 3.8522 -18.1515 80.8437 14.3890 16.8606 29.2680 10.4056 38.4498 29.8430 7.8626 28.9214 2.8604 -10.8233 0.2710 9.5562 34.2203 -2.9479 -8.3706 0.7510 -11.0725 -0.0000 0.0000 0.0000 12.6254 -6.3894 0.7076 -5.0170 26.3311 1.1743 -22.3868 -31.8322 -25.9860 -0.0000 0.0000 0.0000
-0.3309 0.7784 0.1764 -4.3409 11.6302 15.3693 -1.9327 1.1739 -13.8283 -1.9327 1.1739 -13.8283 -3.0635 7.7447 1.4506 -3.0635 7.7447 1.4506 -59.5489 2.9013 -5.0690 -39.2810 10.2808 -28.2956 -23.5333 3.8139 -18.1625 80.9328 14.4051 16.8531 28.3223 9.9299 37.9969 29.7050 7.8561 29.0332 3.1717 -10.4101 0.2890 9.1201 33.7521 -2.7720 -7.4432 -0.6719 -9.7804 -0.0000 0.0000 0.0000 12.9498 -5.8427 0.6637 -5.3338 25.5394 1.2097 -22.4582 -32.5556 -26.0107 -0.0000 0.0000 0.0000
-0.3312 0.7787 0.1763 -4.3506 11.5593 15.5026 -1.9180 1.1761 -13.9545 -1.9180 1.1761 -13.9545 -3.0213 7.7814 1.4229 -3.0213 7.7814 1.4229 -59.9163 3.0174 -5.2326 -38.1676 9.8543 -27.9842 -23.2204 3.7759 -18.2294 80.9813 14.4405 16.8802 27.3719 9.4363 37.4459 29.6519 7.8915 29.2110 3.4339 -10.1953 0.3064 8.6576 33.3842 -2.6006 -6.5716 -1.8325 -8.5892 -0.0000 0.0000 0.0000 13.1792 -5.5963 0.6470 -5.5887 24.9772 1.2388 -22.5466 -33.0753 -26.0711 -0.0000 0.0000 0.0000
-0.3315 0.7792 0.1750 -4.3548 11.5589 15.5288 -1.8837 1.1662 -14.0579 -1.8837 1.1662 -14.0579 -2.9975 7.7843 1.4089 -2.9975 7.7843 1.4089 -60.2282 3.1910 -5.4989 -36.9033 9.3896 -27.6548 -22.7937 3.7331 -18.3673 81.0092 14.5054 16.9475 26.3979 8.9313 36.8359 29.6699 7.9653 29.4553 3.6537 -10.1288 0.3239 8.1320 33.0222 -2.4142 -5.7216 -2.8424 -7.4443 -0.0000 0.0000 0.0000 13.3570 -5.4497 0.6386 -5.8482 24.3865 1.2648 -22.6142 -33.4608 -26.1182 -0.0000 0.0000 0.0000
-0.3318 0.7798 0.1726 -4.3447 11.6317 15.3773 -1.8404 1.1415 -14.0979 -1.8404 1.1415 -14.0979 -2.9985 7.7543 1.4194 -2.9985 7.7543 1.4194 -60.5199 3.3961 -5.8177 -35.4568 8.8749 -27.2888 -22.2582 3.6814 -18.5564 81.0655 14.6079 17.0501 25.3360 8.4199 36.2657 29.6666 8.0530 29.7696 3.8143 -10.2192 0.3412 7.5754 32.7812 -2.2312 -5.3072 -3.7201 -6.8779 -0.0000 0.0000 0.0000 13.5151 -5.2252 0.6196 -6.1651 23.6237 1.2905 -22.7167 -33.7008 -26.2166 -0.0000 0.0000 0.0000
-0.3319 0.7804 0.1695 -4.2956 11.7172 14.9599 -1.8022 1.1004 -14.0556 -1.8022 1.1004 -14.0556 -3.0169 7.7280 1.4447 -3.0169 7.7280 1.4447 -60.8507 3.5758 -6.0849 -33.8449 8.3096 -26.8568 -21.6401 3.6263 -18.8090 81.1693 14.7480 17.1819 24.1436 7.9076 35.8193 29.5786 8.1095 30.0590 3.8758 -10.4515 0.3546 7.0310 32.7599 -2.0690 -5.9028 -4.3262 -7.6277 -0.0000 0.0000 0.0000 13.6604 -4.7614 0.5706 -6.5625 22.6534 1.3159 -22.9382 -33.7876 -26.4631 -0.0000 0.0000 0.0000
-0.3319 0.7806 0.1659 -4.1961 11.7557 14.2702 -1.7744 1.0459 -13.9465 -1.7744 1.0459 -13.9465 -3.0545 7.7311 1.4966 -3.0545 7.7311 1.4966 -61.2833 3.6628 -6.1794 -32.1467 7.6980 -26.2862 -20.9671 3.5657 -19.0970 81.3370 14.8216 17.2170 22.9174 7.4014 35.3945 29.5443 8.1448 30.2193 3.8522 -10.7293 0.3619 6.4927 32.9624 -1.9228 -7.4291 -4.5578 -9.5866 -0.0000 0.0000 0.0000 13.7958 -3.9865 0.4825 -7.0545 21.4907 1.3404 -23.2523 -33.7278 -26.8270 -0.0000 0.0000 0.0000
-0.3316 0.7805 0.1623 -4.0484 11.6524 13.4135 -1.7662 0.9863 -13.7961 -1.7662 0.9863 -13.7961 -3.1026 7.7963 1.5542 -3.1026 7.7963 1.5542 -61.7838 3.6282 -6.0606 -30.4967 7.0720 -25.5442 -20.4182 3.5343 -19.4422 81.5811 14.7261 17.0340 21.6613 6.8968 34.9657 29.6186 8.1610 30.2009 3.7693 -10.9231 0.3605 5.9930 33.3053 -1.7941 -9.5020 -4.5640 -12.2539 -0.0000 0.0000 0.0000 13.8921 -3.0505 0.3717 -7.5264 20.4280 1.3580 -23.6880 -33.5314 -27.3410 -0.0000 0.0000 0.0000
-0.3311 0.7801 0.1589 -3.8713 11.3968 12.5051 -1.7791 0.9277 -13.6132 -1.7791 0.9277 -13.6132 -3.1264 7.9097 1.5754 -3.1264 7.9097 1.5754 -62.3142 3.4444 -5.6941 -29.0137 6.4571 -24.5969 -20.1364 3.5516 -19.8093 81.8816 14.4652 16.6462 20.3792 6.3956 34.5341 29.8660 8.1911 30.0567 3.6618 -10.9521 0.3512 5.5584 33.7010 -1.6847 -11.1633 -4.4199 -14.3973 -0.0000 0.0000 0.0000 13.9442 -2.0326 0.2486 -7.9198 19.5601 1.3673 -24.2059 -33.2319 -27.9580 -0.0000 0.0000 0.0000
-0.3307 0.7795 0.1559 -3.6906 10.9913 11.6906 -1.8155 0.8786 -13.4202 -1.8155 0.8786 -13.4202 -3.1141 8.0586 1.5464 -3.1141 8.0586 1.5464 -62.8176 3.1481 -5.1534 -27.7027 5.8845 -23.5487 -20.1194 3.6094 -20.1427 82.2027 14.0713 16.1042 19.1506 5.9293 34.1328 30.2448 8.2262 29.8020 3.5704 -10.7455 0.3359 5.1948 34.0697 -1.5927 -12.0871 -4.3480 -15.5882 -0.0000 0.0000 0.0000 13.9736 -1.0499 0.1287 -8.2003 19.0155 1.3757 -24.7143 -32.9481 -28.5635 -0.0000 0.0000 0.0000
-0.3303 0.7788 0.1533 -3.5335 10.5050 11.0205 -1.8693 0.8415 -13.2135 -1.8693 0.8415 -13.2135 -3.0802 8.2184 1.5033 -3.0802 8.2184 1.5033 -63.2784 2.7724 -4.4982 -26.5995 5.3453 -22.3418 -20.2874 3.6814 -20.3663 82.5167 13.6275 15.5129 18.0468 5.5187 33.7663 30.6522 8.2470 29.4762 3.5025 -10.3867 0.3184 4.9057 34.4471 -1.5216 -12.5179 -4.1433 -16.1557 -0.0000 0.0000 0.0000 13.9981 -0.1809 0.0222 -8.3918 18.7705 1.3895 -25.1881 -32.6855 -29.1281 -0.0000 0.0000 0.0000
-0.3300 0.7783 0.1509 -3.4023 9.9940 10.3972 -1.9339 0.8103 -12.9986 -1.9339 0.8103 -12.9986 -3.0373 8.3860 1.4542 -3.0373 8.3860 1.4542 -63.6999 2.3619 -3.8011 -25.6517 4.8205 -20.9494 -20.4701 3.7457 -20.5300 82.8230 13.2181 14.9680 17.0558 5.1574 33.4351 31.1073 8.2457 29.0387 3.4442 -9.9702 0.3005 4.6367 34.8217 -1.4547 -12.7952 -3.6825 -16.5461 -0.0000 0.0000 0.0000 14.0218 0.5993 -0.0737 -8.5450 18.6691 1.4071 -25.6759 -32.3845 -29.7127 -0.0000 0.0000 0.0000
-0.3297 0.7780 0.1487 -3.2967 9.5479 9.7119 -1.9962 0.7790 -12.7736 -1.9962 0.7790 -12.7736 -3.0181 8.5354 1.4389 -3.0181 8.5354 1.4389 -64.1034 1.9773 -3.1575 -24.7566 4.3151 -19.4812 -20.5067 3.7755 -20.6525 83.1122 12.8541 14.4838 16.2674 4.8539 33.0359 31.6860 8.2370 28.4749 3.3965 -9.5661 0.2843 4.3087 35.1389 -1.3649 -13.0119 -2.9751 -16.8790 -0.0000 0.0000 0.0000 14.0329 1.2870 -0.1584 -8.6995 18.5566 1.4239 -26.3162 -31.9165 -30.4878 -0.0000 0.0000 0.0000
-0.3295 0.7782 0.1463 -3.2115 9.1755 8.9153 -2.0597 0.7474 -12.5174 -2.0597 0.7474 -12.5174 -3.0241 8.6710 1.4547 -3.0241 8.6710 1.4547 -64.4927 1.6273 -2.5793 -23.8439 3.8481 -18.0813 -20.4298 3.7862 -20.7883 83.4178 12.5321 14.0469 15.5881 4.5898 32.6381 32.3631 8.2192 27.8140 3.3481 -9.2674 0.2714 3.9053 35.4132 -1.2473 -13.3130 -2.1081 -17.3364 -0.0000 0.0000 0.0000 14.0254 1.8926 -0.2328 -8.8357 18.4130 1.4349 -27.1485 -31.2222 -31.5057 -0.0000 0.0000 0.0000
-0.3294 0.7785 0.1432 -3.1463 8.9111 8.0294 -2.1272 0.7155 -12.2117 -2.1272 0.7155 -12.2117 -3.0231 8.7571 1.4718 -3.0231 8.7571 1.4718 -64.8757 1.3408 -2.1095 -22.8003 3.4458 -16.9691 -20.3452 3.7925 -20.9083 83.7420 12.2670 13.6729 14.9492 4.3443 32.2485 33.0483 8.2225 27.2387 3.3043 -9.1291 0.2639 3.4380 35.6354 -1.1053 -13.3760 -1.1997 -17.4923 -0.0000 0.0000 0.0000 13.9978 2.3443 -0.2878 -8.9572 18.2989 1.4455 -28.1167 -30.5025 -32.6849 -0.0000 0.0000 0.0000
-0.3293 0.7787 0.1391 -3.1044 8.7396 7.1163 -2.1966 0.6863 -11.8771 -2.1966 0.6863 -11.8771 -3.0100 8.7950 1.4856 -3.0100 8.7950 1.4856 -65.2468 1.1287 -1.7632 -21.6875 3.1174 -16.1704 -20.2854 3.8107 -21.0685 84.0989 12.0728 13.3737 14.3130 4.1089 31.8898 33.6338 8.2534 26.8522 3.2835 -9.1648 0.2632 2.9384 35.8483 -0.9506 -13.4734 -0.3620 -17.6893 -0.0000 0.0000 0.0000 13.9834 2.6479 -0.3248 -9.0697 18.2566 1.4603 -29.1764 -29.8116 -33.9694 -0.0000 0.0000 0.0000
-0.3292 0.7785 0.1337 -3.1038 8.6729 6.2129 -2.2486 0.6600 -11.5324 -2.2486 0.6600 -11.5324 -3.0080 8.7898 1.5245 -3.0080 8.7898 1.5245 -65.6379 0.9477 -1.4694 -20.6815 2.8047 -15.2827 -20.2288 3.8501 -21.3408 84.5137 11.9737 13.1687 13.5880 3.8491 31.5025 34.0482 8.2943 26.6453 3.2979 -9.4405 0.2724 2.4341 36.0805 -0.7929 -14.2280 0.4061 -18.7420 -0.0000 0.0000 0.0000 14.0337 2.8132 -0.3463 -9.2294 18.2421 1.4849 -30.3163 -29.1590 -35.3449 -0.0000 0.0000 0.0000
-0.3291 0.7775 0.1270 -3.1465 8.6730 5.2889 -2.2826 0.6360 -11.2012 -2.2826 0.6360 -11.2012 -3.0293 8.7788 1.5981 -3.0293 8.7788 1.5981 -66.1414 0.6195 -0.9514 -19.9462 2.4245 -13.7237 -20.1435 3.9150 -21.7838 85.0547 11.9419 13.0110 12.7864 3.5610 31.0116 34.4505 8.3322 26.4431 3.3714 -9.9273 0.2929 1.9147 36.3790 -0.6292 -15.7509 1.0360 -20.7939 -0.0000 0.0000 0.0000 14.1699 2.9776 -0.3702 -9.4509 18.1107 1.5096 -31.4673 -28.4271 -36.7447 -0.0000 0.0000 0.0000
-0.3290 0.7757 0.1194 -3.2104 8.6654 4.3085 -2.3131 0.6164 -10.9103 -2.3131 0.6164 -10.9103 -3.0981 8.8099 1.7185 -3.0981 8.8099 1.7185 -66.7860 0.0072 -0.0109 -19.4369 1.9781 -11.5121 -20.0116 3.9970 -22.3750 85.7237 11.8833 12.7976 12.0741 3.2851 30.3412 34.9969 8.3497 26.0718 3.5136 -10.4997 0.3229 1.3491 36.7310 -0.4479 -17.7054 1.4820 -23.3963 -0.0000 0.0000 0.0000 14.3552 3.2172 -0.4053 -9.7151 17.8503 1.5293 -32.5664 -27.6839 -38.0895 -0.0000 0.0000 0.0000
-0.3289 0.7733 0.1115 -3.2799 8.5903 3.2467 -2.3564 0.6025 -10.6518 -2.3564 0.6025 -10.6518 -3.2108 8.9064 1.8816 -3.2108 8.9064 1.8816 -67.5108 -0.8699 1.3017 -18.9278 1.5249 -9.1290 -19.7541 4.0593 -23.0091 86.4983 11.7553 12.4909 11.5362 3.0493 29.5232 35.7168 8.3348 25.4862 3.7210 -11.0912 0.3614 0.7223 37.1007 -0.2424 -19.8421 1.6741 -26.2045 -0.0000 0.0000 0.0000 14.5424 3.5607 -0.4545 -9.9604 17.5048 1.5373 -33.5012 -26.9505 -39.2482 -0.0000 0.0000 0.0000
-0.3288 0.7705 0.1036 -3.3441 8.4303 2.0922 -2.4259 0.5946 -10.4070 -2.4259 0.5946 -10.4070 -3.3386 9.0467 2.0612 -3.3386 9.0467 2.0612 -68.2288 -1.9255 2.8420 -18.2401 1.1476 -7.1400 -19.3920 4.0813 -23.5590 87.3063 11.4967 12.0464 11.3018 2.8903 28.6067 36.5706 8.2748 24.6962 3.9514 -11.6369 0.4028 0.0809 37.4493 -0.0274 -21.8019 1.7835 -28.7636 -0.0000 0.0000 0.0000 14.6798 3.9522 -0.5093 -10.1478 17.1859 1.5374 -34.1982 -26.3314 -40.1230 -0.0000 0.0000 0.0000
-0.3288 0.7679 0.0962 -3.4108 8.2101 0.9122 -2.5149 0.5902 -10.1572 -2.5149 0.5902 -10.1572 -3.4529 9.2053 2.2311 -3.4529 9.2053 2.2311 -68.8402 -2.9630 4.3230 -17.3668 0.9026 -5.9047 -19.0039 4.0753 -24.0009 88.0329 11.1185 11.5044 11.4060 2.8192 27.6842 37.4396 8.1743 23.8147 4.2062 -12.0678 0.4448 -0.5389 37.7833 0.1844 -23.3977 1.8925 -30.8434 -0.0000 0.0000 0.0000 14.7804 4.3399 -0.5632 -10.2725 16.9544 1.5351 -34.7049 -25.7811 -40.7729 -0.0000 0.0000 0.0000
-0.3288 0.7657 0.0896 -3.4952 7.9951 -0.2050 -2.6018 0.5868 -9.8988 -2.6018 0.5868 -9.8988 -3.5434 9.3444 2.3787 -3.5434 9.3444 2.3787 -69.2987 -3.7902 5.4820 -16.4288 0.7823 -5.4150 -18.6922 4.0698 -24.3643 88.6182 10.6847 10.9440 11.7215 2.8134 26.9077 38.1655 8.0378 22.9603 4.4813 -12.3339 0.4845 -1.0996 38.0148 0.3788 -24.6429 1.9962 -32.4646 -0.0000 0.0000 0.0000 14.8919 4.6909 -0.6134 -10.3767 16.7576 1.5325 -34.9990 -25.2808 -41.1741 -0.0000 0.0000 0.0000
-0.3289 0.7641 0.0840 -3.6014 7.8299 -1.1786 -2.6746 0.5831 -9.6375 -2.6746 0.5831 -9.6375 -3.6017 9.4446 2.5020 -3.6017 9.4446 2.5020 -69.6405 -4.3897 6.3078 -15.5437 0.7251 -5.3087 -18.5118 4.0769 -24.6405 89.0525 10.2628 10.4330 12.1554 2.8508 26.3076 38.7279 7.8938 22.2138 4.7762 -12.4589 0.5216 -1.5820 38.1717 0.5474 -25.5184 2.0875 -33.6050 -0.0000 0.0000 0.0000 15.0409 5.0353 -0.6652 -10.4829 16.4888 1.5231 -35.0443 -24.8209 -41.2852 -0.0000 0.0000 0.0000
-0.3291 0.7629 0.0795 -3.7162 7.7017 -1.9748 -2.7330 0.5809 -9.4048 -2.7330 0.5809 -9.4048 -3.6424 9.5183 2.6063 -3.6424 9.5183 2.6063 -69.9161 -4.8152 6.8833 -14.7581 0.6939 -5.3545 -18.4847 4.1132 -24.8893 89.3560 9.8482 9.9589 12.6574 2.9185 25.8717 39.2011 7.7657 21.5824 5.0749 -12.4405 0.5535 -2.0008 38.2762 0.6944 -26.0310 2.0557 -34.2578 -0.0000 0.0000 0.0000 15.2085 5.3963 -0.7209 -10.6118 16.1442 1.5092 -34.8925 -24.4511 -41.1585 -0.0000 0.0000 0.0000
-0.3293 0.7623 0.0763 -3.8290 7.5953 -2.5939 -2.7811 0.5824 -9.2209 -2.7811 0.5824 -9.2209 -3.6736 9.5727 2.6989 -3.6736 9.5727 2.6989 -70.1644 -5.1072 7.2667 -14.0526 0.6705 -5.4364 -18.5066 4.1595 -25.1317 89.5791 9.4892 9.5589 13.1462 2.9901 25.5245 39.5946 7.6659 21.0867 5.3603 -12.3371 0.5798 -2.3720 38.3051 0.8239 -26.2957 1.8756 -34.5675 -0.0000 0.0000 0.0000 15.3723 5.7567 -0.7776 -10.7569 15.7422 1.4914 -34.6626 -24.1910 -40.9274 -0.0000 0.0000 0.0000
-0.3294 0.7619 0.0744 -3.9306 7.4966 -3.0849 -2.8238 0.5883 -9.0826 -2.8238 0.5883 -9.0826 -3.7072 9.6155 2.7851 -3.7072 9.6155 2.7851 -70.4060 -5.3318 7.5520 -13.4575 0.6297 -5.3336 -18.5412 4.2007 -25.3262 89.7700 9.1947 9.2315 13.5529 3.0465 25.2288 39.9257 7.5834 20.6804 5.6067 -12.2067 0.6000 -2.7030 38.2853 0.9384 -26.4235 1.6173 -34.6884 -0.0000 0.0000 0.0000 15.5058 6.0860 -0.8293 -10.9034 15.3493 1.4737 -34.4484 -24.0192 -40.7028 -0.0000 0.0000 0.0000
-0.3295 0.7619 0.0736 -4.0177 7.4274 -3.4811 -2.8611 0.5951 -8.9615 -2.8611 0.5951 -8.9615 -3.7505 9.6561 2.8712 -3.7505 9.6561 2.8712 -70.6444 -5.5048 7.7624 -12.9632 0.5723 -5.0339 -18.5964 4.2370 -25.4630 89.9209 8.9846 8.9970 13.8815 3.0857 24.9523 40.1636 7.5274 20.4011 5.8360 -12.1266 0.6204 -3.0462 38.2455 1.0564 -26.4857 1.3618 -34.7260 -0.0000 0.0000 0.0000 15.6068 6.3371 -0.8693 -11.0480 14.9983 1.4588 -34.3260 -23.9697 -40.5680 -0.0000 0.0000 0.0000
-0.3295 0.7621 0.0735 -4.0981 7.4049 -3.7333 -2.8827 0.6020 -8.8635 -2.8827 0.6020 -8.8635 -3.7923 9.6913 2.9453 -3.7923 9.6913 2.9453 -70.8775 -5.6511 7.9343 -12.5562 0.5119 -4.6503 -18.6953 4.2740 -25.5445 90.0294 8.8610 8.8565 14.1152 3.1101 24.7358 40.2736 7.5095 20.2942 6.0518 -12.0699 0.6404 -3.3683 38.1963 1.1665 -26.4279 1.1674 -34.6203 -0.0000 0.0000 0.0000 15.7134 6.4414 -0.8898 -11.1850 14.7243 1.4497 -34.2487 -24.1028 -40.4617 -0.0000 0.0000 0.0000
-0.3296 0.7625 0.0740 -4.1740 7.4319 -3.8358 -2.8839 0.6076 -8.7874 -2.8839 0.6076 -8.7874 -3.8235 9.7209 3.0022 -3.8235 9.7209 3.0022 -71.0794 -5.7729 8.0749 -12.2315 0.4658 -4.3456 -18.8474 4.3140 -25.5714 90.0872 8.8106 8.7972 14.2719 3.1259 24.5903 40.2621 7.5321 20.3605 6.2631 -12.0161 0.6598 -3.6614 38.1307 1.2658 -26.2567 1.0159 -34.3772 -0.0000 0.0000 0.0000 15.8445 6.4096 -0.8928 -11.3109 14.5191 1.4455 -34.1540 -24.4089 -40.3136 -0.0000 0.0000 0.0000
-0.3296 0.7631 0.0747 -4.2484 7.5016 -3.7948 -2.8667 0.6115 -8.7319 -2.8667 0.6115 -8.7319 -3.8288 9.7400 3.0298 -3.8288 9.7400 3.0298 -71.2525 -5.8719 8.1871 -11.9513 0.4395 -4.1970 -19.0428 4.3574 -25.5591 90.0997 8.8250 8.8097 14.3665 3.1363 24.5101 40.1475 7.5877 20.5703 6.4642 -11.9560 0.6776 -3.8952 38.0536 1.3437 -25.9920 0.8156 -34.0072 -0.0000 0.0000 0.0000 15.9998 6.2567 -0.8802 -11.4191 14.4028 1.4476 -34.0205 -24.8162 -40.1082 -0.0000 0.0000 0.0000
-0.3296 0.7638 0.0753 -4.3205 7.5829 -3.6576 -2.8379 0.6156 -8.7056 -2.8379 0.6156 -8.7056 -3.8141 9.7536 3.0335 -3.8141 9.7536 3.0335 -71.4014 -5.9621 8.2899 -11.7065 0.4296 -4.1887 -19.2276 4.3990 -25.5510 90.0870 8.8811 8.8677 14.4168 3.1397 24.4523 40.0050 7.6572 20.8340 6.6426 -11.8802 0.6919 -4.0564 37.9712 1.3961 -25.6339 0.6203 -33.5193 -0.0000 0.0000 0.0000 16.1646 6.0389 -0.8583 -11.5109 14.3445 1.4533 -33.8623 -25.2260 -39.8747 -0.0000 0.0000 0.0000
-0.3297 0.7648 0.0760 -4.3884 7.6567 -3.4792 -2.8071 0.6207 -8.7060 -2.8071 0.6207 -8.7060 -3.7841 9.7617 3.0166 -3.7841 9.7617 3.0166 -71.5235 -6.0452 8.3865 -11.5085 0.4243 -4.2090 -19.3911 4.4329 -25.5279 90.0815 8.9441 8.9314 14.4175 3.1347 24.4134 39.8831 7.7246 21.0818 6.7937 -11.7725 0.7012 -4.1519 37.8435 1.4238 -25.2167 0.4061 -32.9534 -0.0000 0.0000 0.0000 16.3211 5.8093 -0.8337 -11.5825 14.3273 1.4606 -33.6686 -25.5947 -39.6061 -0.0000 0.0000 0.0000
-0.3297 0.7659 0.0769 -4.4465 7.7144 -3.3308 -2.7825 0.6260 -8.7176 -2.7825 0.6260 -8.7176 -3.7528 9.7725 2.9914 -3.7528 9.7725 2.9914 -71.6161 -6.1100 8.4618 -11.3740 0.4167 -4.1829 -19.5348 4.4670 -25.5313 90.0768 8.9825 8.9705 14.4289 3.1329 24.3804 39.8010 7.7738 21.2599 6.9221 -11.6611 0.7077 -4.2257 37.6769 1.4423 -24.8270 0.2318 -32.4291 -0.0000 0.0000 0.0000 16.4412 5.6498 -0.8169 -11.6238 14.2981 1.4629 -33.4669 -25.8558 -39.3420 -0.0000 0.0000 0.0000
-0.3298 0.7672 0.0781 -4.4981 7.7934 -3.1768 -2.7577 0.6313 -8.7258 -2.7577 0.6313 -8.7258 -3.7327 9.7669 2.9715 -3.7327 9.7669 2.9715 -71.6910 -6.1247 8.4705 -11.3073 0.4118 -4.1583 -19.7094 4.5122 -25.5563 90.0839 9.0437 9.0306 14.3876 3.1216 24.3634 39.7006 7.8321 21.4735 7.0067 -11.5336 0.7085 -4.2213 37.4244 1.4304 -24.4451 0.1062 -31.9225 -0.0000 0.0000 0.0000 16.5343 5.5114 -0.8014 -11.6351 14.2430 1.4586 -33.2661 -26.0424 -39.0884 -0.0000 0.0000 0.0000
-0.3299 0.7683 0.0803 -4.5447 7.8867 -3.0104 -2.7345 0.6372 -8.7147 -2.7345 0.6372 -8.7147 -3.7266 9.7497 2.9583 -3.7266 9.7497 2.9583 -71.7406 -6.1064 8.4376 -11.3002 0.4142 -4.1850 -19.9631 4.5831 -25.6192 90.1118 9.1039 9.0863 14.2842 3.0955 24.3375 39.6178 7.9219 21.7627 7.0466 -11.4044 0.7045 -4.1301 37.0756 1.3855 -24.1184 -0.0241 -31.4857 -0.0000 0.0000 0.0000 16.6077 5.3951 -0.7880 -11.6384 14.1986 1.4544 -33.1099 -26.1059 -38.9011 -0.0000 0.0000 0.0000
-0.3299 0.7690 0.0839 -4.5856 7.9999 -2.8478 -2.7116 0.6432 -8.6909 -2.7116 0.6432 -8.6909 -3.7359 9.7167 2.9546 -3.7359 9.7167 2.9546 -71.7999 -6.0834 8.3968 -11.2573 0.4176 -4.2355 -20.1968 4.6565 -25.7193 90.1775 9.2248 9.1964 14.1761 3.0706 24.3280 39.4260 7.9861 22.0485 7.0440 -11.2635 0.6955 -3.9510 36.7060 1.3112 -23.8936 -0.1907 -31.1741 -0.0000 0.0000 0.0000 16.6664 5.3753 -0.7879 -11.6149 14.0913 1.4404 -32.9986 -26.0677 -38.7777 -0.0000 0.0000 0.0000
-0.3300 0.7692 0.0891 -4.6248 8.0811 -2.6987 -2.6943 0.6519 -8.6607 -2.6943 0.6519 -8.6607 -3.7538 9.6776 2.9414 -3.7538 9.6776 2.9414 -71.7594 -6.1301 8.4674 -10.7905 0.3985 -4.2177 -20.1810 4.6725 -25.8250 90.3223 9.3651 9.3128 13.7588 2.9869 24.3875 39.0662 8.0220 22.3609 7.0065 -11.0797 0.6804 -3.7121 36.5852 1.2275 -23.7599 -0.0929 -31.0173 -0.0000 0.0000 0.0000 16.7188 5.5453 -0.8155 -11.5830 13.9983 1.4268 -33.0024 -25.8784 -38.8050 -0.0000 0.0000 0.0000
-0.3300 0.7690 0.0954 -4.6575 8.1938 -2.5553 -2.6670 0.6576 -8.6117 -2.6670 0.6576 -8.6117 -3.7773 9.6163 2.8811 -3.7773 9.6163 2.8811 -71.6197 -6.3728 8.8245 -9.6714 0.3419 -4.0392 -19.8349 4.5920 -25.8311 90.5118 9.4241 9.3407 12.9073 2.8035 24.4131 38.6710 8.0659 22.7223 6.9264 -10.8325 0.6575 -3.4048 36.6416 1.1277 -23.6557 0.2123 -30.9280 -0.0000 0.0000 0.0000 16.7578 5.8971 -0.8693 -11.5541 13.8138 1.4043 -33.0259 -25.6996 -38.8538 -0.0000 0.0000 0.0000
-0.3297 0.7686 0.1020 -4.6650 8.5080 -2.4566 -2.5856 0.6508 -8.5920 -2.5856 0.6508 -8.5920 -3.9116 9.4921 2.8825 -3.9116 9.4921 2.8825 -70.4011 -6.1065 8.6481 -7.5986 0.2646 -3.9833 -18.4358 4.2803 -25.9357 90.3703 9.8222 9.7593 10.3023 2.2794 24.8897 37.6493 8.2966 24.0213 6.7936 -10.4115 0.6197 -3.0992 36.3822 1.0187 -23.4978 0.5022 -30.7677 -0.0000 0.0000 0.0000 16.7591 6.2366 -0.9196 -11.5514 13.4930 1.3711 -33.1701 -25.5718 -39.0354 -0.0000 0.0000 0.0000
-0.3291 0.7684 0.1080 -4.6306 9.1748 -2.4054 -2.4373 0.6231 -8.5572 -2.4373 0.6231 -8.5572 -4.1917 9.2422 2.9902 -4.1917 9.2422 2.9902 -67.3802 -5.0269 7.5344 -4.5795 0.1474 -3.6859 -15.3602 3.5325 -25.7605 89.3742 11.0083 11.1284 5.2596 1.2067 25.8255 35.4384 8.7763 27.0103 6.5809 -9.8912 0.5701 -2.8726 35.5902 0.9222 -23.0924 0.8561 -30.2980 -0.0000 0.0000 0.0000 16.6972 6.3121 -0.9272 -11.5694 13.0640 1.3292 -33.5003 -25.4400 -39.4315 -0.0000 0.0000 0.0000
-0.3284 0.7689 0.1128 -4.5690 10.1974 -2.3375 -2.2510 0.5801 -8.4808 -2.2510 0.5801 -8.4808 -4.5875 8.8825 3.1934 -4.5875 8.8825 3.1934 -62.1463 -3.8239 6.3416 -1.6355 0.0407 -2.8497 -10.9247 2.3700 -24.4110 87.0845 12.8366 13.5010 -1.4902 -0.3532 26.6634 31.2459 9.0033 31.4486 6.2918 -9.3656 0.5159 -2.7007 34.3707 0.8354 -22.3944 0.8771 -29.4024 -0.0000 0.0000 0.0000 16.6368 5.8721 -0.8593 -11.6513 12.8356 1.3150 -33.9592 -25.6005 -39.9394 -0.0000 0.0000 0.0000
-0.3274 0.7697 0.1159 -4.4679 11.2279 -2.3726 -2.0441 0.5298 -8.4388 -2.0441 0.5298 -8.4388 -4.9600 8.5410 3.3879 -4.9600 8.5410 3.3879 -55.1474 -2.5951 4.9673 0.4372 -0.0093 -2.4323 -5.3375 1.0531 -22.3064 82.9431 15.0914 17.0473 -9.3858 -2.1842 26.1466 24.3351 8.2939 37.1726 5.8514 -9.0552 0.4638 -2.4425 32.9175 0.7217 -21.7346 0.2456 -28.4659 -0.0000 0.0000 0.0000 16.4676 5.1423 -0.7446 -11.7164 12.6401 1.3021 -34.4749 -25.6499 -40.5256 -0.0000 0.0000 0.0000
-0.3262 0.7706 0.1170 -4.3239 11.6672 -2.5760 -1.8923 0.4875 -8.3969 -1.8923 0.4875 -8.3969 -5.0583 8.3550 3.3500 -5.0583 8.3550 3.3500 -46.9588 -1.4973 3.4460 1.6033 -0.0500 -3.5746 0.5047 -0.0903 -20.2844 77.1703 16.8061 20.9786 -16.6221 -3.5965 24.2591 16.2741 6.3631 42.4886 5.2534 -8.8461 0.4066 -2.0397 31.8490 0.5820 -21.3339 -0.7005 -27.8261 -0.0000 0.0000 0.0000 16.0746 4.6738 -0.6603 -11.7156 12.4743 1.2848 -34.8886 -25.3274 -41.0414 -0.0000 0.0000 0.0000
-0.3246 0.7712 0.1162 -4.1434 11.3049 -2.9779 -1.8303 0.4589 -8.3127 -1.8303 0.4589 -8.3127 -4.8552 8.3706 3.0869 -4.8552 8.3706 3.0869 -38.0444 -0.4997 1.4495 2.4204 -0.1446 -6.8346 3.2231 -0.5865 -20.6218 70.3767 17.7425 24.9630 -21.5878 -4.4001 22.7857 9.7919 4.1290 45.6460 4.5114 -8.6263 0.3404 -1.6109 31.3558 0.4522 -21.5734 -1.8352 -27.9867 -0.0000 0.0000 0.0000 15.4098 4.7685 -0.6455 -11.6290 12.1067 1.2374 -34.9856 -24.7375 -41.2285 -0.0000 0.0000 0.0000
-0.3230 0.7715 0.1137 -3.9094 10.4613 -3.5944 -1.8238 0.4290 -8.1254 -1.8238 0.4290 -8.1254 -4.5001 8.4737 2.7485 -4.5001 8.4737 2.7485 -27.5971 0.7713 -3.1399 2.6903 -0.2764 -11.7302 3.0546 -0.6069 -22.4695 62.3321 19.2813 31.3758 -25.3295 -4.9565 21.8039 4.5663 1.8924 45.0031 3.6888 -8.2975 0.2677 -1.3059 31.0566 0.3629 -22.3444 -2.5018 -28.8827 -0.0000 0.0000 0.0000 14.5114 5.2111 -0.6639 -11.4851 11.4675 1.1570 -34.8179 -23.9035 -41.1436 -0.0000 0.0000 0.0000
-0.3215 0.7715 0.1095 -3.6552 9.4481 -4.1032 -1.9275 0.4121 -7.7945 -1.9275 0.4121 -7.7945 -4.1232 8.5331 2.4810 -4.1232 8.5331 2.4810 -17.5739 1.5730 -10.1502 4.1189 -0.5668 -15.6649 2.7321 -0.6690 -27.5147 53.5965 20.7779 39.8987 -27.8205 -5.3453 21.3479 1.0328 0.3980 42.1454 2.8680 -7.8729 0.1974 -1.1046 30.7898 0.3042 -23.2698 -2.1562 -30.1039 -0.0000 0.0000 0.0000 13.5686 5.5500 -0.6608 -11.2951 11.1114 1.1022 -34.6332 -22.8210 -41.0720 -0.0000 0.0000 0.0000
-0.3199 0.7721 0.1036 -3.4218 8.6359 -4.1949 -2.1429 0.4145 -7.4017 -2.1429 0.4145 -7.4017 -3.8441 8.3486 2.4468 -3.8441 8.3486 2.4468 -9.8560 1.5135 -17.4189 6.9211 -1.1441 -18.7507 4.2831 -1.4794 -38.0962 45.1196 21.6842 49.5006 -29.3228 -5.4781 20.7255 -1.6784 -0.5887 38.6551 2.1266 -7.4298 0.1381 -0.9468 30.5134 0.2583 -23.8761 -1.0996 -31.0214 -0.0000 0.0000 0.0000 12.8348 5.2242 -0.5880 -11.1716 11.6845 1.1467 -34.5584 -22.2525 -41.0606 -0.0000 0.0000 0.0000
-0.3183 0.7729 0.0961 -3.2288 8.0138 -3.9500 -2.3982 0.4391 -7.2302 -2.3982 0.4391 -7.2302 -3.5658 7.9236 2.5110 -3.5658 7.9236 2.5110 -4.8479 1.0348 -24.0851 11.7921 -2.5904 -24.6979 7.0458 -3.0370 -46.5922 37.9249 21.2974 57.3776 -29.8192 -5.3308 19.8351 -3.3073 -1.1518 38.3950 1.4740 -7.1891 0.0926 -0.6055 30.2475 0.1636 -24.1384 -0.0546 -31.5068 -0.0000 0.0000 0.0000 12.3209 4.2822 -0.4624 -11.1213 12.9933 1.2704 -34.6488 -22.1436 -41.1797 -0.0000 0.0000 0.0000
-0.3170 0.7738 0.0868 -3.0475 7.5373 -3.3613 -2.7326 0.4842 -7.1582 -2.7326 0.4842 -7.1582 -3.3006 7.2686 2.7112 -3.3006 7.2686 2.7112 -2.0508 0.5667 -30.8925 20.0177 -6.6974 -36.6851 8.1366 -3.6129 -47.8278 31.8519 20.4474 64.5902 -29.9253 -5.3102 19.6881 -4.5830 -1.6450 39.4725 0.8842 -7.0479 0.0545 -0.1665 29.9657 0.0446 -24.1330 1.3163 -31.7041 -0.0000 0.0000 0.0000 11.9503 2.7741 -0.2904 -11.0837 15.0517 1.4688 -34.8939 -22.3892 -41.4306 -0.0000 0.0000 0.0000
-0.3159 0.7749 0.0760 -2.8748 7.2043 -2.4224 -3.1520 0.5521 -7.1855 -3.1520 0.5521 -7.1855 -3.0372 6.3729 3.0481 -3.0372 6.3729 3.0481 -1.3173 0.4554 -38.1445 28.3331 -16.2208 -58.8953 3.1014 -0.9786 -35.0167 26.8739 19.4302 71.2501 -29.8224 -5.5862 20.7645 -5.4563 -2.0556 41.2627 0.3527 -6.9960 0.0216 0.3685 29.6629 -0.0976 -23.8426 3.0325 -31.5926 -0.0000 0.0000 0.0000 11.6778 0.7071 -0.0723 -10.9976 17.8536 1.7326 -35.3130 -22.9828 -41.8358 -0.0000 0.0000 0.0000
